Workbook

Sheet NASLOV
B2: URED OVLAŠTENOG ARHITEKTA – JURICA HAJDAROVIĆ m.i.a.
B4: DALMATINSKA 5, 42000 VARAŽDIN, OIB:63185340802
B9: NARUČITELJ: | C9: MINISTARSTVO RADA, MIROVINSKOGA SUSTAVA, OBITELJI I SOCIJALNE POLITIKE, VUKOVARSKA 78, ZAGREB OIB: 53969486500
B10: GRAĐEVINA: | C10: GRAĐEVINA SOCIJALNE NAMJENE - DJEČJI DOM
B11: MJESTO GRADNJE: | C11: NOVOFORMIRANA k.č. 1325/1, SASTAVLJENA OD k.č. 1325/1, 1325/2, 1344, k.o. SISAK STARI, ULICA LIPA 9, SISAK
B12: BROJ TEHN.DN: | C12: 06/23
B13: ZAJ.OZN.PROJ: | C13: JH-06/23
B14: DATUM: | C14: 07/2024
B15: VRSTA PROJEKTA: | C15: TROŠKOVNIK
B16: FAZA: | C16: -
B17: TVRTKA: | C17: URED OVLAŠTENOG ARHITEKTA, JURICA HAJDAROVIĆ m.i.a., DALMATINSKA 5, VARAŽDIN
B23: GLAVNI PROJEKTANT: | E23: POTPIS I PEČAT
B25: Jurica Hajdarović, mag.inž.arh.

Sheet OPĆE
A1: I | B1: OPĆI UVJETI UZ TROŠKOVNIK GRAĐEVINSKO-OBRTNIČKIH RADOVA
B3: Sve radove potrebno je izvesti prema opisima pojedinih stavki troškovnika, općim smjernicama iz pojedinih grupa radova, detaljima, te važećim tehničkim propisima i standardima, kao i uputstvima proizvođača materijala, te pravilima struke i građevinskim normama. Izvođač je također obavezan izraditi elaborat o zaštiti na radu na gradilištu, a prema važećem pravilniku o zaštiti na radu, izraditi privremeno prometno rješenje ukoliko je potrebno, izvjesiti tablu s podacima o građevini, Naručitelju, Izvođaču, Projektantu i Nadzoru. Građevinski dnevnik i knjigu vodi izvođač radova i svakodnevno upisuje potrebne podatke predviđene Zakonom i pravilnikom.
B4: Dopuštene tolerancije mjera izvedenih radova određene su pravilima struke, odnosno prema odluci nadzorne službe na gradilištu. Sva odstupanja od dogovorenih tolerantnih mjera dužan je izvođač otkloniti o svom trošku. Nekvalitetno izvedeni radovi neće se obračunati sve dok se ne uklone uočeni nedostaci.To vrijedi za sve vrste radova.
B5: Za izvođenje svih vrsta radova uvjetuje se rad sa stručno osposobljenom radnom snagom za pojedine vrste radova prema Zakonu o prostornom uređenju i Zakonu o gradnji, sa propisanom kvalitetom materijala koja mora odgovarati postojećim tehničkim propisima i važećim Hrvatskim standardima. Ako neke stavke imaju nejasan i nedovoljan opis, onda svaki "započeti" opis pojedine stavke znači cjelokupnu izradu te stavke, to jest nabavu, dopremu materijala, sve prijenose i prijevoze, izradu, skidanje oplate, zaštitu, njegovanje pojedinih elemenata po izradi i nakon ugradbe, odvoz viška materijala na gradski deponij, kao i ostalo.
B6: Prije započinjana i tijekom izvođenja radova, izvođač treba zaštiti sve susjedne plohe, dijelove konstrukcije i prethodno izvedene radove na prikladan način, a u skladu s pravilima, tako da ne dođe do njihovog oštećenja ili oštećenja susjednih objekata i imovine trećih lica.
B7: Troškove zaštite treba izvođač uračunati u jediničnu cijenu. Ukoliko ipak dođe do oštećenja prethodno izvedenih radova za koje je odgovoran izvođač ili njegov kooperant, dužan ih je o svom trošku dovesti u stanje prije oštećenja, ili naručiti iste radove kod drugog izvođača na svoj teret. Popravak treba izvesti u primarno određenom roku ili dogovorno.
B8: Sve elemente opreme, namještaja, konstrukcija, koje nisu tipizirane, ili nisu u standardnom programu proizvođača, tj. nemaju popratnu dokumentaciju i dokaze uporabljivosti, izvođač radova je dužan prije izrade navedenih elemenata izraditi radioničke nacrte, obavezno ih ovjeriti kod nadzornog inženjera i projektanta, a tek potom krenuti u izradu tih elemenata.
B9: Izvođač radova mora svaku promjenu u toku gradnje, kako u konstrukciji tako i u instalacijama, evidentirati putem građevinskog dnevnika, ucrtati u nacrtnu dokumenataciju i po završetku radova predati Naručitelju kao nacrt izvedenog stanja.
B10: Bez posebne nadoplate potrebno je obuhvatiti sve elemente navedene kako slijedi :
B11: a) izvođač radova dužan je prije početka radova provjeriti kote postojećeg stanja terena u odnosu na relativnu kotu (+/-0,00) kod svih ulaza i kod svih unutrašnjih podnih ploča kao i za ulazne instalacije,
B13: b) utvrditi kotu 0,00 i obilježiti je na gradilištu kao referentnu točku,
B15: c) Izvođač je dužan prije početka radova sprovesti sve pripremne radove da se izvođenje može nesmetano odvijati. U tu svrhu izvođač je dužan detaljno proučiti investiciono tehničku dokumentaciju, te izvršiti potrebne računske kontrole. Potrebno je proučiti sve tehnologije izvedbe pojedinih radova radi optimalne organizacije građenja, nabavke materijala, kalkulacije i sl.ukoliko se ukažu eventualne nejednakosti između projekta i stanja na gradilištu izvođač radova dužan je pravovremeno o tome izvjestiti nadzornog inženjera. Nadzorni inženjer je dužan o većim odstupanjima obavijestiti Naručitelja i projektanta.
B16: d) sve mjere u projektima provjeriti na gradilištu prije narudžbe materijala ili gotovih proizvoda,
... B283: Napomena:
A284: Fasadni zidovi se radi poboljšanja energetske učinkovitosti izvana oblažu certificiranim vanjskim fasadnim sustavom, s termoizolacijom od tvrde kamene vune za fasadne sustave za ugradnju lijepljenjem i mehaničkim pričvršćenjem. Debljina termoizolacije od kamene vune iznosi 15,0 cm na svim vanjskim zidovima. Prilikom izvođenja radova može se izabrati bilo koji vanjski fasadni sustav jednakih ili boljih karakteristika od prikazanih u fizici zgrade. Sva vlakna ploče moraju biti paralelna sa fasadom sa osiguranom nosivošću u cjelokupnoj debljini ploče.
A285: Izolacijske ploče debljine 15,0 cm se lijepe na prethodno očišćenu i pripremljenu podlogu građevinskim ljepilom te se OBAVEZNO dodatno učvršćuju čeličnim pričvrsnicama (tiplama). Ljepljenje je potrebno izvesti po cijelom opsegu i minimalno u W uzorku) Dužina tiple prema preporuci proizvođača, dubina sidrenja u AB konstrukciju i u opeku je minimalno 5,0 cm . Tiple moraju imati podlošku min promjera 90 mm Potrebno je ugraditi minimalno 6 kom/m2 (dupli W uzorak). Sve rubove zgrade potrebno je izvesti sa pogušćenim tiplanjem
A286: Najkasnije 14 dana od postavljanja izolacije potrebno je izvesti armaturni sloj. Armaturni sloj se izvodi gletanjem u dva premaza (dvije ruke). Prvi sloj se nanosi na pripremljenu toplinsku izolaciju, te se u njega utiskuje armaturna mrežica od staklenog voala (ugradnja odozgo prema dolje laganim pritiskom gladilicom). Na mjestima spajanja armaturne mrežice potrebno je osigurati preklop od minimalno 10 cm.
A287: Drugi sloj nanosi se u roku od 24 sata od umetanja mrežice i isti je potrebno završno zagladiti. Minimalna debljina drugog sloja iznosi 1 mm.
A288: Na uglovima otvora prozora i vrata potrebno je izvesti dijagonalno armiranje polaganjem staklene mrežice u svježi mort za armaturni sloj točno na uglovima otvora pod kutem od 45 stupnjeva i to prije nanošenja punog armaturnog sloja na toplinski izolirane površine. Minimalne dimenzije armaturnih traka iznose 20x40 cm.
A289: Sve vidljive površine toplinsko-izolacijskih materijala, uključujući špalete te donje i gornje završetke ETICS-a na kojima nisu ugrađeni prikladni profili, potrebno je obraditi armaturnim slojem i završnom žbukom.
A290: Sve spojeve kao što su spoj s prozorima i vratima, spoj s krovom, spoj s kutijom za rolete i sl. potrebno je izvesti odgovarajućim priključnim profilima ili brtvenim trakama kako bi se ETICS sustav zaštitio od prodora vlage. Na isti način potrebno je izvesti zaštitu i na svim prodorima kroz ETICS kao što su prodori za gromobransku instalaciju, odvodnju, elektroinstalacije i sl.
A291: Kod montaže klupčica na otvorima (ugradnja prije ili nakon izvedbe ETICS sustava) posebnu pažnju potrebno je posvetiti pravilnoj ugradnji klupčica i toplinskoj izolaciji – ispunjavanju svih šupljina. Ukoliko se ugradnja klupčica vrši nakon izvedbe ETICS-a potrebno je gornju stranu izolacijskog materijala zaštiti armaturnim slojem.
A292: Sve spojeve kao što su spoj s prozorima i vratima, spoj s krovom, spoj s kutijom za rolete i sl. potrebno je izvesti odgovarajućim priključnim profilima ili brtvenim trakama kako bi se ETICS sustav zaštitio od prodora vlage. Na isti način potrebno je izvesti zaštitu i na svim prodorima kroz ETICS kao što su prodori za gromobransku instalaciju, odvodnju, elektroinstalacije i sl.
A293: Kod montaže klupčica na otvorima (ugradnja prije ili nakon izvedbe ETICS sustava) posebnu pažnju potrebno je posvetiti pravilnoj ugradnji klupčica i toplinskoj izolaciji – ispunjavanju svih šupljina. Ukoliko se ugradnja klupčica vrši nakon izvedbe ETICS-a potrebno je gornju stranu izolacijskog materijala zaštiti armaturnim slojem
A295: UVJETI UZ TROŠKOVNIK STROJARSKIH INSTALACIJA OPĆI UVJETI
A297: U stavkama troškovnika potrebno je uračunati sav potrebni rad i materijal za izradu kompletne instalacije do potpune funkcionalnosti, svi potrebni prijevozi, uskladištenja, skele, unutarnje i vanjske komunikacije na gradilištu, troškove osiguranja od krađe i oštećenja, postave pomoćnih i drugih uređaja, troškove potrošnje električne i druge energije, te troškove pripreme i režijskog osoblja gradilišta. Sve eventualne promjene i odstupanja od projekta, potrebno je usuglasiti s projektantom i nadzornim inženjerom. Cijena za svaku točku ovog troškovnika mora obuhvatiti dobavu, spajanje, lukove, koljena, redukcije, potrošni materijal, izvršenje tlačne probe, punjenje sustava, ispitivanje strojeva i uređaja s povećanom opasnosti, ispitivanje buke, ateste te izradu elaborata o ispitivanjima prema važećim propisima, čišćenje i bojanje temeljnom bojom te završom lak bojom te dovođenje stavke u stanje potpune funkcionalnosti. Jedinična cijena pojedine stavke ventilacije treba sadržavati i potrebna mjerenja izlaznih/ulaznih brzina na rešetkama, zračnim ventilima te u kanalima uz fino podešavanje sustava ventilacije. Radove izvodi ovlaštena tvrtka koja izrađuje zapisnik o izvedenim mjerenjima za potrebe tehničkog pregleda. U cijenu pojedine stavke treba ukalkulirati izradu proboja koji nisu definirani troškovnikom, sav potreban spojni, montažni, pričvrsni i ostali materijal potreban za potpuno funkcioniranje pojedine stavke, predaju potvrđenih jamstva, puštanje uređaja u pogon, upoznavanje i obuka kvalificirane osobe odabrane od strane investitora za pogon i upotrebu projektiranog postrojenja te izrada zapisnika o izvršenoj edukaciji uz potpis osposobljene osobe, upute o načinu rukovanja ugrađenom opremom na hrvatskom jeziku. Prilikom izrade ponude treba imati u vidu najnovije važeće propise za pojedine vrste instalacije. Svu metalnu instalaciju potrebno je uzemljiti na uzemljivač objekta prema projektu elektoinstalacija. Prije narudžbe i ugradnje opreme i materijala sve uskladiti s nadzornim inženjerom i arhitektonskim projektom. Svi ponuđači dužni su kompletan opseg vlastite isporuke uskladiti s traženom kompletnom funkcijom, respektirajući pri tom sve predviđene i tražene parametre, uz čvrste, pismeno potvrđene garancije. Sva eventualna potrebna razrađivanja, usklađenja i slično, u opsegu su dotične isporuke, a sve pripadne troškove snosi ponuđač. Puštanje u pogon opreme izvršava izvođač radova s odabranim ovlaštenim serviserom za pojedinu vrstu opreme. Izvođač je dužan prijenos, ugradnju i svu građevinsku pripomoć izvesti o svom trošku, te sve te radove nuditi u jediničnim cijenama ovog troškovnika. Gradilište je nakon izvršenih radova potrebno očistiti te otpadni materijal odvesti na mjesni deponij. Obaveza izvođača je prikupljanje sve dokumentacije potrebne za tehnički pregled te izradu sheme spajanja opreme. Shemu ostakliti i ovjesiti na zid u toplinskoj podstanici. Cjevovode za spajanje opreme sa svom armaturom doprema, ugrađuje, ispituje i pušta u pogon izvođač. Za sve stavke opreme dozvoljeno je odstupanje navedenih tehničkih parametara u granicama ±5 % uz uvjet da se postigne jednakovrijedno učinkovit sustav.
... A318: - negorive mineralne ploče HRN.B.F2.100 ili jednakovrijedno

Sheet GRAĐEVINSKI RADOVI
A1: I GRAĐEVINSKI RADOVI
A3: rbr | B3: Opis stavke | C3: jed. mjere | D3: količina | E3: jed. cijena | F3: ukupno:
A5: 1.00 OSTALI RADOVI
A7: 1.01. | B7: Završno energetsko certificiranje građevine prije tehničkog pregleda | C7: kpl | D7: 1 | E7: 1000 | F7: =E7*D7 -> 1000
A9: 1.02. | B9: Izrada projekta izvedenog stanja od strane ovlaštene osobe koji se sastoji od arhitektonskog, hidroinstalaterskog i elektrotehničkog dijela | C9: kpl | D9: 1 | E9: 2500 | F9: =E9*D9 -> 2500
A11: 1.04. | B11: Organizacija i priprema gradilišta. Stavka obuhvaća: - uređenje, održavanje, korištenje, uklanjanje, uređenje gradilišta, organizacija i postavljanje radnih prostora, skladišta, privremene infrastrukture, natpisi, ograde, osvjetljenje, natpisi, dobava, materijala i alata, upozorenja te odvozi smeća - mobilizacija, održavanje i demobilizacija opreme, alata i strojeva - osiguranje potrebnih građevinskih priključaka (voda, el.energija, i sl), pogonske energije i pomoćnih građevina - čišćenje mjesta rada, održavanje čistoće, zaštita od prašine, redovita čišćenja i završno čišćenje gradilišta, površina i mjesta rada - osiguranje privremenih puteva, zaštita puteva i površina od oštećenja, čišćenje manipulativnih površina i osiguranje mjesta za skladištenje i deponiranje materijala - osiguranje vertikalnog i horizontalnog transporta, instalacija i korištenje naprava za vertikalni i horizontalni transport ljudi i materijala. - postava ploče kojom se označava gradilište prema Zakonu o gradnji. Ploča mora biti postavljena na vidljivom mjestu na ulazu u gradilište. Postavljanje svih oznaka upozorenja, oznaka opasnosti i zabrane, te ostalih oznaka zaštite na radu - osiguranje zaštite granica gradilišta prema okolini - izvođač je dužan osigurati gradilište i postaviti podupirače kako ne bi došlo do urušavanja građevine ili njezinog dijela - naknade za eventualno potrebno zauzimanje javne gradske površine za organizaciju gradilišta Sve vrste skele bez obzira na visinu ulaze u jediničnu cijenu pojedinog rada. Skela mora biti na vrijeme postavljena kako ne bi nastao zastoj u radu. Skele moraju biti u skladu s propisima. | C11: kpl | D11: 1 | E11: 3000 | F11: =E11*D11 -> 3000
A13: 1.05. | B13: Uklanjanje trošne građevina na parceli s propisnim zbrinjavanjem otpada, ukupne zapremnine 131,19 m3. | C13: kpl | D13: 1 | E13: 7000 | F13: =E13*D13 -> 7000
A15: 1.06. | B15: Izrada projekta zaštite građevinske jame u koji je uključena i njegova kontrola od strane nadležnog revidenta. | C15: kpl | D15: 1 | E15: 2500 | F15: =E15*D15 -> 2500
A17: 1.07. | B17: Geodetsko iskolčenje građevine | C17: kpl | D17: 1 | E17: 1500 | F17: =E17*D17 -> 1500
B19: PRIPREMNI RADOVI UKUPNO: | F19: =SUM(F7:F17) -> 17500
A21: 2.00 ZEMLJANI RADOVI
A23: 2.01. | B23: Crpljenje podzemnih voda iz građevinske jame | C23: m3 | D23: 300 | E23: 5 | F23: =E23*D23 -> 1500
A25: 2.02. | B25: Široki iskop postojećeg terena za potrebe gradnje trakastih temelja i zamjenu tla u dubini od 3,3 u odnosu na postojeći teren u zemljištu kategorije C te odlaganje zemljišta na lokaciji. U cijenu uračunati sav rad i strojeve poput pneumatskog čekića. Iskopani materijal je potrebno zbrinjavati sukladno pozitivnim propisima | C25: m3 | D25: 2213.7 | E25: 20 | F25: =E25*D25 -> 44274
A27: 2.03. | B27: Izvođenje nasipa od krupnozrnatog materijala granulacije 0-64 mm, u pojasu od 1,50 m oko građevine. U cijenu uračunati sav rad i materijal | C27: m3 | D27: 399.4 | E27: 60 | F27: =E27*D27 -> 23964
A29: 2.04. | B29: Čišćenje temeljne jame od segregiranog materijala, a otpadni materijal zbrinuti sukladno pozitivnim propisima. | C29: m3 | D29: 85 | E29: 5 | F29: =E29*D29 -> 425
A31: 2.05. | B31: Uski iskop u zemljištu kategorije C za potrebe rovova za odvodne cijevi. Sav materijal odložiti na gradilište sukladno pozitivnim propisima. U cijenu uračunati sav rad strojeva i zbrinjavanje materijala. | C31: m3 | D31: 36.5 | E31: 30 | F31: =E31*D31 -> 1095
A33: 2.06. | B33: Doprema i zasipavanje odvodnih kanala agregatom 0-16 mm. U cijenu uračunati sav rad i materijal | C33: m3 | D33: 32.9 | E33: 60 | F33: =E33*D33 -> 1974
A35: 2.07. | B35: Doprema i zasipavanje ravnog krova šljunkom granulacije 0-32 mm u sloju od 5 cm kao zaštita hidroizolacije. U cijenu uračunati sav rad i materijal. | C35: m3 | D35: 28 | E35: 60 | F35: =E35*D35 -> 1680
A37: 2.08. | B37: Nabijanje nasipanog krupnozrnatog materijala iz st. 2.03. do modula stišljivosti M=40 Mpa. U cijenu uračunati sav rad, materijal i strojeve. | C37: m2 | D37: 230.3 | E37: 10 | F37: =E37*D37 -> 2303
A39: 2.09. | B39: Nabijanje čeličnih talpi (čelik S240GP) poprečnog presjeka 75,6 m2 za potrebe zaštite građevinske jame. Talpe se nabijaju građevinskim strojevima. U cijenu je potrebno uračunati i vađenje talpi.Previđa se nabijanje talpi do 10 m dubine, postavljaju se u razmacima od 40 cm s dvostrukim stezanjem brava. | C39: m2 | D39: 100 | E39: 1.5 | F39: =E39*D39 -> 150
A41: 2.10. | B41: Zatrpavanje zdenca zemljanim nasipom na jugozapadnom rubu parcele | C41: m3 | D41: 10 | E41: 20 | F41: =E41*D41 -> 200
B43: ZEMLJANI RADOVI UKUPNO: | F43: =SUM(F23:F41) -> 77565
A45: 3.00 BETONSKI I ARMIRANOBETONSKI RADOVI:
A47: 3.01. | B47: Izvedba podložnog betona debljine 10 cm razreda tlačne čvrstoće C12/16. | C47: m3 | D47: 41.3 | E47: 200 | F47: =E47*D47 -> 8260
A49: 3.02. | B49: Izrada podložnog betona debljine 10 cm od nearmiranog betona C16/20 za potrebe odvodnih cijevi fekalne i oborinske kanalizacije. U cijenu uračunati sav rad i materijal | C49: m3 | D49: 3.5 | E49: 200 | F49: =E49*D49 -> 700
A51: 3.03. | B51: Izrada trakastih temelja dimenzija 120x60 cm od betona C30/37, granulacije agregata 0-16 mm, Za armiranje koristiti armaturu sukladno HRN.DIN.488-1 ili jednakovrijedno, a za stvaranje zaštitnog sloja sukladno projektu, plastične distancere. Oplatu je prije postavljanja potrebno premazati uljem za lako razdvajanje oplate od betona. U cijenu uračunati sav pomoćni materijal te vibriranje i njega betona
B52: a) beton | C52: m3 | D52: 183.6 | E52: 245 | F52: =E52*D52 -> 44982
B53: b) oplata | C53: m2 | D53: 429.4 | E53: 2 | F53: =E53*D53 -> 858.8
A55: 3.04. | B55: Izrada trakastih temelja dimenzija 320x60 cm od betona C30/37, granulacije agregata 0-16 mm, Za armiranje koristiti armaturu sukladno HRN.DIN.488-1 ili jednakovrijedno, a za stvaranje zaštitnog sloja sukladno projektu, plastične distancere. Oplatu je prije postavljanja potrebno premazati uljem za lako razdvajanje oplate od betona. U cijenu uračunati sav pomoćni materijal te vibriranje i njega betona
B56: a) beton | C56: m3 | D56: 84 | E56: 205 | F56: =E56*D56 -> 17220
B57: b) oplata | C57: m2 | D57: 107.7 | E57: 2 | F57: =E57*D57 -> 215.4
A59: 3.05. | B59: Izrada nadtemeljnih zidova debljine 30 cm od betona C30/37, granulacije agregata 0-16 mm, Za armiranje koristiti armaturu sukladno HRN.DIN.488-1 ili jednakovrijedno, a za stvaranje zaštitnog sloja sukladno projektu, plastične distancere. Oplatu je prije postavljanja potrebno premazati uljem za lako razdvajanje oplate od betona. U cijenu uračunati sav pomoćni materijal te vibriranje i njega betona
B60: a) beton | C60: m3 | D60: 272.6 | E60: 2 | F60: =E60*D60 -> 545.2
B61: b) oplata | C61: m2 | D61: 914.3 | E61: 70 | F61: =E61*D61 -> 64001
A63: 3.06. | B63: Izrada armiranobetonskih stupova dim, 65x35 cm od betona C25/30 granulacije agregata 0-16 mm u dvostranoj oplati. Za armiranje koristiti armaturu sukladno HRN.DIN.488-1 ili jednakovrijedno, a za stvaranje zaštitnog sloja sukladno projektu, plastične distancere. Oplatu je prije postavljanja potrebno premazati uljem za lako razdvajanje oplate od betona. U cijenu uračunati sav materijal te vibriranje i njega betona
B64: a) beton | C64: m3 | D64: 6 | E64: 200 | F64: =E64*D64 -> 1200
B65: b) oplata | C65: m2 | D65: 53.5 | E65: 60 | F65: =E65*D65 -> 3210
A67: 3.07. | B67: Izrada okruglih armiranobetonskih stupova promjera 25 cm od betona C25/30 granulacije agregata 0-16 mm u kartonskoj oplati. Za armiranje koristiti armaturu sukladno HRN.DIN.488-1 ili jednakovrijedno, a za stvaranje zaštitnog sloja sukladno projektu, plastične distancere. Oplatu je prije postavljanja potrebno premazati uljem za lako razdvajanje oplate od betona. U cijenu uračunati sav materijal te vibriranje i njega betona
B68: a) beton | C68: m3 | D68: 1.5 | E68: 500 | F68: =E68*D68 -> 750
B69: b) oplata | C69: m2 | D69: 4.3 | E69: 100 | F69: =E69*D69 -> 430
A71: 3.08. | B71: Izrada armiranobetonske ploče prizemlja debljine 20 cm od betona C25/30 u glatkoj oplati. Za armiranje koristiti armaturu sukladno HRN.DIN.488-1 ili jednakovrijedno, a za stvaranje zaštitnog sloja sukladno projektu, čelične jahače. Oplatu je prije postavljanja potrebno premazati uljem za lako razdvajanje oplate od betona. U cijenu uračuanti sav rad i materijal kao i njega betona.
B72: a) beton | C72: m3 | D72: 167.7 | E72: 180 | F72: =E72*D72 -> 30186
B73: b) oplata | C73: m2 | D73: 30 | E73: 60 | F73: =E73*D73 -> 1800
A75: 3.09. | B75: Izrada armiranobetonskih ploča iznad katova debljine 20 cm od betona C25/30 u glatkoj oplati poduprijetoj podupiračima sukladno posebnom proračunu. Za armiranje koristiti armaturu sukladno HRN.DIN.488-1 ili jednakovrijedno, a za stvaranje zaštitnog sloja sukladno projektu, čelične jahače. Oplatu je prije postavljanja potrebno premazati uljem za lako razdvajanje oplate od betona. U cijenu uračuanti sav rad i materijal kao i njega betona.
B76: a) beton | C76: m3 | D76: 456.9 | E76: 440 | F76: =E76*D76 -> 201036
B77: b) oplata | C77: m2 | D77: 2672.7 | E77: 0.1 | F77: =E77*D77 -> 267.27
A79: 3.10. | B79: Izrada armiranobetonskih zidova prizemlja i katova debljine 25 cm od betona C25/30, agregata granulacije 0-16 mm, u dvostranoj glatkoj oplati. Za armiranje koristiti armaturu sukladno HRN.DIN.488-1 ili jednakovrijedno, a za stvaranje zaštitnog sloja sukladno projektu, koristiti plastične distancere. Oplatu je prije postavljanja potrebno premazati uljem za lako razdvajanje oplate od betona. U cijenu uračunati sav materijal, njega i vibriranje betona.
B80: a) beton | C80: m3 | D80: 45.3 | E80: 460 | F80: =E80*D80 -> 20838
B81: b) oplata | C81: m2 | D81: 453.1 | E81: 5 | F81: =E81*D81 -> 2265.5
A83: 3.11. | B83: Izrada armiranobetonskih zidova prizemlja i katova debljine 30 cm od betona C25/30, agregata granulacije 0-16 mm, u dvostranoj glatkoj oplati. Za armiranje koristiti armaturu sukladno HRN.DIN.488-1 ili jednakovrijedno, a za stvaranje zaštitnog sloja sukladno projektu, koristiti plastične distancere. Oplatu je prije postavljanja potrebno premazati uljem za lako razdvajanje oplate od betona. U cijenu uračunati sav materijal, njega i vibriranje betona.
B84: a) beton | C84: m3 | D84: 258.1 | E84: 480 | F84: =E84*D84 -> 123888
B85: b) oplata | C85: m2 | D85: 3405.3 | E85: 0.1 | F85: =E85*D85 -> 340.53
A87: 3.12. | B87: Izrada armiranobetonskih zidova dizala debljine 20 cm od betona C25/30, agregata granulacije 0-16 mm, u dvostranoj glatkoj oplati. Za armiranje koristiti armaturu sukladno HRN.DIN.488-1 ili jednakovrijedno, a za stvaranje zaštitnog sloja sukladno projektu, koristiti plastične distancere. Oplatu je prije postavljanja potrebno premazati uljem za lako razdvajanje oplate od betona. U cijenu uračunati sav materijal, njega i vibriranje betona.
B88: a) beton | C88: m3 | D88: 16 | E88: 200 | F88: =E88*D88 -> 3200
B89: b) oplata | C89: m2 | D89: 167.1 | E89: 40 | F89: =E89*D89 -> 6684
A91: 3.13. | B91: Izrada horizontalnih greda dim. 30X60 cm u prizemlju i katovima od betona C25/30, agregata granulacije 0-16 mm, u dvostranoj glatkoj oplati. Za armiranje koristiti armaturu sukladno HRN.DIN.488-1 ili jednakovrijedno, a za stvaranje zaštitnog sloja sukladno projektu, koristiti plastične jahače. Oplatu je prije postavljanja potrebno premazati uljem za lako razdvajanje oplate od betona.U cijenu uračunati sav materijal, njegu i vibriranje betona.
B92: a) beton | C92: m3 | D92: 10.5 | E92: 250 | F92: =E92*D92 -> 2625
B93: b) oplata | C93: m2 | D93: 90.4 | E93: 80 | F93: =E93*D93 -> 7232
A95: 3.14. | B95: Izrada armiranobetonskih stubišta u glatkoj oplati od betona C25/30, granulacije agregata 0-16 mm u glatkoj oplati. Za armiranje koristiti armaturu sukladno HRN.DIN.488-1 ili jednakovrijedno, a za stvaranje zaštitnog sloja sukladno projektu, koristiti plastične distancere. Oplatu je prije postavljanja potrebno premazati uljem za lako razdvajanje oplate od betona. U cijenu uračunati sav materijal i vibriranje betona.
B96: a) beton | C96: m3 | D96: 4 | E96: 300 | F96: =E96*D96 -> 1200
B97: b) oplata | C97: m2 | D97: 42 | E97: 100 | F97: =E97*D97 -> 4200
A99: 3.15. | B99: Izrada vertikalnih serklaža 30x30 cm u glatkoj oplati od betona C25/30, granulacije agregata 0-16 mm u glatkoj oplati. Za armiranje koristiti armaturu sukladno HRN.DIN.488-1 ili jednakovrijedno, a za stvaranje zaštitnog sloja sukladno projektu, koristiti plastične distancere. Oplatu je prije postavljanja potrebno premazati uljem za lako razdvajanje oplate od betona. U cijenu uračunati sav materijal i vibriranje betona.
B100: a) beton | C100: m3 | D100: 10.9 | E100: 1100 | F100: =E100*D100 -> 11990
B101: b) oplata | C101: m2 | D101: 204.9 | E101: 1 | F101: =E101*D101 -> 204.9
A103: 3.16. | B103: Izrada horizontalnih serklaža 30x20 cm u glatkoj oplati od betona C25/30, granulacije agregata 0-16 mm u glatkoj oplati. Za armiranje koristiti armaturu sukladno HRN.DIN.488-1 ili jednakovrijedno, a za stvaranje zaštitnog sloja sukladno projektu, koristiti plastične distancere. Oplatu je prije postavljanja potrebno premazati uljem za lako razdvajanje oplate od betona. U cijenu uračunati sav materijal i vibriranje betona.
B104: a) beton | C104: m3 | D104: 16.5 | E104: 3 | F104: =E104*D104 -> 49.5
B105: b) oplata | C105: m2 | D105: 73.2 | E105: 95 | F105: =E105*D105 -> 6954
A107: 3.17. | B107: Izrada AB nadvoja visine 20 cm u glatkoj oplati od betona C25/30, granulacije agregata 0-16 mm u glatkoj oplati. Za armiranje koristiti armaturu sukladno HRN.DIN.488-1 ili jednakovrijedno, a za stvaranje zaštitnog sloja sukladno projektu, koristiti plastične distancere. Oplatu je prije postavljanja potrebno premazati uljem za lako razdvajanje oplate od betona. U cijenu uračunati sav materijal i vibriranje betona.
B108: a) beton | C108: m3 | D108: 16 | E108: 3 | F108: =E108*D108 -> 48
B109: b) oplata | C109: m2 | D109: 85.8 | E109: 95 | F109: =E109*D109 -> 8151
A111: 3.18. | B111: Izrada monier zidova debljine 30 cm za od betona C25/30, granulacije agregata 0-16 mm u glatkoj oplati. Za armiranje koristiti armaturu sukladno HRN.DIN.488-1 ili jednakovrijedno, a za stvaranje zaštitnog sloja sukladno projektu, koristiti plastične distancere. Oplatu je prije postavljanja potrebno premazati uljem za lako razdvajanje oplate od betona. U cijenu uračunati sav materijal i vibriranje betona..
B112: a) beton | C112: m3 | D112: 20.2 | E112: 600 | F112: =E112*D112 -> 12120
B113: b) oplata | C113: m2 | D113: 269.1 | E113: 1 | F113: =E113*D113 -> 269.1
A118: 3.19. | B118: Izrada armiranobetonskih pokrovnih kapa za vertikale instalacije od betona C25/30, granulacije 0-16 mm u glatkoj oplati. Za armiranje koristiti armaturu sukladno HRN.DIN.488-1 ili jednakovrijedno, a za stvaranje zaštitnog sloja sukladno projektu, koristiti plastične distancere. Oplatu je prije postavljanja potrebno premazati uljem za lako razdvajanje oplate od betona. U cijenu uračunati sav materijal i vibriranje betona..
B119: a) beton | C119: m3 | D119: 4 | E119: 200 | F119: =E119*D119 -> 800
B120: b) oplata | C120: m2 | D120: 20 | E120: 50 | F120: =E120*D120 -> 1000
A122: 3.20. | B122: Izrada armiranobetonskih balkonskih ploča debljine 20 cm od betona C25/30 u glatkoj oplati poduprijetoj podupiračima sukladno posebnom proračunu. Za armiranje koristiti armaturu sukladno HRN.DIN.488-1 ili jednakovrijedno, a za stvaranje zaštitnog sloja sukladno projektu, čelične jahače. Oplatu je prije postavljanja potrebno premazati uljem za lako razdvajanje oplate od betona. U cijenu uračunati sav rad i materijal kao i njega betona.
B123: a) beton | C123: m3 | D123: 10.9 | E123: 450 | F123: =E123*D123 -> 4905
B124: b) oplata | C124: m2 | D124: 89 | E124: 1 | F124: =E124*D124 -> 89
A126: 3.21. | B126: Izrada armiranobetonskih zidova jama separatora debljine 20 cm od betona C25/30, agregata granulacije 0-16 mm, u dvostranoj glatkoj oplati. Za armiranje koristiti armaturu sukladno HRN.DIN.488-1 ili jednakovrijedno, a za stvaranje zaštitnog sloja sukladno projektu, koristiti plastične distancere. Oplatu je prije postavljanja potrebno premazati uljem za lako razdvajanje oplate od betona. U cijenu uračunati sav materijal, njega i vibriranje betona.
B127: a) beton | C127: m3 | D127: 3.6 | E127: 180 | F127: =E127*D127 -> 648
B128: b) oplata | C128: m2 | D128: 20.3 | E128: 100 | F128: =E128*D128 -> 2030
A130: 3.19. | B130: Dobava, savijanje i sječa i transport armaturnog željeza razreda B500B sukladno statičkom proračunu. U cijenu uključiti i jahače mreža, kao i sav rad materijal.
B131: a) armaturne mreže | C131: kg | D131: 79650 | E131: 1.45 | F131: =E131*D131 -> 115492.5
B132: b) rebraste šipke | C132: kg | D132: 63720 | E132: 1.45 | F132: =E132*D132 -> 92394
B134: BETONSKI I ARMIRANOBETONSKI RADOVI UKUPNO: | F134: =SUM(F47:F132) -> 805279.7
A136: 4.00 ZIDARSKI RADOVI
A138: 4.01. | B138: Izrada zidarskih hidroizolacija ispod armiranobetonskih zidova prizemlja pomoću samobrtvene trake. U cijenu uračunati sav rad i materijal. | C138: m' | D138: 153 | E138: 10 | F138: =E138*D138 -> 1530
A140: 4.02. | B140: Zidanje nosivih zidova debljine 30 cm od blok opeke 29x19x19 cm u vapneno-cementnom mortu. U cijenu uračunati sav rad, materijal i skelu na nogarima. | C140: m3 | D140: 354.2 | E140: 200 | F140: =E140*D140 -> 70840
A142: 4.03. | B142: Zidanje nosivih zidova debljine 25 cm od blok opeke 24x19x19 cm u vapneno-cementnom mortu. U cijenu uračunati sav rad, materijal i skelu na nogarima. | C142: m3 | D142: 56.7 | E142: 250 | F142: =E142*D142 -> 14175
A144: 4.04. | B144: Zidanje pregradnih zidova debljine 20 cm od pregradnih blokova u vapneno-cementnom mortu. U cijenu uračunati sav rad, materijal i skelu na nogarima. | C144: m2 | D144: 21.4 | E144: 100 | F144: =E144*D144 -> 2140
A145: 4.05.
B146: Zidanje pregradnih zidova debljine 12 cm od pregradnih opečnih blokova u vapneno-cementnom mortu. U cijenu uračunati sav rad, materijal i skelu na nogarima. | C146: m2 | D146: 128.7 | E146: 60 | F146: =E146*D146 -> 7722
A148: 4.06. | B148: Izrada cementnog estriha ukupne debljine 6 cm. Estrih se postavlja na zvučnu izolaciju od EPS-a debljine 2 cm, te eEPSa debljine 2 cm, a u dodiru sa zidovima potrebno je postaviti rubnu traku od EPS-a debljine 2 cm, a visine 10 cm. Estrih se od EPS-a odvaja polietilenskom folijom debljine 015 mm. U cijenu uračunati sav rad i materijal. | C148: m2 | D148: 1802.5 | E148: 22 | F148: =E148*D148 -> 39655
A150: 4.07. | B150: Izrada armiranog cementnog estriha ukupne debljine 6 cm u mokrim prostorijama. Estrih se postavlja na zvučnu izolaciju od EPS-a debljine 2 cm, te eEPSa debljine 1 cm, a u dodiru sa zidovima potrebno je postaviti rubnu traku od EPS-a debljine 2 cm, a visine 10 cm. Estrih se od EPS-a odvaja polietilenskom folijom debljine 0,15 mm. U cijenu uračunati sav rad i materijal. | C150: m2 | D150: 99.8 | E150: 25 | F150: =E150*D150 -> 2495
A152: 4.08. | B152: Brušenje i gletanje svih stropnih površina betonskih stropova glet masom za beton. U cijenu uračunati sav rad i materijal. | C152: m2 | D152: 2002.3 | E152: 0.5 | F152: =E152*D152 -> 1001.15
A154: 4.09. | B154: Brušenje i gletanje svih unutarnjih zidnih površina glet masom za beton. U cijenu uračunati sav rad i materijal. | C154: m2 | D154: 4914.7 | E154: 7 | F154: =E154*D154 -> 34402.9
A156: 4.10. | B156: Žbukanje svih unutarnjih zidnih površina u tri sloja: cementni špric, gruba žbuka, fina žbuka za beton. Na rubovima koristiti aluminijsku lajsnu. U cijenu uračunati sav rad i materijal. | C156: m2 | D156: 2670 | E156: 18 | F156: =E156*D156 -> 48060
A158: 4.11. | B158: Zidanje zidova zaštite instalacija na krovu od blok opeke debljine 20 cm u produženom mortu. Koristit blok opeku dimenzija 19x19x19 cm. U cijenu uračunati sav rad, materijal i pomoćna sredstva. | C158: m2 | D158: 80 | E158: 60 | F158: =E158*D158 -> 4800
A160: 4.12. | B160: Izrada cementnog estriha ukupne debljine 5 cm na terasama na drugom katu. Estrih se postavlja na toplinsku izolaciju od EPS-a debljine 2 cm. Estrih se od EPS-a odvaja polietilenskom folijom debljine 0,15 mm. U cijenu uračunati sav rad i materijal. | C160: m2 | D160: 24 | E160: 40 | F160: =E160*D160 -> 960
...

Sheet OBRTNIČKI RADOVI
A1: II OBRTNIČKI RADOVI
A3: rbr | B3: Opis stavke | C3: jed. mjere | D3: količina | E3: jed. cijena | F3: ukupno:
A5: 5.00 IZOLATERSKI RADOVI
A7: 5.01. | B7: Postavljanje hidroizolacije podova u prizemlju od bitumenske ljepenke kao V4 ili jednakovrijedno u jednom sloju. Izvršiti preklope od 10 cm, a na spoju s armiranobetonskim zidovima izvesti holker visine 10 cm. U cijenu uračunati sav rad i materijal. | C7: m2 | D7: 947.5 | E7: 15 | F7: =E7*D7 -> 14212.5
A9: 5.02. | B9: Postavljanje parne brane ravnog krova i bitumenske ljepenke u jednome sloju. Izvršiti preklope od 10 cm., a na spoju s zidovima atike, te krovne staklene stijene izvesti holker u visini od 80 cm. U cijenu uračunati sav rad i materijal. | C9: m2 | D9: 947.5 | E9: 1.5 | F9: =E9*D9 -> 1421.25
A11: 5.03. | B11: Postavljanje hidroizolacije ravnog krova od PE folije.. Izvesti preklope od 10 cm, a na spoju sa zidovima atike i krovne staklene stijene izvesti holker visine 20 cm. U cijenu uračunati sav rad i materijal. | C11: m2 | D11: 947.5 | E11: 1 | F11: =E11*D11 -> 947.5
A13: 5.04. | B13: Postavljanje hidroizolacijske membrane od PVC sintetičke membrane debljine 2,0 mm kao završnog pokrova kosog krova za instalacije. Izvesti preklope od 10 cm, koji se zatvaraju pomoću toplog zraka. U cijenu uračunati sav rad, materijal i pomoćna sredstva | C13: m2 | D13: 581.3 | E13: 130 | F13: =E13*D13 -> 75569
A15: 5.05. | B15: Premazivanje zidova mokrih prostorija zaštitnom poliuretanskom membranom prije polaganja keramičkih pločica. Premaz se vrši do visine spuštenog stropa. U cijenu uračunati sav rad i materijal. | C15: m2 | D15: 443.2 | E15: 20 | F15: =E15*D15 -> 8864
A17: 5.06. | B17: Premazivanje podova mokrih prostorija zaštitnom poliuretanskom membranom prije polaganja keramičkih pločica. Premaz se vrši do visine spuštenog stropa. U cijenu uračunati sav rad i materijal. | C17: m2 | D17: 121.9 | E17: 25 | F17: =E17*D17 -> 3047.5
A19: 5.07. | B19: Premazivanje podova terasa drugog kata poliuretanskom zaštitnom membranom prije polaganja keramičkih pločica. U cijenu uračunati sav rad i materijal. | C19: m2 | D19: 24 | E19: 30 | F19: =E19*D19 -> 720
A21: 5.08. | B21: Postavljanje toplinske izolacije podova u prizemlju od XPS-a debljine 14 cm. U cijenu uračunati sav rad i materijal. | C21: m2 | D21: =D7 -> 947.5 | E21: 20 | F21: =E21*D21 -> 18950
A23: 5.09. | B23: Postavljanje toplinske izolacije podgleda balkona od EPS.-a debljine 5 cm. U cijenu uračunati sav rad i materijal | C23: m2 | D23: =D19 -> 24 | E23: 20 | F23: =E23*D23 -> 480
A25: 5.10. | B25: Postavljanje toplinske izolacije nadtemeljnih zidova građevine od XPS-a debljine 15 cm. U cijenu uračunati sav rad i materijal. | C25: m2 | D25: 254.4 | E25: 20 | F25: =E25*D25 -> 5088
A27: 5.11. | B27: Postavljanje toplinske izolacije fasade građevine od mineralne vune debljine 15 cm. U stavku su uračunata sva pričvrsna sredstva, ljepilo, mrežica i impregnacijski sloj. Nakon postavljanja jednom pregletati. U cijenu u računati sav rad i materijal. | C27: m2 | D27: 1685.8 | E27: 50 | F27: =E27*D27 -> 84290
A29: 5.12. | B29: Postavljanje toplinske izolacije ravnog krova od tvrde mineralne vune u padu debljine 20-30 cm. Padove izvesti prema vodolovnim grlima. U cijenu uračunati sav rad i materijal. | C29: m2 | D29: =D9 -> 947.5 | E29: 1 | F29: =E29*D29 -> 947.5
A31: 5.13. | B31: Postavljanje toplinske izolacije od mineralne vune debljine 5 cm s unutarnje strane atike kao prekida toplinskog mosta. Površinu pripremiti za završni sloj od akrilne žbuke U cijenu uračunati sav rad i materijal. | C31: m2 | D31: 199.2 | E31: 15 | F31: =E31*D31 -> 2988
A33: 5.14. | B33: Postavljanje hidroizolacije od PE folije na spojevima betonske ploče i vodolovnog grla. U cijenu uračunati sav rad i materijal. | C33: kom | D33: 4 | E33: 200 | F33: =E33*D33 -> 800
A35: 5.15. | B35: Postavljanje zvučne izolacije od kamene vune debljine 5,00 cm koja se postavlja između zidova od gipskartonskih ploča te se pričvršćuje metalnim pričvrsnicama. U cijenu uračunati sav rad i materijal. | C35: m2 | D35: 288.4 | E35: 10 | F35: =E35*D35 -> 2884
A37: 5.16. | B37: Postavljanje zvučne izolacije od kamene vune debljine 15,00 cm koja se postavlja između zidova od gipskartonskih ploča i betonskih zidova kod kanala u kupaonama, te se pričvršćuje metalnim pričvrsnicama. U cijenu uračunati sav rad i materijal. | C37: m2 | D37: 92 | E37: 10 | F37: =E37*D37 -> 920
A39: 5.17. | B39: Dobava i postavljanje hidroizolacije nadtemeljnih zidova od bitumenske ljepenke debljine 0,8 cm. Ljepenka se varenjem lijepi na nadtemeljne zidove, a u cijenu uračunati sav rad, materijal kao i holkere na spoju s temeljnom pločom. | C39: m2 | D39: =D25 -> 254.4 | E39: 25 | F39: =E39*D39 -> 6360
A41: 5.18. | B41: Postavljanje toplinske izolacije sokla od XPS-a debljine 10 cm. U cijenu uračunati sav rad i materijal. | C41: m2 | D41: 64.1 | E41: 20 | F41: =E41*D41 -> 1282
A43: 5.19. | B43: Dobava i postavljanje hidroizolacijske brtvene trake na spoju ankera armiranobetonskih zidova u prizemlju građevine uz poštivanje preklopa od 10 cm. Prilikom postavljanja poštivate upute proizvođača. U cijenu uračunati sav rad i materijal. | C43: m' | D43: 133 | E43: 10 | F43: =E43*D43 -> 1330
A45: 5.20. | B45: Dobava i postavljanje mehaničke zaštite od čepaste folije kao zaštite izolacije nadtemeljnih zidova. U cijenu uračunati sav rad i materijal | C45: m2 | D45: =D39 -> 254.4 | E45: 5 | F45: =E45*D45 -> 1272
B47: IZOLATERSKI RADOVI UKUPNO: | F47: =SUM(F7:F45) -> 232373.25
A49: 6.00 FASADERSKI RADOVI
A51: 6.01. | B51: Dobava i postavljanje impregnacijskog i završnog fasadnog sloja od slip opeke debljine 2,00 cm na vanjske fasadne zidove lijepljenjem odgovarajućim ljepilama, sukladno uputi proizvođača. Sva predviđena opeka je crvenkaste boje, hrapavog izgleda. Prilikom izbora, uzorke je potrebno pokazati porjektantu i investitoru na uvid. Špalete otvora se sa svih eksponiranih strana također oblažu istom vrstom opeke. Kod bridova izvesti spoj na gerung U cijenu uračunati sav rad i materijal | C51: m2 | D51: 760.6 | E51: 70 | F51: =E51*D51 -> 53242
A53: 6.02. | B53: Izrada fasadnog sloja od silikatne žbuke boje po izboru projektanta s unutarnje strane zidova atike. U cijenu uračunati sav rad i materijal. | C53: m2 | D53: 259.8 | E53: 20 | F53: =E53*D53 -> 5196
A55: 6.03. | B55: Dobava, postavljanje i kasnija demontaža cijevne fasadne skele za potrebe fasaderskih radova. U cijenu uračunati sav rad i materijal. | C55: m2 | D55: 1584.5 | E55: 10 | F55: =E55*D55 -> 15845
A57: 6.04. | B57: Dobava i postavljanje sloja terapalasta na soklu građevine od uzorka po izboru projektanta. U cijenu uračunati sav rad i materijal. | C57: m2 | D57: =D41 -> 64.1 | E57: 22 | F57: =E57*D57 -> 1410.2
A59: 6.05. | B59: Dobava i postavljanje elemenata od korodirang bakra na pojedinim poizicijama pročelja. Bakreni se elementi postavljaju na podkonstrukciju od čeličnih profila 20x20x1,5mm . Dužnost izvođača je izrada radioničkih nacrta te njihov prikaz na odobrenje projektantu. U cijenu uračunati sav rad i materijal | C59: m2 | D59: 57.4 | E59: 600 | F59: =E59*D59 -> 34440
B61: FASADERSKI RADOVI UKUPNO: | F61: =SUM(F51:F60) -> 110133.2
A63: 7.00 GIPSKARTONSKI RADOVI
A65: 7.01. | B65: Izrada i postavljanje zidova od dvostrukih gipskartonskih ploča na UW i CW profile, debljine 17,5 cm u kupaonama i nužnicima kod prodora instalacija. Zidovi se bandažiraju i gletaju u dva sloja. Jedan sloj su vlagootporne ploče, a dva su vatrootporne.Spojeve zidova s konstrukcijom građevine i s drugim zidovima obraditi posebnom spojnom mrežicom.U cijenu uračunati sve potrebne radnje za ličenje zidova | C65: m2 | D65: 126 | E65: 55 | F65: =E65*D65 -> 6930
A67: 7.02. | B67: Izrada i postavljanje zidova od dvostrukih standardnih gipskartonskih ploča na UW i CW profile, debljine 10 cm. Zidovi se bandažiraju i gletaju u dva sloja. Spojeve zidova s konstrukcijom građevine i s drugim zidovima obraditi posebnom spojnom mrežicom. U cijenu uračunati sve potrebne radnje za ličenje zidova | C67: m2 | D67: =D35 -> 288.4 | E67: 50 | F67: =E67*D67 -> 14420
A69: 7.03. | B69: Izrada i postavljanje kanala instalacija od dvostrukih gipskartonskih ploča od kojih je jedan sloj dijamant ploča, a drugi vatrootporna ploča, ispunjenih mineralnom vunom. Kanali se bandažiraju i gletaju u dva sloja. Spojeve zidova s konstrukcijom građevine i s drugim zidovima obraditi posebnom spojnom mrežicom. U cijenu uračunati sve potrebne radnje za ličenje zidova | C69: m2 | D69: 27.6 | E69: 50 | F69: =E69*D69 -> 1380
A71: 7.04. | B71: Dobava i postavljanje spuštenog stropa svih unutarnjih prostorija stropom od jednostrukih gipskartonskih ploča. Koristiti visilice do visine od 60 cm. | C71: m2 | D71: 1897.3 | E71: 35 | F71: =E71*D71 -> 66405.5
A73: 7.05. | B73: Dobava i postaljanje spuštenog stropa vanjskih prostorija stropom od jednostrukih cementnih ploča. Koristiti visilice do visine od 60 cm. | C73: m2 | D73: 77.2 | E73: 80 | F73: =E73*D73 -> 6176
B75: GIPSKARTONSKI RADOVI UKUPNO: | F75: =SUM(F65:F73) -> 95311.5
A77: 8.00 SOBOSLIKARSKO-LIČILAČKI RADOVI
A79: 8.01. | B79: Bojenje u dva sloja svih zidnih i stropnih površina disperzivnim toniranim bojama po izboru projektanta | C79: m2 | D79: =D71+'GRAĐEVINSKI RADOVI'!D154+D67 -> 7100.4 | E79: 6 | F79: =E79*D79 -> 42602.4
A81: 8.02. | B81: Gletanje gispkartonskih zidova u dva sloja glet masom za gips. U cijenu uračunati sav rad i materijal i sve potrebne radnje za završnu obradu zidova. | C81: m2 | D81: =D67 -> 288.4 | E81: 7 | F81: =E81*D81 -> 2018.8
A83: 8.03. | B83: Gletanje betonskih zidova i stropova u dva sloja glet masom za beton. Kao priprema za ličenje nužno je pobrusiti zidove. U cijenu uračunati sav rad i materijal i sve potrebne radnje za završnu obradu zidova. | C83: m2 | D83: ='GRAĐEVINSKI RADOVI'!D128+'GRAĐEVINSKI RADOVI'!D124+'GRAĐEVINSKI RADOVI'!D120+'GRAĐEVINSKI RADOVI'!D85+'GRAĐEVINSKI RADOVI'!D89+'GRAĐEVINSKI RADOVI'!D101+'GRAĐEVINSKI RADOVI'!D97+'GRAĐEVINSKI RADOVI'!D77 -> 6621.3 | E83: 0.5 | F83: =E83*D83 -> 3310.65
B85: SOBOSLIKARSKO-LIČILAČKI RADOVI UKUPNO: | F85: =SUM(F79:F84) -> 47931.85
A87: 9.00 KERAMIČARSKI RADOVI
A89: 9.01. | B89: Nabava i postavljanje protukliznih keramičkih pločica dim. 60X60 cm, prema izboru projektanta i naručitelja, klase protukliznosti R11. U cijenu uračunati sav rad i materijal. | C89: m2 | D89: 597.5 | E89: 60 | F89: =E89*D89 -> 35850
A91: 9.02. | B91: Nabava i postavljanje protukliznih keramičkih pločica dim. 60X60 cm, prema izboru projektanta i naručitelja, kao podne obloge vanjskih prstorija, klase protukliznosti R13. U cijenu uračunati sav rad i materijal. | C91: m2 | D91: 341.2 | E91: 60 | F91: =E91*D91 -> 20472
A93: 9.03. | B93: Nabava i postavljanje keramičkih pločica dim 30x60 cm, prema izboru projektanta i naručitelja. Sanitarije opločiti do stropa u kupaonama i nužnicima, a u kuhinji i praoni u prizemlju opločiti od 0,80 do 1,40 m mjereno od visine gotovog poda. U cijenu uračunati sav rad i materijal. | C93: m2 | D93: =D81*1.5 -> 432.6 | E93: 60 | F93: =E93*D93 -> 25956
A95: 9.04. | B95: Nabava i postavljanje aluminijskih L profila na spojevima različitih vrsta podnih obloga i vertikalnim kutevima gdje je potrebno. U cijenu uračunati sav rad i materijal. | C95: m' | D95: 840.5 | E95: 10 | F95: =E95*D95 -> 8405
B97: KERAMIČARSKI RADOVI UKUPNO: | F97: =SUM(F89:F96) -> 90683
A99: 10.00 LIMARSKI RADOVI
A101: 10.01. | B101: Izrada i postavljanje limenih prozorskih klupčica od plastificiranog lima boje RAL7031 debljine 0,7 mm razvijene širine 22 cm. U cijenu uračunati sav rad i materijal. | C101: m' | D101: 117.8 | E101: 40 | F101: =E101*D101 -> 4712
A103: 10.02. | B103: Izrada i postavljanje limenog opšava spoja dimnjaka i svih kanala od pocinčanog lima debljine 0,7 mm. Radionički nacrt i krojnu listu prikazati projektantu. U cijenu uračunati sav rad i materijal. | C103: m2 | D103: 6.4 | E103: 65 | F103: =E103*D103 -> 416
A105: 10.03. | B105: Izrada i postavljanje limenih opšava atike od plastificiranog lima boje RAL 7031 debljine 0,7mm, razvijene širine 50 cm. U cijenu uračunati sav rad, materijal i pričvrsne elemente. | C105: m' | D105: 216.4 | E105: 50 | F105: =E105*D105 -> 10820
A107: 10.05. | B107: Dobava i postavljanje standardne limene okapnice balkona. U cijenu uračunati sav rad i materijal. | C107: m' | D107: 15 | E107: 35 | F107: =E107*D107 -> 525
B109: LIMARSKI RADOVI UKUPNO: | F109: =SUM(F101:F108) -> 16473
A111: 11.00 BRAVARSKI RADOVI
A113: 11.01. | B113: Izrada i postavljanje staklene stijene dim. 2849X807 cm, prema shemi 01. U cijenu uračunati sav rad i materijal | C113: kom | D113: 1 | E113: 98300 | F113: =E113*D113 -> 98300
A115: 11.02. | B115: Izrada i postavljanje staklene stijene dim. 1179X1172 cm, prema shemi 02. U cijenu uračunati sav rad i materijal | C115: kom | D115: 1 | E115: 59500 | F115: =E115*D115 -> 59500
A117: 11.03. | B117: Izrada i postavljanje staklene stijene dim. 1124X807 cm, prema shemi 03. U cijenu uračunati sav rad i materijal | C117: kom | D117: 1 | E117: 36600 | F117: =E117*D117 -> 36600
A119: 11.04. | B119: Izrada i postavljanje staklene stijene dim. 1200X807 cm, prema shemi 04. U cijenu uračunati sav rad i materijal | C119: kom | D119: 1 | E119: 38800 | F119: =E119*D119 -> 38800
A121: 11.05. | B121: Izrada i postavljanje staklene stijene dim. 271X284 cm, prema shemi 05. U cijenu uračunati sav rad i materijal | C121: kom | D121: 1 | E121: 3500 | F121: =E121*D121 -> 3500
A123: 11.06. | B123: Izrada i postavljanje aluminijskih rukohvata stubišta. Rukohvati se sidraju na zid, a sastoje se od profila 50mm izrađenog od eloksiranog aluminija. Sve prema shemi 06. A u stijenu uračunati sav rad i materijal. | C123: m' | D123: 38 | E123: 50 | F123: =E123*D123 -> 1900
A125: 11.07. | B125: Izrada i postavljanje klizne staklene stijene dim. 373x278 cm, prema shemi 07. U cijenu uračunati sav rad i materijal | C125: kom | D125: 4 | E125: 3950 | F125: =E125*D125 -> 15800
A127: 11.08. | B127: Izrada i postavljanje klizne staklene stijene dim. 338X278 cm, prema shemi 08. U cijenu uračunati sav rad i materijal | C127: kom | D127: 2 | E127: 3620 | F127: =E127*D127 -> 7240
A129: 11.09. | B129: Izrada i postavljanje aluminijskog prozora dim. 138X88 cm prema shemi 09. U cijenu uračunati sav rad i materijal. | C129: kom | D129: 1 | E129: 446.23 | F129: =E129*D129 -> 446.23
A131: 11.10. | B131: Izrada i postavljanje aluminijskih vrata dim. 158X238 cm prema shemi 10. U cijenu uračunati sav rad i materijal. | C131: kom | D131: 1 | E131: 1734.23 | F131: =E131*D131 -> 1734.23
A133: 11.11. | B133: Izrada i postavljanje aluminijskog prozora dim. 238X88 cm prema shemi 11. U cijenu uračunati sav rad i materijal. | C133: kom | D133: 1 | E133: 863.18 | F133: =E133*D133 -> 863.18
A135: 11.12. | B135: Izrada i postavljanje aluminijskog prozora dim. 198X88 cm prema shemi 12. U cijenu uračunati sav rad i materijal. | C135: kom | D135: 1 | E135: 789 | F135: =E135*D135 -> 789
... A171: 11.30. | B171: Izrada, doprema i postavljanje ograde kompleksa od pocinčane rabic mreže visine 2,4 m. Kao podkonstrukciju koristiti pocinčane stupove od lima debljine stijenke 1,5 mm na međusobnom osnom razmaku od 250 cm. U cijenu uračunati i betonski temelj stupova kao i sav preostali rad i materijal. | C171: m2 | D171: 720 | E171: 55 | F171: =E171*D171 -> 39600
B173: BRAVARSKI RADOVI UKUPNO: | F173: =SUM(F113:F171) -> 403669.4
A175: 12.00 STOLARSKI RADOVI
A177: 12.01. | B177: Izrada i postavljanje drvenih jednokrilnih vrata dimenzija 81x215 cm s dovratnicima sukladno shemi S1. U cijenu uračunati sav rad i materijal. Mjere provjeriti na gradilištu!
B178: L | C178: kom | D178: 23 | E178: 550 | F178: =E178*D178 -> 12650
B179: D | C179: kom | D179: 26 | E179: 550 | F179: =E179*D179 -> 14300
A181: 12.02. | B181: Izrada i postavljanje drvenih jednokrilnih vrata dimenzija u kupanonama 81x215 cm s dovratnicima sukladno shemi S2. Vrata sadržavaju rešetku za ventilaciju dimenzija 425x75 mm. U cijenu uračunati sav rad i materijal. Mjere provjeriti na gradilištu!
B182: L | C182: kom | D182: 3 | E182: 600 | F182: =E182*D182 -> 1800
B183: D | C183: kom | D183: 4 | E183: 600 | F183: =E183*D183 -> 2400
A185: 12.03. | B185: Izrada i postavljanje drvenih jednokrilnih vrata dimenzija u kupanonama 71x215 cm s dovratnicima sukladno shemi S3. Vrata sadržavaju rešetku za ventilaciju dimenzija 425x75 mm. U cijenu uračunati sav rad i materijal. Mjere provjeriti na gradilištu!
B186: L | C186: kom | D186: 6 | E186: 500 | F186: =E186*D186 -> 3000
B187: D | C187: kom | D187: 8 | E187: 500 | F187: =E187*D187 -> 4000
A189: 12.04. | B189: Izrada i postavljanje drvenih jednokrilnih vrata dimenzija u kupanonama 71x215 cm s dovratnicima sukladno shemi S4. U cijenu uračunati sav rad i materijal. Mjere provjeriti na gradilištu!
B190: L | C190: kom | D190: 5 | E190: 500 | F190: =E190*D190 -> 2500
B191: D | C191: kom | D191: 8 | E191: 500 | F191: =E191*D191 -> 4000
A193: 12.05. | B193: Izrada i postavljanje drvenih jednokrilnih vrata dimenzija u kupanonama 101x215 cm s dovratnicima sukladno shemi S5. Vrata sadržavaju rešetku za ventilaciju dimenzija 425x75 mm. U cijenu uračunati sav rad i materijal. Mjere provjeriti na gradilištu! | C193: kom | D193: 1 | E193: 545 | F193: =E193*D193 -> 545
A195: 12.06. | B195: Izrada i postavljanje drvenih jednokrilnih vrata dimenzija u kupanonama 101x215 cm s dovratnicima sukladno shemi S6. U cijenu uračunati sav rad i materijal. Mjere provjeriti na gradilištu! | C195: kom | D195: 1 | E195: 530 | F195: =E195*D195 -> 530
A197: 12.07. | B197: Izrada i postavljanje drvenih jednokrilnih vrata dimenzija u kupanonama 91x215 cm s dovratnicima sukladno shemi S6. U cijenu uračunati sav rad i materijal. Mjere provjeriti na gradilištu! | C197: kom | D197: 1 | E197: 520 | F197: =E197*D197 -> 520
A199: 12.08. | B199: Izrada i postavljanje pregradnih stijena visine 2,30 m u nužnicima od HPL ploča. Boja ili uzorak ploča prema izboru projektanta. Stijene su odignute od gotovog poda 10 cm pomoću podkonstrukcijskih elemenata. U cijenu uračunati sav rad i materijal. Detaljan prikaz je vidljiv iz glavnog i izvedbenog projekta | C199: m2 | D199: 18.5 | E199: 360 | F199: =E199*D199 -> 6660
B201: STOLARSKI RADOVI UKUPNO: | F201: =SUM(F177:F200) -> 52905
A203: 13.00 PODOPOLAGAČKI RADOVI
A205: 13.01. | B205: Nabava i postavljanje antistatičkog i antialergijskog tapisonskog poda po izboru projektanta u suhim prostorijama. Predviđaju se poliamidni tapisoni, vatrootpornosti EN 13501-1 B2 ili jednakovrijedno, ukupne visine do 9,5 mm, visine flora 6mm +/-10%, gustoće tkanja između 100.000 i 110.000 , težine oko 1.300 g/m2 Uz zidove podignuti tapison u visinu od 10 cm. U cijenu uračunati sav rad i materijal. | C205: m2 | D205: =D71-D89-D91 -> 958.6 | E205: 40 | F205: =E205*D205 -> 38344
A207: 13.02. | B207: Nabava i postavljanje antistatičke gumene podloge prikladne za sportske aktivnosti. Predviđa se podloga debljine 10-15 mm, tvrdoće: 55-60+ Shore A, Tenzilne snage: 2.5-3 Mpa. U cijenu uračunati sav rad i materijal. | C207: m2 | D207: 76 | E207: 100 | F207: =E207*D207 -> 7600
A209: 13.03. | B209: Nabava i postavljanje drvenih lajsni visine 10 cm, koje se lakiraju vodenim lakom. U cijenu uračunati sav rad i materijal. | C209: m' | D209: 1432 | E209: 10 | F209: =E209*D209 -> 14320
B211: PODOPOLAGAČKI RADOVI UKUPNO: | F211: =SUM(F205:F209) -> 60264
B217: OBRTNIČKI RADOVI UKUPNO: | F217: =F211+F201+F173+F109+F97+F85+F75+F61+F47 -> 1109744.2
C219: projektant:
C221: Jurica Hajdarović, ovl.arh.

Sheet DIZALO
A1: III DIZALO
A3: rbr | B3: Opis stavke | C3: jed. mjere | D3: količina | E3: jed. cijena | F3: ukupno:
A5: 14.00 DIZALO
A7: 14.01. | B7: Izrada i postavljanje dizala za suhi prostor sukladno priloženoj projektnoj dokumentaciji prema kojoj dizalo mora ispuniti tehničke uvjete, pogotovo u pogledu nosivosti i vatrootpornosti. Dizalo se sastoji od tri stanice, od kojih su svi izlazi na istim stranama, visine dizanja 7,13 m. - vozno okno dimenzija 1700x2190 mm - vatrootpornost EI 60 - vrata voznog okna su od brušenog inoxa - SF okvir - dimenzije kabine: 1600x1400x2100 - inox strop - priključak 3x400/230 V, 50 Hz - LED osvjetljenje sa svjetlosnom zavjesom na ulazu - pogon dizala je u vrhu voznog okna - ventilator - uređaj za stalnu kontrolu nosivih traka - rasvjeta voznog okna - ogledalo - rukohvati - uređaj za automatsku evakuaciju u slučaju nestanka struje Izvođač je dužan prikazati radioničku dokumentaciju nadzornom inženjeru za dizalo prije izvođenja, te je u potpunosti dužan poštivati upute proizvođača. U cijenu su uračunati sav rad i materijal | C7: kpl | D7: 1 | E7: 32000 | F7: =E7*D7 -> 32000
B10: DIZALO UKUPNO: | F10: =F7 -> 32000
C13: projektant:
C15: Jurica Hajdarović, ovl.arh.

Sheet HI - VODOVOD
A1: IV RADOVI VODOVODA
A3: rbr | B3: Opis stavke | C3: jed. mjere | D3: količina | E3: jed. cijena | F3: ukupno:
A5: 15.00 ZEMLJANI RADOVI
A7: 15.01. | B7: Iskop rova u tlu A ktg. za polaganje vodovodnih cijevi na dubinu do 2,0 m, širine 0,60m. Iskopani materijal odbacivati na udaljenost preko 1,0 m od bočne ivice rova, da se spriječi urušavanje iskopanog materijala u rov. | C7: m3 | D7: 7.9 | E7: 20 | F7: =E7*D7 -> 158
A9: 15.02. | B9: Proširenje i produbljenje rova na mjestu izvedbe vodomjernog okna. | C9: m3 | D9: 4.6 | E9: 100 | F9: =E9*D9 -> 460
A11: 15.03. | B11: Planiranje dna rova s odstupanjem ±2,0 cm. | C11: m3 | D11: 5 | E11: 100 | F11: =E11*D11 -> 500
A13: 15.04. | B13: Dobava pijeska, ubacivanje u rov te izrada pješčane posteljice ispod vodovodnih cijevi u sloju debljine d=10 cm. | C13: m3 | D13: 4.2 | E13: 100 | F13: =E13*D13 -> 420
A15: 15.05. | B15: Zatrpavanje rova prosijanim materijalom od iskopa (iz kojeg su uklonjeni veći komadi od iskopa) u slojevima od 30,0 cm, uz istovremeno obilno močenje i nabijanje materijala ručnim i strojnim nabijačima. | C15: m3 | D15: 7.2 | E15: 20 | F15: =E15*D15 -> 144
A17: 15.06. | B17: Odvoz materijala preostalog od iskopa, nakon zatrpavanja rova, na depo, kamionom do 5 km. Uključiv utovar, istovar i razastiranje. | C17: m3 | D17: 7.3 | E17: 20 | F17: =E17*D17 -> 146
B19: ZEMLJANI RADOVI UKUPNO: | F19: =SUM(F7:F18) -> 1828
A21: 16.00 BETONSKI RADOVI
A23: 16.01. | B23: Izvedba vodomjernog okna tlocrtne veličine svjetlog otvora 2,00x1,50x1,40 m. Stjenke i dno okna izvesti će se armiranim vodonepropusnim betonom C25/30, Iznad okna na dubini cca 8 cm od kote uređenog terena izvesti armirano-betonsku ploču debljine 15 cm u C25/30 s ovorom za silazak u okno vel.60x60 cm. Iznad otvora na ploči montirati ljevano-željezni poklopac za prometno opterećenje 50 KN ili adekvatan poklopac od rebrastog čeličnog lima 5/4 mm sa okvirom od čeličnog "L" profila te mogučnošću zaključavanja. Izvedba okna prema detaljnom nacrtu. | C23: kom | D23: 1 | E23: 2500 | F23: =E23*D23 -> 2500
B24: .
A25: 16.02. | B25: Izrada, dobava i ugradba penjalica, u stijenku vodomjernog okna, izrađenih iz betonskog željeza ø20 mm, razvijene dužine 125 cm. Prije ugradbe penjalice od korozije zaštiti dvostrukim premazom minija i jednostrukim premazom uljane boje. Penjalice postaviti na pločastu željeznu podlogu koja se postavlja u okno iz stavke 12.01. | C25: kom | D25: 4 | E25: 100 | F25: =E25*D25 -> 400
B27: BETONSKI RADOVI UKUPNO: | F27: =SUM(F23:F26) -> 2900
A29: 17.00 UNUTARNJI VODOVOD
A31: 17.01. | B31: Dobava i montaža PP tip3 cijevi za vodovod (fuzioterm ili sl.) komplet s PP fitinzima te spojnim i brtvenim materijalom. Cijevi montirati u podu građevine, šlicevima izvedenim u zidu građevine u prizemlju te uz armaturu zidova u suterenu, zidnim usjecima i probojima i vidljivo u kotlovnici kod bojlera.
B32: a) cijevi ø32 mm | C32: m' | D32: 38 | E32: 55 | F32: =E32*D32 -> 2090
B33: c) cijevi ø25 mm | C33: m' | D33: 1140 | E33: 18 | F33: =E33*D33 -> 20520
A35: 17.02. | B35: Izvedba zaštitne izolacije cjevovoda hladne vode u podu građevine omotom "Plastizol" trakom debljine 2,8 mm, a cjevovoda tople i hladne vode montiranog u šlicevima zida, zidnim usjecima i probojima, omotom trakama filca.
B36: a) cijevi ø32 mm | C36: m' | D36: 38 | E36: 10 | F36: =E36*D36 -> 380
B37: c) cijevi ø25 mm | C37: m' | D37: 1140 | E37: 5 | F37: =E37*D37 -> 5700
A39: 17.03. | B39: Dobava i montaža ravnih propusnih ventila za uzidanje s pripadajućom kromiranom kapom i rozetom HRN M.C5.262 Ili jednakovrijedno.
B40: ventil ø25 mm | C40: kom | D40: 20 | E40: 35 | F40: =E40*D40 -> 700
A42: 17.04. | B42: Dobava i montaža ravnih propusnih ventila HRN M.C5.260 Ili jednakovrijedno.
B43: ventil ø25 mm | C43: kom | D43: 80 | E43: 30 | F43: =E43*D43 -> 2400
A45: 17.05. | B45: Ispitivanje kompletne vodovodne mreže pod tlakom vode od 6 i 15 bara. | C45: m' | D45: =D32+D33 -> 1178 | E45: 0.5 | F45: =E45*D45 -> 589
A47: 17.06. | B47: Dobava i montaža nepovratnog ventila 5/4” za horizontalnu ugradnju. | C47: kom | D47: 4 | E47: 25 | F47: =E47*D47 -> 100
A49: 17.07. | B49: Ispiranje i dezinfekcija kompletne vodovodne mreže adekvatnim sredstvom za dezinfekciju. | C49: m' | D49: =D45 -> 1178 | E49: 1 | F49: =E49*D49 -> 1178
A51: 17.08. | B51: Bakteriološka analiza uzoraka vode iz cjevovoda nakon dezinfekcije i ponovnog ispiranja istog čistom vodom. | C51: kpl | D51: 1 | E51: 1500 | F51: =E51*D51 -> 1500
A53: 17.09. | B53: Funkcionalno ispitivanje unutrašnje hidrantske mreže, od strane nadležne ustanove koja će o tome izdati nalaz. | C53: kpl | D53: 1 | E53: 550 | F53: =E53*D53 -> 550
A55: 17.10. | B55: Izvedba priključka cjevovoda tople, hladne vode i cirkulacije na centralnu pripremu tople vode.3
B56: THVf24;Cvf25mm | C56: kom | D56: 4 | E56: 80 | F56: =E56*D56 -> 320
A58: 17.11. | B58: Dobava i montaža vodomjera priključka 15mm/ max. Opterećenje 0,80 lit/sec | C58: kom | D58: 20 | E58: 80 | F58: =E58*D58 -> 1600
A60: 17.12. | B60: Dobava i montaža kromiranih vratašca za reviziju vel. 30x30 cm, komplet s okvirom, bravicom i ključem za otvaranje. | C60: kom | D60: 20 | E60: 38 | F60: =E60*D60 -> 760
A62: 17.13. | B62: Dobava i montaža tipskog vodomjerniog ormarića za ugradnju u zid, za smještaj četiri vodomjerne garniture | C62: kom | D62: 5 | E62: 380 | F62: =E62*D62 -> 1900
B64: UNUTARNJI VODOVOD UKUPNO: | F64: =SUM(F32:F63) -> 40287
B66: RADOVI VODOVODA UKUPNO: | F66: =F64+F27+F19 -> 45015
D68: projektant:
D70: Jurica Hajdarović, ovl.arh.

Sheet HI - KANALIZACIJA
A1: V RADOVI KANALIZACIJE
A3: rbr | B3: Opis stavke | C3: jed. mjere | D3: količina | E3: jed. cijena | F3: ukupno:
A5: 18.00 ZEMLJANI RADOVI
A7: 18.01. | B7: Strojni i ručni iskop rova u tlu C ktg. za polaganje cijevi vanjske kanalizacije građevine i drenažne cijevi, širine 0,80 - 1,0m, na dubinu do 2,0m. Iskopani materijal odbacivati na udaljenost preko 1,0 m od bočne ivice rova, da se spriječi urušavanje iskopanog materijala u rov. | C7: m3 | D7: 36.6 | E7: 20 | F7: =E7*D7 -> 732
A9: 18.02. | B9: Proširenje i produbljenje rova na mjestima izvedbe oborinskih i fekalnih revizijskih okana na dubini do 2,0 m. | C9: m3 | D9: 25.5 | E9: 30 | F9: =E9*D9 -> 765
A11: 18.03. | B11: Ručno planiranje dna kanalizacijskog rova s odstupanjem ±2,0 cm. | C11: m3 | D11: 7.4 | E11: 100 | F11: =E11*D11 -> 740
A13: 18.04. | B13: Dobava pijeska, ubacivanje u rov te izrada pješčane posteljice ispod kanalizacijskih cijevi u sloju debljine d=10 cm. | C13: m3 | D13: 5 | E13: 80 | F13: =E13*D13 -> 400
A15: 18.05. | B15: Dobava pijeska, ubacivanje u rov, te zatrpavanje istim cijevi do visine 30 cm iznad tjemena cijevi. | C15: m3 | D15: 12 | E15: 80 | F15: =E15*D15 -> 960
A17: 18.06. | B17: Zatrpavanje kanalizacijskog rova materijalom od iskopa u slojevima od 30,0 cm, uz istovremeno obilno močenje i nabijanje svakog sloja nasutog materijala ručnim odnosno strojnim nabijačima. | C17: m3 | D17: =20 -> 20 | E17: 20 | F17: =E17*D17 -> 400
A19: 18.07. | B19: Razastiranje preostalog materijala na predmetnoj parceli prema posebnom projektu. U cijenu uračunati sav rad i materijal. | C19: m3 | D19: 20 | E19: 20 | F19: =E19*D19 -> 400
B21: ZEMLJANI RADOVI UKUPNO: | F21: =SUM(F7:F20) -> 4397
A23: 19.00 BETONSKI RADOVI
A25: 19.01. | B25: Izvedba revizijskog okna na vanjskoj kanalizaciji građevine, armiranim vodonepropusnim betonom C25/30 u dvostranoj oplati debljine bočnih stijenki i dna 15 cm. Na dnu okna izvesti kinete prema podacima o niveleti okna i obraditi ih cementnom glazurom 1:2 zaglađenom do crnog sjaja. Stijenke okna ožbukati cementnom žbukom 1:2 zaglađenom do crnog sjaja. Iznad okna na dubini cca 10 cm od kote uređenog terena izvesti armirano-betonsku ploču debljine 15 cm u C25/30 s otvorom za silazak u okno, vel. 60x60 cm. Iznad otvora na ploči montirati četvrtasti lijevano željezni poklopac s okvirom vel. 600x600 mm za prometno opterećenje od 400 KN ako se okna izvode ispod prometnih površina. Izvedba okna prema priloženom detaljnom nacrtu. | C25: kom | D25: 8 | E25: 1200 | F25: =E25*D25 -> 9600
A27: 19.02. | B27: Izrada tesarskih prodora za kanalizacijske cijevi dimenzija 20x20 od dasaka. U cijenu uračunati sav rad i materijal. | C27: kom | D27: 39 | E27: 20 | F27: =E27*D27 -> 780
A29: 19.03. | B29: Izrada prodora za vertikale ravnog krova od drvenih dasaka za potrebe vertikala ravnog krova. U cijenu uračunati sav rad i materijal. | C29: kom | D29: 4 | E29: 50 | F29: =E29*D29 -> 200
B31: BETONSKI RADOVI UKUPNO: | F31: =SUM(F25:F30) -> 10580
A33: 20.00 MONTAŽNI RADOVI KANALIZACIJSKOG CJEVOVODA
A35: 20.01. | B35: Dobava i montaža tvrdih PVC cijevi za uličnu kanalizaciju tip UKC HRN G.C6.501-3 ili jednakovrijedno, razred čvrstoće SN8. Cijevi će se montirati za temeljne odvode krovnih vertikala u oborinsko reviziono okno, te odvoda fekalne kanalizacije u gradsku kanalizaciju. Spajanje cijevi izvoditi gumenim prstenima.
B36: PVC cijev UKC
B37: DN 160 mm | C37: m' | D37: 65.2 | E37: 35 | F37: =E37*D37 -> 2282
A39: 20.02. | B39: Dobava i montaža tvrdih PVC cijevi za kućnu kanalizaciju HRN G.C6.501-3. Spajanje cijevi izvoditi pomoću natičnih naglavaka, a brtvljenje spojeva standardiziranim gumenim brtvama.
B40: DN 110 mm | C40: m' | D40: 95.2 | E40: 10 | F40: =E40*D40 -> 952
B41: DN 70 mm | C41: m' | D41: 119 | E41: 8 | F41: =E41*D41 -> 952
B42: DN 50 mm | C42: m' | D42: 40.1 | E42: 7 | F42: =E42*D42 -> 280.7
A44: 20.03. | B44: Dobava i montaža fazonskih (spojnih) komada iz tvrdog PVC-a za kućnu kanalizaciju. Spajanje komada izvoditi prema opisu u stavci 3.03.
B45: a) koljeno 87º30’,
B46: RC 87º30’
B47: DN 110 mm | C47: kom | D47: 20 | E47: 14 | F47: =E47*D47 -> 280
B48: DN 50 mm | C48: kom | D48: 20 | E48: 7 | F48: =E48*D48 -> 140
B49: b) koljeno 45º,
B50: RC 45º
B51: DN 50 mm | C51: kom | D51: 20 | E51: 14 | F51: =E51*D51 -> 280
B52: DN 110 mm | C52: kom | D52: 9 | E52: 7 | F52: =E52*D52 -> 63
B53: c) jednostruki ogranak RT 87º30‘
B54: DN 70/50 mm | C54: kom | D54: 16 | E54: 8 | F54: =E54*D54 -> 128
B55: DN 50/50 mm | C55: kom | D55: 20 | E55: 7 | F55: =E55*D55 -> 140
B56: e) jednostruki ogranak RG 45º
B57: DN 110/110 mm | C57: kom | D57: 5 | E57: 14 | F57: =E57*D57 -> 70
B58: DN 70/50 mm | C58: kom | D58: 20 | E58: 8 | F58: =E58*D58 -> 160
B59: DN 50/50 mm | C59: kom | D59: 25 | E59: 7 | F59: =E59*D59 -> 175
B60: DN 110/50 mm | C60: kom | D60: 6 | E60: 9 | F60: =E60*D60 -> 54
A62: 20.04. | B62: Nabava i postavljanje krovnih vertikala za ravne krovove od tvrdih PVC cijevi DN110. U cijenu uračunati sav rad i materijal. | C62: m' | D62: 68.2 | E62: 15 | F62: =E62*D62 -> 1023
A64: 20.05. | B64: Dobava i montaža PVC podnih sifona s odvodom ø50 mm, kromiranim poklopcem vel. 15x15 cm i perforiranom rešetkom ø10 cm. | C64: kom | D64: 20 | E64: 55 | F64: =E64*D64 -> 1100
A66: 20.06. | B66: Ispitivanje kanalizacije komplet s objektima na vodonepropusnost, prema EN 1610 ili jednakovrijedno | C66: kpl | D66: 1 | E66: 500 | F66: =E66*D66 -> 500
A68: 20.07. | B68: Dobava i postavljanje odzračnika krovnih vertikala koji se podižu na krov nad svakom vertikalom kanalizacije. Izvođač je dužan poštivati dane slojeve krova | C68: kom | D68: 4 | E68: 46 | F68: =E68*D68 -> 184
A70: 20.08. | B70: Dobava i postavljanje vodolovnih grla za odvod oborinskih voda s ravnog krova | C70: kom | D70: 4 | E70: 289 | F70: =E70*D70 -> 1156
B72: MONTAŽNI RADOVI KANALIZACIJSKOG CJEVOVODA UKUPNO: | F72: =SUM(F36:F71) -> 9919.7
A74: 21.00 SANITARNA OPREMA
A76: 21.01. | B76: Dobava i montaža viseće WC školjke bijele boje iz keramike klase A, te ugradbenog elementa za montažu ispred zida sa cijevima za ispiranje i odvod, priborom za brtvljenje i pričvršćenje | C76: kom | D76: 20 | E76: 400 | F76: =E76*D76 -> 8000
A78: 21.02. | B78: Dobava i montaža ugradbenog bašumnog vodokotlića sa svim priključnim elementima, s čeonim aktiviranjem te ugradbenim elementom za montažu unutar gipskartonskog zida. Kompletu pripadaju I gumbi za ispiranje WC-a, kao I automatski odzračni ventil. U cijenu uračunati sav rad I materijal. | C78: kom | D78: 20 | E78: 200 | F78: =E78*D78 -> 4000
A80: 21.03. | B80: Dobava i montaža umivaonika veličine 45 cm iz keramike klase A bijele boje koji sepričvršćuje na zid pomoću vijaka. Set isporučiti s izljevnim ventilom i kromiranim sifonom ø25 mm, čepom i lančićem, priborom za brtvljenje i pričvršćenje, stojećom jednoručnom mješaćom baterijom, za TH vodu ø25 mm s tri izvoda te odgovarajućim automatskim odzračnim ventilom | C80: kom | D80: 20 | E80: 325 | F80: =E80*D80 -> 6500
A82: 21.04. | B82: Dobava i montaža umivaonika veličine 60 cm iz keramike klase A bijele boje koji sepričvršćuje na zid pomoću vijaka. Set isporučiti s izljevnim ventilom i kromiranim sifonom ø25 mm, čepom i lančićem, priborom za brtvljenje i pričvršćenje, stojećom jednoručnom mješaćom baterijom, za TH vodu ø25 mm te odgovarajućim automatskim odzračnim ventilom | C82: kom | D82: 20 | E82: 387 | F82: =E82*D82 -> 7740
A84: 21.05. | B84: Dobava i montaža sljedećeg sanitarnog pribora:
B85: a) toalet-kutija za rolo papir | C85: kom | D85: 20 | E85: 30 | F85: =E85*D85 -> 600
B86: b) stalak za WC četku s četkom | C86: kom | D86: 20 | E86: 30 | F86: =E86*D86 -> 600
A88: 21.06. | B88: Dobava i montaža akrilnih tuš kada s akrilnom stranicom dimenzija 70x170 cm bijele boje koji se pričvršćuje na pod pomoću vijaka. Set isporučiti s izljevnim ventilom i kromiranim sifonom ø25 mm, čepom i lančićem, priborom za brtvljenje i pričvršćenje, stojećom jednoručnom mješaćom baterijom, za TH vodu ø25 mm s tri izvoda te odgovarajućim automatskim odzračnim ventilom | C88: kom | D88: 20 | E88: 400 | F88: =E88*D88 -> 8000
B90: SANITARNA OPREMA UKUPNO: | F90: =SUM(F76:F89) -> 35440
B92: RADOVI KANALIZACIJE UKUPNO: | F92: =F90+F72+F31+F21 -> 60336.7
D95: projektant:
D97: Jurica Hajdarović, ovl.arh.

Sheet HI - HIDRANTSKA MREŽA
A1: VI RADOVI HIDRANTSKE MREŽE
A3: rbr | B3: Opis stavke | C3: jed. mjere | D3: količina | E3: jed. cijena | F3: ukupno:
A5: 22.00 ZEMLJANI RADOVI
A7: 22.01. | B7: Iskop rova u tlu C ktg. za polaganje vodovodnih cijevi na dubinu do 2,0 m, širine 0,60m. Iskopani materijal odbacivati na udaljenost preko 1,0 m od bočne ivice rova, da se spriječi urušavanje iskopanog materijala u rov. | C7: m3 | D7: 4 | E7: 50 | F7: =E7*D7 -> 200
A9: 22.02. | B9: Planiranje dna rova s odstupanjem ±2,0 cm. | C9: m3 | D9: 0.5 | E9: 100 | F9: =E9*D9 -> 50
A11: 22.03. | B11: Dobava pijeska, ubacivanje u rov te izrada pješčane posteljice ispod hidrantskih cijevi u sloju debljine d=10 cm. | C11: m3 | D11: 0.5 | E11: 100 | F11: =E11*D11 -> 50
A13: 22.04. | B13: Zatrpavanje rova prosijanim materijalom od iskopa (iz kojeg su uklonjeni veći komadi od iskopa) u slojevima od 30,0 cm, uz istovremeno obilno močenje i nabijanje materijala ručnim i strojnim nabijačima. | C13: m3 | D13: 3 | E13: 100 | F13: =E13*D13 -> 300
B15: ZEMLJANI RADOVI UKUPNO: | F15: =SUM(F7:F14) -> 600
A17: 23.00 CIJEVNI RAZVOD I OPREMA
A19: 23.01. | B19: Dobava i montaža čeličnih cijevi za vodovod (fuzioterm ili sl.) komplet s čečičnim fitinzima te spojnim i brtvenim materijalom. Cijevi montirati u podu građevine, šlicevima izvedenim u zidu građevine u prizemlju te uz armaturu zidova u suterenu, zidnim usjecima i probojima i vidljivo u kotlovnici kod bojlera.
B20: a) cijevi ø50 mm | C20: m' | D20: 55.9 | E20: 55 | F20: =E20*D20 -> 3074.5
A22: 23.02. | B22: Izvedba zaštitne izolacije (debljina izolacije 2,8 mm) cjevovoda hladne vode u podu građevine omotom "Plastizol" trakom, a cjevovoda tople i hladne vode montiranog u šlicevima zida, zidnim usjecima i probojima, omotom trakama filca.
B23: a) cijevi ø50 mm | C23: m' | D23: 55.9 | E23: 10 | F23: =E23*D23 -> 559
A25: 23.03. | B25: Dobava i montaža ravnih propusnih ventila za uzidanje s odgovarajućom kapom i rozetom HRN M.C5.262 ili jednakovrijedno
B26: ventil ø50 mm | C26: kom | D26: 5 | E26: 88 | F26: =E26*D26 -> 440
A28: 23.04. | B28: Ispitivanje kompletne vodovodne mreže pod tlakom vode od 6 i 15 bara. | C28: m' | D28: 55.9 | E28: 1 | F28: =E28*D28 -> 55.9
A30: 23.05. | B30: Dobava i montaža ormarića s bubnjem za ugradbu u zid, veličine 500x500x120 mm sa limenim vratima i oznakom "H", komplet sa hidrantskim ventilom ø52 mm i spojnicom. | C30: kom | D30: 5 | E30: 198 | F30: =E30*D30 -> 990
A32: 23.06. | B32: Dobava i postava vatrogasnog pribora u hidrantski ormarić
B33: -vatrogasno tlačno trevira crijevo tip "C" dužine 15m HRN Z.C6.011 ili jednakovrijedno | C33: kom | D33: 5 | E33: 50 | F33: =E33*D33 -> 250
B34: -univerzalna mlaznica sa
B35: slavinom i univerzal-
B36: nom glavom tip "C",
B37: HRN Z.C1.066 ili jednakovrijedno | C37: kom | D37: 5 | E37: 35 | F37: =E37*D37 -> 175
A39: 23.07. | B39: Dobava i montaža vatrogasnih aparata za gašenje požara prahom HRN Z.C2.035 ili jednakovrijedno
B40: S-9 | C40: kom | D40: 5 | E40: 80 | F40: =E40*D40 -> 400
B42: CIJEVNI RAZVOD I OPREMA UKUPNO: | F42: =SUM(F19:F41) -> 5944.4
B44: HIDRANTSKA MREŽA UKUPNO: | F44: =F42+F15 -> 6544.4
D47: projektant:
D49: Jurica Hajdarović, ovl.arh.

Sheet STROJARSTVO
A3: red.br. | C3: OPIS | D3: jed.mj. | E3: količina | F3: jed. cijena (€) | G3: ukupna cijena (€)
C5: TROŠKOVNIK RADOVA, MATERIJALA I USLUGA - STROJARSKI DIO
B7: NARUČITELJ | D7: MINISTARSTVO RADA, MIROVINSKOGA SUSTAVA, OBITELJI I SOCIJALNE POLITIKE
D8: VUKOVARSKA 78
D9: HR-10000 Zagreb
D10: OIB: 53969486500
B11: GRAĐEVINA: | D11: GRAĐEVINA SOCIJALNE NAMJENE - DJEČJI DOM
B12: LOKACIJA: | D12: ULICA LIPA 9
D13: HR-44000 SISAK
D14: NOVOFORMIRANA k.č. 1325/1, k.o. SISAK STARI
B15: ZAHVAT: | D15: IZGRADNJA
B16: Z.O.P.: | D16: JH-06/23
B17: Mapa 3: | D17: PROJEKT STROJARSKIH INSTALACIJA
D18: INSTALACIJA ZEMNOG PLINA, TOPLOVODNOG GRIJANJA, INSTALACIJA HLAĐENJA I VENTILACIJE
B19: BROJ PROJEKTA: | D19: TD 1199/24
C21: OPĆA NAPOMENA:
C22: Materijal, oprema i proizvodi specificirani u stavkama, kao i kompletni sustavi mogu biti zamijenjeni jednakovrijednim materijalima, opremom, proizvodima i sistemima drugih proizvođača.
C23: U slučaju da ponuditelj nudi jednakovrijedne materijale, opremu i proizvode obavezno upisuje podatke o proizvođaču i tipu proizvoda u predviđeno mjesto troškovnika. Jednakovrijednost dokazuje dostavom dokumentacije, ispitivanja, proračuna i sl. za ponuđene jednakovrijedne proizvode ili opremu.
C24: U stavkama troškovnika potrebno je uračunati sav potrebni rad i materijal za izradu kompletne instalacije do potpune funkcionalnosti, spajanje, svi potrebni prijevozi, uskladištenja, skele te unutarnje i vanjske komunikacije na gradilištu. Sve eventualne promjene i odstupanja od projekta, potrebno je usuglasiti s projektantom i nadzornim inženjerom. Prilikom izrade ponude treba imati u vidu najnovije važeće propise za pojedine vrste instalacije.
C25: Potvrdu narudžbe prije definitivne isporuke specificirane opreme izvođač radova obavezno je dužan provjeriti kod projektanta. Izmjena pojedinih dijelova opreme “zamjenskim dijelovima” bez prethodne pismene suglasnosti projektanta isključuje odgovornost projektanta za predviđenu funkcionalnost postrojenja.
C26: Svi ponuđači dužni su kompletan opseg vlastite isporuke uskladiti s traženom kompletnom funkcijom, uvažavajući pritom sve predviđene i tražene parametre, uz čvrste, pismeno potvrđene garancije. Sva eventualna potrebna razrađivanja, usklađenja i slično, u opsegu su dotične isporuke, a sve pripadne troškove snosi ponuđač.
C27: Izvođač je dužan prijenos, ugradnju i svu građevinsku pripomoć izvesti o svom trošku, te sve te radove nuditi u jediničnim cijenama ovog troškovnika.
F28: PROJEKTANT:
E30: Nino Valinčić, dipl.ing.stroj.
C33: 24. , 25. PLINSKA INSTALACIJA - plinski priključak
C35: 24.00. STROJARSKI DIO
A37: 24.01. | C37: Dobava i ugradnja - PE sedlo za navarivanje na plinovod i bušenje pod plinom. Sedlo je izrađeno iz polietilena PE 100 SDR 11 kvalitete prema DIN 8075 ili jednakovrijedno i dimenzija prema DIN 8074 ili jednakovrijedno ili ISO 4437 ili jednakovrijedno
C38: d 63/ d 32 | D38: kom | E38: 1 | F38: 150 | G38: =F38*E38 -> 150
A40: 24.02. | C40: Dobava i ugradnja - Podzemna uvarna slavina s PE krajevima i s vretenom i lijevanoželjeznom kapom s natpisom PLIN
C41: NO 25 | D41: kom | E41: 1 | F41: 100 | G41: =F41*E41 -> 100
A43: 24.03. | C43: Dobava i ugradnja - Polietilenska cijev iz koluta serije PE 100 SDR 11 kvalitete prema DIN 8075 ili jednakovrijedno i dimenzija prema DIN 8074 ili jednakovrijedno ili ISO 4437 ili jednakovrijedno. Cijev se spaja elektrospojnicom.
C44: d 32 | D44: m | E44: 30 | F44: 50 | G44: =F44*E44 -> 1500
A46: 24.04. | C46: Dobava i ugradnja - Plastična traka upozorenja širine 6 – 8 cm žute boje s natpisom PLIN ili POZOR PLIN. Traka mora biti položena tako da natpis bude okrenut prema gore. Polaže se na dubini 50 cm ispod nivelete terena. | D46: m | E46: 35 | F46: 1 | G46: =F46*E46 -> 35
A48: 24.05. | C48: Dobava i ugradnja - PE traka s dvije žice od nehrđajućeg čelika (valovito ugrađene) za otkrivanje PE plinovoda. Žicu na krajevima međusobno spajati tako da se ostvari trajna i kvalitetna električna veza. Žicu spojiti zajedno s žicom za detekciju uličnog ST plinovoda d110 PE 100, te jedan kraj izvući u nazidni ormarić. Krajevi žice moraju biti dostupni za priključenje detektora. Nakon ugradnje izvršiti kontrolu električne veze i o tome dati pismeni nalaz. | D48: m | E48: 35 | F48: 2 | G48: =F48*E48 -> 70
A50: 24.06. | C50: Dobava i ugradnja - Elektrospojnica, PE 100, SDR 11 kvalitete prema DIN 8075 ili jednakovrijedno, dimenzija prema DIN 8074 ili jednakovrijedno ili ISO 4437 ili jednakovrijedno.
C51: d 32 | D51: kom | E51: 4 | F51: 150 | G51: =F51*E51 -> 600
A53: 24.07. | C53: Dobava i ugradnja prijelaznog komada polietilen / čelik s elektrozavojnicom, PE 100 SDR 11.
C54: PE/ČE - d 32/DN 25 | D54: kom | E54: 1 | F54: 150 | G54: =F54*E54 -> 150
A56: 24.08. | C56: Dobava i ugradnja - Čelična cijev dimenzija prema DIN 2448 (C.B5.122) ili jednakovrijedno, izrađena od materijala Č.1212. Cijev se ugrađuje na podzemnom dijelu nemjerenog priključka i antikorozivno zaštićuje primerom i plastizol trakom.
C57: ø 33,7 x 2,6 mm ( DN 25 ) | D57: m | E57: 3 | F57: 50 | G57: =F57*E57 -> 150
A59: 24.09. | C59: Dobava i ugradnja - Glavna zaporna kuglasta slavina NO 25 u kompletu sa standardnim inox ormarićem dimenzija 600x600x200 mm s ventilacijskim otvorima i natpisom GZO. U ormarić se smješta srednjetlačni regulator tlaka u skladu s EVN Croatia Plin specifikacijom, proizvod 133-6-66, DN25, RG5, SG1O sa DVGW certifikatom ili jednakovrijedno.
C60: NO 25 | D60: kom | E60: 1 | F60: 1 | G60: =F60*E60 -> 1
C61: RADOVE IZVODI ISKLJUČIVO DISTRIBUTER PLINA! NE NUDITI!
A63: 24.10. | C63: Montaža plinskog priključka d 32 / NO 25 koji se spaja na ulični plinovod PEHD f 63 tlaka 3 bara, a sastoji se od spoja na uličnom plinovodu do zaporne slavine na zgradi, a bez građevinskih radova. | D63: komplet | E63: 1 | F63: 1 | G63: =F63*E63 -> 1
C64: RADOVE IZVODI ISKLJUČIVO DISTRIBUTER PLINA! NE NUDITI!
A66: 24.11. | C66: Ispitivanje priključnog plinovoda tlakom komprimiranog zraka u skladu sa posebnim tehničkim uvjetima i Tehničkim opisom. | D66: komplet | E66: 1 | F66: 1 | G66: =F66*E66 -> 1
C67: RADOVE IZVODI ISKLJUČIVO DISTRIBUTER PLINA! NE NUDITI!
A69: 24.12. | C69: Sitni potrošni materijal, kao acetilen, kisik, žica za varenje, fitinzi, brtveni i spojni materijal, čepovi za blindiranje, temeljna boja i slično. | D69: komplet | E69: 1 | F69: 100 | G69: =F69*E69 -> 100
A71: 24.13. | C71: Transportni troškovi. | D71: komplet | E71: 1 | F71: 50 | G71: =F71*E71 -> 50
A73: 24.14. | C73: Troškovi vezani uz preuzimanje plinske instalacije od strane Distributera plina. | D73: komplet | E73: 1 | F73: 500 | G73: =F73*E73 -> 500
C75: U K U P N O 24.00: | G75: =SUM(G38:G74) -> 3408
C76: 25.00. GRAĐEVINSKI DIO
A78: 25.01. | C78: Pripremno - završni radovi s uređenjem radilišta, zauzimanjem javnih površina za smještaj prikolice i deponij materijala (zbog formiranja privremenog radilišta).
C79: Nakon završenih radova izvršiti sva potrebna čišćenja i dovođenje površine radilišta u prvobitno stanje. | D79: kompl | E79: 1 | F79: 1000 | G79: =F79*E79 -> 1000
A81: 25.02. | C81: Ručni iskop montažne jame 1,0 x 1,0 x 1,0 m s odbacivanjem materijala uz rov. | D81: m3 | E81: 1 | F81: 100 | G81: =F81*E81 -> 100
A83: 25.03. | C83: Strojni iskop rova u tlu IV kategorije, prosječne širine rova 0,4 m dubine 1,0 m za plinski priključak do građevine s odbacivanjem zemlje uz rub rova. | D83: m' | E83: 35 | F83: 20 | G83: =F83*E83 -> 700
C84: ručni 20% | D84: m' | E84: 7 | F84: 100 | G84: =F84*E84 -> 700
C85: strojni 80% | D85: m' | E85: 28 | F85: 20 | G85: =F85*E85 -> 560
A87: 25.04. | C87: Strojno rezanje asfalta u širini iskopa rova cca 60 cm | D87: m2 | E87: 12 | F87: 20 | G87: =F87*E87 -> 240
A89: 25.05. | C89: Dobava, transport i nasipavanje čistog, suhog pijeska u rov plinskog priključka, debljine 15 cm oko plinske cijevi i iznad cijevi 15 cm za posteljicu cijevi. | D89: m3 | E89: 2.5 | F89: 100 | G89: =F89*E89 -> 250
A91: 25.06. | C91: Dobava, transport i nasipavanje montažne jame i dijela rova u kolniku nakon izvedbe obloge cijevi i to u slojevima od 30 cm (sipinom) uz pažljivo nabijanje prvog sloja a nakon toga vrši se zatrpavanje uz razastiranje materijala u sloju od po 30 cm uz nabijanje. | D91: m3 | E91: 1.5 | F91: 100 | G91: =F91*E91 -> 150
A93: 25.07. | C93: Zatrpavanje rova materijalom iz iskopa. Nasipavanje izvoditi nakon izvedbe obloge cijevi i to u slojevima od 30 cm uz pažljivo nabijanje prvog sloja, a nakon toga vrši se zatrpavanje uz razastiranje materijala u sloju od 30 cm uz nabijanje s nadslojem. | D93: m3 | E93: 6 | F93: 20 | G93: =F93*E93 -> 120
A95: 25.08. | C95: Betoniranje temelja šahte betonom MB 20(0-32 mm). Temelj armirati s mrežom 1xQ-131. | D95: komplet | E95: 1 | F95: 500 | G95: =F95*E95 -> 500
A97: 25.09. | C97: Zidanje zida šahte debljine 12,5 cm punom opekom 6,5 x 12,5 x 25 cm sa cementnim mortom u omjeru 3:1. | D97: m2 | E97: 1.58 | F97: 300 | G97: =F97*E97 -> 474
A99: 25.10. | C99: Uređenje prekopane asfaltne pješačke i kolničke površine sa svim potrebnim materijalom i radnjama uključivo i uređenje horizontalne signalizacije. | D99: m2 | E99: 3 | F99: 100 | G99: =F99*E99 -> 300
A101: 25.11. | C101: Geodetsko snimanje priključka. | D101: kompl | E101: 1 | F101: 100 | G101: =F101*E101 -> 100
A103: 25.12. | C103: Uređenje dvorišne površine na trasi kućnog priključka. | D103: m2 | E103: 12 | F103: 20 | G103: =F103*E103 -> 240
C105: U K U P N O 25.00.: | G105: =SUM(G79:G104) -> 5434
C107: 26.00. PLINSKA INSTALACIJA - nemjereni i mjereni dio plinske instalacije
A109: 26.01. | C109: Dobava i ugradnja - Plinski filter, PFN-Y, NP 10
C110: NO 25 | D110: kom | E110: 1 | F110: 50 | G110: =F110*E110 -> 50
A112: 26.02. | C112: Dobava i ugradnja - Srednjetlačni regulator tlaka 3 bara > 22 mbara, proizvod 133-6-66, RG5, SG10 DN 25, sa DVGW certifikatom ili jednakovrijedno
C113: pu=4 bar, pi=22 mbar | D113: kom | E113: 1 | F113: 1 | G113: =F113*E113 -> 1
C114: dozvoljeno opterećenje: 30 m3/h
C115: RADOVE IZVODI ISKLJUČIVO DISTRIBUTER PLINA! - NE NUDITI
A117: 26.03. | C117: Dobava i ugradnja - Razvodni plinovod nemjerenog plina izveden od srednje teških bešavnih čeličnih cijevi uključivo bojenje temeljnom zaštitnom bojom u dva premaza, te jedanput žutom bojom:
C118: NO 50 | D118: m | E118: 22 | F118: 60 | G118: =F118*E118 -> 1320
C119: NO 25 | D119: m | E119: 24 | F119: 50 | G119: =F119*E119 -> 1200
C120: NO 20 | D120: m | E120: 12 | F120: 40 | G120: =F120*E120 -> 480
A122: 26.04. | C122: Dobava i ugradnja - Membranski plinomjer G-25 s temperaturnim korektorom i radijskim i daljinskim očitanjem, DN 50
C123: Stavkom obuhvatiti baždarenje i montažu plinomjera sa svim brtvenim i spojnim elementima. | D123: kompl | E123: 1 | F123: 1 | G123: =F123*E123 -> 1
C124: RADOVE IZVODI ISKLJUČIVO DISTRIBUTER PLINA! - NE NUDITI
A126: 26.05. | C126: Dobava i ugradnja - Inox kutija 60 x 60 x 25 cm s otvorima za ventilaciju i očitavanje za membranski plinomjer G-25 iz prethodne stavke | D126: kompl | E126: 1 | F126: 250 | G126: =F126*E126 -> 250
A128: 26.06. | C128: Dobava i ugradnja - Plinski termozaporni ventil
C129: R 3/4" (DN 20), NP 1 | D129: kom | E129: 4 | F129: 80 | G129: =F129*E129 -> 320
A131: 26.07. | C131: Dobava i ugradnja - Plinski elektromagnetni ventil povezan s osiguračem strujanja kuhinjske nape
C132: R 1" (DN 25), NP 1 | D132: kom | E132: 1 | F132: 250 | G132: =F132*E132 -> 250
A134: 26.08. | C134: Dobava, ugradnja i spajanje - Instalacija s više kotlova s dva plinska kondenzacijska cirkouređaja. Slobodna montaža s montažnim postoljem. Plinski kondenzacijski kotao prema EN 677 ili jednakovrijedno kao zidni uređaj za pogon neovisan o zraku u prostoru prema TRGI 86/96, certificiran oznakom CE ili jednakovrijedno i ispitan prema tipu izvedbe. Za zatvorene instalacije grijanja prema EN 12828 ili jednakovrijedno.
C135: Kompletna toplinska ćelija koja se sastoji od zračne komore, izmjenjivača topline s grijaćom površinom Inox-Radial ili jednakovrijedno i integrirane komore za izgaranje od plemenitog čelika, s modulacijskim cilindričnim plinskim plamenikom kompletno s ventilatorom upravljanim brojem okretaja, od Lambda Pro Control ili jednakovrijdeno regulacije izgaranja, plinske armature, ionizacijskog nadziranja plamena i električnog visokonaponskog paljenja. Ispitan i odobren za zemni plin prema EN 437 ili jednakovrijedno.
C136: S ugrađenom oblogom od čeličnog lima premazanog epoksidnom smolom, bijele boje. S hidrauličkom kaskadom i toplinskom izolacijom, priključnim priborom s visokoučinkovitom cirkulacijskom crpkom i toplinskom izolacijom.
C137: S digitalnom regulacijom kruga kotla i digitalna kaskadna regulacija za pogon voden vremenskim prilikama u instalacijama s vise kotlova (do 8 plinska cirko uređaja). Moguce su strategije grijanja i kondenzacijske strategije kao i zamjena redoslijeda kotlova.
C139: Automatika kruga kotla ostvaruje sposobnost komunikacije s s kaskadnom automatikom ugradnjom komunikacijskog modula kaskade (opseg isporuke). Automatika kruga kotla regulira sve funkcije specificne za kotao kao i modulacijski pogon plinskog uređaja kao i preko 0-10 V signala crpku kruga kotla s promjenjivim brojem okretaja.
C140: Automatika kruga kotla sadrži: pogonsku sklopku, temperaturni granicnik, temperaturni kontrolnik, elektronicki granicnik maksimalne temperature, zastitu od blokiranja crpke, prikaz pogona i smetnje plamenika, deblokiranje smetnje plamenika, prozorcic i Optolink sucelje za laptop ili jednakovriejdno, tipke za podesavanje temperature vode u kotlu i temperature pitke vode, provjeru temperature i pogonskog stanja te ispitnu funkciju za dimnjačara.
C141: Kaskadna automatika prema vremenskim prilikama regulira kaskadnu funkciju instalacije s više kotlova, zagrijavanje pitke vode, krug grijanja i/ili – u spoju s proširenjem za 2. i 3. krug grijanja (pribor) i proširenom opremom – maks. dva kruga grijanja s mješačem. Jednostavno puštanje u pogon, automatska funkcija za prilagođavanje vremenskih programa za zagrijavanje pitke vode i cirkulacijsku crpku.
C142: S automatskim podešavanjem ljetnog/zimskog vremena, integriranim sustavom dijagnoze, adaptivnom regulacijom temperature u spremniku (kao alternativa sustavu za punjenje spremnika s regulirajućim 3-putnim ventilom), kontroliranim zagrijavanjem estriha i dojavom skupne smetnje. Karakteristike grijanja i vremenski intervali za krugove grijanja, zagrijavanje pitke vode i cirkulacijsku crpku pitke vode mogu se podešavati odvojeno.
C143: Isključivanje crpke kruga grijanja ovisno o potrebi te ljetni štedni program i promjenjiva granica grijanja. S osjetnikom vanjske temperature, temperature polaznog voda i temperature spremnika. Vanjski uređaji priključuju se preko sistemskog utikača Rast 5.
C144: Kaskadna automatika sadrži: pogonsku sklopku, ispitnu sklopku za dimnjačara, uključivanje crpki kruga grijanja, elektronički graničnik maksimalne temperature, prikaz pogona i smetnje, Optolink sučelje za laptop ili jednakovrijedno za izravno priključivanje osobnog računala. Jednostavno rukovanje preko grafičkog displeja s tekstualnim prikazom, velikim slovima i crno-bijelim prikazom jakog kontrasta te kontekstualnom pomoći.
C145: Mogućnosti podešavanja pogonskih programa, party i štedne funkcije, zadanih vrijednosti i vremenskih programa te provjere temperatura. S mogućnošću priključivanja vanjskog uključivanja pogonskog programa s djelovanjem na jedan ili više krugova grijanja, vanjskog zahtjeva ili vanjske blokade.
C146: Za zadavanje vrijednosti zadane temperature polaznog voda instalacije, vanjsko prebacivanje pogonskog statusa za krugove grijanja, vanjsku blokadu s dojavom skupne smetnje, za dojave smetnje, kratkotrajni pogon cirkulacijske crpke pitke vode, za uključivanje transportne crpke do podstanice ili noćnog kontakta (za smanjenje broja okretaja) crpke kruga grijanja neophodno je proširenje funkcije regulacije s proširenjem EA1 (pribor).
C147: Sposoban za komunikaciju preko: - KM-BUS-a s automatikom kruga kotla - LON-BUS-a (ugradnjom komunikacijskog modula LON, (pribor). Preko LON-BUS-a je pomoću (pribora) (pribor) moguće daljinsko nadziranje i upravljanje instalacijom grijanja.
...

Sheet ELEKTRO
E1: BR. PROJEKTA | F1: 113-23
B2: GRAĐEVINA | C2: GRAĐEVINA SOCIJALNE NAMJENE - DJEČJI DOM
B3: NARUČITELJ | C3: MINISTARSTVO RADA, MIROVINSKOGA SUSTAVA,
C4: OBITELJI I SOCIJALNE POLITIKE
B5: FAZA PROJEKTA | C5: GLAVNI PROJEKT | E5: DATUM | F5: srpanj 2024.
A8: Rbr. | B8: Opis stavke | C8: Jed. mjera | D8: Količina | E8: Jed. cijena | F8: Ukupno cijena | G8: Napomena
A11: A | B11: ELEKTRO RADOVI
B13: Cijena za svaku stavku ovog troškovnika mora obuhvatiti dobavu, montažu, spajanje, te po potrebi uzemljenje. U cijenu je potrebno ukalkulirati sav potreban spojni, montažni, ovjesni i pridržni materijal potreban za potpuno funkcioniranje pojedine stavke. U jedinstvenoj cijeni svih stavki sadržani su svi troškovi i materijali potrebni za besprijekornu izvedbu i kompletnu izvedbu. Prije davanja konačne ponude obvezno izvršiti upoznavanje sa predmetnom projektnom dokumentacijom (tehnički opis, nacrti) te tražiti eventualna pojašnjenja prije zaključivanja ponude. Izvođač je dužan uskladiti projektnu dokumentaciju sa stvarno izvedenim stanjem, te istu s izmjenama isporučiti Investitoru u jednom primjerku. Rezanje kabela izvoditi na licu mjesta nakon izmjere stvarnih dužina trase, naročito u slučajevima kabela većih presjeka. Tekstove natpisnih pločica usuglasiti sa tehnologom i projektantom. Sve kabele označiti odgovarajućim oznakama na oba kraja.
B14: Instalacijske cijevi moraju biti otpornosti 750N, te sve cijevi moraju biti samogasive.
B15: Prije narudžbe materijala na licu mjesta provjeriti stvarno potrebne dužine i komade.
A17: 34.00. | B17: PRIPREMNI RADOVI
A19: 34.01. | B19: Priprema gradilišta i odlaganje otpada
B20: Priprema gradilišta, donošenje potrebne opreme i alata na gradilište. Tokom izvedbe svih radova elektroinstalacija, sav materijal nastao kao posljedica izvedebe elektroinstalaterskih radova potrebno je na parceli sortirati u zasebnim kontejnerima prema vrsti materijala. Posebno je odvojiti ambalažni otpad (papir, plastika, drvo i sl.) te višak i otpadci materijala izvedbe (metal, toplinska izolacija i sl.). Sav otpadni materijal potrebno je učestalo odvoziti sa lokacije na mjesta predviđena za odlaganje pojedine vrste otpada i u reciklažna dvorišta. Zabranjeno je odvoziti otpad na mjesta koja za to nisu dozvoljena. Sve stavke podrazumijevaju odvoz i uklanjanje nakon ugradnje i usitnjavanja na gradilištu, uključivo i transport kompletnog viška materijala na deponij i reciklažna dvorišta udaljena do 25km od gradilišta, sa plaćanjem svih pristojbi za zbrinjavanje otpada. Sav otpad prevozi se i odlaže sukladno propisima o otpadu i komunalnom redu. Investitoru je obavezno dostaviti Prateći list za otpad | C20: kom | D20: 1 | E20: 1000 | F20: =D20*E20 -> 1000
A23: 34.00. | B23: =B17 -> PRIPREMNI RADOVI | C23: UKUPNO | F23: =SUM(F19:F22) -> 1000
A26: B | B26: JAKA STRUJA
B28: Sve stavke uključuju kompletno ožičene, ispitane razdjelnike, dopremljene, montirane i spojene na mjestu ugradnje. _x005F_x000D_Stavka uključuje sav potrebam spojni i montažni materijal koji je potreban za dovođenje razdjelnika do pune funkcijonalnosti. Svaki razdjelnik opremljen je ladicom za smještaj jednopolne sheme u koju obvezno treba uložiti jednopolnu shemu izvedenog stanja svakog pripadajućeg razdjelnika. Svaki razdjelni mora biti ispitan i isporučen sa izjavama o sukladnosti za ormar i svu ugrađenu opremu.
B29: Svi razdjelnici moraju biti isporučeni u kompletu sa svim montažnim i spojnim priborom, vodičima unutrašnjih veza, rednim stezaljkama, brtvenim gumama, kabelskim uvodnicama, naljepnicama, vrećicom za umetanje sheme, faznim, N i PE sabirnicama.
B30: U svakome razdjelniku ostaviti 25% rezerve za naknadnu ugradnju opeme.
A32: 35.00. | B32: DISTRIBUCIJSKI RAZDJELNICI
A34: 35.01. | B34: GRO
B35: Dobava, montaža i spajanje razvodnog ormara oznake +GRO dimenzija [(600+600)x(2048+100)x250mm], tipski testiran prema IEC 60439-1/IEC 61439-1-2 do 250A. Ormar je slobodnostojeći, metalni, sa prozirnim vratima, sa stupnjem zaštite IP43. Potrebno predvidjeti 20% rezervnog prostora u svrhu budućih nadogradnji. Stavka uključuje sav potreban montažni materijal za potpunu funkcionalnost.
B36: ORMAR:
B37: Nosači za zid kom 1
B38: Aparatno polje š=600mm v=2000mm kom 1
B39: Ext: aparatno polje + kit za produljenje š=600mm v=2000mm kom 1
B40: Krov/dno TZ-flange š=600mm kom 1
B41: TL flange, metalne, š=600mm kom 1
B42: Upora za medjusobne povezivanje ormara serije L-M kom 1 i
B43: Krov/dno otvoreno, dimnezija š=600mm kom 2
B44: Puna ploča za dno ormara š=600mm kom 2
B45: Staklena vrata š=600mm v=2000mm kom 2
B46: Podnožje ormara v=100 mm širine š=600mm kom 2
... B107: Doprema, unošenje i povezivanje ormara s kablovima na objektu, sa ispitivanjem i izdavanjem atesta kpl 1
B108: Obračun po kompletu ugrađenog i spojenog ormara | C108: kompl | D108: 1 | E108: 10000 | F108: =D108*E108 -> 10000
A110: 35.02. | B110: KOMP
B111: Dobava, montaža i spajanje razvodnog ormara oznake +RO_KOMP, dimenzija [800x1200x300mm], tipski testiran prema IEC 60439-1/IEC 61439-1-2 ili jednkovrijedno ______________________________.Ormar je zidni, metalni, s punim metalnim vratima, sa stupnjem zaštite IP65. Potrebno predvidjeti 20% rezervnog prostora u svrhu budućih nadogradnji. Stavka uključuje sav potreban montažni materijal za potpunu funkcionalnost.
B112: ORMAR:
B113: Zidni ormar dimenzija 800x1200x300mm, stupanj zaštite IP65, kom 1
B115: Džep za dokumentaciju A4, kom 1
B116: OPREMA:
B117: Tropolna teretna sklopka In=63A, ugradnja na DIN nosač, kom 1
B118: Tropolni nosač cilindričnog niskonaponskog osigurača 14x51mm - 50A, kom 3
B119: Cilindrični osigurač gG-16A, kom 9
B120: Jednopolni + N nosač cilindričnog niskonaponskog osigurača 10,3x38mm kom 1
B121: Dvopolni nosač cilindričnog niskonaponskog osigurača 10,3x38mm kom 1
B122: Cilindrični osigurač 10,3x38mm, In=6A kom 3
B123: Kondenzatorski sklopnik 25 kVAr-a, 3NO+1NO, 230VAC kom 3
... B135: Doprema, unošenje i povezivanje ormara s kablovima na objektu, sa ispitivanjem i izdavanjem atesta kom 1
B136: Obračun po kompletu ugrađenog i spojenog ormara | C136: kompl | D136: 1 | E136: 1820 | F136: =D136*E136 -> 1820
A138: 35.03. | B138: RP
B139: Dobava, montaža i spajanje razvodnog ormara oznake +RP dimenzija [430x735x120mm], tipski testiran prema IEC 60439-1/IEC 61439-1-2 ili jednkovrijedno ______________________________do 160A. Ormar je zidni, metalni, sa prozirnim vratima, sa stupnjem zaštite IP41. Potrebno predvidjeti 20% rezervnog prostora u svrhu budućih nadogradnji. Stavka uključuje sav potreban montažni materijal za potpunu funkcionalnost.
B140: ORMAR:
B141: Nadgradni ormar dim. 430x735x127mm, stupnja zaštite IP41, sa sabirnicama N i PE kom 1
B142: OPREMA:
B143: Tropolna teretna sklopka In=63A, ugradnja na DIN nosač, kom 1
B144: Jednopolni minijaturni automatski prekidač In=20A, C karakteristike, prekidne moći 10kA, kom 1
B145: Tropolni nosač cilindričnog niskonaponskog osigurača 14x51mm - 50A, kom 1
B146: Cilindrični osigurač gG-40A kom 3
B147: Tropolni+N katodni odvodnik prenapona klase C, 40kA, sa kontaktom za signalizaciju dotrajalosti, kom 1
B148: Tropolni minijaturni automatski prekidač C32A, prekidne moći 10kA – IEC60947-2 ili jednkovrijedno ______________________________, kom 1
B149: Četveropolna strujna zaštitna sklopka 40/30mA, AC karakterisitike kom 1
B150: Jednopolni minijaturni automatski prekidač B10A, prekidne moći 10kA - IEC60947-2 ili jednkovrijedno ______________________________, kom 2
... B158: Doprema, unošenje i povezivanje ormara s kablovima na objektu, sa ispitivanjem i izdavanjem atesta kpl 1
B159: Obračun po kompletu ugrađenog i spojenog ormara | C159: kompl | D159: 1 | E159: 995 | F159: =D159*E159 -> 995
A161: 35.04. | B161: R1
B162: Dobava, montaža i spajanje razvodnog ormara oznake +R1 dimenzija [600x1248x250mm], tipski testiran prema IEC 60439-1/IEC 61439-1-2 ili jednkovrijedno ______________________________do 250A. Ormar je zidni, metalni, sa prozirnim vratima, sa stupnjem zaštite IP43. Potrebno predvidjeti 20% rezervnog prostora u svrhu budućih nadogradnji. Stavka uključuje sav potreban montažni materijal za potpunu funkcionalnost.
B163: ORMAR:
B164: Stražnja ploča& bočne stranice razvodnog ormara dimenzija š=600mm, h=1200mm kom 1
B165: Puna ploča za dno ormara š=600mm kom 1
B166: Krov/dno otvoreno, dimenzija š=600mm kom 2
B167: Prozirna vrata š= 600mm h=1200mm kom 1
B168: Prednja puna ploča š=600mm, h=400mm kom 1
B169: Puna parcijalna ploča š=600mm, h=400mm kom 1
B170: Prednja ploča sa izrezom od 45mm (no Din Rail) š=600m h=150mm kom 1
B171: Prednja ploča sa izrezom od 45mm (no Din Rail) š=600m h=200mm kom 1
B172: DIN nosač š=600mm kom 5
B173: uvodna ploča sa 52 ulaza za razvodni ormara kom 2
... B199: Doprema, unošenje i povezivanje ormara s kablovima na objektu, sa ispitivanjem i izdavanjem atesta kpl 1
B200: Obračun po kompletu ugrađenog i spojenog ormara | C200: kompl | D200: 1 | E200: 1952 | F200: =D200*E200 -> 1952
A202: 35.05. | B202: R2
B203: Dobava, montaža i spajanje razvodnog ormara oznake +R2 dimenzija [600x1248x250mm], tipski testiran prema IEC 60439-1/IEC 61439-1-2 ili jednakovrijedno _______________do 250A. Ormar je zidni, metalni, sa prozirnim vratima, sa stupnjem zaštite IP43. Potrebno predvidjeti 20% rezervnog prostora u svrhu budućih nadogradnji. Stavka uključuje sav potreban montažni materijal za potpunu funkcionalnost.
B204: ORMAR:
B205: Stražnja ploča& bočne stranice razvodnog ormara dimenzija š=600mm, h=1200mm kom 1
B206: Puna ploča za dno ormara š=600mm kom 1 i
B207: Krov/dno otvoreno, dimenzija š=600mm kom 2
B208: Prozirna vrata š= 600mm h=1200mm kom 1
B209: Prednja puna ploča š=600mm, h=400mm kom 1
B210: Puna parcijalna ploča š=600mm, h=400mm kom 1
B211: Prednja ploča sa izrezom od 45mm (no Din Rail) š=600m h=150mm kom 1
B212: Prednja ploča sa izrezom od 45mm (no Din Rail) š=600m h=200mm kom 1
B213: DIN nosač š=600mm kom 5
B214: uvodna ploča sa 52 ulaza za razvodni ormara kom 2
... B240: Doprema, unošenje i povezivanje ormara s kablovima na objektu, sa ispitivanjem i izdavanjem atesta kpl 1
B241: Obračun po kompletu ugrađenog i spojenog ormara | C241: kompl | D241: 1 | E241: 2098 | F241: =D241*E241 -> 2098
A243: =A32 -> 35.00. | B243: =B32 -> DISTRIBUCIJSKI RAZDJELNICI | C243: UKUPNO | F243: =SUM(F28:F242) -> 16865
A246: 36.00. | B246: INSTALACIJSKI KABELI
A248: 36.01. | B248: Dobava i polaganje kabela. Kabeli se većinom dijelom polažu u savitljive plastične cijevi, dijelom na kabelske police, a vanjski vodovi u zemlji u prije postavljenim krutim PEHD cijevima. Vodovi se polažu u skladu s projektom. Obvezno je pridržavati se pravila obilježavanja kabelskih žila. Ukoliko se vodovi nastavljaju ili granaju, u cijeni su uključene potrebne podžbukne i nadžbukne razvodne kutije i ostali pribor. U količinama su uključene dužine kabela ostavljene kao rezerva na mjestima priključivanja i u razdjelnicima. Prije narudžbe kabela potrebno je točno izmjeriti dužinu trase kabela.
B249: Kabel FG16OR16 3x1.5 mm² | C249: m | D249: 4000 | E249: 3.5 | F249: =D249*E249 -> 14000
B250: Kabel FG16OR16 3x2.5 mm² | C250: m | D250: 7000 | E250: 3.91 | F250: =D250*E250 -> 27370
B251: Kabel FG16OR16 3x4 mm² | C251: m | D251: 200 | E251: 5.84 | F251: =D251*E251 -> 1168
...

Sheet VANJSKO
A2: IX | B2: RADOVI VANJSKOG UREĐENJA
B4: OPIS STAVKE | C4: JED.MJ. | D4: KOLIČINA | E4: J.CIJENA | F4: UKUPNO
A5: 54.00 | B5: PRIPREMNI RADOVI
A6: 54.01 | B6: Horizontalno i visinsko iskolčenje trase sa izradom elaborata iskolčenja. Iskolčenje obuhvaća sva geodetska mjerenja kojima se podaci iz projekta prenose na teren, osiguranje osi iskolčene trase, profiliranje, obnavljanje i održavanje iskolčenih oznaka na terenu za sve vrijeme građenja, odnosno do predaje radova Investitoru. Rad se obračunava i mjeri po kvadratnom metru trase. Napomena: ukupna površina zahvata uređenja okoliša (bez zgrade) iznosi 1.806,00 m2.
C7: m2 | D7: 2479 | E7: 0.5 | F7: =SUM(D7*E7) -> 1239.5
A8: 54.02. | B8: Provedba mjera osiguranja gradilišta prije početka i u tijeku izvođenja radova, obavlja se postavom prometnih znakova, rampi i svjetlosnih signala noću, zaštitnih ograda i drugih oznaka. Prema stavkama 0-24. i 0-35.2.14 OTU-a za radove na cestama, knjiga I.
C9: kom. | D9: 1 | E9: 500 | F9: =SUM(D9*E9) -> 500
A10: 54.03. | B10: Ručni iskop materijala C kategorije (šlicanje) za točno utvrđivanje položaja postojećih podzemnih instalacija. Predviđena je širina rova 0.40 m, dubina rova 0.8 m u dužini od 2.0 m, a sve prema posebnim uvjetima građenja nadležnih poduzeća za pojedinu vrstu instalacije. U cijenu stavke uključeno je i zatrpavanje istih. Obračun prema stvarno izvršenim količinama po kubnom metru iskopanog materijala.
C11: m3 | D11: 4 | E11: 200 | F11: =SUM(D11*E11) -> 800
A12: 54.04. | B12: Rezanje rubova postojećeg asfaltnog zastora radi osiguranja kvalitete spoja starog i novog asfalta (Širina rezanog asfalta je min. 25cm). U cijenu uključiti razbijanje, utovar i odvoz na deponiju udaljenu do 10km. Obračun po dužnom metru izrezanog asfalta.
C13: m' | D13: 60.7 | E13: 10 | F13: =SUM(D13*E13) -> 607
A14: 54.05. | B14: Demontaža postojećih prometnih znakova s skladištenjem na gradilištu do ponvnog postavljanja istih. U cijenu uključiti izvedbu temelja, i sve ostale radove za postavljanje prometnog znaka. Rad se mjeri i obračunava po komadu demontiranog znaka i ponovno postavljenog prometnog znaka.
C15: kom. | D15: 1 | E15: 500 | F15: =SUM(D15*E15) -> 500
A16: 54.06. | B16: Zaštita postojećih podzemnih instalacija. Na mjestima gdje postojeće ili premještene podzemne instalacije prolaze ispod kolničke konstrukcije, potrebno je izvršiti mehaničku zaštitu vodova prema posebnim uvjetima nadležnih poduzeća. Obračun se vrši po dužnom metru stvarno izvedene zaštite.
B17: a.) Elektro instalacije | C17: m' | D17: 80.1 | E17: 10 | F17: =SUM(D17*E17) -> 801
B18: b.) Plinskih instalacija | C18: m' | D18: 20 | E18: 10 | F18: =SUM(D18*E18) -> 200
B19: c.) Telefonskih instalacija | C19: m' | D19: 16 | E19: 10 | F19: =SUM(D19*E19) -> 160
B20: d.) Vodovodnih instalacija | C20: m' | D20: 80.1 | E20: 10 | F20: =SUM(D20*E20) -> 801
A22: 54.07. | B22: Izrada geodetskog snimka izvedenog stanja sa provedbom na katastru. Obračun po kvadratnom metru snimljene i u katastru provedene situacije izvedenog stanja.
C23: m2 | D23: 2894.3 | E23: 0.5 | F23: =SUM(D23*E23) -> 1447.15
A25: 54.08. | B25: Izmještanje elektroenergetskog stupa. Rad se mjeri i obračunava prema komadu izmještenog stupa. (Prema posebnim uvjetima HEP-a u slučaju potrebe zaštite ili izmještanja instalacija - obveza je Inverstitora prije početka radova izraditi projekt zaštite ili izmještanja elektroenergetskih instalacija). Ovaj rad izvodi ovlaštena organizacija, prema komadu (kompletno sa svim radovima) izmještenog stupa.
B26: RADOVE IZVODI ISKLJUČIVO DISTRIBUTER EL. ENERGIJE! NE NUDITI! | C26: kpl | D26: 1 | E26: 1 | F26: =SUM(D26*E26) -> 1
B29: PRIPREMNI RADOVI UKUPNO: | F29: =SUM(F6:F26) -> 7056.65
A31: 55.00 | B31: ZEMLJANI RADOVI
A32: 55.00. | B32: Strojni i ručni iskop materijala (materijal "B" kategorije) s utovarom i odvozom na deponij (udaljen do 10km). Iskop se obavlja prema profilima i visinskim kotama iz projekta, te propisanim nagibima kosina. Rad se obračunava po m3 stvarno iskopanog, utovarenog i odveženog materijala. Predviđa se 98 % strojnog i 2 % ručnog iskopa.
B33: a) RUČNO - 2% | C33: m3 | D33: 23.7 | E33: 40 | F33: =SUM(D33*E33) -> 948
B34: B) STROJNO - 98% | C34: m3 | D34: 1160.8 | E34: 20 | F34: =SUM(D34*E34) -> 23216
A35: 55.02. | B35: Uređenje temeljnog tla. Radovi na uređenju temeljnog tla obuhvaćaju planiranje, eventualno potrebno prosušivanje ili vlaženje materijala i zbijanje do propisanog modula stišljivosti za izvedbu ceste, parkirališta, travnih ploča i pješačke staze, Ms=25MN/m2. Rad se mjeri i obračunava po kvadratnom metru stvarno uređene i zbijenog temeljnog tla.
C36: m2 | D36: 1050 | E36: 35 | F36: =SUM(D36*E36) -> 36750
A37: 55.03. | B37: Izrada nasipa od šljunkovitog materijala, granulacije 32 mm. U stavku uključiti dobavu, ugradnju i sabijanje materijala za nasip prema projektu, zbijanje do Ms=50MN/m2. Rad se mjeri i obračunava po kubnom metru ugrađenog materijala.
C38: m3 | D38: 1270 | E38: 2 | F38: =SUM(D38*E38) -> 2540
A39: 55.04. | B39: Uređenje posteljice. Radovi na uređenju posteljice obuhvaćaju planiranje, eventualno potrebno prosušivanje ili vlaženje materijala i zbijanje do propisanog modula stišljivosti za izvedbu ceste, parkirališta, travnih ploča i pješačke staze, Ms=40MN/m2. Rad se mjeri i obračunava po kvadratnom metru stvarno uređene i zbijene posteljice.
C40: m2 | D40: 2479 | E40: 3 | F40: =SUM(D40*E40) -> 7437
A41: 55.05. | B41: Izrada tampona ispod ceste i parkirališta u sloju debljine 50cm i tampona ispod staze i travnih ploča u sloju debljine 40cm. Rad obuhvaća nabavu, prijevoz i ugradnju zrnatog kamenog materijala u tamponski sloj kolničke konstrukcije. Za izradu ovog sloja koristiti se prirodni šljunak. Materijal se zbija odgovarajućim strojevima dok se ne postigne modul stišljivosti Ms=100MN/m2 ispod ceste i parkirališta, i Ms=70MN/m2 ispod travnih ploča i pješačke staze. Rad se mjeri i obračunava po kubnom metru stvarno ugrađenog materijala. Napomena: tlocrtna površina ispod asfalta i parkirališta iznosi 992m2, površina ispod staze i travnih ploča iznosi 814m2.
C42: m3 | D42: 1184.5 | E42: 2 | F42: =SUM(D42*E42) -> 2369
A43: 55.06. | B43: Izrada bankina od zemljanog materijala iz iskopa, debljine sloja 10 cm. Rad se obračunava u dužnim metrima, u jediničnoj cijeni je sadržan dovoz sa deponije gradilišta, razastiranje, fino planiranje i sabijanje i ostale radove potrebne za potpunu izradu bankine. Širina bankine je do 0,50m.
C44: m' | D44: 218.5 | E44: 10 | F44: =SUM(D44*E44) -> 2185
A45: 55.07. | B45: Uređenje zelenih površina s ugradnjom humusa u sloju debljine 10 cm i sijanjem trave. Upotrijebiti aktivni humusni materijal bez primjesa grana, korijenja, kamenih i drugih materijala koji nisu pogodni za razvoj vegetacije. U cijenu uključiti: nabavu, dovoz sa privremene deponije, razastiranje, grubo i fino planiranje, zbijanje, zasijavanje travom (3 - 5 dg/ m2), valjanje laganim valjcima te jednokratno zalijevanje. Rad se obračunava po kvadratnom metru stvarno uređenih zelenih površina.
C46: m2 | D46: 1198.3 | E46: 5 | F46: =SUM(D46*E46) -> 5991.5
B48: ZEMLJANI RADOVI UKUPNO: | F48: =SUM(F32:F46) -> 81436.5
A50: 56.00. | B50: BETONSKI RADOVI
A51: 56.01. | B51: Nabava, doprema i ugradnja betonskih rubnjaka 15/ 25/ 100, od betona C30/37 m+s. Postavljaju se na podlogu od svježeg betona C12/15 sa zalijevanjem spojnica cemetnim mortom i njegom betona. Radove izvesti u svemu prema stavci 3-04.7.1 OTU-a za radove na cestama, knjiga II. Rad se mjeri i obračunava u dužnim metrima postavljenih rubnjaka.
C52: m' | D52: 218.5 | E52: 20 | F52: =SUM(D52*E52) -> 4370
A53: 56.02. | B53: Nabava, doprema i ugradnja betonskih rubnika 8/20, od betona C30/37 m+s. Postavljaju se na podlogu od svježeg betona C12/15 sa zalijevanjem spojnica cemetnim mortom i njegom betona. Radove izvesti u svemu prema stavci 3-04.7.1 OTU-a za radove na cestama, knjiga II. Rad se mjeri i obračunava u dužnim metrima postavljenih rubnjaka.
C54: m' | D54: 150 | E54: 22 | F54: =SUM(D54*E54) -> 3300
A55: 56.03. | B55: Izrada tipskih cestovnih slivnika iz betonskih cijevi na pero i utor f500mm, dubine 1.50 m sa KIŠNOM REŠETKOM na vrhu za 40t prometno opterećenje.
B56: U stavku ulazi: - Iskop jame za slivnik.
B57: - Utovar i odvoz viška iskopane zemlje na odgovarajuću deponiju.
B58: - Izrada dna slivnika iz nabijenog betona C16/20.
B59: - Dobava i ugradnja gotovih betonskih cijevi f500 mm 1,5 m po slivniku
B60: - Izrada obloge slivnika u okrugloj oplati od betona C16/20 u debljini od 10 cm.
B61: - Zatrpavanje ostatka jame šljunkom uz nabijanje
B62: - Dobava i ugradnja ljevano željeznih rešetki za teško teretno opterećenje 40t (osam komada) u kolniku prometnice ili u zelenoj površini 25t (3 komada).
B63: - Dobava i ugradnja UKC DN 200 za spoj slivnika na oborinsku kanalizaciju, ukupna duljina svih priključka je L=95m', sa svim radovima.
B64: - Ostali radovi za kompletno dovršenje slivnika.
B65: Obračun se vrši po komadu kompletno dovršenog slivnika sa priključkom.
C66: kom | D66: 11 | E66: 500 | F66: =SUM(D66*E66) -> 5500
A67: 56.04. | B67: Opločenje pješačke staze betonskim opločnicima, debljine 20cm x 20cm debljine 6cm, sive boje. Opločnici se postavljaju na sloj kulira 3cm. Stavka sadrži nabavu, dobavu i ugradnju opločnika te nabavu i dobavu kulira granulacije od 0 mm do 4 mm, debljine 3cm. Reške opločnika zapuniti pijeskom. Rad se mjeri i obračunava po kvadratnom mertu opločenja.
C68: m2 | D68: 164 | E68: 60 | F68: =SUM(D68*E68) -> 9840
A69: 56.05. | B69: Nabava doprema i ugradnja travne rešetke od plastičnih elemenata dimenzija 50cm x 50cm debljine 4cm. U cijenu uključiti sve potrebne radove na pripremi za ugradnju travnih rešetki i sav materijal poput postavljanja bočnih okvira, odgovarajućeg geotekstila (drenažna tkanina 400g) - u svemu prema uputama proizvođača, za kvalitetnu ugradnju istih. Rad se mjeri i obračunava po m2 ugrađenih travnih ploča.
C70: m2 | D70: 120 | E70: 45 | F70: =SUM(D70*E70) -> 5400
B72: BETONSKI RADOVI UKUPNO: | F72: =SUM(F51:F71) -> 28410
A74: 57.00. | B74: ASFALTERSKI RADOVI
A75: 57.01. | B75: Nabava, doprema i strojna ugradnja bitumeniziranog šljunka AC32 base 50/70, debljina sloja 7cm. Obračun po kvadratnom metru stvarno izvedenog sloja.
C76: m2 | D76: 992 | E76: 20 | F76: =SUM(D76*E76) -> 19840
A77: 57.02. | B77: Nabava, doprema i ugradnja AC11 surf 50/70. Debljina sloja određena je projektom i iznosi 4cm. Obračun po kvadratnom metru stvarno izvedenog sloja.
C78: m2 | D78: 992 | E78: 20 | F78: =SUM(D78*E78) -> 19840
B81: ASFALTERSKI RADOVI UKUPNO: | F81: =SUM(F74:F78) -> 39680
A83: 58.00. | B83: PROMETNA SIGNALIZACIJA
A84: 58.01. | B84: Vertikalna signalizacija - u stavku ulazi:
B85: - znak veličine 60cm, izrađen od retroreflektirajućih folija stabilnih na UV zračenja aplicirano na AL-podlogu debljine 2 mm, pojačanog okvira s vodoravnim ojačanjima (2 kom).
B86: - pocinčani stup-nosač određene veličine.
B87: - iskop za temelj nosača dubine 0.8 m s dobavom i ugradnjom betona (min. 0.2 m3) .
B88: - Svi ostali radovi potrebni za kompletno postavljanje prometnog znaka.
B89: Postavljaju se van slobodnog profila na uočljivom mjestu tako da ne ometaju kretanje vozila i pješaka u naselju na visini od 0,3 m do 2,2 m, dok izvan naselja na visini od 1,2 m do 1,4 m. U svemu prema projektu, Pravilniku o prometnim znakovima i stavkama 09.01. OUT-a knjiga VI. Obračun se vrši po komadu postavljenog znaka sa stup-nosačem.
B90: Prometni znak B02 | C90: kom. | D90: 1 | E90: 150 | F90: =SUM(D90*E90) -> 150
B91: Prometni znak C39 | C91: kom. | D91: 1 | E91: 150 | F91: =SUM(D91*E91) -> 150
B92: Prometni znak C39 i E11 na jednom stupu | C92: kom. | D92: 1 | E92: 250 | F92: =SUM(D92*E92) -> 250
A93: 58.02. | B93: Horizontalna signalizacija - ovaj rad obuhvaća izradu uzdužnih i poprečnih oznaka na kolniku za vođenje i reguliranje prometa, prema projektu, prema Pravilniku o prometnim znakovima, normi HRN i stavkama 09.02. OUT-a knjiga VI. Obračun se vrši prema dužnom i kvadratnom metru izrađene crte ili površine.
B94: Isctravanje linija (središnja - isprekidana), 12cm | C94: m' | D94: 31 | E94: 10 | F94: =SUM(D94*E94) -> 310
B95: Isctravanje linija (rubne - isprekidane kratke, 10cm) | C95: m' | D95: 50 | E95: 10 | F95: =SUM(D95*E95) -> 500
B96: Icsrtavanje parkirališnih mjesta, dim 2,50x50m | C96: kom. | D96: 13 | E96: 50 | F96: =SUM(D96*E96) -> 650
B97: Iscrtavanje parkirališnih mjesta za invalide | C97: kom. | D97: 1 | E97: 100 | F97: =SUM(D97*E97) -> 100
B99: PROMETNA SIGNALIZACIJA UKUPNO: | F99: =SUM(F84:F98) -> 2110
A102: 59.00. | B102: OBORINSKA KANALIZACIJA
A103: 59.01. | B103: Horizontalno i visinsko iskolčenje oborinske kanalizacije te osiguranje rova postavljanjem vidnih obilježja. Iskolčenje obuhvaća sva geodetska mjerenja kojima se podaci iz projekta prenose na teren, osiguranje osi iskolčene trase, profiliranje, obnavljanje i održavanje iskolčenih oznaka na terenu za sve vrijeme građenja, odnosno do predaje radova Investitoru. Rad se obračunava i mjeri po dužnom metru iskolčene oborinske kanalizacije.
C104: m' | D104: 96.4 | E104: 3 | F104: =SUM(D104*E104) -> 289.2
A105: 59.02. | B105: Strojni, djelomično ručni iskop rova od dubine 1,60 do dubine 2,50m, za kanalizaciju sa uključenim proširenjima i produbljenjima na mjestima izgradnje revizionih okana za 0,5 m na svaku stranu mjereno od vanjskog ruba rova. Rad obuhvaća približno 90% strojnog, te 10% ručnog iskopa. Stvarni odnos ručnog i strojnog iskopa odredit će se kod izvođenja radova, zbog izvođenja dijela nasipa visine do cca 1,50m. Materijal iz iskopa deponirati na gradilištu, te upotrijebiti za zatrpavanje rova, a višak materijala razgrnuti u okolni teren ili odvesti na deponiju, a sve prema dogovoru s nadzornim inženjerom ili investitorom. Rad se mjeri po kubnom metru stvarno izvršenog iskopa u sraslom stanju.
B106: RUČNO - 10 % | C106: m3 | D106: 9 | E106: 100 | F106: =SUM(D106*E106) -> 900
B107: STROJNO - 90 % | C107: m3 | D107: 81 | E107: 20 | F107: =SUM(D107*E107) -> 1620
A108: 59.03. | B108: Fino planiranje dna rova (planuma) prema kotama danim u projektu. Dopušteno odstupanje kote iskopa dna rova može biti lokalno +/-1cm. Rad se mjeri i obračunava po kvadratnom metru stvarno uređenog dna rova.
C109: m2 | D109: 120 | E109: 2 | F109: =SUM(D109*E109) -> 240
A110: 59.04. | B110: Izrada pješčane posteljice ispod cijevi u sloju min. debljine 10cm. granulacija zrna od 0-4mm. Pijesak se ugrađuje na odgovarajuće pripremljen planum dna rova. U stavku ulazi nabava, dobava, nasipavanje, razastiranje, fino planiranje i nabijanje pijeska u rovu. Obračun se vrši po kubnom metru stvarno ugrađenog i sabijenog materijala.
C111: m3 | D111: 11 | E111: 60 | F111: =SUM(D111*E111) -> 660
A112: 59.05. | B112: Nasipavanje pijeska / sipkog materijala, granulacije od 4mm do 8mm, oko cijevi i 30cm iznad tjemena cijevi. Zatrpavanje smije započeti nakon što se ispita vodonepropusnost. Materijal se zbija ručno ili laganim sredstvima za sabijanje tla. Rad se mjeri i obračunava po kubnom metru doveženog, ugrađenog i zbijenog materijala.
C113: m3 | D113: 42 | E113: 50 | F113: =SUM(D113*E113) -> 2100
A114: 59.06. | B114: Zatrpavanje preostalog dijela rova šljunkovitim materijalom granulacije od 0 do 63mm uz nabijanje odgovarajućim nabijačima do potrebne zbijenosti uz eventualno vlaženje materijala u slojevima debljine 30cm. Rad se mjeri i obračunava po kubnom metru dovezenog, ugrađenog i zbijenog materijala.
C115: m3 | D115: 77 | E115: 30 | F115: =SUM(D115*E115) -> 2310
A116: 59.07. | B116: Izrada AB montažnih okana oborinske kanalizacije promjera 80cm. Na vrhu okana ugrađuje se poklopac za prometno opterećenje D400, dubine okana su od 1,20 do 1,76m. U cijenu uključiti iskop, planiranje dna, izvedbu posteljice, ugradnju podložnog betona, montažu okna, izvedbu i obradu spojeva, zatrpavanje prostora oko okana s pažljivim zbijanjem materijala na propisani modul stišljivosti, i sve ostale radove za ugradnju okana. Okna moraju biti vodonepropusna. Rad se mjeri i obračunava prema komadu ugrađenog okna.
C117: kom. | D117: 4 | E117: 1200 | F117: =SUM(D117*E117) -> 4800
...

Sheet REKAPITULACIJA
A4: REKAPITULACIJA
A6: I GRAĐEVINSKI RADOVI
A8: 1.00 | B8: PRIPREMNI RADOVI | E8: ='GRAĐEVINSKI RADOVI'!F19 -> 17500
A9: 2.00 | B9: ZEMLJANI RADOVI | E9: ='GRAĐEVINSKI RADOVI'!F43 -> 77565
A10: 3.00 | B10: BETONSKI I AB RADOVI | E10: ='GRAĐEVINSKI RADOVI'!F134 -> 805279.7
A11: 4.00 | B11: ZIDARSKI RADOVI | E11: ='GRAĐEVINSKI RADOVI'!F171 -> 231981.05
B13: GRAĐEVINSKI RADOVI UKUPNO: | E13: =E11+E10+E9+E8 -> 1132325.8
A15: II OBRTNIČKI RADOVI
A17: 5.00 | B17: IZOLATERSKI RADOVI | E17: ='OBRTNIČKI RADOVI'!F47 -> 232373.25
A18: 6.00 | B18: FASADERSKI RADOVI | E18: ='OBRTNIČKI RADOVI'!F61 -> 110133.2
A19: 7.00 | B19: GISPKARTONSKI RADOVI | E19: ='OBRTNIČKI RADOVI'!F75 -> 95311.5
A20: 8.00 | B20: SOBOSLIKARSKO-LIČILAČKI RADOVI | E20: ='OBRTNIČKI RADOVI'!F85 -> 47931.85
A21: 9.00 | B21: KERAMIČARSKI RADOVI | E21: ='OBRTNIČKI RADOVI'!F97 -> 90683
A22: 10.00 | B22: LIMARSKI RADOVI | E22: ='OBRTNIČKI RADOVI'!F109 -> 16473
A23: 11.00 | B23: BRAVARSKI RADOVI | E23: ='OBRTNIČKI RADOVI'!F173 -> 403669.4
A24: 12.00 | B24: STOLARSKI RADOVI | E24: ='OBRTNIČKI RADOVI'!F201 -> 52905
A25: 13.00 | B25: PODOPOLAGAČKI RADOVI | E25: ='OBRTNIČKI RADOVI'!F211 -> 60264
B27: OBRTNIČKI RADOVI UKUPNO: | E27: =SUM(E17:E26) -> 1109744.2
A29: III DIZALO
A31: 14.00. | B31: DIZALO | E31: =DIZALO!F10 -> 32000
B33: DIZALO UKUPNO: | E33: =E31 -> 32000
A35: IV RADOVI VODOVODA
A37: 15.00 | B37: ZEMLJANI RADOVI | E37: ='HI - VODOVOD'!F19 -> 1828
A38: 16.00 | B38: BETONSKI RADOVI | E38: ='HI - VODOVOD'!F27 -> 2900
A39: 17.00 | B39: UNUTARNJI VODOVOD | E39: ='HI - VODOVOD'!F64 -> 40287
B41: RADOVI VODOVODA UKUPNO: | E41: =SUM(E37:E40) -> 45015
A43: V RADOVI KANALIZACIJE
A45: 18.00 | B45: ZEMLJANI RADOVI | E45: ='HI - KANALIZACIJA'!F21 -> 4397
A46: 19.00 | B46: BETONSKI RADOVI | E46: ='HI - KANALIZACIJA'!F31 -> 10580
A47: 20.00 | B47: MONTAŽNI RADOVI KANALIZACIJSKOG CJEVOVODA | E47: ='HI - KANALIZACIJA'!F72 -> 9919.7
A48: 21.00 | B48: SANITARNA OPREMA | E48: ='HI - KANALIZACIJA'!F90 -> 35440
B50: RADOVI KANALIZACIJE UKUPNO: | E50: =SUM(E45:E49) -> 60336.7
A52: VI RADOVI HIDRANTSKE MREŽE
A54: 22.00 | B54: ZEMLJANI RADOVI | E54: ='HI - HIDRANTSKA MREŽA'!F15 -> 600
A55: 23.00 | B55: CIJEVNI RAZVOD I OPREMA | E55: ='HI - HIDRANTSKA MREŽA'!F42 -> 5944.4
B57: RADOVI HIDRANTSKE MREŽE UKUPNO: | E57: =E55+E54 -> 6544.4
A59: VII STROJARSKI RADOVI
A61: 24.00 | B61: PLINSKA INSTALACIJA – STROJARSKI DIO | E61: =STROJARSTVO!G1187 -> 3408
A62: 25.00 | B62: PLINSKA INSTALACIJA – GRAĐEVINSKI DIO | E62: =STROJARSTVO!G1188 -> 5434
A63: 26.00 | B63: PLINSKA INSTALACIJA – MJERENI I NEMJERENI DIO | E63: =STROJARSTVO!G1190 -> 30447
A64: 27.00 | B64: INSTALACIJA TOPLOVODNE KOTLOVNICE | E64: =STROJARSTVO!G1192 -> 39185
A65: 28.00 | B65: INSTALACIJA TOPLOVODNOG RADIJATORSKOG GRIJANJA | E65: =STROJARSTVO!G1194 -> 74774
A66: 29.00. | B66: INSTALACIJA TOPLOVODNOG PODNOG GRIJANJA | E66: =STROJARSTVO!G1196 -> 19904
A67: 30.00.. | B67: INSTALACIJA SOLARNOG ZAGRIJAVANJA PTV-a | E67: =STROJARSTVO!G1198 -> 14349
A68: 31.00. | B68: INSTALACIJA HLAĐENJA KLIMA JEDINICAMA (DIZALICAMA TOPLINE) | E68: =STROJARSTVO!G1200 -> 154170
A69: 32.00. | B69: INSTALACIJA VENTILACIJE REKUPERATOROM I VENTILACIJE SANITARIJA | E69: =STROJARSTVO!G1202 -> 25480
A70: 33.00. | B70: INSTACIJA ODSISNO-DOBAVNE VENTILACIJE KUHINJE | E70: =STROJARSTVO!G1204 -> 11240
B72: STROJARSKI RADOVI UKUPNO: | E72: =SUM(E61:E70) -> 378391
A74: VIII ELEKTROTEHNIČKI RADOVI
A76: 34.00. | B76: PRIPREMNI RADOVI | E76: =ELEKTRO!F954 -> 1000
A77: 35.00. | B77: DISTRIBUCIJSKI RAZDJELNICI | E77: =ELEKTRO!F957 -> 16865
A78: 36.00. | B78: INSTALACIJSKI KABELI | E78: =ELEKTRO!F958 -> 64858.4
A79: 37.00. | B79: ENERGETSKI RASPLET | E79: =SUM(ELEKTRO!F274) -> 12218.2
A80: 38.00. | B80: IZJEDNAČENJE POTENCIJALA | E80: =ELEKTRO!F960 -> 6011
A81: 39.00. | B81: INSTALACIJSKE CIJEVI I ZDENCI | E81: =ELEKTRO!F961 -> 29440
A82: 40.00. | B82: PREKIDAČI | E82: =ELEKTRO!F962 -> 4657.6
A83: 41.00. | B83: UTIČNICE I PODNE KUTIJE | E83: =ELEKTRO!F963 -> 4751.15
A84: 42.00. | B84: KABELSKE KANALICE | E84: =ELEKTRO!F964 -> 14030
A85: 43.00. | B85: OPĆA RASVJETA | E85: =ELEKTRO!F965 -> 74378
A86: 44.00. | B86: SIGURNOSNA RASVJETA | E86: =ELEKTRO!F966 -> 9511
A87: 45.00. | B87: SUSTAV ZAŠTITE OD MUNJE | E87: =ELEKTRO!F967 -> 9794
A88: 46.00. | B88: ISPITIVANJA I ATESTI | E88: =ELEKTRO!F968 -> 4320
A89: 47.00. | B89: OZVUČENJE, SOS, PAMETNE PLOČE | E89: =ELEKTRO!F971 -> 27051.5
A90: 48.00. | B90: GENERIČKO KABLIRANJE | E90: =ELEKTRO!F972 -> 32850
A91: 49.00. | B91: ANTENSKA INSTALACIJA | E91: =ELEKTRO!F973 -> 5226.7
A92: 50.00. | B92: VATRODOJAVA | E92: =ELEKTRO!F976 -> 40174.21
A93: 51.00. | B93: PLINODETEKCIJA | E93: =ELEKTRO!F977 -> 6027.4
A94: 52.00. | B94: ODIMLJAVANJE STUBIŠTA | E94: =ELEKTRO!F978 -> 6058
B96: ELEKTROTEHNIČKI RADOVI UKUPNO: | E96: =SUM(E76:E95) -> 369222.16
A98: IX RADOVI VANJSKOG UREĐENJA
A100: 54.00. | B100: PRIPREMNI RADOVI: | E100: =VANJSKO!F132 -> 7056.65
A101: 55.00. | B101: ZEMLJANI RADOVI | E101: =VANJSKO!F134 -> 81436.5
A102: 56.00. | B102: BETONSKI RADOVI | E102: =VANJSKO!F136 -> 28410
A103: 57.00. | B103: ASFALTERSKI RADOVI | E103: =VANJSKO!F138 -> 39680
A104: 58.00. | B104: PROMETNA SIGNALIZACIJA | E104: =VANJSKO!F140 -> 2110
A105: 59.00. | B105: OBORINSKA KANALIZACIJA | E105: =VANJSKO!F142 -> 29413.2
B107: VANJSKO UREĐENJE UKUPNO: | E107: =SUM(E100:E106) -> 188106.35
B109: SVI RADOVI UKUPNO: | E109: =E107+E96+E72+E57+E50+E41+E33+E27+E13 -> 3321685.6
B110: PDV (25%) | E110: =0.25*E109 -> 830421.39
B111: SVEUKUPNO: | E111: =E110+E109 -> 4152106.9
C113: projektant:
C115: Jurica Hajdarović, ovl.arh.
