Workbook
Name __xlfn_ANCHORARRAY: NA()
Name _1Excel_BuiltIn_Print_Area_1: #REF!
Name _1Excel_BuiltIn_Print_Area_1: #REF!
Name _1Excel_BuiltIn_Print_Area_1: #REF!
Name _rbr: #REF!
Name _rbr2: #REF!
Name _Toc322533491: STROJ!#REF!
Name _Toc322533491: VIK!#REF!
Name all: #REF!
Name all: #REF!
Name all: #REF!
Name aluminijska: #REF!
Name aluminijska: #REF!
Name aluminijska: #REF!
Name ASD: #REF!
Name AVD: #REF!
Name BE_Price: #REF!
Name betonska: #REF!
Name BETONSKI_I_ARM.BETONSKI_RADOVI: #REF!
Name BOD: ELEKTRO!#REF!
Name BOD: #REF!
Name BOD: #REF!
Name BOD: #REF!
Name BOD: #REF!
Name BOD: #REF!
Name BOD: #REF!
Name BODIC: #REF!
Name BODIC: #REF!
Name BODIC: #REF!
Name BODICA: #REF!
Name BODICA: #REF!
Name BRAVARIJA_SKLONIŠTA: #REF!
Name Countr.: #REF!
Name Countr.no: #REF!
Name Country: #REF!
Name CRNA_BRAVARIJA: #REF!
Name č: #REF!
Name ČELIČNA_KONSTRUKCIJA: #REF!
Name D: #REF!
Name Data_base_result: #REF!
Name dfgdfgdfgdfgydf: [1]POMOĆNI!$B$56:$B$69
Name DIMNJACI: #REF!
Name DIMNJACI: #REF!
Name DIZALA: #REF!
Name DIZALA: #REF!
Name EODB: #REF!
Name EODB: #REF!
Name euro: #REF!
Name euronew: #REF!
Name EXCEG: #REF!
Name Excel_BuiltIn_Print_Area_1: #REF!
Name Excel_BuiltIn_Print_Area_1_1: #REF!
Name Excel_BuiltIn_Print_Area_2: #REF!
Name Excel_BuiltIn_Print_Area_3: #REF!
Name Excel_BuiltIn_Print_Area_4: #REF!
Name Excel_BuiltIn_Print_Area_5: #REF!
Name Excel_BuiltIn_Print_Titles: #REF!
Name Excel_BuiltIn_Print_Titles_1: #REF!
Name Excel_BuiltIn_Print_Titles_1_1: #REF!
Name Excel_BuiltIn_Print_Titles_2: #REF!

Sheet NASL
A2: rc-proing | B2: d.o.o. za projektiranje i usluge
A3: a. | B3: Ćire Truhelke 33a
A4: o. | B4: 1669597821
A5: e. | B5: fcvitak@rc-proing.hr
A6: m. | B6: 0989065414
A8: naručitelj | B8: Općina Orle
B9: Orle 5
B10: 10 411 Orle
A14: građevina | B14: Dječji vrtić Bukevje
A17: predmet | B17: Troškovnik radova
A22: k.č. | B22: 1419/9
A23: k.o. | B23: Bukevje
A24: adresa | B24: Bukevje, Orle
A35: izradio | B35: Filip Cvitak, dia
A40: direktor | B40: Filip Cvitak, dia
A42: datum | B42: 07/2024.

Sheet REKAP SVEUK
A2: REKAPITULACIJA
A4: GRAĐEVINSKO OBRTNIČKI RADOVI | F4: ='REKAP-GOR'!E50 -> 3111797
A5: OPREMA | F5: =OPREMA!F392 -> 209022.4
A6: VODOVOD I ODVODNJA | F6: =VIK!F544 -> 382095
A7: STROJARSKI | F7: =STROJ!F29 -> 492313
A8: ELEKTROTEHNIČKI | F8: =ELEKTRO!E509 -> 282527.15
A9: VATRODOJAVA | F9: =VATRODOJAVA!F47 -> 26255.6
A10: SOLARNA ELEKTRANA | F10: =SE!E157 -> 71951.59
B15: UKUPNO | F15: =SUM(F4:F10) -> 4575961.7
B16: PDV 25% | F16: =F15*0.25 -> 1143990.4
B17: UKUPNO S PDV-OM | F17: =SUM(F15:F16) -> 5719952.2

Sheet OPĆI UVJETI
A1: OPĆI UVJETI UZ TROŠKOVNIK GRAĐEVINSKO-OBRTNIČKIH RADOVA
B3: Prije pristupanja svim radovima (kao skidanje oštećenih dijelova konstrukcije, pročelja, završnih obrada površina, demontaže opreme i slično) potrebno je obaviti prethodni pregled s nadzornim inženjerom i unaprijed dogovoriti potreban obim posla.
B6: Prilikom izrade ponude potrebno je poštivati trenutno važeći Zakon o javnoj nabavi i sve ostale prateće zakone i pravilnike.
B7: Sva rušenja i demontaže pojedinih dijelova građevine izvoditi pažljivo. Kod izvođenja pojedinih vrsta radova zabranjena je upotreba teških alata, kompresora ili sličnih uređaja koji mogu posredno prouzročiti štetu na konstruktivnim dijelovima građevine. Rušenja izvoditi tek kada su izvršena sva potrebna rasterećenja, podupiranja, osiguranja i isključivanja instalacija od nadležnih institucija. Prilikom rušenja potrebno je razvrstavati otpad te ga sukcesivno odvoziti na za to predviđene gradske deponije, a elemente koji će se ponovno ugrađivati, demontirati što pažljivije, te ih skladištiti na gradilištu odnosno na suho i sigurno mjesto za popravak i ponovnu ugradnju. Ako se prilikom rušenja i demontaže naiđe na nepredviđene detalje ili se uoče opasnosti od rušenja ili ugrožavanja okolnih elemenata građevine, izvođač je dužan o tome odmah obavjestiti nadzornog inženjera i investitora. Prije početka rušenja i demontaža kvalificirana i stručna osoba mora odpojiti sve instalacije i osigurati gradilište.
B8: Sve radove izvesti prema opisima pojedinih stavki troškovnika, općim smjernicama iz pojedinih grupa radova, detaljima, i svim važećim tehničkim propisima i standardima, kao i uputstvima proizvođača materijala, te pravilima struke i građevinskim normama. Za izvođenje svih radova uvjetuje se rad sa stručno osposobljenom radnom snagom za pojedine vrste radova prema Zakonu o gradnji, sa propisanom kvalitetom materijala koja mora odgovarati postojećim tehničkim propisima i važećim standardima. Ako neke stavke imaju nejasan i nedovoljan opis, onda svaki "započeti" opis pojedine stavke znači cjelokupnu izradu te stavke, to jest nabavu, dopremu materijala, sve prijenose i prijevoze, izradu, skidanje oplate, zaštitu, njegovanje pojedinih elemenata po izradi i nakon ugradbe, odvoz viška materijala na gradski deponij, kao i ostalo. Bez posebne nadoplate potrebno je obuhvatiti sve elemente navedene kako slijedi:
B15: a) izvođač radova dužan je prije početka radova provjeriti kote postojećeg stanja terena u odnosu na relativnu kotu (+/-0,00) kod svih ulaza i kod svih unutrašnjih podnih ploča kao i za ulazne instalacije,
B17: b) utvrditi kotu 0,00 i obilježiti je na gradilištu kao referentnu točku,
B18: c) ukoliko se ukažu eventualne nejednakosti između projekta i stanja na gradilištu izvođač radova dužan je pravovremeno o tome izvjestiti investitora, projektanta i nadzornog inženjera te shodno tome zatražiti potrebna objašnjenja,
B20: d) sve mjere u projektima provjeriti na gradilištu prije narudžbe materijala ili gotovih proizvoda.
B21: e) provjera količina troškovnika obaveza je Izvođača radova, kao i izrada dokaznice izvedenih radova unutar građevinske knjige
B24: MATERIJAL
B25: Pod stavkom materijal podrazumijeva se dobavna cijena materijala, to jest cijena glavnih i pomoćnih materijala potrebnog za ugradnju do kompletne gotovosti. U tu cijenu potrebno je uključiti i cijenu prijevoza bez obzira na vrstu prijevoznog sredstva, udaljenost, te eventualne potrebne utovare, istovare i prijenose do skladišta i do mjesta ugradbe. U cijeni materijala je i cijena čuvanja, zaštite i skladištenja materijala do ugradnje. Prema važećim propisima potrebno je uzimanje uzoraka - probnih kocki - za beton, te ugradnja samo onih materijala koji imaju važeće potvrde o sukladnosti. Svu dokumentaciju o dokazu kvalitete materijala prikuplja izvođač radova i po završetku predaje Investitoru.
B31: RAD
... B179: U slučaju nastanka opravdanih nepredviđenih radova, potrebno je napraviti aneks ugovora.

Sheet I PRIPR
A2: I | B2: PRIPREMNI RADOVI I UREĐENJE GRADILIŠTA
B5: OPĆI NAPUTCI
B7: Radove treba izvesti točno prema opisu troškovnika, a u stavkama gdje nije objašnjen način rada i posebne osobine finalnog produkta, izvođač je dužan pridržavati se uobičajenog načina rada, uvažavajući odredbe važećih standarda, uz obvezu izvedbe kvalitetnog proizvoda.
B8: Osim toga, izvođač je obvezan pridržavati se uputa projektanta/nadzora u svim pitanjima koja se odnose na izbor i obradu materijala i način izvedbe pojedinih detalja, ukoliko to nije već detaljno opisano troškovnikom, a naročito u slučajevima kada se zahtjeva izvedba van propisanih standarda. Sav materijal za izgradnju mora biti kvalitetan i mora odgovarati opisu troškovnika i postojećim građevinskim propisima. U slučaju da opis pojedine stavke nije dovoljno jasan, mjerodavna je samo uputa i tumačenje projektanta/nadzora. O tome se izvođač treba informirati već prilikom sastavljanja jedinične cijene. Cijene pojedinih radova moraju sadržavati sve elemente koji određuju cijenu gotovog proizvoda, a u skladu sa odredbama troškovnika. Ako izvođač sumnja u valjanost ili kvalitetu nekog propisanog materijala i drži da za takvu izvedbu ne bi mogao preuzeti odgovornost, dužan je o tome obavijestiti projektanta s obrazloženjem i dokumentacijom. Konačnu odluku donosi projektant u suglasnosti s nadzornim inženjerom, nakon proučenog prijedloga izvođača.
B11: POSEBNI NAPUTCI ZA UREĐENJE GRADILIŠTA
A13: 1. | B13: Prethodne odredbe i odobrenje gradnje
B14: Investitor stavlja, sukladno projektnoj dokumentaciji i pravomoćnoj građevnoj dozvoli, glavnom izvođaču radova bez naknade privremeno na raspolaganje teren za uređenje gradilišta u potrebnom obimu ili shodno lokalnim uvjetima.
A16: 2. | B16: Odstranjivanje otpada
B17: Vlastiti preostali materijal i materijal od rušenja treba izvođač besplatno ukloniti. Moraju se poštivati odnosni propisi o zbrinjavanju posebnog otpada. Ukopavanje ili spaljivanje na gradilištu je zabranjeno. Zbrinjavanje otpada, mase od rušenja ili građevinskog otpada obuhvaća ponovno iskorištavanje sukladno propisima odnosno potrebnim mjerama skupljanja, transporta, obrade i skladištenja prema propisima i nalozima organa.
B18: Investitor može zahtijevati dokaz o urednom zbrinjavanju otpada.
A20: 3. | B20: Spoj s drugim cjelinama
B21: U Posebnim tehničkim ugovornim uvjetima utvrdit će se kako će pojedini izvođači koristiti dijelove uređenja gradilišta u odnosu na građevinski pothvat. Građevinske puteve koristit će svi sudionici izgradnje besplatno.
A23: 4. | B23: Opći podaci o izvedbi
B24: Na zahtjev treba prije uređenja gradilišta napraviti plan uređenja gradilišta i predočiti Investitoru na odobrenje. Pri tom treba uzeti u obzir da se ne sprečavaju eventualni radovi izmjere, posebice iskolčavanja i provjere granica ulica, puteva i građevine. U nacrtu uređenja treba uzeti u obzir i skladištenje zemljane mase. Površine, skladišne površine, slobodne površine i slično, koje će se koristiti za uređenje gradilišta, trebaju se umetnuti u nacrt uređenja gradilišta s podatkom svrhe korištenja. Uređenje gradilišta na tratini ili humusu nije dopušteno. Prije uređenja gradilišta treba izvođač utvrditi stanje učvršćenja pločnika i kolnika, koji graniče s građevinskom parcelom kao i susjedne površine gradilišta, u prisustvu vlasnika. O tome treba voditi zapisnik i obje ga strane moraju potvrditi. Uređenje gradilišta treba izvršiti tako da se vodovi napajanja i odvođenja za građevinske mjere mogu položiti pravodobno i bez smetnji.
B25: Postojeći graničnici (kamenje) i oznake izmjera moraju se osigurati s početkom radova u sklopu uređenja gradilišta do pospremanja uređenja gradilišta. Prije početka radova mora se izvođač informirati o prolazu vodova, kablove itd. (nadzemno i podzemno). Potrebna premještanja mora izvođač pravodobno zatražiti. U slučaju dvojbe dat će izvođač nalogodavcu uputu, po potrebi će se provesti utvrđivanje.
B26: Kod micanja uređenja gradilišta treba paziti: - Investitora treba informirati o namjeravanom micanju uređenja gradilišta ili bitnih dijelova istog - Dijelove, koji više nisu potrebni, treba brzo maknuti - Nakon skidanja uređenja gradilišta treba teren, koji je za isto bio korišten odnosno korištene građevinske uređaje i građevine vratiti u prvobitno stanje, ako nije drugačije utanačeno.
A28: 5. | B28: Posebni zahtjevi za korištenje
B29: Izvođač mora postavit zahtjeve kod nadležnih organa za uređenje i uklanjanje postrojenja bez Sudjelovanja nalogodavca. Struja, koju uzimaju druge tvrtke, Zaračunat će se njima direktno.
B31: UREĐENJE GRADILIŠTA, KOMPLETNA POZICIJA
A33: 1. | B33: Uređenje gradilišta Glavna pozicija
B34: Urediti, održavati za dogovoren rok trajanja radova kao i uređivati gradilište i ponovno uspostavljanje terena u prijašnje stanje uključujući uklanjanje nečistoće, sa sljedećim radovima, koji moraju biti uračunati u paušalnu cijenu: - mjesto za skladištenje i rad - uređaj za signalizaciju prometa uključujući rad na osiguranju prometa - rasvjeta gradilišta - građevinska struja, građevinska voda, građevinska otpadna voda uklj. razvod i priključni vod - komunikacijski uređaj - dnevni boravak i stanovanje uklj. sanitarni uređaj (prostor), - skladišni prostor, radionica, spremište, natkriveni prostor - ograda gradnje, zaštitni zid, zaštitni krov - strojevi, uređaji Za cijelo vrijeme gradnje prema vremenskom planu projekta. Cijena uključuje ishođenje dozvole za zauzimanje javne površine uz objekat u površini prema rješenju nadležnog tijela vlasti. Gradilište mora biti uređeno sukladno odredbama Zakona o zaštiti na radu sukladno elaboratu uređenja gradilišta.
B35: Glavna pozicija | C35: kompl | D35: 1 | E35: 15000 | F35: =D35*E35 -> 15000
A37: 2. | B37: Ispitivanje temeljnog tla
B38: Izrada geomehaničkog elaborata i ispitivanje nosivosti temeljnog tla.
C39: kompl | D39: 1 | E39: 2500 | F39: =D39*E39 -> 2500
A41: =A2 -> I | B41: UREĐENJE RADILIŠTA I PRIPREMNI RADOVI | C41: UKUPNO | F41: =SUM(F34:F40) -> 17500

Sheet II ZEM
A2: II | B2: ZEMLJANI RADOVI
B4: POSEBNI NAPUTCI ZA ZEMLJANE RADOVE
B6: Investitor stavlja na raspolaganje teren, koji je potreban za zemljane radove, s izuzetkom deponije za otpad. Izvođač se prije izvođenja radova mora informirati o točnom smještaju prepreka, kao vodova, kablova, kanala, oznaka i sl.
B7: Cijenama je pokriveno između ostalog: - poteškoće zbog mokrog iskopanog materijala - poteškoće, koje su uvjetovane godišnjim dobom ili nepovoljnim vremenom i s kojima se normalno mora računati - uklanjanje normalnih padalina - mjere zaštite od normalnih padalina - prebacivanje strojeva i uređaja na području gradilišta, ukoliko za to nije zadužen Nalogodavac - osiguranje prometa i tekuće čišćenje korištenih javnih ulica i puteva, ukoliko su prouzročene zemljanim radovima i ukoliko se izričito ne radi o Posebnim odredbama - zaštita od prašine pri transportima - međuskladištenje na zahtjev Izvođača
B8: S cijenama nije pokriveno: - radovi držanja vode, ukoliko se ne radi o uklanjanju padalina - vrijeme zastoja pri prekidu zbog pronalaženja zaostalih streljiva i povijesno značajnih iskapanja
B9: Iskopani materijal mora načelno odvesti Izvođač na deponiju po svom izboru, radijusa maksimalno 30 km. Iskopan materijal, koji je potreban za ponovno punjenje, skladištit će se privremeno u dogovoru s Nalogodavcem, ukoliko ne može ostati na mjestu ugradnje. Ako Nalogodavac kao privremeno skladištenje ili deponiju odredi odlagalište, onda je to obvezatno za predaju ponude. U okviru izvođenja gradnje može se dogovoriti nešto drugo.
B10: Već postojeće okolčavanje, graničnike, fiksne točke, oznake visina itd. za zgradu ili za vođenje cesta i puteva, mora izvođač osigurati prije početka radova. Ako je potrebno, izvođač i investitor će zajednički izvršiti mjerenje postojećeg terena prije izvedbe radova u pogledu položaja i visine i rezultat utvrditi zapisnički. Buseni trave i iskopan gornji sloj skladištit će se prema dogovoru s Investitorom na prikladnom mjestu i na prikladnu površinu. Ako se pri iskapanju naiđe na svojstva tla, koja odstupaju od opisa radova, ili nastupe okolnosti, zbog kojih se propisani radovi iskapanja ne mogu provesti. izvođač je dužan o navedenom bez odgađanja obavijestiti investitora. Ovisno o konkretnim okolnostima, investitor i izvođač će se dogovoriti o načinu daljnjeg postupanja.
B11: Ako se na relativno nepropusnom tlu - ili na kamenim slojevima pojave podzemne ili procjedne vode, treba odmah izvijestiti nadzornog inženjera. Treba izbjegavati omekšavanje dna temelja.
B12: Kod zemljanih radova i zatrpavanja izvođač je dužan u skladu s pravilima struke ugraditi prikladan odnosno odgovarajući materijal - zemlju ili kamen, ovisno o specifičnim okolnostima terena. Ako postoje opravdane sumnje u sposobnost sabijanja, izvođač je dužan o navedenom obavijestiti Investitora ili njegovog voditelja gradnje.
B13: Izvođač je dužan prije zatrpavanja jarkova provjeriti da u prostoru, koji treba zatrpati, nema građevinskog otpada, smeća i sl., Ako se nakon provjere utvrdi da u prostoru postoji građevinski otpad, smeće i sl. izvođač je dužan o navedenom odmah izvijestiti Nalogodavca.
B14: Prije zatrpavanja ili zasipanja materijala, koji je dobiven pri kopanju na gradilištu (reciklirani materijal) odnosno materijala, koji je nabavio Izvođač, potrebno je ishoditi odobrenje Investora za njegovo korištenje.
A16: 1. | B16: Iskop zemlje C kategorije i skidanje humusa na neizgrađenom dijelu parcele
B17: Iskop u tlu C ( Pod materijalom C kategorije podrazumijevaju se svi materijali koje nije potrebno minirati, nego se mogu kopati izravno, upotrebom pogodnih strojeva. Ovdje bi spadali vezani zemljani materijali: sve gline visoke do niske plastičnosti, prašinasto tlo; kao i nevezani materijali: pijesci, pjeskoviti šljunci, prirodne kamene drobine i slični materijali. ) ktg. dubine prema projektu za potrebe pripreme i izvedbe pristupnih rampi na prilazu i ulazu u objekt . Iskopani materijal zbrinuti, uklj. pristojbu za deponiju, ili deponirati za ponovnu ugradnju u potrebnom obimu za zatrpavanje a sve u dogovoru sa nadzornim inžinjerom. Deponij se može nalaziti u krugu radijusa maksimalno 30 km
B18: Količine iskopanih materijala veće od projektiranih ili količine neodobrene od nadzornog inženjera, tj. nastale pogreškom izvođača, ne plaćaju se.
B19: U jediničnu cijenu ukalkulirati iskop u prirodno sraslom stanju bez obzira na kategoriju zemljišta, utovar iskopanog materijala u prevozno sredstvo te odvoz iskopanog materijala na privremenu gradilišnu deponiju ili nasip u krugu autokampa. U jediničnoj cijeni također je sadržano čišćenje pokosa od labilnih blokova i rastresitog materijala, planiranje iskopanih susjednih površina te izvođač nema pravo zahtjevati bilo kakvu naknadu za taj rad. Stavka uključuje strojni iskop.
B20: - strojno skidanje humusa, sloj debljine 30-40 cm | C20: m3 | D20: 2996 | E20: 0.1 | F20: =D20*E20 -> 299.6
B21: - široki iskop ispod zgrade | C21: m3 | D21: 4829 | E21: 0.1 | F21: =D21*E21 -> 482.9
B22: - iskop ispod kolno pješačkih površina | C22: m3 | D22: 1835 | E22: 16 | F22: =D22*E22 -> 29360
B23: - iskop za trakaste temelje parapeta ograde | C23: m3 | D23: 285 | E23: 20 | F23: =D23*E23 -> 5700
B24: - iskop za temelje igrala za djecu | C24: m3 | D24: 35 | E24: 100 | F24: =D24*E24 -> 3500
A26: 2. | B26: Uređenje temeljnog tla mehaničkim zbijanjem
B27: Rad obuhvaća sve aktivnosti potrebne za osposobljavanje temeljnog tla za izradu nasipa ili mršavog betona iznad njega, a obuhvaća mehaničko zbijanje na Ms≥30 MN/m2, planiranje i postizanje optimalne vlažnosti vlaženjem ili sušenjem. Uređuje se temeljno tlo ispod trakastih temelja, podnih ploča građevina, kolnih i kolnopješačkih površina. Rad obuhvaća planiranje temeljnog tla na projektom predviđene kote s točnošću ±2,00cm, privremeno rješenje odvodnje temeljnog tla i drenažnog jarka. Obračunato po m2 uređenog temeljnog tla / posteljice, za izradu razdjelnog sloja i nasipa/tamponskog sloja iznad njega.
B28: - uređenje tla ispod građevina | C28: m2 | D28: 2156 | E28: 45 | F28: =D28*E28 -> 97020
B29: - uređenje tla ispod kolno-pješačkih površina | C29: m2 | D29: 2782 | E29: 2 | F29: =D29*E29 -> 5564
A31: 3. | B31: Izrada razdjelnog sloja
B32: Dobava i ugradnja geotekstila na spoju između prirodnog tla i nasipa , mase >300 g/m2, kao sloja čistoće na planumu min preklop 20 cm. Obračun prema tlocrtnoj površini , bez dodataka na preklop.
B33: - ispod građevina | C33: m2 | D33: 2156 | E33: 40 | F33: =D33*E33 -> 86240
B34: - ispod kolno-pješačkih površina | C34: m2 | D34: 2782 | E34: 4 | F34: =D34*E34 -> 11128
A36: 4. | B36: Izrada tamponskog sloja ( sloj ispod objekta )
B37: Dobava, doprema, nabijanje i ugradnja tamponskog sloja šljunka granulacije 0-32 mm, debljine 30cm, ispod poda objekta, a između nadtemeljnih greda. Slojeve šljunka u debljini od 15 cm zbiti do zbijenosti Ms=60MN/m2. U cijenu uključeno i planiranje na projektiranu kotu. Nasipavanjem oblikovati posteljicu za temeljnu ploču sa svim zadebljanjima - vidjeti plan oplate. Obračun po m3 izvedenog tampona u zbijenom stanju. Ispitivanje zbijenosti u cijeni stavke.
B38: Obračun po m3 | C38: m3 | D38: 4937 | E38: 0.1 | F38: =D38*E38 -> 493.7
A40: 5. | B40: Zatrpavanje temelja oko zgrade
B41: Zatrpavanje temelja oko zgrade materijalom iz iskopa. Prilikom nasipavanje potrebno je izvesti grubo planiranje terena. Količina je iskazana u zbijenom stanju zemlje.
B42: Obračun po m3 u zbijenom stanju | C42: m3 | D42: 794 | E42: 12 | F42: =D42*E42 -> 9528
A44: 6. | B44: Nasipavanje zemlje na neizgrađenom dijelu parcele
B45: Nasipavanje plodne zemlje iz iskopa na neizgrađenom dijelu parcele. Prilikom nasipavanje potrebno je izvesti grubo planiranje terena. Količina je iskazana u zbijenom stanju zemlje.
B46: Obračun po m3 u zbijenom stanju | C46: m3 | D46: 1123 | E46: 12 | F46: =D46*E46 -> 13476
A48: 7. | B48: Odvoz iskopanog materijala
B49: Utovar na kamion i odvoz viška iskopanog materijala na deponij. U cijeni utovar, istovar, transport te sve manipulativne radnje tijekom procesa. Deponij se nalazi u krugu radijusa do 30 km.
B50: Obračun po m3 odvezene zemlje u sraslom stanju | C50: m3 | D50: 8063 | E50: 1 | F50: =D50*E50 -> 8063
A52: =A2 -> II | B52: ZEMLJANI RADOVI | F52: =SUM(F15:F51) -> 270855.2

Sheet III OPL_KOLNIK
A2: III | B2: PJEŠAČKO KOLNIČKA KONSTRUKCIJA
A4: 1. | B4: Izrada posteljice od zrnatog kamenog materijala bez veziva debljine, zbijenosti Ms=40MN/m2
B5: Nakon preuzimanja ispitanog planuma u pogledu zabijenosti, ravnosti projektiranih nagiba, a sve prema važećim normama, pristupa se izradi nosivog sloja od zrnatog kamenog materijala. Za izradu ovog sloja treba upotrijebiti zrnati kameni materijal za koji je pribavljen atest o njegovoj podobnosti za izradu nosivog sloja. Kameni materijal se mora navoziti (navlačiti) tako da se ne ošteti izvedeni profil posteljice. Zahtjevana zbijenost za kolnik sa asfaltnim zastorom i sve ostale kolnopješačke površine iznosi Ms = 40 MN/m2. Sve nepravilnosti utvrđene za vrijeme zbijanja mora izvođač o svom trošku ukloniti. Sva tekuća i kontrolna ispitivanja treba vršiti prema važećim standardima i propisima u toku građenja. Ova stavka obuhvaća: a) pribavljanje atesta za kameni materijal prije početka radova Za prometnice i pješačke staze materijal 0/32. b) dopremu, razgrtanje, planiranje i profiliranje tamponskog sloja c) kontrola ravnine i visine izvedenog sloja d) sve radove na ispitivanju koji su potrebni za pravilno izveden sloj prema HRN U9.020. ili jednakovrijedno ___________. Obračunato po m3 ugrađenog sloja u zbijenom stanju, prema poprečnim profilima do potpune pogonske gotovosti.
B6: - drobljenac ispod asfalta frakcije 0/64mm d=50cm | C6: m3 | D6: 498 | E6: 50 | F6: =D6*E6 -> 24900
B7: - drobljenac ispod travnih rešetki frakcije 0/64mm d=50cm | C7: m3 | D7: 514 | E7: 50 | F7: =D7*E7 -> 25700
B8: - drobljenac ispod betonskih opločnika frakcije 0/64mm d=50cm | C8: m3 | D8: 281 | E8: 50 | F8: =D8*E8 -> 14050
B9: - drobljenac ispod gumene podloge frakcije 0/64mm d=50cm | C9: m3 | D9: 115 | E9: 50 | F9: =D9*E9 -> 5750
A11: 2. | B11: Izrada nosivog sloja od zrnatog kamenog materijala bez veziva debljine, zbijenosti Ms=100MN/m2
B12: Nakon preuzimanja ispitanog planuma u pogledu zabijenosti, ravnosti projektiranih nagiba, a sve prema važećim normama, pristupa se izradi nosivog sloja od zrnatog kamenog materijala. Za izradu ovog sloja treba upotrijebiti zrnati kameni materijal za koji je pribavljen atest o njegovoj podobnosti za izradu nosivog sloja. Kameni materijal se mora navoziti (navlačiti) tako da se ne ošteti izvedeni profil posteljice. Zahtjevana zbijenost za kolnik sa asfaltnim zastorom i sve ostale kolnopješačke površine iznosi Ms = 100 MN/m2. Sve nepravilnosti utvrđene za vrijeme zbijanja mora izvođač o svom trošku ukloniti. Sva tekuća i kontrolna ispitivanja treba vršiti prema važećim standardima i propisima u toku građenja. Ova stavka obuhvaća: a) pribavljanje atesta za kameni materijal prije početka radova Za prometnice i pješačke staze materijal 0/32. b) dopremu, razgrtanje, planiranje i profiliranje tamponskog sloja c) kontrola ravnine i visine izvedenog sloja d) sve radove na ispitivanju koji su potrebni za pravilno izveden sloj prema HRN U9.020. ili jednakovrijedno ___________. Obračunato po m3 ugrađenog sloja u zbijenom stanju, prema poprečnim profilima do potpune pogonske gotovosti.
B13: - drobljenac ispod asfalta frakcije 0/64mm d=40cm | C13: m3 | D13: 398 | E13: 50 | F13: =D13*E13 -> 19900
B14: - drobljenac ispod travnih rešetki frakcije 0/64mm d=40cm | C14: m3 | D14: 411 | E14: 50 | F14: =D14*E14 -> 20550
B15: - drobljenac ispod betonskih opločnika frakcije 0/64mm d=40cm | C15: m3 | D15: 224 | E15: 50 | F15: =D15*E15 -> 11200
B16: - drobljenac ispod gumene podloge frakcije 0/64mm d=40cm | C16: m3 | D16: 92 | E16: 50 | F16: =D16*E16 -> 4600
A18: 3. | B18: Izvedba kolničkih rubnjaka 18/24 i pješačkih rubnjaka 10/22
B19: Ova stavka obuhvaća: *dobavu gotovih betonskih rubnjaka iz betona C 40/50 te razvoz rubnjaka po gradilištu, *pripremu podloge, čišćenje, otkop ili nasipavanje sa nabijanjem kod podloge od kamena, * izrada i ugradnja betona C 12/15 vel. temelja 20/30 cm, za rubnjak 10/22 i veličine 30/40 za rubnjak 18/24 - podloge i zaloge, *polaganje rubnjaka u beton po pravcu i niveleti sa razmakom (spojnicom) do 0,50 cm, *svi prijevozi i prijenosti betona i pomoćnog materijala, *zalijevanje spojnica cementnim mortom omjera 1:2, *njega betona, *ispitivanje kvalitete rubnjaka sa pribavljanjem atesta. Izvedba radova, obračun radova i kontrola kvalitete prema OTU 3-04.7.1. ili jednakovrijedno. Rubnjake koji se izvode u radiusu izvesti od komada proizvedenih u projektiranom radiusu. Obračun po m1 ugrađenog rubnjaka uzdignuto i upušteno do potpune pogonske gotovosti.
B20: - rubnjaci 18/24 cm uz kolnik, temelj 0,12m3/m' (beton C12/15) uzdignuti i upušteni | C20: m1 | D20: 340 | E20: 30 | F20: =D20*E20 -> 10200
B21: - rubnjaci 10/22 cm uz uređene površine, temelj 0,07m3/m' (beton C12/15) uzdignuti i upušteni | C21: m1 | D21: 1045 | E21: 20 | F21: =D21*E21 -> 20900
B23: OPĆA NAPOMENA ZA IZRADU SVIH VRSTA ASFALTERSKIH RADOVA
B24: U cijenu mora biti uračunato: a) sva potrebna odsijecanja asfalta kao i prskanja podloge b) tekuća i kontrolna ispitivanja, te pribavljanje atesta od ovlaštenog poduzeća.
A26: 4. | B26: Izvedba AC 32 base, BIT 50/70 AG6 M 2E, debljine d=8cm
B27: Izvedbi donjeg nosivog sloja može se prići nakon ispitanog i po nadzornom inženjeru preuzetom donjem nosivom sloju. Ova stavka obuhvaća: - dobavu i dopremu asfaltne mješavine d=8cm - čišćenje i prskanje podloge za AC 32 base - razastiranje, valjanje i njega AC 32 base. Obuhvaćen je sav materijal, rad i alat na izradi sloja kao i sva potrebna tekuća i kontrolna ispitivanja s izradom atesta za dokaz kvalitete ugrađenog sloja. Asfaltiranje se vrši strojno i ručno. Obračunato po m2 ugrađenog sloja, sve do potpune pogonske gotovosti.
C28: m2 | D28: 994 | E28: 30 | F28: =D28*E28 -> 29820
A30: 5. | B30: Izvedba završnog sloja kolnika od asfaltbetona AC 11 surf, BIT50/70, AG3 M 3E, debljine d= 4 cm
B31: Izradi ovog sloja može se prići nakon propisno izvedenog i po nadzornom inženjeru preuzetom AC base. Ova stavka obuhvaća: - dobavu i dopremu asfaltne mješavine, - čišćenje i prskanje podloge za asfaltbeton, - razastiranje, valjanje i njega asfaltbetona. Obuhvaćen je sav materijal, rad i alat na izradi sloja kao i sva potrebna tekuća i kontrolna ispitivanja s izradom atesta za dokaz kvalitete ugrađenog sloja. Asfaltiranje se vrši strojno i ručno. Obračunato po m2 ugrađenog sloja, debljine d=4cm, sve do potpune pogonske gotovosti.
C32: m2 | D32: 994 | E32: 25 | F32: =D32*E32 -> 24850
A34: 6. | B34: Izvedba travne rešetke s ispunom supstratom
B35: Dobava i ugradnja travnih rešetki od recikliranog polietilena HDPE, dimenzija 620x620x100mm za parkirališta teretnih vozila i protupožarne puteve, atestiranih za vatrogasni pristup (100 kN/osovina). Površina po kom: 0,403 m2/kom.
B36: Stavka obuhvaća izradu, dobavu potrebnih materijala i ugradnju svih slojeva završne podne obloge travnim rešetkama na nosivi sloj drobljenog kamenog materijala.
B37: Postava travnih rešetki se vrši na dobro uvaljani sloj pijeska za poravnanje granulacije 0/4mm debljine sloja 5 cm i geotekstil 300g/m2. Uključeno u jediničnu cijenu stavke.
B38: Elementi travne rešetke se polažu s minimalnom širinom reške uz dilataciju od 1cm do rubnjaka.
B39: Izrezivanje rubnih elemenata radi upasivanja do izvedenog rubnjaka i sl. uključeno je u cijenu.
B40: Travne rešetke se pune supstratom, mješavinom kvalitetne vrtne zemlje i mješavinom komposta i treseta (mješavina 50% kvalitetna vrtna zemlja, 25% kompost, 25% treset). Zemlja u travnim rešetkama se nabija mlazom minivoša.
B41: Kada nivo zemlje padne za 2cm, sije otporna travna mješavina (1 kg za 15 m2), te se dodaje sporootpuštajuće gnojivo kao npr. tip Osmocote Maintenance ili jednakovrijedan proizvod, doza prema uputi proizvođača.
B42: Nakon toga se sjeme prekrije u sloju 2 cm sa supstratom, mješavinom kvalitetne vrtne zemlje te mješavinom komposta i treseta (mješavina 50% kvalitetna vrtna zemlja, 25% kompost, 25% treset)
B43: U cijenu uključeni materijal i radovi.
B44: Sastav travne mješavine za travne rešetke:
B45: Poa pratensis 40%, Festuca nigrescens 30%, Festuca ovina 15%, Festuca rubra ssp.rubra 15%
B46: Tijekom klijanja, trava se treba redovno navodnjavati. Preko netom posijane trave tijekom klijanja ne smije se voziti.
... B48: Sve uključeno u jediničnu cijenu stavke.
B49: Obračunato po m2 do potpune gotovosti. | C49: m2 | D49: 1029 | E49: 55 | F49: =D49*E49 -> 56595
B51: PREDGOTOVLJENI BETONSKI OPLOČNICI - opločenje pješačkih puteva
B53: NAPOMENE ZA SVE RADOVE OPLOČENJA OD PREDGOTOVLJENIH BETONSKIH OPLOČNIKA:
B55: Izvedena površina opločenja prefabriciranim betonskim opločnicima treba zadovoljiti nosivost i čvrstoću za promet vatrogasnim vozilom prema važećim propisima. Ms = 100 MN/m2
B56: Ploče trebaju biti izrađene tehnologijom vibroprešanih betona sa završnim slojem pjeskarene površinske obrade, impregnirane hidrofobnom impregnacijom radi lakšeg čišćenja i minimalne vodoupojnosti. Zaštita impregnacijom treba reducirati cvjetanje vapnenca i dati jači intenzitet boja. Sve uključeno u jediničnu cijenu stavki.
B57: Reške opločenja se zapunjavaju suhim kvarcnim pijeskom boje prema izboru investitora (granulacije 0,1-1,2 mm) nakon vibriranja utvrđenog opločenja. Zapunjavanje treba ponoviti više puta uz vibriranje do potpunog zapunjavanja reški. Kvarcni pijesak se miješa s biocidnim fungicidnim sredstvom za spriječavanje razvoja mahovine, prema uputama proizvođača i projektanta hortikulture. Sve uključeno u jediničnu cijenu stavki.
B58: Zapunjavanje reški se vrši nakon isušivanja podložnog sloja na kojem su postavljene kocke.
A60: 7. | B60: Opločenje pješačkih površina predgotovljenim betonskim opločnicima.
B61: Izrada, dobava potrebnih materijala i montaža predgotovljenih betonskih opločnika kolno-pješačkih površina, dimenzije, boje, završne obrade i sheme polaganja iz standardne palete izvođača po izboru investitora. Dimenzija opločnika cca 40/60 cm, debljina opločnika 8 cm.
B62: Opločnici sa završnim slojem i završnom obradom iz standardne palete proizvođača po izboru investitora.
B63: Iskop tla te izrada nosivog sloja od zrnatog kamenog materijala obuhvaćeni su zasebnim stavkama ovog troškovnika.
B64: Postava betonskih opločnika se vrši na sloj pijeska granulacije 2,0-4,0mm i cementa u omjeru 1:4 debljine sloja 5 cm.
B65: Elementi se polažu s prosječnom širinom reške od cca 5 mm. Izrezivanje rubnih elemenata radi upasivanja do izvedenog rubnjaka i sl. uključeno je u cijenu.
B66: Ova stavka obuhvaća slijedeće radove:
B67: _izradu predgotovljenih betonskih opločnika
B68: _dopremu betonskih opločnika sa svim prijenosima i prijevozima
B69: _dobavu i razastiranje sloja pijeska i cementa sa svim prijenosima, omjer 4:1
B70: _postavljanje betonskih opločnika s vibriranjem
B71: _pjeskarenje reški izvedene površine s vibriranjem
B72: _pribavljanje dokaza o sukladnosti
B73: Uključena izvedba skošenja opločenja za izvedbu rampi pješačkih prijelaza prema visinski točno pozicioniranom rubnjaku u dimenzijama prema projektu. Uključeno u jedinične cijene stavki.
B74: Obračun po m2 kompletno dovršenog opločenja. | C74: m² | D74: 562 | E74: 60 | F74: =D74*E74 -> 33720
B76: GUMENA PODLOGA DJEČJEG IGRALIŠTA
A78: 8. | B78: Gumena podloga igrališta
B79: Nabava, transport, priprema i izvedba lijevane podne sigurnosne površine za i oko igrališta prema specifikacijama boja i ornamentima prema izboru investitora. Ukupna debljina dvoslojne lijevane gumene obloge iznosi 45mm. Na predhodno izrađenu betonsku podlogu, postavlja se osnovni gumeni sloj minimalne debljine od 35 mm granulacije 12 mm (mješavina elastičnog granulata u omjeru 50% SBR granulata i 50% EPDM granulata i PU veziva). Nakon razastiranja i zbijanja istog te oblikovanja i ugradnje tematskih ornamenata ("školica" dim. 100 x 300 cm), ugrađuje se završni sloj granulacije 3-4 mm, debljine 10 mm (mješavina EPDM granulata u 5 različitih nijansi u jednakom omjeru iz standardne palete prizvođača - boje - crvena, plava, zelena, narančasta, ljubičasta i PU veziva) uz valjanje i preciznu obradu rubova. Završni sloj mora biti UV stabilan, protuklizan, otporan na istezanje, abraziju i požar. Proizvod treba posjedovati certifikat usklađen sa EN1177:2008 ili jednakovrijedno. Certificirana HIC vrijednost visine slobodnog pada iznosi 1,5 m. Obračun po m2 postavljene antitraumatske podloge.
C80: m2 | D80: 190 | E80: 120 | F80: =D80*E80 -> 22800
A82: 9. | B82: Prometni znakovi
B83: Dobava i ugradnja prometnih znakova: dobaviti znakove standardne proizvodnje i obrade, propisanih boja i zaštite, sa stupom za postavu, završno obrađene sa svim potrebnim za ugradnju. Ugraditi na projektom predviđena mjesta. Obračun po komadu ugrađenog prometnog znaka.
B84: - prometni znak „obaveznog zaustavljanja – STOP“ | C84: kom | D84: 2 | E84: 500 | F84: =D84*E84 -> 1000
B85: - prometni znak "invalidsko parkirno mjesto" | C85: kom | D85: 1 | E85: 500 | F85: =D85*E85 -> 500
B86: - prometni znak "parkiralište" | C86: kom | D86: 1 | E86: 500 | F86: =D86*E86 -> 500
A88: 10. | B88: Oznake na kolniku
B89: Dobava materijala i iscrtavanje oznaka na kolniku. Materijal koji se koristi za označavanje na kolniku treba biti trajan i ne smije mijenjati boju. Koeficijent trenja treba biti približno jednak kao kod kolnika,sa maksimalnim odstupanjem + 5% kod suhog i + 10% kod mokrog kolnika. Izvedba oznaka na kolniku u svemu prema projektu prometnog rješenja, opisu iz tehničkih uvjeta kao i Pravilniku o prometnim znakovima i signalizaciji na cestama, uključivo sav potreban rad i materijal. Obračun po m2 iscrtane površine, ili po komadu posebne oznake.
B90: - linearne oznake (razdijelne crte, pješački prijelazi, stop linija, oznake parkirališnih mjesta) | C90: m2 | D90: 72 | E90: 20 | F90: =D90*E90 -> 1440
B91: - oznaka invalidskog parkirnog mjesta | C91: kom | D91: 2 | E91: 150 | F91: =D91*E91 -> 300
A93: 11. | B93: Taktilne površine na nogostupu
B94: Dobava, dostava i montaža taktilnih površina vođenja slijepih i slabovidnih osoba. Trake površine u sklopu asfaltne pristupne plohe. Sastoje se od taktilnih crta za vođenja i taktilnih polja upozorenja. Taktilna površina izvodi se od pojedinačnih elemenata-vodilica i čepova. Pojedinačni elementi izdignuti su od površine maksimalno 5mm izrađeni su od inoxa i protuklizne smjese. Na podlogu od asfalta pričvršćuje se zabušivanjem (sidrenjem). Taktilne površine izvode se tako da se vodilice i čepovi slažu u liniju od 4 kom. Boja protuklizne smjese u kontrastu s podlogom.
B95: Potrebna količina pojedinačnih vodilica po mt je 12 kom. Potrebna količina pojedinačnih čepova po polju (40x40 cm) je 16 kom.
B96: obračun po mt (40cm x 1m) za crtu vođenja i kom za polje upozorenja (40x40 cm)
B97: - taktilna crta vođenja | C97: m1 | D97: 72 | E97: 50 | F97: =D97*E97 -> 3600
B98: - taktilno polje upozorenja | C98: kom | D98: 3 | E98: 500 | F98: =D98*E98 -> 1500
A100: =A2 -> III | B100: PJEŠAČKO KOLNIČKA KONSTRUKCIJA | F100: =SUM(F4:F99) -> 334375

Sheet IV AB RADOVI
A2: IV | B2: BETONSKI I ARMIRANOBETONSKI RADOVI
A4: 1. | B4: Trakasti temelji
B5: Dobava materijala, transport i betoniranje AB trakastih temelja objekta poprečnog presjeka 60x50 cm, 80x50 cm 130x50 cm, 150x50 cm, 195x50 cm, u potrebnoj oplati Izvesti betonom C25/30 sa maximalnim V/C faktorom 0,6 , sa dodatkom za vodonepropusnost kvalitete VDP 2. Beton srednjeg presjeka, armirati sa armaturom kvalitete B500B. Svi distanceri i držači armature u cijeni. Zaštitni sloj betona prema armaturi izvesti prema statičkom izračunu i uvjetima djelovanja okoline-XC2 ( vlažna okolina rijeđe suha ). Obračun za kompletan rad i materijal iz opisa po m3 ugrađenog betona, m2 oplate. U cijenu je uključena dobava i ugradba betona, njega betona, te dobava i postava oplate, uključujuću skidanje i čišćenje oplate, a sve prema pravilima struke.
B6: - beton C25/30 | C6: m3 | D6: 243 | E6: 900 | F6: =D6*E6 -> 218700
B7: - oplata | C7: m2 | D7: 715 | E7: 50 | F7: =D7*E7 -> 35750
A9: 2. | B9: AB podna ploča prizemlja
B10: Dobava materijala, transport i betoniranje AB podne ploče prizemlja debljine 15 cm, u potrebnoj oplati Izvesti betonom C25/30 sa maximalnim V/C faktorom 0,6 , sa dodatkom za vodonepropusnost kvalitete VDP 2. Ploče se izvode ravne ili u padu prema planu oplate. Beton srednjeg presjeka, armirati sa armaturom kvalitete B500B. Svi distanceri i držači armature u cijeni. Zaštitni sloj betona prema armaturi izvesti prema statičkom izračunu i uvjetima djelovanja okoline-XC2 ( vlažna okolina rijeđe suha ). Obračun za kompletan rad i materijal iz opisa po m3 ugrađenog betona, m2 oplate. U cijenu je uključena dobava i ugradba betona, njega betona, te dobava i postava oplate, uključujuću skidanje i čišćenje oplate, a sve prema pravilima struke.
B11: beton C25/30 | C11: m3 | D11: 308 | E11: 180 | F11: =D11*E11 -> 55440
B12: oplata | C12: m2 | D12: 78 | E12: 50 | F12: =D12*E12 -> 3900
A14: 3. | B14: Armirano betonski nadtemeljni zidovi
B15: Betoniranje armirano betonskih nadtemeljnih zidova u dvostranoj glatkoj oplati, debljine 20-25 cm, betonom C25/30 sa maximalnim V/C faktorom 0,6 , sa dodatkom za vodonepropusnost kvalitete VDP 2. Beton srednjeg presjeka, armirati sa armaturom kvalitete B500B. Svi distanceri i držači armature u cijeni. Zaštitni sloj betona prema armaturi izvesti prema statičkom izračunu i uvjetima djelovanja okoline-XC2 ( vlažna okolina rijeđe suha ). Betoniranje zidova izvesti sukladno Programu kontrole i kvalitete, u pripremljenu dvostranu glatku oplatu uz obavezno pervibriranje. U oplati zida predvidjeti sva oslabljenja i otvore, te ugraditi sve potrebne instalacije. Razred konzistencije S3. Razred sadržaja klorida Cl 0.2. Razred maksimalnog zrna agregata Dmax16. Nakon ugradnje betona potrebno je obavezno njegovati beton sukladno Programu kontrole i kvalitete. Cijena stavke uključuje nabavu i dopremu na gradilište betona klase C25/30, spravljenog u betonari, te sav potreban osnovni i pomoćni materijal, te rad ljudi i strojeva pri ugradnji.
B16: - beton C25/30 | C16: m3 | D16: 615 | E16: 1 | F16: =D16*E16 -> 615
B17: - oplata | C17: m2 | D17: 4438 | E17: 0.1 | F17: =D17*E17 -> 443.8
A19: 4. | B19: Krovna ploča
B20: Dobava materijala, transport i betoniranje krovnih ravnih AB ploča sa i bez konzolnog prepusta na krajevima sa uključenim pripadnim gredama ispod ili iznad ploče. Izvesti sa betonom srednjeg presjeka ( d= 20 cm) C25/30. Ploče izvesti bez neravnina i gnijezda. Prilikom betoniranja ugraditi sve elemente predviđene za ugradbu (prodori kroz ploču, ventilacijski otvori i sl.) Visina podupiranja do max. 7,0 m. Ploče armirati prema statičkom računu i planu armature sa armaturom kvalitete B500B. Zaštitni sloj betona prema armaturi izvesti prema statičkom izračunu i uvjetima djelovanja okoline-XC1. Svi distanceri i držači armature u cijeni. Izvedbu uskladiti sa betoniranjem osnovne nosive AB konstrukcije zidova, stupova i greda. Obračun za kompletan rad i materijal iz opisa po m3 ugrađenog betona, m2 oplate.
B21: U cijenu je uključena dobava i ugradba betona, njega betona, te dobava i postava oplate, uključujuću skidanje i čišćenje oplate, dobava i ugradnja armature, te po m1 oplate visine 20 i 25 cm za rubove. Izvođač je dužan u potpunosti izvoditi glatke i ravne betone u skladu sa HRN ili jednakovrijedno ___________________.
B22: U oplati izvesti prodore za rešetke za ozračivanje - detalji u strojarskom projektu.
B23: Ploča ravnog krova d=20 cm
B24: - beton C25/30 | C24: m3 | D24: 391 | E24: 180 | F24: =D24*E24 -> 70380
B25: - oplata horizontalna | C25: m2 | D25: 1923 | E25: 50 | F25: =D25*E25 -> 96150
B26: - oplata vertikalna | C26: m2 | D26: 112 | E26: 50 | F26: =D26*E26 -> 5600
A28: 5. | B28: Armirano betonski zidovi
B29: Betoniranje armirano betonskih nosivih zidova u glatkoj oplati završno spremno za soboslikarsku obradu ili keramičarske radove, debljine 20-25 cm, betonom klase C25/30 pripremljenim u betonari. Betoniranje zidova izvesti sukladno Programu kontrole i kvalitete, u pripremljenu dvostranu glatku oplatu uz obavezno pervibriranje. U oplati zida predvidjeti sva oslabljenja i otvore, te ugraditi sve potrebne instalacije. Razred čvrstoće betona C25/30. Razred izloženosti XC2. Razred konzistencije S3. Razred sadržaja klorida Cl 0.2. Razred maksimalnog zrna agregata Dmax16. Nakon ugradnje betona potrebno je obavezno njegovati beton sukladno Programu kontrole i kvalitete. Cijena stavke uključuje nabavu i dopremu na gradilište betona klase C25/30, spravljenog u betonari, te sav potreban osnovni i pomoćni materijal, te rad ljudi i strojeva pri ugradnji.
B30: zidovi vanjski, atika krova i odušnici
B31: - beton C25/30 | C31: m3 | D31: 73 | E31: 180 | F31: =D31*E31 -> 13140
B32: - oplata | C32: m2 | D32: 589 | E32: 50 | F32: =D32*E32 -> 29450
A34: 6. | B34: Armirano betonski stupovi i vertikalni serklaži
B35: Betoniranje armirano betonskih stupova i vertikalnih serklaža u glatkoj oplati završno spremno za soboslikarsku obradu ili keramičarske radove, betonom klase C25/30 pripremljenim u betonari. Stupovi su sastavni djelovi strukture nosivie konstrukcije. Betoniranje stupova izvesti sukladno Programu kontrole i kvalitete, u pripremljenu četverostranu glatku oplatu uz obavezno pervibriranje. U oplati zida predvidjeti sva oslabljenja i otvore, te ugraditi sve potrebne instalacije. Razred čvrstoće betona C25/30. Razred izloženosti XC2. Razred konzistencije S3. Razred sadržaja klorida Cl 0.2. Razred maksimalnog zrna agregata Dmax16. Cijena stavke uključuje nabavu i dopremu na gradilište betona klase C25/30, spravljenog u betonari, te sav potreban osnovni i pomoćni materijal, te rad ljudi i strojeva pri ugradnji.
B36: - beton C25/30 | C36: m3 | D36: 47 | E36: 250 | F36: =D36*E36 -> 11750
B37: - oplata | C37: m2 | D37: 404 | E37: 60 | F37: =D37*E37 -> 24240
A40: 7. | B40: Armirano betonske grede, nadvoji i horizontalni serklaži
B41: Betoniranje armirano betonskih greda, nadvoja i horizontalnih serklaža u glatkoj oplati završno spremno za soboslikarsku obradu ili keramičarske radove, betonom klase C25/30 pripremljenim u betonari. Grede su sastavni djelovi strukture nosive konstrukcije. Betoniranje greda izvesti sukladno Programu kontrole i kvalitete, u pripremljenu trostranu glatku oplatu uz obavezno pervibriranje. U oplati zida predvidjeti sva oslabljenja i otvore, te ugraditi sve potrebne instalacije. Razred čvrstoće betona C25/30. Razred izloženosti XC2. Razred konzistencije S3. Razred sadržaja klorida Cl 0.2. Razred maksimalnog zrna agregata Dmax16. Nakon ugradnje betona potrebno je obavezno njegovati beton sukladno Programu kontriole i kvalitete. Cijena stavke uključuje nabavu i dopremu na gradilište betona klase C25/30, spravljenog u betonari, te sav potreban osnovni i pomoćni materijal, te rad ljudi i strojeva pri ugradnji.
B42: - beton C25/30 | C42: m3 | D42: 36 | E42: 250 | F42: =D42*E42 -> 9000
B43: - oplata | C43: m2 | D43: 145 | E43: 70 | F43: =D43*E43 -> 10150
A45: 8. | B45: Armirano betonska stubišta na tlu
B46: Dobava materijala, transport i betoniranje AB stubišta betonom C25/30 u potrebnoj glatkoj oplati. Ploče izvesti bez neravnina i gnijezda. Stubište armirati prema statičkom računu i planu armature sa armaturom kvalitete B500B. Zaštitni sloj betona prema armaturi izvesti prema statičkom izračunu i uvjetima djelovanja okoline XC2. Svi distanceri i držači armature u cijeni. Izvedbu uskladiti sa betoniranjem osnovne nosive AB konstrukcije zidova, stupova i greda. Obračun za kompletan rad i materijal iz opisa po m3 ugrađenog betona, m2 oplate. U cijenu je uključena dobava i ugradba betona, njega betona, te dobava i postava oplate, uključujuću skidanje i čišćenje oplate, dobava i ugradnja armature.
B47: - beton | C47: m3 | D47: 6 | E47: 300 | F47: =D47*E47 -> 1800
B48: - oplata | C48: m2 | D48: 30 | E48: 100 | F48: =D48*E48 -> 3000
A50: 9. | B50: Podložni beton
B51: Dobava materijala, transport i betoniranje podložne betonske podloge C12/15 debljine 10 cm ispod temeljnih ploča i drugih elemenata na mjestu denivelacije i drugih lokacija u i oko objekta. U cijenu je uključena dobava i ugradba betona, njega betona, sve prema pravilima struke.
B52: Obračun po m3 ugrađenog betona | C52: m3 | D52: 206 | E52: 160 | F52: =D52*E52 -> 32960
A54: 10. | B54: Beton za pad
B55: Dobava materijala, transport i betoniranje podložne lagano armirane betonske podloge C20/25 sa izvedenim nagibom za odvod oborinske vode prema projektu. Padove usmjeriti prema izljevnim mjestima - vodolovnim grlima. U cijenu je uključena dobava i ugradba betona, njega betona, sve prema pravilima struke.
B56: debljine 5-20 cm | C56: m3 | D56: 280 | E56: 170 | F56: =D56*E56 -> 47600
A58: 11. | B58: Temelji i parapet ograde
B59: Betoniranje armirano betonskih temelja dimenzija 40x40 cm i parapeta ograde debljine 30 cm u glatkoj oplati završno vidljivi beton, betonom klase C25/30 pripremljenim u betonari. Betoniranje zidova izvesti sukladno Programu kontrole i kvalitete, u pripremljenu dvostranu glatku oplatu uz obavezno pervibriranje. U oplati zida predvidjeti sva oslabljenja i otvore, te ugraditi sve potrebne instalacije. Razred čvrstoće betona C25/30. Razred izloženosti XC2. Razred konzistencije S3. Razred sadržaja klorida Cl 0.2. Razred maksimalnog zrna agregata Dmax16. Nakon ugradnje betona potrebno je obavezno njegovati beton sukladno Programu kontrole i kvalitete. Cijena stavke uključuje nabavu i dopremu na gradilište betona klase C25/30, spravljenog u betonari, te sav potreban osnovni i pomoćni materijal, te rad ljudi i strojeva pri ugradnji.
B60: - beton temelji C25/30 | C60: m3 | D60: 89 | E60: 190 | F60: =D60*E60 -> 16910
B61: - dvostrana oplata temelji | C61: m2 | D61: 412 | E61: 40 | F61: =D61*E61 -> 16480
B62: - beton parapet C25/30 | C62: m3 | D62: 149 | E62: 180 | F62: =D62*E62 -> 26820
B63: - dvostrana oplata parapet | C63: m2 | D63: 913 | E63: 40 | F63: =D63*E63 -> 36520
A65: 12. | B65: Podna ploča dječjeg igrališta
B66: Betoniranje podne ploče debljine 12 cm dječjih igrališta, betonom klase C25/30. Ploča na tlu izvodi se na podlozi od zaštitnog sloja betona. Ugradnju betona potrebno je izvesti sukladno Programu kontrole i kvalitete, uz obavezno pervibriranje sa završnim finim niveliranjem svježe ugrađenog betona. U ploču, prije betoniranja, potrebno je ugraditi sve potrebne instalacije. Nakon ugradnje betona potrebno je obavezno njegovati beton sukladno Programu kontrole i kvalitete. Razred čvrstoće betona C25/30. Razred izloženosti XC2. Razred konzistencije S3. Razred sadržaja klorida Cl 0.2. Razred maksimalnog zrna agregata Dmax32. Cijena stavke uključuje nabavu i dopremu na gradilište betona klase C25/30, spravljenog u betonari; dobavu, izradu, siječenje, savijanje, postavu i vezivanje armature, sve prema statičkom računu i nacrtima savijanja armature, te sav potreban osnovni i pomoćni materijal, te rad ljudi i strojeva pri ugradnji. Obračun po m2 oplate i m3 ugrađenog betona.
B67: - beton C25/30 | C67: m3 | D67: 28 | E67: 200 | F67: =D67*E67 -> 5600
B68: - oplata vertikalna | C68: m2 | D68: 35 | E68: 50 | F68: =D68*E68 -> 1750
A70: 13. | B70: Dobava, izrada, siječenje, savijanje, postava i vezivanje armature kvalitete prema statičkom računu i nacrtima savijanja armature. Obračun po kg ugrađene armature. Čelik B500B.
B72: armaturne mreže i šipke | C72: kg | D72: 226230 | E72: 1.5 | F72: =D72*E72 -> 339345
A74: =A2 -> IV | B74: =B2 -> BETONSKI I ARMIRANOBETONSKI RADOVI | C74: UKUPNO | F74: =SUM(F4:F73) -> 1113493.8

Sheet V ZIDARSKI
A2: V | B2: ZIDARSKI RADOVI
A4: 1. | B4: Zidanje zidova blok opekom
B5: Dobava i zidanje zidova prema grafičkim prilozima. Zidanje se izvodi zidanim elementima skupine 2 (njega uranjanjem u vodu) debljine 25 cm u jednom sloju, srednje tlačne čvrstoće 10 N/mm2 i mortom opće namjene minimalne marke M7,5. Prvi red blokova potrebno je postaviti na idealno ravan u oba smjera sloj cemetnog morta 1:2 debljine 2-5 cm ovisno o točnosti izvedene podloge. Sve ostale horizontalne i vertikalne sljubnice (fuge) potrebno je ispuniti po cijeloj površini mortom max. debljine 15 mm. Prilikom zidanja nije dozvoljeno preklapanje vertikalnih sljubnica. Min. razmak između vertikalnih sljubnica dva susjedna reda smije biti 10 cm. Obračun po m3 zida.
C6: m3 | D6: 394 | E6: 250 | F6: =D6*E6 -> 98500
A8: 2. | B8: Žbukanje zidova
B9: Dobava i izrada grube i fine žbuke unutrašnjih i vanjskih površina zidova od blok opeke produžnom vapneno-cementnim mortom M 2,5 debljine 2 cm. Površine prethodno pripremiti za žbukanje špricom cementnim mlijekom. U cijeni stavke je i rabitiziranje spojeva različitih materijala. Potrebna radna skela je u cijeni stavke. Otvori nisu odbijani, te je cijena izrade špaleta u cijeni stavke. Obračun po m2 zida.
C10: m2 | D10: 2997 | E10: 15 | F10: =D10*E10 -> 44955
A12: 3. | B12: Cementni estrih s plivajućim podom
B13: Dobava i ugradba plivajućeg cementnog estriha (2200 kg/m3), debljine 4-7,5 cm u slojevima poda prizemlja i kata armiranog rabitz pletivom. Na spoju sa zidovima ugraditi traku elasticificiranog polistirena (eEPS), debljine d=2cm, visine od podložne toplinske /zvučne izolacije, do 1cm iznad razine završenog i poravnatog estriha. U stavku je uključena i nabava materijala i postavljanje zaštitne PE folije, koja se postavlja na podložnu toplinsku/zvučnu izolaciju, te podiže uz rubnu traku EPS-a, a sve prije ugradnje estriha. Obračun po m2 izvedenog estriha.
B14: Glazuru , minimalne čvrstoće na tlak od 25 N/mm2 ,rabicirati pocinčanim, punktiranim pletivom Φ 5 mm sa oknima max 10x10 cm ( ili polikarbonatnim vlaknima).
B15: Izvoditi radne reške rezanjem u 2/3 debljine sloja. Izvoditi ih da ni jedna dimenzije polja estriha nije veća od 10 m te ih izvoditi ispod svih vratiju. ( U slučaju uskih i dugih prosotrija postaviti radne reške svakih 10 m, tj, ravnomjerno ih rasporediti po duljoj stranici tog prostora). Izvedba radnih reški na način da je max površina plivajućeg poda unutar radnih reški 30 m2.
B16: Gornju površinu zagladiti do crnog sjaja strojnom obradom. Izvesti rubne reške koje trajno razdvajaju glazuru i zidove, a načinjene su od polistirena debljine min 1 cm. Obračun po m2 izvedene glazure zajedno sa PVC folijom i "rabic" pletivom
B17: - plivajući pod s estrihom 6 cm | C17: m2 | D17: 1015 | E17: 16 | F17: =D17*E17 -> 16240
B18: - plivajući pod s estrihom 7 cm | C18: m2 | D18: 374 | E18: 16 | F18: =D18*E18 -> 5984
B19: - plivajući pod s estrihom u padu na terasama 5-10 cm | C19: m2 | D19: 412 | E19: 18 | F19: =D19*E19 -> 7416
A22: 4. | B22: Dobava i ugradba aluminijskih pragova
B23: Dobava i ugradba aluminijskih pragova od kutnog profila L 30 x 30 mm na mjestima gdje je razlika u podu po visini ili vrsti materijala. U jediničnoj cijeni učvršćenje aluminijskog kutnog profila za drveni ili aluminijski dovratnik. Obračun po komadu ugrađenog praga i po m1ugrađenog profila na razdjeljivanim površinama.
B24: prag dužine do 1 m | C24: kom | D24: 40 | E24: 40 | F24: =D24*E24 -> 1600
A26: 5. | B26: Zatvaranje naknadno izvedenih šliceva.
B27: Zatvaranje naknadno izvedenih šliceva izvedbom grube i fine žbuke i rabiciranjem spoja sa okolnom površinom što ulazi u cijenu. Širina rabica cca 20 cm. Izvodi se nakon položene instalacije ili druge ugrađene opreme.
C28: m1 | D28: 250 | E28: 20 | F28: =D28*E28 -> 5000
A30: 6. | B30: Zatvaranje prodora u zidu i podu
B31: Dobava i doprema materijala i zatvaranje prodora u zidu i podu nakon postave instalacija. U cijenu uključiti sve potrebne predradnje, čišćenje, otprašivanje, povezivanje s postojećim konstrukcijama. Izvesti špricanje cijele površine prodora rijetkim cementnim mortom i zapunjavanje prodora betonom. Zidni prodori dimenztija 30/30 cm, podni prodori dimenzija 20/20 cm.
B32: - zidni prodori | C32: kom | D32: 15 | E32: 50 | F32: =D32*E32 -> 750
B33: - podni prodori | C33: kom | D33: 35 | E33: 50 | F33: =D33*E33 -> 1750
A35: 7. | B35: Šljunak
B36: Dobava oblutaka granulacije 30-50 mm. Sloj oblutaka je predviđen na ravnom krovu u debljini od 5,0 cm. U stavku uključen sav potreban materijal i pribor. Obračun po m3 izvedene šljunčane površine.
C37: m3 | D37: 95 | E37: 250 | F37: =D37*E37 -> 23750
A39: =A2 -> V | B39: =B2 -> ZIDARSKI RADOVI | C39: UKUPNO | F39: =SUM(F1:F38) -> 205945

Sheet VI IZOLAT
A2: VI | B2: IZOLATERSKI RADOVI
A4: 1. | B4: Hidroizolacija podne ploče i zidova u tlu
B5: Dobava i izvedba horizontalne i vertikalne HI ploče na tlu i zidova u tlu. Hidroizolacija se izvodi iz dva sloja fleksibilne polimer bitumenske trake (2x5 mm) uz predhodni hladan premaz resitolom. Sve izvesti prema uputi proizvođača HI. Staklena tkanina impregnirana i obostrano obložena fleksibilnom polimer bitumenskom masom. Traka je zaštićena obostrano folijom. Trake se izvode na prethodno izvedene nadtemlne zidove i donju betonsku podlogu Uključen kompletan rad, materijal i pribor. Obračun po m² izvedene HI.
B6: - horizontalna hidroizolacija | C6: m² | D6: 1596 | E6: 27 | F6: =D6*E6 -> 43092
A8: 2. | B8: Izvedba tekuće hidroizolacije poda i zidova u sanitarijama i vanjskih površina podova
B9: Dvokomponentni visokoelastični cementni mort za hidroizolaciju + armirna alkalno-otporna mrežica od staklenih vlakana. Izvodi se na podove i na zidove do visine od 2,2 m. Izvedba hidroizolacijskog sustava dvokomponentnim visoko fleksibilnim cementnim mortom. . Hidroizolacija mora zadovoljiti normu EN 14891 ili jednakovrijedno _________________________ te premostiti pokotinu ≥ 0,75 mm pri temperaturama od -20°C i +23°C. Izvedba u 2 sloja ukupne debljine min. 2 mm, s tim da se u prvi sloj utisne mrežica od alkalno otpornih staklenih vlakana. Na mjestima dilatacijskih fuga, spojeva između vodoravnih i okomitih površina te odvoda, potrebno je ugraditi gumiranu poliestersku traku s alkalno otpornim filcem, kutne elemente i manžete. Trake se međusobno lijepe super ljepilom za spajanje PVC cijevi. Ljepilo nakon sušenja mora biti otporno na hladnu i vruću vodu. Otpornost na smrzavanje do -15°C, a otpornost na grijanje +100°C.
B10: Za sve ostalo prema uputama proizvođača
B11: Obračun po m2 izvedene hidroizolacije
B12: - podovi | C12: m2 | D12: 145 | E12: 26 | F12: =D12*E12 -> 3770
B13: - zidovi do visine od 2,2 m | C13: m2 | D13: 196 | E13: 26 | F13: =D13*E13 -> 5096
B14: - vanjske površine podova | C14: m2 | D14: 392 | E14: 26 | F14: =D14*E14 -> 10192
A16: 3. | B16: Toplinska izolacija ploča i zidova u zemlji
B17: Dobava i ugradnja tvrdih izolacijskih ploča iz ekstrudiranog, pjenjenog polistirena, pjenjene s CO2, bez freona obostrano strukturirane površine ili jednakovrijedan. Izvodi se kao vanjska toplinska izolacija ploča i zidova u tlu debljine 10 cm.
B18: Tehničke osobine Nazivna vrijednost toplinske provodljivosti (λD ) 0,034 - 0,038 W(m·K) HRN EN 13164 ili jednakovrijedno ___________________________ Tlačno opterećenje kod 10 % deformacije 0,30 CS(10\Y)300 N/mm 2 HRN EN 826 ili jednakovrijedno ________________________ Dugotrajno upijanje vlage (cijele ploče) ≤ 0,7 WL(T)0,7 % HRN EN 12087 ili jednakovrijedno ______________________________ Difuzijsko upijanje vlage (cijele ploče) WD(V)3 HRN EN 12088 ili jednakovrijedno ___________________________ Otpornost protiv naizmjeničnog smrzavanja– odmrzavanja (maksimalno upijanje vlage) ≤ 1,0 FT2 % HRN EN 12087 ili jednakovrijedno ___________________________ Dimenzijska promjena pri 90 % relativnoj vlažnosti zraka i 70 °C ≤ 5 DS(TH) % HRN EN 1604 ili jednakovrijedno ____________________________ Dimenzijska promjena pri opterećenju 0,04 N/mm 2 i 70 °C ≤ 5 DLT(2)5 % HRN EN 1605 ili jednakovrijedno ___________________________ Požarna otpornost po EN (euro klasifikacija) E HRN EN 13501-1 ili jednakovrijedno ______________________________ Difuzijska otpornost vodenoj pari (μ) 80-250 HRN EN 12086 ili jednakovrijedno ___________________________ Kapilarnost 0 Granične temperature upotrebe -50 do + 70 °C °C
B20: Obračun po m2 izvedene toplinske izolacije
B21: - zidovi u tlu d=10 cm | C21: m2 | D21: 227 | E21: 20 | F21: =D21*E21 -> 4540
B22: - izolacija iznad podne ploče d=10 cm | C22: m2 | D22: 1268 | E22: 16 | F22: =D22*E22 -> 20288
A24: 4. | B24: Izolacija od udarnog zvuka s EPS-T
B25: Dobava i postava sloja izolacije protiv udarnog zvuka: pjenaste folije od ekspandiranog ekstrudiranog polistirena, na armirano betonsku ploču. Izolacija se postavlja u dva sloja, s izmaknutim preklopima, ukupne debljine 1+1 cm. Sve prodore vertikalnih instalacijskih cijevi kroz međukatnu konstrukciju i plivajući pod treba izolirati omatanjem zvučnoizolacijskom folijom kako bi se spriječio izravan dodir cijevi i tvrdog cementnog estriha ili betona. Zvučna izolacija polaže se s preklopima po punoj površini podne ploče (min. 10 cm), a uza zid se povija do visine postavljanja rubne trake EPS-a. U stavku uključen sav potrebni rad, osnovni i pomoćni materijal.
C26: m2 | D26: 1268 | E26: 3.5 | F26: =D26*E26 -> 4438
A28: 5. | B28: Geotekstil
B29: Dobava materijala i izvedba geotekstila 300g/m2 kao razdjelni sloj između AB podne ploče i temoizolacije podova na tlu. Obračun po m2.
C30: m2 | D30: 1268 | E30: 3.5 | F30: =D30*E30 -> 4438
A32: 6. | B32: Čepasta folija
B33: Zaštita vertikalne hidroizolacije zidova i XPSa plastičnom zaštitnom folijom (čepasta folija) s kvržicama u rolama. Kvržice visine 7-8 mm. Stazu učvrstiti tipskim čavlićima s odgovarajućim podlošcima. Širina preklopa staze 10 cm. Po m2.
C34: m2 | D34: 294 | E34: 6 | F34: =D34*E34 -> 1764
A36: =A2 -> VI | B36: =B2 -> IZOLATERSKI RADOVI | C36: UKUPNO | F36: =SUM(F5:F34) -> 97618

Sheet VII KROV
A2: VII | B2: KROV
A5: 1. | B5: Ravni krov
B6: Dobava i ugradba parne brane na ravnom/kosom krovu; fleksibilne polimerbitumenske trake, uložak Al folija. (HRN U.M3.230 ili jednakovrijedno), polagati na razdijelni sloj, geotekstil min. 300g/m2. Istu vrstu geotekstila poloižiit na TPO kao razdijelni sloj prema šljunku koji se postavlja iznad. U stavku uključiti oba sloja geotekstila.
B7: Dobava i postava ploča od mineralne vune (MW), kaširane s gornje strane, polutvrde, hidrofobirane (prema HRN EN 13163 ili jednakovrijedno), d=10-20 cm, na ravni krov. Ugradnja u dva sloja, s međusobno izmaknutim sudarnicama (za MW homogene gustoće), ili jednoslojno (za MW dvoslojne gustoće), na prethodno postavljenu parnu branu (obračunato posebno). Klasa negorivosti min. A1, λ ≤ 0,036 W/m2K. Tlačna čvrstoća σ10 ≤ 70 kPa (prema HRN EN 826), delaminacijska čvrstoća σmt = 15 kPa (prema HRN EN 1607 ili jednakovrijedno), točkasto opterećenje Fp ≥ 550 N (prema HRN EN 12430 ili jednakovrijedno). Sav materijal, pomoćni materijal, ugradna i pričvrsna sredstva odrediti prema uputama proizvođača i pravilima struke. U stavku uključen sav potrebni rad, materijal i pomoćni materijal.
B8: Nadozid krova / atiku obložiti s pločama istih karakteristika kao i za ravni krov. Debljina ploča za zid je 5 cm. Dok se na gornju plohu nadozida postavljaju iste ploče debljine 5 cm.
B9: Dobava i postava hidroizolacije sa TPO sintetičkom hidroizolacijskom folijom kao, debljine 1.5mm, mase 1,5 kg/m2 (EN 1849-2 ili jednakovrijedno), paropropusnost 150.000 u (EN 1931 ili jednakovrijedno), vlačne čvrstoće ≥ 9 N/mm2 (EN 12311-2 ili jednakovrijedno), izduženja ≥ 550% (EN 12311-2 ili jednakovrijedno), UV otporna, otporna na prodiranje korijenja (EN 13948 - test FLL ili jednakovrijedno), otpornost na trganje ≥ 150 N (EN 12310-1 ili jednakovrijedno), pregibljivost pri niskim temperaturama ≤ -40°C sa signalnim slojem koja se vari strojevima s toplim zrakom, uz preklop od 10cm. Folija je slobodno položena, učvršćena pri rubovima objekta specijalnim tiplama za beton. TPO hidroizolacija se podiže uz nadozid visine 76 cm te se pričvršćuje na gornjoj plohi nadozida. U stavkz uključen sloj geotekstila 300g/m2; služi kao razdjelni sloj između TPO i šljunka. Sav materijal, pomoćni materijal, ugradna i pričvrsna sredstva odrediti prema uputama proizvođača i pravilima struke. U stavku uključen sav potrebni rad, materijal i pomoćni materijal.
B10: - obračun po m2 kompletno izvedenog ravnog krova MW 20 cm | C10: m2 | D10: 1615 | E10: 75 | F10: =D10*E10 -> 121125
B11: - obračun po m2 kompletno izvedenog ravnog krova MW 10 cm | C11: m2 | D11: 35 | E11: 60 | F11: =D11*E11 -> 2100
B12: - vertikala nadozida MW= 5 cm | C12: m2 | D12: 142 | E12: 100 | F12: =D12*E12 -> 14200
B13: - horizontala nadozida MW= 5 cm | C13: m2 | D13: 193 | E13: 100 | F13: =D13*E13 -> 19300
A15: =A2 -> VII | B15: =B2 -> KROV | C15: UKUPNO | F15: =SUM(F4:F14) -> 156725

Sheet VIII FASADA
A2: VIII | B2: FASADERSKI RADOVI
A4: 1. | B4: Fasadni ETICS sustav
B5: Dobava materijala i izvođenje topl. izol. fasadnog sustava sa termoizolacijskim pločama od ploča KAMENE VUNE specifične mase 100-110 kg/m3, λ=0,035 proizvedenog za fasadne sustave, sa tankoslojnom silikonskom završnom, fasadnom žbukom granulacije do 3 mm, koja se nanosi na toplinsku izolaciju. Na zidove se izvodi ljepljenjem spec.ljepilom na zidove. Termoizolacijske ploče se dodatno sidre sa 8-9 komada sidra po m2. Sidra moraju biti otporna na koroziju. Bušenje rupa i sidrenje izvoditi nakon ljepljenja ploča. Na učvršćene izol. ploče se nanosi prvi zaštitni sloj spec. mortom-ljepilom debljine 2-3 mm, po čitavoj površini. U takav svježi sloj morta se utiskuje staklena mrežica. Drugi zaštitni sloj spec. morta-ljepila se nanosi nakon 24 sata, također u debljini 2-3 mm uz završno zaglađivanje. Stavka uključuje i obradu svih uglova, špaleta i sokla limenim i plast. kutnim profilima kao zaštite od mehaničkog oštećenja. - nakon min. 5-7 dana sušenja, premazivanje impregnacijskim premazom i nanošenje završnog sloja , minimalne debljine zrna od 1,5 mm ( max do 3 mm ).
B6: Dobava i postava ostalog pribora (kutni i okapni profili, špaletni elementi ploča debljine 2 cm,..). Sve radove izvesti prema uputama proizvođača komponenti sustava. Završna obrada fasade u boji po izboru projektanta. Obračun po m2 izvedenog pročelja do pune gotovosti, uključivo silikonska žbuka, izolacijske ploče, mortovi-ljepila, staklena mrežica, kutnici, okapnici i sidra te sav ostali potrebni pribor.
B7: - fasadni sustav debljine 15cm | C7: m2 | D7: 1710 | E7: 65 | F7: =D7*E7 -> 111150
B8: - fasadni sustav debljine 5cm | C8: m2 | D8: 93 | E8: 60 | F8: =D8*E8 -> 5580
B9: - fasadni sustav debljine 5cm podgled | C9: m2 | D9: 359 | E9: 60 | F9: =D9*E9 -> 21540
A11: 2. | B11: Donji dio fasade - sokl
B12: Dobava materijala i izvedba DONJEG DIJELA pročelja-sokl v=cca 30 cm. Podloga je ploča iz XPSa kao fasadna ploča debljine 14 ( 1 cm manje od fasadne ploče), λ ≤ 0,035 W/mK, tlačna čvrstoća ≤ 300 kPa. Naslanja se na donju čvrstu betonsku podlogu ( na istu podlogu se mora nasloniti i završna obloga iz kamena). Izvoditi prema uputstvima proizvođača. Završni sloj je vodoodbojna žbuka kao teraplast prebojana sa silikonskom bojom u tonu RGB 245, 231, 180
B13: Tehničke osobine Nazivna vrijednost toplinske provodljivosti (λD ) 0,034 - 0,038 W(m·K) HRN EN 13164 ili jednakovrijedan proizvod ___________________________ Tlačno opterećenje kod 10 % deformacije 0,30 CS(10\Y)300 N/mm 2 HRN EN 826 ili jednakovrijedan proizvod _________________________ Dugotrajno upijanje vlage (cijele ploče) ≤ 0,7 WL(T)0,7 % HRN EN 12087 ili jednakovrijedan proizvod ______________________________ Difuzijsko upijanje vlage (cijele ploče) WD(V)3 HRN EN 12088 ili jednakovrijedan proizvod _____________________________ Otpornost protiv naizmjeničnog smrzavanja– odmrzavanja (maksimalno upijanje vlage) ≤ 1,0 FT2 % HRN EN 12087 ili jednakovrijedan proizvod ____________________ Dimenzijska promjena pri 90 % relativnoj vlažnosti zraka i 70 °C ≤ 5 DS(TH) % HRN EN 1604 ili jednakovrijedan proizvod ________________________ Dimenzijska promjena pri opterećenju 0,04 N/mm 2 i 70 °C ≤ 5 DLT(2)5 % HRN EN 1605 ili jednakovrijedan proizvod _______________________________ Požarna otpornost po EN (euro klasifikacija) E HRN EN 13501-1 ili jednakovrijedan proizvod ____________________________- Difuzijska otpornost vodenoj pari (μ) 80-250 HRN EN 12086 ili jednakovrijedan proizvod _____________________________ Kapilarnost 0 Granične temperature upotrebe -50 do + 70 °C °C
B14: Obračun po m2.postavljene i pripremljene podloge. | C14: m2 | D14: 138 | E14: 70 | F14: =D14*E14 -> 9660
A17: 3. | B17: Fasadna skela
B18: Dobava, izrada i postava lake fasadne skele od cijevnih profila i mosnica, zajedno sa svim potrebnim ukrućenjima vezanim za objekt, potrebnom ogradom, prilazima i radnim podovima. U jediničnu cijenu ulazi montaža i demontaža sa sortiranjem i transportom. Obračun po m2 izvedene skele. (vertikalna projekcija)
B19: fasadna skela | C19: m2 | D19: 1710 | E19: 10 | F19: =D19*E19 -> 17100
A21: =A2 -> VIII | B21: =B2 -> FASADERSKI RADOVI | C21: UKUPNO | F21: =SUM(F5:F19) -> 165030

Sheet IX BRAV
A2: IX | B2: BRAVARSKI RADOVI
B4: ANTIKOROZIVNA ZAŠTITA ČELIČNIH KONSTRUKCIJA OBUHVAĆA slj. faze: Priprema čelika za antikorozivnu zaštitu: * čiščenje * odmašćivanje, otprašivanje * pjeskarenje do stupnja čistoće 2,5 s prethodnom zaštitom sredstvima za ispiranje i primerom ili vruće pocinčavanje. * zaštita temeljnim adekvatnim premaznim sredstvima - prvi sloj deblj. min 40 µ. - drugi sloj deblj. min 40µ. * zaštita kvalitetnim pokrovnim premaznim sredstvima u boji RAL 7016. - prvi sloj deblj. min 40 µ. - drugi sloj deblj. min 40 µ. * Kod vidljivih, izloženih ČN konstrukcija pokrovni premazi trebaju biti visokokvalitetni poliuretanski
B5: U cijeni kompletan spojni i pričvrsni pribor uključivo zaobljenja u unutarnjim i vanjskim kutevima - koljena , prelazi i sl. Ostali detalji prema izvedbenoj dokumentaciji i uputama glavnog projektanta.
A7: 1. | B7: Čelične ljestve
B8: Dobava i ugradnja čeličnih ljestvi za izlaz na krov zgrade. Čelične ljestve su smještene na pročelju. Ljestve moraju imati leđobrane od visine 2,2 m pa do vrha. Izrađene su od kvadratičnih čeličnih cijevi 30 mm x 30 mm x 5 mm. Gazišta su izrađena od punih čeličnih profila fi 10 mm. Ljestve su pričvršćene u zid vijcima. Čelik je zaštičen kao u općim uvjetima ove grupe radova. Nisu vruće cinčani. U stavku uključiti radioničke nacrte i sav potreban materijal i pribor za ugradnju ljestvi do pune gotovosti uključujući i završnu boju - RAL 7016.
B9: NAPOMENA: Shema prema izvedbenom projektu.
B10: Obračun po kom ugrađene i isporučene pozicije.
B11: - ljestve visine 475 cm | C11: kom | D11: 1 | E11: 2500 | F11: =D11*E11 -> 2500
B12: - ljestve visine 250 cm | C12: kom | D12: 1 | E12: 2000 | F12: =D12*E12 -> 2000
A14: 2. | B14: Klizna vrata na kolnom ulazu
B15: Izrada, dopremanje i ugradnja kliznih, dvodijelnih metalnih vrata, na kolnom ulazu na parcelu. Vrata se ugrađuju između nosivih čeličnih stupova, postavljenih na prethodno izvedene AB temeljne stope. Kolni ulaz je horizontalan, te se vrata izvode u horizontalnoj ravnini, te kližu po donjoj vodilici. Okvirna konstrukcija će se izvesti od čeličnih profila sandučastog presjeka prema zahtjevima proračuna, a ispuna se izvodi od vertikalnih čeličnih šipki manjeg presjeka, na osnom razmaku od max. 130mm. Kako se vrata nalaze na kosini bitno je postaviti stopere i graničnike. U prethodno izvedeni betonski kanal polaže se čelična vodilica - utor. U cijenu stavke uključiti sav rad i materijal potreban za izvedbu i ugradnju vrata, sve do konačne gotovosti, uključivo elektromotor, brave s ključem, kvake, sve potrebno za daljinsko otvaranje i sl. Sve čelične elemente obraditi protiv hrđe pocinčavanjem, te bojati u ton i boju RAL 7016. U stavku su uključena sva osnovna i pomoćna sredstva, rad i transport, sve do potpune gotovosti proizvoda, uključivo i izrada radioničkih nacrta koje, zajedno s uzorcima, obavezno treba dati na odobrenje projektantu. Obračun po komadu gotovog proizvoda.
B16: dim. 650x140 cm | C16: kom | D16: 1 | E16: 5000 | F16: =D16*E16 -> 5000
A18: 3. | B18: Zaokretna vrata na pješačkom ulazu
B19: Izrada, dopremanje i ugradnja zaokretnih, jednodijelnih metalnih vrata, na pješačkom ulazu na parcelu. Vrata se ugrađuju između nosivih čeličnih stupova, postavljenih na prethodno izvedene AB temeljne stope. Pješački ulaz je horizontalan, te se vrata izvode u horizontalnoj ravnini. Okvirna konstrukcija će se izvesti od čeličnih profila sandučastog presjeka prema zahtjevima proračuna, a ispuna se izvodi od vertikalnih čeličnih šipki manjeg presjeka, na osnom razmaku od max. 130mm. U cijenu stavke uključiti sav rad i materijal potreban za izvedbu i ugradnju vrata, sve do konačne gotovosti, uključivo brave s ključem, kvake, sve potrebno za daljinsko otvaranje i sl. Sve čelične elemente obraditi protiv hrđe pocinčavanjem, te bojati u ton i boju RAL 7016. U stavku su uključena sva osnovna i pomoćna sredstva, rad i transport, sve do potpune gotovosti proizvoda, uključivo i izrada radioničkih nacrta koje, zajedno s uzorcima, obavezno treba dati na odobrenje projektantu. Obračun po komadu gotovog proizvoda.
B20: dim. 120x140 cm | C20: kom | D20: 1 | E20: 1500 | F20: =D20*E20 -> 1500
A22: 4. | B22: Zaokretna vrata na gospodarskom ulazu
B23: Izrada, dopremanje i ugradnja zaokretnih, dvodijelnih metalnih vrata, na pješačkom ulazu na parcelu. Vrata se ugrađuju između nosivih čeličnih stupova, postavljenih na prethodno izvedene AB temeljne stope. Pješački ulaz je horizontalan, te se vrata izvode u horizontalnoj ravnini. Okvirna konstrukcija će se izvesti od čeličnih profila sandučastog presjeka prema zahtjevima proračuna, a ispuna se izvodi od vertikalnih čeličnih šipki manjeg presjeka, na osnom razmaku od max. 130mm. U cijenu stavke uključiti sav rad i materijal potreban za izvedbu i ugradnju vrata, sve do konačne gotovosti, uključivo brave s ključem, kvake, sve potrebno za daljinsko otvaranje i sl. Sve čelične elemente obraditi protiv hrđe pocinčavanjem, te bojati u ton i boju RAL 7016. U stavku su uključena sva osnovna i pomoćna sredstva, rad i transport, sve do potpune gotovosti proizvoda, uključivo i izrada radioničkih nacrta koje, zajedno s uzorcima, obavezno treba dati na odobrenje projektantu. Obračun po komadu gotovog proizvoda.
B24: dim. 800x140 cm | C24: kom | D24: 1 | E24: 5000 | F24: =D24*E24 -> 5000
A26: 5. | B26: Zaštitna ograda oko vrtića
B27: Dobava i ugradnja tipske metalne ograde na prethodno izvedeni betonski parapet visine 100 cm. Ograda se izvodi iz varenih panel-elemenata, od pocinčane plastificirane čelične žice 4,5 mm (hor.) i 4,0 mm (vert.), vodoravno pojačan, otvor oka max. 100 x 50 mm, visine 150cm (dozvoljeno odstupanje +/- 5cm). Ugradnja na odgovarajuće stupove iz istog sistema, koji se montiraju u za to predviđene rupe ostavljene u parapetnom zidu. Sve izvesti u dogovoru s projektantom. U stavku su uključena sva osnovna i pomoćna sredstva, rad i transport, sve do potpune gotovosti proizvoda, uključivo i izradu radioničkih nacrta koje, zajedno s uzorcima, obavezno treba dati na odobrenje projektantu. Obračun po m1 ugrađene ograde.
B28: boja RAL 7016 | C28: m1 | D28: 346 | E28: 50 | F28: =D28*E28 -> 17300
A30: =A2 -> IX | B30: =B2 -> BRAVARSKI RADOVI | C30: UKUPNO: | F30: =SUM(F6:F29) -> 33300

Sheet X ALU BRAVARIJA
A2: X | B2: ALUMINIJSKA STOLARIJA
B4: Opći opis vrijedi za sve stavke
B5: Izrada, dobava i ugradnja stavki vanjske bravarije izvesti u sistemima aluminijskih profila s prekidom toplinskog mosta . Svi primijenjeni sistemi za vanjsku ugradnju moraju zadovoljiti opće zahtjeve "Tehničkog propisa o racionalnoj uporabi energije i toplinskoj zaštiti u zgradama" (NN 128/15) te posebni projektni zahtjev da ukupni koeficijenti prolaza topline za ostakljena vrata iznose Ud ≤ 1,1 W/m2K, puna vrata Ud ≤ 1,1 W/m2K, prozore Uw ≤ 1,1 W/m2K. Kvaliteta aluminijskih profila je HRN EN 573: EN AW 6060 T66 ili jednakovrijedno ____________________________. Tražena razina zaštite od buke ugrađenih elemenata iznosi Rw= 35 (-1,-3). Smjer otvaranja otvarajućih elemenata mora biti u skladu s projektnom dokumentacijom. Ugradbene dubine nosivih profila fasade i debljine stakla prema potrebi provjeriti od strane statičara. Sastavni dio podloga za ponudu i isporuku bravarskih stavki čine sheme iz projekta i radionički nacrti izrađeni od strane izvođača bravarskih radova, ovjereni od strane glavnog investitora.
B6: Opšave i izolacijske radove (npr. RAL ugradnja) na priključcima stavki na nosivu konstrukciju uključiti u ponudu. Izradu, obradu, proračun debljine i ugradnju stakla izvršiti u skladu s Tehničkim propisom za staklene konstrukcije (NN 053/2017).
B7: Potrebna dokumentacija koju će izvođač radova priložiti u cilju dokazivanja svojstava dijelova sistema i gotovih stavki određenih projektom i ovim troškovnikom (osim potrebnih karakteristika svakog sistema posebno): - Izjava o svojstvima, u skladu sa Zakonom o građevinskim proizvodima (NN 76/13, 30/14) i klasifikacijskom normom HRN EN 14351-1 (prozori i vrata) ili jednakovrijedno _____________________ - Iskaz tolerancija mjera i oblika za aluminijske prozorske profile, u skladu s HRN EN 12020-2:2001 ili jednakovrijedno ______________________. - Dokaz o sigurnosti od ispadanja i izbijanja stakla iz okvira prozora, u skladu s EN 13049, EN 12600 i smjernicama TRAV ili jednakovrijedno _______________________ - Proračune koeficijenta prolaza topline profila Uf i ukupnog koeficijenta prolaza topline Ucw, u skladu s EN ISO 10077-2 ili jednakovrijedno ________________________ - Statički proračuni profila i stakla prema potrebi
B8: Prozori i fixne stijene
B9: Izrada, dobava i ugradnja OZ prozora i fiksnih stijena u visokoizolativnom prozorskom sistemu od aluminijskih profila s prekidom toplinskog mosta i povišenim izolativnim svojstvima. Ugradbena dubina doprozornika iznosi 75 mm, krila 85 mm. Vidljiva širina profila doprozornika s vanjske strane iznosi 69 mm, s unutarnje strane 44 mm. Povišena toplinska izolativnost sistema se postiže na slijedeći način : - u profilu, između izolatora su ugrađeni umeci od PE pjene s dobrim izolativnim svojstvima (λ=0.031 W/mK), koji prekidaju toplinske tokove - PVC profili za prekid toplinskog mosta profila štoka (izolatori) su trokomorni. - vanjska i unutarnja brtva stakla specijalno su konstruirane tako da prekidaju toplinske tokove uokolo ruba stakla - imaju produžetke. Konture i površina profila su ravne, bez zaobljenja i skošenja površina.
B10: Debljina prednje i stražnje stijenke profila iznosi 1.6-1.8 mm. Okov je sistemski. Okov je skriven, tj. integriran u prostor između krila i doprozornika. Tražena klasa antikorozivnosti okova je klasa, 5 prema HRN EN 1670 ili jednakovrijedno _______________________________; okov je namijenjen za modularnu i brzu ugradnju, bez dodatne prerade profila (bušenje i ostalo).
B11: Karakteristike prozorskog sistema prema HRN EN 14351 ili jednakovrijedn _______________________________: -kvaliteta materijala HRN EN 573 EN AW – 6060, T66 ili jednakovrijedno_______________________, -zrakopropusnost HRN EN 12207 klasa 4 ili jednakovrijedno ________________________ -vodonepropusnost HRN EN 12208 klasa E750 ili jednakovrijedno ___________________________ -proračun Uf koeficijenta DIN EN ISO 10077-2 Uf=0.9-1.6 W/m2K ili jednakovrijedno ___________________________; -otpornost na udar vjetra HRN EN 12210 klasa C4/B4 ili jednakovrijedno ______________________________
B12: Karakteristike okova prema HRN EN 14351 ili jednakovrijedno ____________________________ -otpornost na uzastopno otvaranje i zatvaranje, HRN EN 12400/1191 prozor-klasa 2, (10 000 ciklusa); balkonska vrata-klasa 3, (20 000 ciklusa) ili jednakovrijedno _______________________ - otpornost na koroziju, HRN DIN 1670 klasa 5 (480h u slanom aerosolu) ili jednakovrijedno __________________________ - protuprovalnost, HRN ENV 1627 RC1, RC2, do RC3 ili jednakovrijedno _____________________ - sigurnost korištenja, HRN EN 14351-1 ili jednakovrijedno ____________________________- ispunjena - sila rukovanja, HRN EN 12046-1/13115 klasa 2, (30N) ili jedankovrijedno ___________________________
B14: Ulazna vrata
B15: Izrada, dobava i ugradnja ulaznih vrata od aluminijskih profila s prekidom toplinskog mosta i povišenim toplinsko-izolativnim svojstvima, osnovne ugradbene dubine 75 mm. Prekid toplinskog mosta postiže se pomoću PVC izolatora između vanjskog i unutarnjeg dijela profila. Povišena toplinska izolat. sistema se postiže na slijedeći način: - u profilu, između izolatora su ugrađeni umeci od PE pjene s dobrim izolativnim svojstvima (λ=0.031 W/mK), koji prekidaju toplinske tokove - PVC profili za prekid toplinskog mosta profila štoka (izolatori) su trokomorni. - vanjska i unutarnja brtva stakla specijalno su konstruirane tako da prekidaju toplinske tokove uokolo ruba stakla - imaju produžetke. Brtvljenje između krila i štoka vrata izvedeno je pomoću dviju EPDM brtvi - vanjske i unutarnje. Staklo je u krilo/štok učvršćeno pomoću unutarnje letvice s držačem, te zabrtvljeno EPDM brtvama s obje strane. Kombinacija stakla i alu panela prema izboru investitora.
B16: Vrata su opremljena pantima, bravom, cilindrom, kvakom, hidrauličnim prigušivačem s gornje strane, osim ako u stavkama nije posebno navedeno.
... B37: VANJSKA ALUMINIJSKA BRAVARIJA
A39: 1. | B39: ST 1_staklo tip B
B40: ulazna staklena stijena dim 485/295 cm Izrada, dobava i ugradnja 12 krilne staklene stijene navedenih dimenzija. U sklopu stijene su predviđena dvokrilna zaokretna vrata i 10 fiksnih krila. Vrata imaju ugrađenu pumpu za automatsko zatvaranje. Pumpe su s kliznom vodilicom.Kvaka INOX protupožarne izvedbe HR EN 179 ili jednakovrijedno. Traženi Uw ≤ 1,1 W/m2K Ostakljenje: TIP B: 8 mm (kaljeno, LowE) -16 mm 90% Ar - 6 mm - 16 mm 90% Ar - 44.2 LowE, vidi uvodne napomene. Opšav, elemente ugradnje, elemente sidrenja, te plastifikaciju prema izboru investitora uključiti u cijenu. Ugradnja prema RAL smjernicama, bez toplinskih mostova, iznutra paronepropusno, izvana paropropusno-vodonepropusno zabrtvljeni priključci na nosivu konstrukciju - sve izvesti odgovarajućim folijama - RAL ugradnja. | C40: kom | D40: 1 | E40: 5000 | F40: =D40*E40 -> 5000
A42: 2. | B42: ST 2_staklo tip B
B43: staklena stijena dim 270/230 cm Izrada, dobava i ugradnja staklene stijene navedenih dimenzija. U sklopu stijene su predviđena 1 fiksno krilo i 1 klizno krilo Traženi Uw ≤ 1,1 W/m2K Ostakljenje: TIP B: 8 mm (kaljeno, LowE) -16 mm 90% Ar - 6 mm - 16 mm 90% Ar - 44.2 LowE, vidi uvodne napomene. Zaštita od sunca: Vanjska tipska rolo sjenila od sintetičkog impregniranog platna, 4% propusnosti, ton RAL7016 - tamno siva. Nosive konzole su iz aluminijskih tuba promjera 50 mm, donji utežni profili su aluminijski plastificirani u boji po izboru investitora iz standardne palete boja, upravljanje ručno. Rolo sa kvadratnom kazetnom kutijom dimenzije poprečnog presjeka 150 x 130 mm te bočnim aluminijskim vodilicama za nadžbuknu ugradnju. ZIP sistem sa bočnim vodilice tako da omogućuje konstantnu napetost plašta da može izdržati nalete vjetra do 100 km/h. Opšav, elemente ugradnje, elemente sidrenja, te plastifikaciju prema izboru investitora uključiti u cijenu. Ugradnja prema RAL smjernicama, bez toplinskih mostova, iznutra paronepropusno, izvana paropropusno-vodonepropusno zabrtvljeni priključci na nosivu konstrukciju - sve izvesti odgovarajućim folijama - RAL ugradnja.
B45: staklena stijena 270/230-lijeva | C45: kom | D45: 1 | E45: 3200 | F45: =D45*E45 -> 3200
B46: staklena stijena 270/230-desna | C46: kom | D46: 1 | E46: 3200 | F46: =D46*E46 -> 3200
A48: 3. | B48: ST 3_staklo tip B
B49: staklena stijena dim 440/230 Izrada, dobava i ugradnja staklene stijene navedenih dimenzija. U sklopu stijene su predviđena 3 fiksna krila i 1 zaokretno krilo. Vrata imaju ugrađenu pumpu za automatsko zatvaranje. Pumpe su s kliznom vodilicom. Kvaka INOX protupožarne izvedbe HR EN 179 ili jednakovrijedno. Traženi Uw ≤ 1,1 W/m2K Ostakljenje: TIP B: 8 mm (kaljeno, LowE) -16 mm 90% Ar - 6 mm - 16 mm 90% Ar - 44.2 LowE, vidi uvodne napomene. Zaštita od sunca: Vanjska tipska rolo sjenila od sintetičkog impregniranog platna, 4% propusnosti, ton RAL7016 - tamno siva. Nosive konzole su iz aluminijskih tuba promjera 50 mm, donji utežni profili su aluminijski plastificirani u boji po izboru investitora iz standardne palete boja, upravljanje ručno. Rolo sa kvadratnom kazetnom kutijom dimenzije poprečnog presjeka 150 x 130 mm te bočnim aluminijskim vodilicama za nadžbuknu ugradnju. ZIP sistem sa bočnim vodilice tako da omogućuje konstantnu napetost plašta da može izdržati nalete vjetra do 100 km/h. Opšav, elemente ugradnje, elemente sidrenja, te plastifikaciju prema izboru investitora uključiti u cijenu. Ugradnja prema RAL smjernicama, bez toplinskih mostova, iznutra paronepropusno, izvana paropropusno-vodonepropusno zabrtvljeni priključci na nosivu konstrukciju - sve izvesti odgovarajućim folijama - RAL ugradnja. | C49: kom | D49: 1 | E49: 5400 | F49: =D49*E49 -> 5400
A51: 4. | B51: ST 4_staklo tip B
B52: ostakljena vrata dim 110/230 cm Izrada, dobava i ugradnja jednokrilnih ostaklenih vrata navedenih dimenzija. Kvaka INOX protupožarne izvedbe HR EN 179 ili jednakovrijedno. Traženi Uw ≤ 1,1 W/m2K Ostakljenje: TIP B: 8 mm (kaljeno, LowE) -16 mm 90% Ar - 6 mm - 16 mm 90% Ar - 44.2 LowE, vidi uvodne napomene. Opšav, elemente ugradnje, elemente sidrenja, te plastifikaciju prema izboru investitora uključiti u cijenu. Ugradnja prema RAL smjernicama, bez toplinskih mostova, iznutra paronepropusno, izvana paropropusno-vodonepropusno zabrtvljeni priključci na nosivu konstrukciju - sve izvesti odgovarajućim folijama - RAL ugradnja.
B54: vrata 110/230 - desna | C54: kom | D54: 3 | E54: 1600 | F54: =D54*E54 -> 4800
B55: vrata 110/230 - lijeva | C55: kom | D55: 2 | E55: 1600 | F55: =D55*E55 -> 3200
A57: 4. | B57: ST 4a_staklo tip B
B58: ostakljena vrata dim 110/230 cm Izrada, dobava i ugradnja jednokrilnih ostaklenih vrata navedenih dimenzija. Traženi Uw ≤ 1,1 W/m2K Ostakljenje: TIP B: 8 mm (kaljeno, LowE) -16 mm 90% Ar - 6 mm - 16 mm 90% Ar - 44.2 LowE, vidi uvodne napomene. Opšav, elemente ugradnje, elemente sidrenja, te plastifikaciju prema izboru investitora uključiti u cijenu. Ugradnja prema RAL smjernicama, bez toplinskih mostova, iznutra paronepropusno, izvana paropropusno-vodonepropusno zabrtvljeni priključci na nosivu konstrukciju - sve izvesti odgovarajućim folijama - RAL ugradnja.
B60: vrata 110/230 - lijeva | C60: kom | D60: 2 | E60: 1600 | F60: =D60*E60 -> 3200
A62: 5. | B62: ST 5_staklo tip B
B63: klizna ostakljena stijena dim 570/230 cm Izrada, dobava i ugradnja 4 krilne ostakljene stijene navedenih dimenzija.U sklopu stijene su predviđena 2 fiksna krila i 2 klizna krila. Traženi Uw ≤ 1,1 W/m2K Ostakljenje: TIP B: 8 mm (kaljeno, LowE) -16 mm 90% Ar - 6 mm - 16 mm 90% Ar - 44.2 LowE, vidi uvodne napomene. Zaštita od sunca: Vanjska tipska rolo sjenila od sintetičkog impregniranog platna, 4% propusnosti, ton RAL7016 - tamno siva. Nosive konzole su iz aluminijskih tuba promjera 50 mm, donji utežni profili su aluminijski plastificirani u boji po izboru investitora iz standardne palete boja, upravljanje ručno. Rolo sa kvadratnom kazetnom kutijom dimenzije poprečnog presjeka 150 x 130 mm te bočnim aluminijskim vodilicama za nadžbuknu ugradnju. ZIP sistem sa bočnim vodilice tako da omogućuje konstantnu napetost plašta da može izdržati nalete vjetra do 100 km/h. Opšav, elemente ugradnje, elemente sidrenja, te plastifikaciju prema izboru investitora uključiti u cijenu. Ugradnja prema RAL smjernicama, bez toplinskih mostova, iznutra paronepropusno, izvana paropropusno-vodonepropusno zabrtvljeni priključci na nosivu konstrukciju - sve izvesti odgovarajućim folijama - RAL ugradnja. | C63: kom | D63: 4 | E63: 9500 | F63: =D63*E63 -> 38000
A65: 6. | B65: ST 6_staklo tip B
B66: klizna ostakljena stijena dim 450/230 cm Izrada, dobava i ugradnja 4 krilne ostakljene stijene navedenih dimenzija. U sklopu stijene su predviđena 2 fiksna krila i 2 klizna krila. Traženi Uw ≤ 1,1 W/m2K Ostakljenje: TIP B: 8 mm (kaljeno, LowE) -16 mm 90% Ar - 6 mm - 16 mm 90% Ar - 44.2 LowE, vidi uvodne napomene. Zaštita od sunca: Vanjska tipska rolo sjenila od sintetičkog impregniranog platna, 4% propusnosti, ton RAL7016 - tamno siva. Nosive konzole su iz aluminijskih tuba promjera 50 mm, donji utežni profili su aluminijski plastificirani u boji po izboru investitora iz standardne palete boja, upravljanje ručno. Rolo sa kvadratnom kazetnom kutijom dimenzije poprečnog presjeka 150 x 130 mm te bočnim aluminijskim vodilicama za nadžbuknu ugradnju. ZIP sistem sa bočnim vodilice tako da omogućuje konstantnu napetost plašta da može izdržati nalete vjetra do 100 km/h. Opšav, elemente ugradnje, elemente sidrenja, te plastifikaciju prema izboru investitora uključiti u cijenu. Ugradnja prema RAL smjernicama, bez toplinskih mostova, iznutra paronepropusno, izvana paropropusno-vodonepropusno zabrtvljeni priključci na nosivu konstrukciju - sve izvesti odgovarajućim folijama - RAL ugradnja. | C66: kom | D66: 5 | E66: 6800 | F66: =D66*E66 -> 34000
A68: 7. | B68: ST 7_staklo tip B
B69: klizna ostakljena stijena dim 400/270 cm Izrada, dobava i ugradnja 3 krilne ostakljene stijene navedenih dimenzija. U sklopu je prdviđeno 1 fiksno krilo i 2 klizna krila Traženi Uw ≤ 1,1 W/m2K Ostakljenje: TIP B: 8 mm (kaljeno, LowE) -16 mm 90% Ar - 6 mm - 16 mm 90% Ar - 44.2 LowE, vidi uvodne napomene. Zaštita od sunca: Vanjska tipska rolo sjenila od sintetičkog impregniranog platna, 4% propusnosti, ton RAL7016 - tamno siva. Nosive konzole su iz aluminijskih tuba promjera 50 mm, donji utežni profili su aluminijski plastificirani u boji po izboru investitora iz standardne palete boja, upravljanje ručno. Rolo sa kvadratnom kazetnom kutijom dimenzije poprečnog presjeka 150 x 130 mm te bočnim aluminijskim vodilicama za nadžbuknu ugradnju. ZIP sistem sa bočnim vodilice tako da omogućuje konstantnu napetost plašta da može izdržati nalete vjetra do 100 km/h. Opšav, elemente ugradnje, elemente sidrenja, te plastifikaciju prema izboru investitora uključiti u cijenu. Ugradnja prema RAL smjernicama, bez toplinskih mostova, iznutra paronepropusno, izvana paropropusno-vodonepropusno zabrtvljeni priključci na nosivu konstrukciju - sve izvesti odgovarajućim folijama - RAL ugradnja. | C69: kom | D69: 1 | E69: 5800 | F69: =D69*E69 -> 5800
A71: 8. | B71: ST 8_staklo tip B
B72: klizna ostakljena stijena dim 580/270 cm Izrada, dobava i ugradnja 4 krilne ostakljene stijene navedenih dimenzija. U sklopu je predviđeno 2 fiksna krila i 2 klizna krila. Traženi Uw ≤ 1,1 W/m2K Ostakljenje: TIP B: 8 mm (kaljeno, LowE) -16 mm 90% Ar - 6 mm - 16 mm 90% Ar - 44.2 LowE, vidi uvodne napomene. Zaštita od sunca: Vanjska tipska rolo sjenila od sintetičkog impregniranog platna, 4% propusnosti, ton RAL7016 - tamno siva. Nosive konzole su iz aluminijskih tuba promjera 50 mm, donji utežni profili su aluminijski plastificirani u boji po izboru investitora iz standardne palete boja, upravljanje ručno. Rolo sa kvadratnom kazetnom kutijom dimenzije poprečnog presjeka 150 x 130 mm te bočnim aluminijskim vodilicama za nadžbuknu ugradnju. ZIP sistem sa bočnim vodilice tako da omogućuje konstantnu napetost plašta da može izdržati nalete vjetra do 100 km/h. Opšav, elemente ugradnje, elemente sidrenja, te plastifikaciju prema izboru investitora uključiti u cijenu. Ugradnja prema RAL smjernicama, bez toplinskih mostova, iznutra paronepropusno, izvana paropropusno-vodonepropusno zabrtvljeni priključci na nosivu konstrukciju - sve izvesti odgovarajućim folijama - RAL ugradnja. | C72: kom | D72: 1 | E72: 10600 | F72: =D72*E72 -> 10600
A74: 9. | B74: ST 9_staklo tip B
B75: klizna ostakljena stijena dim 575/230 cm Izrada, dobava i ugradnja 4 krilne ostakljene stijene navedenih dimenzija. U sklopu je predviđeno 2 fiksna krila i 2 klizna krila. Traženi Uw ≤ 1,1 W/m2K Ostakljenje: TIP B: 8 mm (kaljeno, LowE) -16 mm 90% Ar - 6 mm - 16 mm 90% Ar - 44.2 LowE, vidi uvodne napomene. Zaštita od sunca: Vanjska tipska rolo sjenila od sintetičkog impregniranog platna, 4% propusnosti, ton RAL7016 - tamno siva. Nosive konzole su iz aluminijskih tuba promjera 50 mm, donji utežni profili su aluminijski plastificirani u boji po izboru investitora iz standardne palete boja, upravljanje ručno. Rolo sa kvadratnom kazetnom kutijom dimenzije poprečnog presjeka 150 x 130 mm te bočnim aluminijskim vodilicama za nadžbuknu ugradnju. ZIP sistem sa bočnim vodilice tako da omogućuje konstantnu napetost plašta da može izdržati nalete vjetra do 100 km/h. Opšav, elemente ugradnje, elemente sidrenja, te plastifikaciju prema izboru investitora uključiti u cijenu. Ugradnja prema RAL smjernicama, bez toplinskih mostova, iznutra paronepropusno, izvana paropropusno-vodonepropusno zabrtvljeni priključci na nosivu konstrukciju - sve izvesti odgovarajućim folijama - RAL ugradnja. | C75: kom | D75: 1 | E75: 9300 | F75: =D75*E75 -> 9300
A77: 10. | B77: ST 10_staklo tip B
B78: klizna ostakljena stijena dim 580/230 cm Izrada, dobava i ugradnja 4 krilne ostakljene stijene navedenih dimenzija. U sklopu je predviđeno 2 fiksna krila i 2 klizna krila. Traženi Uw ≤ 1,1 W/m2K Ostakljenje: TIP B: 8 mm (kaljeno, LowE) -16 mm 90% Ar - 6 mm - 16 mm 90% Ar - 44.2 LowE, vidi uvodne napomene. Zaštita od sunca: Vanjska tipska rolo sjenila od sintetičkog impregniranog platna, 4% propusnosti, ton RAL7016 - tamno siva. Nosive konzole su iz aluminijskih tuba promjera 50 mm, donji utežni profili su aluminijski plastificirani u boji po izboru investitora iz standardne palete boja, upravljanje ručno. Rolo sa kvadratnom kazetnom kutijom dimenzije poprečnog presjeka 150 x 130 mm te bočnim aluminijskim vodilicama za nadžbuknu ugradnju. ZIP sistem sa bočnim vodilice tako da omogućuje konstantnu napetost plašta da može izdržati nalete vjetra do 100 km/h. Opšav, elemente ugradnje, elemente sidrenja, te plastifikaciju prema izboru investitora uključiti u cijenu. Ugradnja prema RAL smjernicama, bez toplinskih mostova, iznutra paronepropusno, izvana paropropusno-vodonepropusno zabrtvljeni priključci na nosivu konstrukciju - sve izvesti odgovarajućim folijama - RAL ugradnja. | C78: kom | D78: 1 | E78: 9400 | F78: =D78*E78 -> 9400
A80: 11. | B80: ST 11
B81: puna vrata dim 100/230 cm Izrada, dobava i ugradnja jednokrilni punih vrata navedenih dimenzija. Kvaka INOX protupožarne izvedbe HR EN 179 ili jednakovrijedno. Traženi Uw ≤ 1,1 W/m2K Opšav, elemente ugradnje, elemente sidrenja, te plastifikaciju prema izboru investitora uključiti u cijenu. Ugradnja prema RAL smjernicama, bez toplinskih mostova, iznutra paronepropusno, izvana paropropusno-vodonepropusno zabrtvljeni priključci na nosivu konstrukciju - sve izvesti odgovarajućim folijama - RAL ugradnja.
B83: puna vrata 100/230 - lijeva | C83: kom | D83: 1 | E83: 1200 | F83: =D83*E83 -> 1200
A85: 12. | B85: ST 11a
B86: puna vrata dim 100/230 cm Izrada, dobava i ugradnja jednokrilni punih vrata navedenih dimenzija. Traženi Uw ≤ 1,1 W/m2K Opšav, elemente ugradnje, elemente sidrenja, te plastifikaciju prema izboru investitora uključiti u cijenu. Ugradnja prema RAL smjernicama, bez toplinskih mostova, iznutra paronepropusno, izvana paropropusno-vodonepropusno zabrtvljeni priključci na nosivu konstrukciju - sve izvesti odgovarajućim folijama - RAL ugradnja.
B88: puna vrata 100/230 - lijeva | C88: kom | D88: 1 | E88: 1200 | F88: =D88*E88 -> 1200
A90: 13. | B90: ST 11b
B91: puna vrata dim 110/230 cm Izrada, dobava i ugradnja jednokrilnih punih vrata navedenih dimenzija. Traženi Uw ≤ 1,1 W/m2K Opšav, elemente ugradnje, elemente sidrenja, te plastifikaciju prema izboru investitora uključiti u cijenu. Ugradnja prema RAL smjernicama, bez toplinskih mostova, iznutra paronepropusno, izvana paropropusno-vodonepropusno zabrtvljeni priključci na nosivu konstrukciju - sve izvesti odgovarajućim folijama - RAL ugradnja.
B93: puna vrata 110/230 - lijeva | C93: kom | D93: 1 | E93: 1200 | F93: =D93*E93 -> 1200
A95: 14 | B95: ST 12
B96: puna dvokrilna vrata dim 160/230 cm Izrada, dobava i ugradnja dvokrilnih punih vrata navedenih dimenzija.Kvaka INOX protupožarne izvedbe HR EN 179 ili jednakovrijedno. Traženi Uw ≤ 1,1 W/m2K Opšav, elemente ugradnje, elemente sidrenja, te plastifikaciju prema izboru investitora uključiti u cijenu. Ugradnja prema RAL smjernicama, bez toplinskih mostova, iznutra paronepropusno, izvana paropropusno-vodonepropusno zabrtvljeni priključci na nosivu konstrukciju - sve izvesti odgovarajućim folijama - RAL ugradnja.
B98: puna dvorilna vrata 160/230 | C98: kom | D98: 1 | E98: 2100 | F98: =D98*E98 -> 2100
A100: 15. | B100: ST 12a
B101: puna dvokrilna vrata dim 160/230 cm Izrada, dobava i ugradnja dvokrilnih punih vrata navedenih dimenzija. Traženi Uw ≤ 1,1 W/m2K Opšav, elemente ugradnje, elemente sidrenja, te plastifikaciju prema izboru investitora uključiti u cijenu. Ugradnja prema RAL smjernicama, bez toplinskih mostova, iznutra paronepropusno, izvana paropropusno-vodonepropusno zabrtvljeni priključci na nosivu konstrukciju - sve izvesti odgovarajućim folijama - RAL ugradnja.
B103: puna dvorilna vrata 160/230 | C103: kom | D103: 1 | E103: 1800 | F103: =D103*E103 -> 1800
A105: 16 | B105: ST 13_staklo tip A
B106: prozor dim 120/90 cm Izrada, dobava i ugradnja 1 krilnog prozora koji se sastoji od 1 zaokretno otklopnog krila u sistemu s prekidom toplinskog mosta i poboljšanim izolativnim svojstvima. Otvaranje prema unutra. Traženi Uw ≤ 1,1 W/m2K Ostakljenje: TIP A: 6 LowE - 16 mm 90% Ar - 4 - 16 mm 90% Ar - 4 LowE, vidi uvodne napomene. Zaštita od sunca: Vanjska tipska rolo sjenila od sintetičkog impregniranog platna, 4% propusnosti, ton RAL7016 - tamno siva. Nosive konzole su iz aluminijskih tuba promjera 50 mm, donji utežni profili su aluminijski plastificirani u boji po izboru investitora iz standardne palete boja, upravljanje ručno. Rolo sa kvadratnom kazetnom kutijom dimenzije poprečnog presjeka 150 x 130 mm te bočnim aluminijskim vodilicama za nadžbuknu ugradnju. ZIP sistem sa bočnim vodilice tako da omogućuje konstantnu napetost plašta da može izdržati nalete vjetra do 100 km/h. Opšav, elemente ugradnje, elemente sidrenja, klupčicu te plastifikaciju prema izboru investitora uključiti u cijenu. Ugradnja prema RAL smjernicama, bez toplinskih mostova, iznutra paronepropusno, izvana paropropusno-vodonepropusno zabrtvljeni priključci na nosivu konstrukciju - sve izvesti odgovarajućim folijama - RAL ugradnja. Klupčice prema opisu u općim uvjetima.
B108: prozor dimenzija 120/90 | C108: kom | D108: 1 | E108: 550 | F108: =D108*E108 -> 550
A110: 17 | B110: ST 14_staklo tip A
B111: prozor dim 120/130 Izrada, dobava i ugradnja 1 krilnog prozora koji se sastoji od 1 zaokretno otklopnog krila u sistemu s prekidom toplinskog mosta i poboljšanim izolativnim svojstvima. Otvaranje prema unutra. Traženi Uw ≤ 1,1 W/m2K Ostakljenje: TIP A: 6 LowE - 16 mm 90% Ar - 4 - 16 mm 90% Ar - 4 LowE, vidi uvodne napomene. Zaštita od sunca: Vanjska tipska rolo sjenila od sintetičkog impregniranog platna, 4% propusnosti, ton RAL7016 - tamno siva. Nosive konzole su iz aluminijskih tuba promjera 50 mm, donji utežni profili su aluminijski plastificirani u boji po izboru investitora iz standardne palete boja, upravljanje ručno. Rolo sa kvadratnom kazetnom kutijom dimenzije poprečnog presjeka 150 x 130 mm te bočnim aluminijskim vodilicama za nadžbuknu ugradnju. ZIP sistem sa bočnim vodilice tako da omogućuje konstantnu napetost plašta da može izdržati nalete vjetra do 100 km/h. Opšav, elemente ugradnje, elemente sidrenja, klupčicu te plastifikaciju prema izboru investitora uključiti u cijenu. Ugradnja prema RAL smjernicama, bez toplinskih mostova, iznutra paronepropusno, izvana paropropusno-vodonepropusno zabrtvljeni priključci na nosivu konstrukciju - sve izvesti odgovarajućim folijama - RAL ugradnja. Klupčice prema opisu u općim uvjetima.
B113: prozor dimenzija 120/130 | C113: kom | D113: 10 | E113: 650 | F113: =D113*E113 -> 6500
A115: 18. | B115: ST 15_staklo tip A
B116: prozor dim 180/130 cm Izrada, dobava i ugradnja 2 krilnog prozora koji se sastoji od 1 zaokretno otklopnog krila u sistemu s prekidom toplinskog mosta i poboljšanim izolativnim svojstvima. Otvaranje prema unutra. Traženi Uw ≤ 1,1 W/m2K Ostakljenje: TIP A: 6 LowE - 16 mm 90% Ar - 4 - 16 mm 90% Ar - 4 LowE, vidi uvodne napomene. Zaštita od sunca: Vanjska tipska rolo sjenila od sintetičkog impregniranog platna, 4% propusnosti, ton RAL7016 - tamno siva. Nosive konzole su iz aluminijskih tuba promjera 50 mm, donji utežni profili su aluminijski plastificirani u boji po izboru investitora iz standardne palete boja, upravljanje ručno. Rolo sa kvadratnom kazetnom kutijom dimenzije poprečnog presjeka 150 x 130 mm te bočnim aluminijskim vodilicama za nadžbuknu ugradnju. ZIP sistem sa bočnim vodilice tako da omogućuje konstantnu napetost plašta da može izdržati nalete vjetra do 100 km/h. Opšav, elemente ugradnje, elemente sidrenja, klupčicu te plastifikaciju prema izboru investitora uključiti u cijenu. Ugradnja prema RAL smjernicama, bez toplinskih mostova, iznutra paronepropusno, izvana paropropusno-vodonepropusno zabrtvljeni priključci na nosivu konstrukciju - sve izvesti odgovarajućim folijama - RAL ugradnja. Klupčice prema opisu u općim uvjetima.
B118: prozor dimenzija 180/130 | C118: kom | D118: 1 | E118: 1000 | F118: =D118*E118 -> 1000
B120: UNUTARNJA ALUMINIJSKA BRAVARIJA
A122: 19. | B122: ST Al1 - vjetrobran
B123: staklena stijena dim 515/295 cm Izrada, dobava i ugradnja 12 krilne staklene stijene navedenih dimenzija. U sklopu stijene su predviđena dvokrilna zaokretna vrata i 10 fiksnih krila. Vrata imaju ugrađenu pumpu za automatsko zatvaranje. Pumpe su s kliznom vodilicom.Kvaka INOX protupožarne izvedbe HR EN 179 ili jednakovrijedno. Ostakljenje: TIP B: 8 mm (kaljeno, LowE) -16 mm 90% Ar - 6 mm - 16 mm 90% Ar - 44.2 LowE, vidi uvodne napomene. Opšav, elemente ugradnje, elemente sidrenja, te plastifikaciju prema izboru investitora uključiti u cijenu. Ugradnja prema RAL smjernicama, bez toplinskih mostova, iznutra paronepropusno, izvana paropropusno-vodonepropusno zabrtvljeni priključci na nosivu konstrukciju - sve izvesti odgovarajućim folijama - RAL ugradnja. | C123: kom D | D123: 1 | E123: 12500 | F123: =D123*E123 -> 12500
A125: 20. | B125: ST Al2 - kuhinja
B126: puna jednokrilna zaokretna vrata dim 90*210 cm Izrada, dobava i ugradnja jednokrilnih punih vrata bijele boje. Vrata antibakterijska za prostore sa visokim stupnjem higijene. Ispuna puni aluminijski panel. Okov u boji stolarije, uključuje standardnu cilindričnu bravu, nadgradne pante sa uređajem za samozatvaranje, komplet do funkcionalne gotovosti. Ostalo kao uvodna napomena. | C126: kom L | D126: 1 | E126: 2500 | F126: =D126*E126 -> 2500
C127: kom D | D127: 3 | E127: 2500 | F127: =D127*E127 -> 7500
A129: 21. | B129: ST Al3 - kuhinja
B130: puna jednokrilna vrata dim 100*210 cm Izrada, dobava i ugradnja jednokrilnih punih vrata bijele boje. Vrata antibakterijska za prostore sa visokim stupnjem higijene. Ispuna puni aluminijski panel. Okov u boji stolarije, uključuje standardnu cilindričnu bravu, nadgradne pante sa uređajem za samozatvaranje, komplet do funkcionalne gotovosti. Ostalo kao uvodna napomena. | C130: kom L | D130: 2 | E130: 2500 | F130: =D130*E130 -> 5000
C131: kom D | D131: 3 | E131: 2500 | F131: =D131*E131 -> 7500
A133: 22. | B133: ST Al4 - kuhinja
B134: puna jednokrilna klizna vrata dim 110*210 cm Izrada, dobava i ugradnja jednokrilnih punih kliznih vrata bijele boje. Vrata antibakterijska za prostore sa visokim stupnjem higijene. Ispuna puni aluminijski panel. Okov u boji stolarije, uključuje standardnu cilindričnu bravu, nadgradni klizni okov sa uređajem za samozatvaranje, komplet do funkcionalne gotovosti. Ostalo kao uvodna napomena. | C134: kom L | D134: 1 | E134: 3000 | F134: =D134*E134 -> 3000
A136: =A2 -> X | B136: =B2 -> ALUMINIJSKA STOLARIJA | C136: UKUPNO | F136: =SUM(F35:F135) -> 188650

Sheet XI POŽARNA BRAVARIJA
A2: XI | B2: POŽARNA BRAVARIJA
B4: Vratne stijene izrađene su od aluminijskih ili čeličnih profila (ovisno o stavci), u klasi protupožarnosti EI30, EI 60 I EI 90, ugradbene dubine 104 mm, u odgovarajućoj klasi protupožarnosti. Protupožarni paneli se izrađuju od čeličnog lima sa ispunom. U prostor između stakla i profila ugrađena je ekspandirajuća protupožarna traka debljine 2 mm, koja u slučaju povećanja temperature nabubri i zabrtvi taj prostor. Žlijeb za okov je multifunkcionalan i omogućava ugradnju svih vrsta automatskih, sigurnosnih i antipanik mehanizama, omogućava brzu i jednostavnu ugradnju okova i brtvenih traka te u brzu i jednostavnu ugradnju stavke u zidarski otvor. Preko žlijeba na krilu i štoku lijepi se brtvena traka prema uputi proizvođača. Protupožarnost prema EU normi obuhvaća zaštitu od plamena, dima i prolaza topline u roku od 30 min, i to za: - fiksna ostakljenja, EI30: HRN DIN 4102-13 ili jednakovrijedno ______________________ - otvarajući elementi, EI30: HRN DIN 4102-5 ili jednakovrijedno___________________________
B5: Okov vrata, sistemski okov, panti, brava, kvaka obostrano. Jedino ako pojedinom stavkom nije drugačije definirano.
B6: Karakteristike traženog sistema: - tražena vatrootpornost 30 min., klasa EI (bivše F i T) - kvaliteta materijala, DIN EN 573: EN AW – 6060 ili jednakovrijedno _____________________________
B7: Ispuna: Panel u klasi EI60 I EI90 ili staklo EI60 I EI90. Debljina i vrsta ispune detaljno opisana u svakoj poziciji zasebno.
B8: Aluminijski i čelični profili su plastificirani u boji RAL 7016. Izvoditelj radova obavezan je prije početka plastifikacije aluminijskih profila podnijeti projektantima na uvid i odobrenje uzorke aluminijskih profila plastificirane prema njihovom izboru.
B9: Ugradnja vratnih, i prozorskih sistema: Okviri se fiksiraju u nosivu konstrukciju direktno preko sidrenih vijaka kroz profile štoka. Broj pričvršćenja i njihov raspored i dimenzioniranje su sistemski rješeni. Detalji učvršćenja – gornji, donji, bočni, sa drugim sistemom- sistemski su rješeni; koristiti pur-pjenu protupožarne klase B1. Priključke na zidanu podlogu i porobeton izvoditi prema DIN 1053 ili jednakovrijedno, na beton prema DIN 1045 ili jednakovrijedno, na gips-karton prema DIN 4102 ili jednakovrijedno, na zid sa nosivom drvenom/čeličnom konstrukcijom prema DIN 4102 ili jednakovrijedno.
B10: U cijeni stavke uključiti komplet sav potreban rad i materijal prema opisu u troškovniku, kao i sve dodatne radove i materijale potrebne da se izradi kompletna stavka kao oblikovna i funkcionalna cjelina. Svi spojni limovi, opšavi, i potrebite izolacije, koje se prema pravilima struke ugrađuju, sastavni su dio ove stavke.
B11: U cijenu uključena izrada radioničke dokumentacije.
A13: 1. | B13: ST P1
B14: Izrada, doprema i ugradnja jednokrilnih zaokretnih protupožarnih vrata sa ostakljenjem dimenzija 30/60 cm EI2-60-C, dimenzija 100/210. Završna obloga alu limom minimalne debljine 1 mm. Završna obrada - tvorničko ličenje/plastifikacija u tonu po izboru projektanta. Sav potreban okov, povratna pumpa, brtve, ručke za otvaranje, brava i kvaka za protupožarna vrata - uključeni. Kvaka INOX sa bravom i cilindrom. | C14: kom L | D14: 1 | E14: 3000 | F14: =D14*E14 -> 3000
A17: =A2 -> XI | B17: =B2 -> POŽARNA BRAVARIJA | C17: UKUPNO | F17: =SUM(F12:F16) -> 3000

Sheet XII STOLARIJA
A2: XII | B2: STOLARSKI RADOVI
B4: Sve mjere kontrolirati u naravi!
B5: Unutrašnja vrata su sa brtvama između krila i dovratnika prema detaljima kao kod tipskih proizvoda . Predviđena su za suhu ugradbu ,sa dovratnikom na puni poprečni profil zida ( "futer štok" ) i opšavnim letvama 15x75 mm, drveni dijelovi su završno trokratno ličeni PU lakom u bijeloj boji. Tehnoligija ličenja prema proizvođaču, odnosno ličenje u komorama specijaliziranim za tu namjenu. sa svim potrebnim predradnjama. (vratna krila, dovratnici i opšavne letve) u tonu po izboru projektanta, okovana potrebnim okovom te se dopremaju na gradilište u zaštitnom pakiranju. Vratno krilo je izrađeno na drvenom okviru obostrano obloženo MDF pločama i ispunjeno papinatim saćem. Dovratnik je puni drveni dimenzija prema dimenziji zida-obuhvatni štok. Po cijelom opsegu dovratnika na koji dosjeda vratno krilo ugraditi odgovarajući gumeni brtveni profil. Okov sa bravom sa cilinder uloškom ili sa bravom za WC(kvaka u cijeni do 120 kn) odnosno sa panik letvom. Uz sve stolarske stavke ugraditi prema potrebnoj situaciji na licu mjesta odbojnike na podu ili zidu. U cijeni stavke uračunati kompletan okov, brave i kvake prema izboru projektanta, sav horizontalni i vertikalni transport, potrebna radna skela, brtvljenja i sav sitni materijal i pribor. Boja unutarnjih vratiju je RAL 9016. Tražena razina zaštite od buke ugrađenih elemenata iznosi Rw= 35 (-1,-3).
B6: Izvođač je dužan napraviti radioničku razradu svih rješenja iz ovog projekta i dati ih na odobrenje glavnom projektantu. Svi radovi sadrže dobavu potrebnog materijala, izradu i montažu do potpune gotovosti.
A8: 1. | B8: S1
B9: ZIDARSKI OTVOR četverokrilne "harmonika" ostakljene stijene 300*210cm + KVAKA I BRAVA S CILINDROM | C9: kom L | D9: 1 | E9: 3700 | F9: =D9*E9 -> 3700
A11: 2. | B11: S2
B12: ZIDARSKI OTVOR jednokrilnih punih vrata 90*210cm + KVAKA I BRAVA S CILINDROM | C12: kom D | D12: 11 | E12: 600 | F12: =D12*E12 -> 6600
C13: kom L | D13: 8 | E13: 600 | F13: =D13*E13 -> 4800
B14: Kvaka INOX protupožarne izvedbe HR EN 179 ili jednakovrijedno | C14: kom D | D14: 3 | E14: 300 | F14: =D14*E14 -> 900
B15: Kvaka INOX protupožarne izvedbe HR EN 179 ili jednakovrijedno | C15: kom L | D15: 4 | E15: 300 | F15: =D15*E15 -> 1200
A17: 3. | B17: S3
B18: ZIDARSKI OTVOR jednokrilnih punih vrata 110*210cm + KVAKA I BRAVA S CILINDROM | C18: kom D | D18: 1 | E18: 600 | F18: =D18*E18 -> 600
A20: 4. | B20: S4
B21: ZIDARSKI OTVOR jednokrilnih ostakljenih vrata 110*210cm + KVAKA I BRAVA S CILINDROM | C21: kom D | D21: 1 | E21: 700 | F21: =D21*E21 -> 700
C22: kom L | D22: 1 | E22: 700 | F22: =D22*E22 -> 700
A24: 5. | B24: S5
B25: ZIDARSKI OTVOR trokrilne fiksne staklene stijene 360*110cm | C25: kom | D25: 5 | E25: 600 | F25: =D25*E25 -> 3000
A27: 8. | B27: S6
B28: ZIDARSKI OTVOR dvokrilnih ostakljenih vrata 175*210cm + Kvaka INOX protupožarne izvedbe HR EN 179 ili jednakovrijedno. | C28: kom | D28: 1 | E28: 1600 | F28: =D28*E28 -> 1600
A30: 9. | B30: S7
B31: ZIDARSKI OTVOR dvokrilnih ostakljenih vrata 180*210cm + Kvaka INOX protupožarne izvedbe HR EN 179 ili jednakovrijedno. | C31: kom | D31: 1 | E31: 1650 | F31: =D31*E31 -> 1650
A33: 10. | B33: Pregrade sanitarija
B34: Dobava materijala, izrada i ugradnja montažne fiksne pregradne stijene u WC-u. Stijena je visine 130/215 cm, debljine 30 mm, izvodi se od panel ploča obloženih laminatom boje po izboru projektanta, obrubljenih ABS profilom debljine 3 mm sa zaobljenim rubovima r = 2 mm. Podnožje - nogice, visine 15 cm, Ф 20 mm podesive po visini, izrađene od nehrđajućeg čelika, vijkom M12 spojene s pregradom. Donja rozeta je od nehrđajućeg čelika obučena u nylon poklopac. U cijeni stavke izmjere na licu mjesta, sav spojni i pričvrsni materijal. Sve komplet sa završnom obradom i opšavima.
B35: fiksna pregradna stijena visine 130 cm | C35: m1 | D35: 24 | E35: 300 | F35: =D35*E35 -> 7200
B36: fiksna pregradna stijena visine 215 cm | C36: m1 | D36: 16 | E36: 600 | F36: =D36*E36 -> 9600
B37: vrata 70x115 cm | C37: kom | D37: 9 | E37: 400 | F37: =D37*E37 -> 3600
B38: vrata 70x200 cm | C38: kom | D38: 8 | E38: 800 | F38: =D38*E38 -> 6400
A40: =A2 -> XII | B40: =B2 -> STOLARSKI RADOVI | C40: UKUPNO | F40: =SUM(F7:F39) -> 52250

Sheet XIII LIMAR
A2: XIII | B2: LIMARSKI RADOVI
A6: 1. | B6: Opšavi razni
B7: Dobava materijala i izvedba horizontalnog i kosog opšava krova iz pocinčanog lima debljine 0,55 mm . Cijene uključuje opšavni lim rš 850 mm, sav spojni i pričvrsni pribor neophodan za njegovo funkcioniranje. Savijanje i profilacija prema detaljima iz izvedbenog projekta. RAL 7016
B8: Obračun po m1 | C8: m1 | D8: 426 | E8: 60 | F8: =D8*E8 -> 25560
A10: 2. | B10: Opšavi razni - obračun po m2 postavljene limene obloge
B11: Dobava materijala i izvedba raznih opšava iz pocinčanog lima debljine 0,55 mm. Cijene uključuje opšavni lim različite razvijene širine, sav spojni i pričvrsni pribor neophodan za njegovo funkcioniranje. Savijanje i profilacija prema detaljima iz glavnog projekta. RAL 7016
B12: Obračun po m2- potporni zid, odušak ventilacije,... | C12: m2 | D12: 43 | E12: 60 | F12: =D12*E12 -> 2580
A15: =A2 -> XIII | B15: =B2 -> LIMARSKI RADOVI | C15: UKUPNO | F15: =SUM(F5:F13) -> 28140

Sheet XIV GK
A2: XIV | B2: GIPSKARTONSKI RADOVI
A5: 1. | B5: Izvedba spuštenog stropa iz GK ploča na metalnoj potkonstrukciji - spuštanje stropa 35 cm u prizemlju
B6: Dobava materijala i montaža obloge stropa iz gips-kartonskih ploča sa ovješenjem do 70 cm. Obloge su nenosive, a izvode se od jednostruke metalne potkonstrukcije iz CD i UD profila, koja je su obložene gipskartonskim pločama pločama debljine 1.25 cm bez ispune kamene vune. U cijeni stavke je uračunata izvedba svih spojeva ploča međusobno, kao i na svim sudarima sa zidovima i stropovima. Svi sudari i uglovni spojevi izrađuju se standardnim Al završnim profilima i zapunjavaju akrilnim kitom čitavom duljinom istih, svi spojevi bandažirani, kitani i brušeni.U cijenu stavke je uključen sav rad, transport, materijal, sitna spojna sredstva i potrebna radna skela. Rad izvesti u svemu prema uputama proizvođača. U stavku uključiti i cijenu dobave i postave PE folije koju je potrebno postaviti na metalnu konstrukciju prije postave GK ploča
B7: U cijeni stavke ugradnja tipskih revizionih otvora.
C8: m² | D8: 1426 | E8: 45 | F8: =D8*E8 -> 64170
A10: 2. | B10: Dobava materijala i montaža obloge zidova po kojima su vođene instalacije iz vodootpornih gips-kartonskih
B11: Obloge su nenosive, a izvode se od jednostruke metalne potkonstrukcije iz CW 75 mm i UW 75 mm profila, koja je jednostrano dvostruko obložene GK običnim pločama debljine 2 x 1.25 cm s ispunom kamene vune 40 kg/m3 debljine 8cm. U cijeni stavke je uračunata izvedba svih spojeva ploča međusobno, kao i na svim sudarima sa zidovima i stropovima.
B12: Na katu u parapetu na galeriji se horizontalna površina izvodi od cementnih ploča 2x1,25 na istom profilu kao što je gore opisano.
B13: U sanitarijama je potrebno u nosivoj konstrukciji pregrade ugraditi tipske nosive elemnte za ovjes sanitarija (uključena u jediničnu cijenu) za pričvršćenje sanitarnih elemenata - elementi za igradnju u sklopu troškovnika instalacija vodovoda i kanalizacije.
B14: Stijene se izvode u punoj visini etaže do 4 m, tako da gips-kartonske ploče i zvučna izolacija idu do vrha. U cijenu treba uračunati eventualno pojačanje potkonstrukcije zbog visine
B15: Svi sudari i uglovni spojevi izrađuju se standardnim Al završnim profilima i zapunjavaju akrilnim kitom čitavom duljinom istih, svi spojevi bandažirani, kitani i brušeni.
B16: U cijeni stavke je uračunata izvedba svih spojeva ploča međusobno, kao i na svim sudarima sa zidovima i stropovima.
B17: U cijenu stavke je uključen sav rad, transport, materijal, sitna spojna sredstva i potrebna radna skela.
B18: Rad izvesti u svemu prema uputama proizvođača.
B19: Površinska obrada - spremno za soboslikarske radove
B20: U cijeni stavke ugradnja tipskih revizionih otvora.
B21: Obračun po m2 gotove obloge
B22: - obloga zidova | C22: m² | D22: 39 | E22: 55 | F22: =D22*E22 -> 2145
B23: - obloga ugradbenog vodokotlića - visina prema projektu, koristiti vlagootporne GK ploče ( "zelene ploče") (vertikale i hoirontale - 9 m2 i 4 m2) | C23: m² | D23: 41 | E23: 65 | F23: =D23*E23 -> 2665
A25: 4. | B25: Vatrootporne pregradne stijene
B26: Izvedba tipske montažne stijene od vatrootpornih gips-kartonskih ploča. Tražena vatrootpornost je 90 minuta (REI90). Stijene u samostojećoj izvedbi, ukupne debljine 150 mm, konstrukcija stijene sidri u ab ploču dolje i gore. Izvesti obostrano obložene dvostrukim protupožarnim masivnim pločama u protupožarnoj klasi A2 debljine po 2x12,5 mm ( sa svake strane ), sa ispunom ploča mineralne vune debljine 5 cm klase A s točkom topljenja >1000o C, uključivo nosiva potkonstrukcija tipskih pocinčanih CW i UW profila i brtvljenje spojeva sa susjednim plohama. Po postavi treba spojeve ploča gletati odgovarajućom masom i vidljive plohe premazati odgovarajućom impregnacijom ( sve u cijeni ) za završnu obradu bojanjem. Priložiti valjan certifikat o vatrootpornosti. Obračun po m2 plohe konstrukcije/stijene. Na mjestima otvora, kao pojačanje, ugraditi UA profile d=2 mm.
B27: Površinska obrada - spremno za soboslikarske radove
B28: Obračun po m2 gotove stijene REI90 | C28: m² | D28: 49 | E28: 70 | F28: =D28*E28 -> 3430
A30: 5. | B30: Pregradni zidovi
B31: Stijene su nenosive, a izvode se od jednostruke metalne potkonstrukcije (zidovi do 12,5 cm debljine) i dvostruke potkonstrukcije (zidovi deblji od 12,5 cm) iz CW i UW 50 i 75 profila, koja je dvostruko obložene gipskartonskim pločama debljine 2 x 1.25 cm. U stavci su obrađeni i zidovi s vlagootpornim pločama. Ispuna je kamena vuna 40 kg/m3 debljine 5 cm. U cijeni stavke je uračunata izvedba svih spojeva ploča međusobno, kao i na svim sudarima sa zidovima i stropovima.
B32: Stijene se izvode u punoj visini etaže, tako da gips-kartonske ploče i zvučna izolacija idu do vrha. U cijenu treba uračunati eventualno pojačanje potkonstrukcije zbog visine.
B33: Svi sudari i uglovni spojevi izrađuju se standardnim Al završnim profilima i zapunjavaju akrilnim kitom čitavom duljinom istih, svi spojevi bandažirani, kitani i brušeni.
B34: Stavka uključuje nosivu potkonstrukciju u kompletnoj visini prostora .
B35: U cijenu stavke je uključen sav rad, transport, materijal, sitna spojna sredstva i potrebna radna skela.
B36: Rad izvesti u svemu prema uputama proizvođača.
B37: Površinska obrada - spremno za soboslikarske radove
B38: Obračun po m2 gotovog zida
B39: uZd01 - zid debljine 15 cm | C39: m² | D39: 292 | E39: 56 | F39: =D39*E39 -> 16352
B40: uZd02 - zid debljine 15 cm, jedna strana vlagootporna | C40: m² | D40: 318 | E40: 58 | F40: =D40*E40 -> 18444
B41: uZd03 - zid debljine 15 cm, obje strane vlagootporne | C41: m² | D41: 67 | E41: 60 | F41: =D41*E41 -> 4020
A45: =A2 -> XIV | B45: =B2 -> GIPSKARTONSKI RADOVI | C45: UKUPNO | F45: =SUM(F4:F44) -> 111226

Sheet XV KERAMIKA
A2: XV | B2: KERAMIČARSKI RADOVI
A5: 1. | B5: Zidne obloge - unutarnje oblaganje WC-a i kupaone
B6: Dobava materijala i izvedba opločenja zidova sanitarija keramičkim pločicama veličine 20/40 cm I klase, postavljenim na ljepilo, fuga na fugu, s vertikalnim sljubnicama. Pločoce su imitacija betona. Sudari na bridovima zidova i završeci opločenja moraju biti izvedeni rubnim pločicama ili tipskim ugaonim aluminijskim profilima. Sljubnice ispunjene masom za fugiranje u sivoj boji. Izbor pločica (u minimalno 5 osnovnih boja) kao i sve detalje sheme polaganja prije izvedbe radova usaglasiti s projektantom. Obračun po m2 bez ozbira na veličinu prostorije ili visinu opločenja. Visina opločenja do stropa. U cijenu uključena sva potrebna kitanja trajnoelastičnim kitom. Visina opločenja do stropa.
B7: - sanitarije | C7: m2 | D7: 652 | E7: 55 | F7: =D7*E7 -> 35860
B8: - kuhinja | C8: m2 | D8: 78 | E8: 55 | F8: =D8*E8 -> 4290
A10: 2. | B10: Podne obloge
B11: Dobava materijala i oblaganje podova protukliznim keramičkim pločicama (klasa protukiznosti R11) I klase veličine 40/40 cm postavljenim na ljepilo, a polaganje ortogonalno. Pločice su imitacija betona. Izbor pločica kao i sve detalje sheme polaganja prije izvedbe radova usaglasiti s projektantom. Pod se izvodi u padu prema podnom sifonu u svim prostorijama gdje su sifoni ugrađeni. Obračun po m2 izvedenog opločenja bez obzira na veličinu prostorije. Sve ostalo kao st XVI.1.
B12: - sanitarije grupe | C12: m2 | D12: 151 | E12: 60 | F12: =D12*E12 -> 9060
B13: - gospodarstvo | C13: m2 | D13: 173 | E13: 60 | F13: =D13*E13 -> 10380
B14: - gospodarstvo sokl 8 cm | C14: m1 | D14: 253 | E14: 25 | F14: =D14*E14 -> 6325
B15: - kuhinja (protukliznost R13) | C15: m2 | D15: 39 | E15: 80 | F15: =D15*E15 -> 3120
B17: - vanjske površine uključivo stube na tlu | C17: m2 | D17: 521 | E17: 60 | F17: =D17*E17 -> 31260
B18: - vanjske površine sokl | C18: m1 | D18: 229 | E18: 25 | F18: =D18*E18 -> 5725
A20: =A2 -> XV | B20: =B2 -> KERAMIČARSKI RADOVI | C20: UKUPNO | F20: =SUM(F6:F19) -> 106020

Sheet XVI PODOPOL
A2: XVI | B2: PODOPOLAGAČKI RADOVI
B4: NORMATIVI I PROPISI
B5: Prilikom izvedbe podopolagačkih radova te za korištenje i ispitivanje materijala opisanih u troškovniku izvođač radova mora se pridržavati uvjeta i opisa iz projektne dokumentacije kao i važećih propisa i normi na koje tehnički propisi i norme upućuju
B6: Tehnički uvjeti za izvođenje radova pri polaganju podnih obloga - HRN U.FS.017/78 ili jednakovrijedno, Elastične, tekstilne i laminatne podne obloge - bitne značajke HRN EN 14041:2018 ili jednakovrijedno, EN 14041:2004+AC:2006 ili jednakovrijedno.
B7: KVALITETA IZVEDBE RADOVA
B8: Oblaganje podnim oblogama mogu izvoditi samo stručno osposobljene osobe ovlaštene od proizvođača obloge.
B9: Izvođač radova dužan je prije početka radova pripremiti podlogu, kontrolirati vlažnost podloge, horizontalnost i ispravnost izvedene podloge za postavu svih podnih obloga i iste. Također je potrebno provjeriti uvjete u prostoriji kao i sve ostale uvjete koje traži izvođač pojedinih radova.
B10: Kontrola podloge u skladu s HRN EN 13318:2001 ili jednakovrijedno.
B11: - Materijali za in situ podove (estrihe) i in situ podovi (estrisi) - Definicije (EN 13318:2000) ili jednakovrijedno.
B12: HRN EN 13813:2003 ili jednakovrijedno- Materijali za in situ podove (estrihe) i in situ podovi (estrisi) -- Materijal za in situ podove (estrihe) ili jednakovrijedno.
B13: - EN 13813:2002 - Svojstva i zahtjevi ili jednakovrijedno.
B14: Vlažnost podloge, odnosno maksimalna dopuštena zaostala vlaga u podlozi ne smije biti veća od 4% po CM-u za estrihe i betone.
B15: Bitni uvjeti podloge su ravnost, kompaktnost kroz cijeli presjek, sazrelost, prionjivost na beton od 1.2 MPa te minimalno C25 tvrdoća podloge. Podloga pravilno dilatirana i u odgovarajućoj debljini sukladno uputi proizvođača.
... B31: Dozvoljena odstupanja od karakterisitka i dimenzija ±10%.
A33: 1. | B33: podna obloga od sintetičkog kaučuka
B34: Dobava i postava trajno antistatične elastične podne obloge od sintetičkog kaučuka u roli.
B36: Podna obloga se cijelom površinom lijepi za podlogu specijalnim ljepilom prema preporuci proizvođača. Spojevi se rade uredno na 0, na preklop, bez varenja.
B38: Podna obloga mora biti sljedećih karakteristika:
B39: - debljina: 3,00 mm
B40: - ukupna masa: 4,700 g/m2
B41: - trajno antistatična prema EN 1815 ili jednakovrijedno: <2 kV
B42: - protukliznost prema EN 13893 ili jednakovrijedno: DS
B43: - tvrdoća prema ISO 48-4 (ISO 7619) ili jednakovrijedno: 90
B44: - dimenzionalna stabilnost prema EN/ISO 23999 (EN 434) ili jednakovrijedno: +/+0,30 %
B45: - otpornost na abraziju ISO 4649 ili jednakovrijedno: 150 mm³
B46: - toplinska otpornost prema EN 12667 ili jednakovrijedno: 0.020 m2 K/W
B47: - tokičnost razgradnje plinova prema DIN 53436 ili jednakovrijedno pri 350 stupnjeva C - nije toksično
... B59: Proizvod najsličniji bojom RAL-u 075 70 80 // RAL-u 220 80 05 // RAL-u 310 50 15
C60: m2 | D60: 925 | E60: 80 | F60: =D60*E60 -> 74000
A62: 2. | B62: Sokl
B63: Dobava i postava završne rubne letvice (sokla) od MDF-a
B65: Završna rubna letvica mora imati sljedeća minimalna svojstva:
B66: - dimenzija: 60/9 mm
B67: - materijal: MDF - vlaknasta ploča srednje gustoće
B68: - završna obrada: bojanje prema RAL-u
B70: Uključivo dobava materijala, izvedba i upotreba svih potrebnih alata i uređaja.
B72: rubna letvica
C73: m1 | D73: 698 | E73: 20 | F73: =D73*E73 -> 13960
A75: 3. | B75: Otirač
B76: Dobava i postava podne prostirke - otirača.
B77: Ulazni otirač visoke otpornosti od robusnih aluminijskih kanalica s tekstilnim umetcima. Aluminijski profili međusobno povezani užetom od nehrđajućeg čelika (3 mm). Ispod aluminijskih profila postavlja se pjenasta vodootporna traka radi prigušavanja vibracija.
B78: - visina otirača: 22 mm
B79: - širina aluminijske kanalice 37 mm
B80: - visina okvira kanalice 25 mm
B81: - razmak između kanalica 5 mm
B82: - masa otirača: 3000 g/m2
B83: - vrsta materijala: 100% polipropilen
B84: - dizajn materijala: loop
B85: - poleđina: SBR-Lateks impregnacija
B86: - postojanost na gorenje (EN 13501-1 ili jednakovrijedno): Cfl-s1
B87: - pogodno za invalidska kolica
... B95: Uključivo dobava i postava materijala, pribor, te upotreba svih potrebnih alata i uređaja.
C97: m2 | D97: 3 | E97: 1500 | F97: =D97*E97 -> 4500
A99: =A2 -> XVI | B99: =B2 -> PODOPOLAGAČKI RADOVI | C99: UKUPNO | F99: =SUM(F34:F98) -> 92460

Sheet XVII SOBOSLIK
A2: XVII | B2: SOBOSLIKARSKI I LIČILAČKI RADOVI
A5: 1. | B5: Bojenje stropova i zidova i stubišta s gletanjem
B6: Bojenje stropova i zidova u svim prostorijama. Bojenje izvesti gotovom tvorničkom disperzivnom bojom i to: 1) popravak manjih neravnina, 2) gletanje svih površina glet masom 3) trostruki premaz bojom u bijelom tonu. Jediničnom cijenom obuhvatiti sav materijal, rad, alat, skelu, transporte, razne zaštite i si.IMPREGNIRANJE SVIH POVRŠINA KOJE SE LIČE JE U CIJENI
B7: Obračun po m² stvarno obojene površine.
B8: a) popravak neravnina
B9: b) gletanje
B10: c) bojanje
C11: m² | D11: 2538 | E11: 14 | F11: =D11*E11 -> 35532
A13: 2. | B13: Bojenje zidova i stropova od gipskartonskih ploča
B14: Bojenje zidova i stropova od GK ploča u svim prostorijama gdje nisu ugrađene keramičke pločice. Bojenje izvesti gotovom tvorničkom disperzivnom bojom prema niže navedenoj recepturi i to: 1) impregniranje svih površina koje se liče, 2) trostruki premaz bojom u bijeloj boji. Jediničnom cijenom obuhvatiti sav materijal, rad, alat, skelu, transporte, razne zaštite i sl. IMPREGNIRANJE SVIH POVRŠINA KOJE SE LIČE JE U CIJENI.
B15: zidovi | C15: m² | D15: 1097 | E15: 7 | F15: =D15*E15 -> 7679
B16: stropovi | C16: m² | D16: 1527 | E16: 7 | F16: =D16*E16 -> 10689
A18: =A2 -> XVII | B18: =B2 -> SOBOSLIKARSKI I LIČILAČKI RADOVI | C18: UKUPNO | F18: =SUM(F6:F17) -> 53900

Sheet XVIII RAZNI RADOVI
A2: XIX | B2: RAZNI RADOVI
A4: 1. | B4: Vatrogasni aparati
B5: Dobava i postava vatrogasnih aparata. Postavljaju se prema uputama u elaboratu zaštite od požara.
B6: S6+ / 43A | C6: kom | D6: 8 | E6: 200 | F6: =D6*E6 -> 1600
A9: =A2 -> XIX | B9: =B2 -> RAZNI RADOVI | C9: UKUPNO | F9: =SUM(F6:F8) -> 1600

Sheet XX HORTIKULTURA
A2: XX | B2: HORTIKULTURA
B4: NAPOMENE UZ SVE STAVKE:
B5: U stavci uključen kompletan glavni i pomoćni, materijal i rad.
A7: 1. | B7: Nabava i ugradnja humusa - plodna zemlja
B8: Nabava, dovoz, razastiranje i grubo planiranje plodne zemlje bez primjesa korova i kamenja u sloju od 20cm. Količina bez dodatka za slijeganje.
B9: Obračun po m3. | C9: m3 | D9: 987 | E9: 15 | F9: =D9*E9 -> 14805
A11: 2. | B11: Sadnja stablašica
B12: Iskop jama za sadnju stablašica 1x1x1 m (odnosno prilagođene dimenzijama korijenove grude). Rahljenje dna jame i gnojenje s 70lit. stajnjaka po jami. Zatrpavanje jame dobrom vrtnim zemljom do polovice bez nabijanja, te sadnja sadnice. Učvršćivanje sadnice s tri kvaliteteno obrađena kolca dužine 2.5m, vezivanje jutenom trakom. Formiranje zdijelice i zalijevanje.
B13: Obračun po komadu. | C13: kom | D13: 25 | E13: 100 | F13: =D13*E13 -> 2500
A15: 3. | B15: Sadnja grmlja
B16: Iskop jame za sadnju grmlja veličine 50x50x50cm odnosno dimenzija prilagođenih veličini korijenove grude - bale. Rahljenje dna jame, ispuna jame s dobrim vrtnim tlom obogaćenim s 9 lit. stajskog gnoja. Sadnja penjačica uz formiranje zdjelice i zalijevanje penjačica.
B17: Obračun po komadu. | C17: kom | D17: 30 | E17: 50 | F17: =D17*E17 -> 1500
A19: 4. | B19: Sadnja sezonskog cvijeća
B20: Sadnja sezonskog cvijeća: iskop sadne jame dimenzija 15x15x15 cm, sadnja kontejnirane sadnice, zatrpavanje plodnom smjesom, gnojenje organskim gnojivom 100 g/m2, jednokratno zalijevanje.
B21: Obračun po komadu. | C21: kom | D21: 150 | E21: 10 | F21: =D21*E21 -> 1500
A23: 5. | B23: Biljni materijal
B24: Stavka uključuje nabavu biljaka prema navedenoj veličini i kvaliteti, dopremu na teren, te garanciju na posađene biljke od godinu dana. Sav biljni materijal mora imati certifikat koji potvrđuje njihovo porijeklo i vrstu, te zdravstveno stanje.
B25: Sadnice moraju biti školovane, zaštićenog korijena kontejnerima ili baliranjem. Biljni materijal mora odgovarati vrstama i kultivarima traženim ovim troškovnikom. U slučaju da postoji opravdan razlog eventualne zamjene za drugu vrstu ili kultivar, ili drugu veličinu, promjena mora biti u pismenom suglasju s projektantom, projektantskim nadzorom, nadzornim inženjerom i predstavnikom investitora, prema pravilima struke.
B26: Uspješna sadnja ovakvog biljnog materijala je moguća u agroroku (15.10.-1.4.)
B27: Obračun po komadu.
B28: STABLAŠICE:
B29: opseg debla 5-15 cm
B30: Acer platanoides Globosum | C30: kom | D30: 5 | E30: 200 | F30: =D30*E30 -> 1000
B31: Abies alba Mill. | C31: kom | D31: 5 | E31: 200 | F31: =D31*E31 -> 1000
B32: Actinidia deliciosa | C32: kom | D32: 3 | E32: 200 | F32: =D32*E32 -> 600
B33: Pyrus communis L. | C33: kom | D33: 3 | E33: 200 | F33: =D33*E33 -> 600
B34: Prunus domestica L. | C34: kom | D34: 3 | E34: 200 | F34: =D34*E34 -> 600
B35: Prunus avium L. | C35: kom | D35: 3 | E35: 200 | F35: =D35*E35 -> 600
B36: Prunus cerasus L. | C36: kom | D36: 3 | E36: 200 | F36: =D36*E36 -> 600
B38: GRMLJE:
B39: Parthenocissus quinquefolia, visina grma 60-80 cm | C39: kom | D39: 30 | E39: 60 | F39: =D39*E39 -> 1800
B41: SEZONSKO CVIJEĆE - LJETNICE:
B42: Impatiens ´New Guinea´ - VODENIKA, hibrid ´Nova Gvineja´ (tamnoružičasta) | C42: kom | D42: 25 | E42: 10 | F42: =D42*E42 -> 250
B43: Begonia semperflorens - LJETNA BEGONIJA (bijeli cvijet, zeleni list) | C43: kom | D43: 25 | E43: 10 | F43: =D43*E43 -> 250
B44: Begonia semperflorens - LJETNA BEGONIJA (bijeli cvijet, taman list) | C44: kom | D44: 25 | E44: 10 | F44: =D44*E44 -> 250
B46: SEZONSKO CVIJEĆE - PROLJETNICE:
B47: Bellis perennis ´Deep Rose´ - TRATINČICA UKRASNA (tamnoružičasta) | C47: kom | D47: 25 | E47: 10 | F47: =D47*E47 -> 250
B48: Bellis perennis ´White´ - TRATINČICA UKRASNA (bijela) | C48: kom | D48: 25 | E48: 10 | F48: =D48*E48 -> 250
B49: Viola cornuta - MAČUHICA SITNOCVJETNA (ljubičastoplava) | C49: kom | D49: 25 | E49: 10 | F49: =D49*E49 -> 250
A51: 6. | B51: Izrada travnjaka
B52: Izrada travnjaka koja uključuje:
B53: fino planiranje terena za sjetvu na točnost +/- 2 cm
B54: dopremu i rasipavanje mineralnog gnojiva u količini 3 dkg/m²
B55: nabavu i dopremu četverokomponentnog travnog sjemena u smjesi:
B56: - LOLIUM PERENE 30 %
B57: - POA PRATENSIS 20 %
B58: - FESTUCA RUBRA ssp. RUBRA 30 %
B59: - FESTUCA RUBRA ssp. COMMUTATA 20 %
B60: sjetvu travnog sjemena 4 dkg/m2 s ježenjem i valjanjem, te jednokratnim zalijevanjem | C60: m² | D60: 3526 | E60: 4 | F60: =D60*E60 -> 14104
A63: =A2 -> XX | B63: =B2 -> HORTIKULTURA | C63: UKUPNO | F63: =SUM(F9:F62) -> 42709

Sheet XXI DOKUMENT
A2: XXI | B2: DOKUMENTACIJA
A4: 1. | B4: Izrada izvedbenog projekta
B5: Izrada izvedbenog projekta u 3 primjerka
B6: obračun za sve projekte kompletno | C6: kom | D6: 1 | E6: 30000 | F6: =E6*D6 -> 30000
A8: 2. | B8: Izrada snimka izvedenog stanja
B9: Izrada arhitektonske snimka izvedenog stanja u 3 primjerka
B10: obračun za sve projekte kompletno | C10: kom | D10: 1 | E10: 5000 | F10: =E10*D10 -> 5000
A12: 3. | B12: Izrada energetskog certifikata
B13: Izrada energetskog certifikata prema važećim propisima u vrijeme završetka radova na građevini.
B14: obračun za sve projekte kompletno | C14: kom | D14: 1 | E14: 2000 | F14: =E14*D14 -> 2000
A17: =A2 -> XXI | B17: =B2 -> DOKUMENTACIJA | C17: UKUPNO | F17: =SUM(F2:F16) -> 37000

Sheet REKAP-GOR
C6: REKAPITULACIJA A. GRAĐEVINSKI RADOVI
B9: ='I PRIPR'!A41 -> I | C9: ='I PRIPR'!B41 -> UREĐENJE RADILIŠTA I PRIPREMNI RADOVI | E9: ='I PRIPR'!F41 -> 17500
B11: ='II ZEM'!A52 -> II | C11: ='II ZEM'!B52 -> ZEMLJANI RADOVI | E11: ='II ZEM'!F52 -> 270855.2
B13: ='III OPL_KOLNIK'!A100 -> III | C13: ='III OPL_KOLNIK'!B100 -> PJEŠAČKO KOLNIČKA KONSTRUKCIJA | E13: ='III OPL_KOLNIK'!F100 -> 334375
B15: ='IV AB RADOVI'!A74 -> IV | C15: ='IV AB RADOVI'!B74 -> BETONSKI I ARMIRANOBETONSKI RADOVI | E15: ='IV AB RADOVI'!F74 -> 1113493.8
B17: ='V ZIDARSKI'!A39 -> V | C17: ='V ZIDARSKI'!B39 -> ZIDARSKI RADOVI | E17: ='V ZIDARSKI'!F39 -> 205945
B19: ='VI IZOLAT'!A36 -> VI | C19: ='VI IZOLAT'!B2 -> IZOLATERSKI RADOVI | E19: ='VI IZOLAT'!F36 -> 97618
B21: ='VII KROV'!A15 -> VII | C21: ='VII KROV'!B15 -> KROV | E21: ='VII KROV'!F15 -> 156725
B23: ='VIII FASADA'!A21 -> VIII | C23: ='VIII FASADA'!B21 -> FASADERSKI RADOVI | E23: ='VIII FASADA'!F21 -> 165030
B25: ='IX BRAV'!A30 -> IX | C25: ='IX BRAV'!B30 -> BRAVARSKI RADOVI | E25: ='IX BRAV'!F30 -> 33300
B27: ='X ALU BRAVARIJA'!A136 -> X | C27: ='X ALU BRAVARIJA'!B136 -> ALUMINIJSKA STOLARIJA | E27: ='X ALU BRAVARIJA'!F136 -> 188650
B29: ='XI POŽARNA BRAVARIJA'!A17 -> XI | C29: ='XI POŽARNA BRAVARIJA'!B17 -> POŽARNA BRAVARIJA | E29: ='XI POŽARNA BRAVARIJA'!F17 -> 3000
B31: ='XII STOLARIJA'!A40 -> XII | C31: ='XII STOLARIJA'!B40 -> STOLARSKI RADOVI | E31: ='XII STOLARIJA'!F40 -> 52250
B33: ='XIII LIMAR'!A15 -> XIII | C33: ='XIII LIMAR'!B15 -> LIMARSKI RADOVI | E33: ='XIII LIMAR'!F15 -> 28140
B35: ='XIV GK'!A45 -> XIV | C35: ='XIV GK'!B45 -> GIPSKARTONSKI RADOVI | E35: ='XIV GK'!F45 -> 111226
B37: ='XV KERAMIKA'!A20 -> XV | C37: ='XV KERAMIKA'!B2 -> KERAMIČARSKI RADOVI | E37: ='XV KERAMIKA'!F20 -> 106020
B39: ='XVI PODOPOL'!A99 -> XVI | C39: ='XVI PODOPOL'!B99 -> PODOPOLAGAČKI RADOVI | E39: ='XVI PODOPOL'!F99 -> 92460
B41: ='XVII SOBOSLIK'!A18 -> XVII | C41: ='XVII SOBOSLIK'!B18 -> SOBOSLIKARSKI I LIČILAČKI RADOVI | E41: ='XVII SOBOSLIK'!F18 -> 53900
B43: ='XVIII RAZNI RADOVI'!A9 -> XIX | C43: ='XVIII RAZNI RADOVI'!B2 -> RAZNI RADOVI | E43: ='XVIII RAZNI RADOVI'!F9 -> 1600
B45: ='XX HORTIKULTURA'!A63 -> XX | C45: ='XX HORTIKULTURA'!B2 -> HORTIKULTURA | E45: ='XX HORTIKULTURA'!F63 -> 42709
B47: ='XXI DOKUMENT'!A17 -> XXI | C47: ='XXI DOKUMENT'!B17 -> DOKUMENTACIJA | E47: ='XXI DOKUMENT'!F17 -> 37000
B50: UKUPNO A. GRAĐEVINSKI RADOVI: | E50: =SUM(E9:E47) -> 3111797

Sheet OPREMA
B1: OPĆI UVIJETI:
B2: Ponuditelj treba dokazati sukladnost opreme sa važećim normama i zakonskim propisima:
B3: Dozvoljeno odstupanje u dimenzijama: ±10% za opremu koja se nabavlja kao gotov proizvod.
B4: Prije izrade opreme po narudžbi (spec.) obavezna izmjera na objektu.
B6: Stolice i stolovi za predškolsku i školsku razinu moraju biti usklađeni sa zahtjevima norma:
B7: HRN EN 1729-1:2016 ili jednakovrijedno
B8: HRN EN 1729-1:2016/Ispr.1:2016 ili jednakovrijedno
B9: HRN EN 1729-2:2016 ili jednakovrijedno
B10: Svi ormari trebaju biti sukladni normi HRN EN 16121:2017 ili jednakovrijedno
B11: Uredski radni stolovi za osoblje:
B12: HRN EN 527-1:2011 ili jednakovrijedno
B13: HRN EN 527-2:2016 ili jednakovrijedno
... B25: Namještaj za prematanje HRN EN 12221-1:2013 i HRN EN 12221-2:2013 ili jednakovrijedno
A28: 1. | B28: ADMINISTRACIJA
A30: 1.1. | B30: UREDI
A31: 1.1.1 | B31: RADNI STOL na metalnoj podkonstrukciji, ploča stola iveral debljine 25 mm ABS traka, metalna podkonstrukcija sa nogama presjeka 40x40 mm, ispod ploče 2 veznika metalna, metalna konstrukcija sive boje dim. 160x80x75 cm | C31: kom | D31: 3 | E31: 260 | F31: =IF(D31="","",D31*E31) -> 780
A32: 1.1.2 | B32: KONFERENCIJSKI STOL na metalnoj podkonstrukciji, ploča stola iveral debljine 25 mm ABS traka, metalna podkonstrukcija sa nogama presjeka 40x40 mm, metalna konstrukcija sive boje dim. promjer 120x visina75 cm | C32: kom | D32: 1 | E32: 240 | F32: =IF(D32="","",D32*E32) -> 240
A33: 1.1.3 | B33: ORMARIĆ POKRETNI S 3 LADICE I BRAVICOM izrađen iz iverala 18 mm,obrubljen ABS trakom debljine 3 mm, prihvatnici metalni 96 mm | C33: kom | D33: 3 | E33: 222 | F33: =IF(D33="","",D33*E33) -> 666
A34: 1.1.4 | B34: RADNI STOLAC sa mehanizmom za regulaciju visine i nagib naslona sa rukonaslonom, baza crom, tapecirani u tkaninu | C34: kom | D34: 3 | E34: 240 | F34: =IF(D34="","",D34*E34) -> 720
A35: 1.1.5 | B35: ORMAR sa policama, a u gornjem dijelu staklena vrata, izrađen iz iverala 18 mm, prihvatnici metalni 96 mm, postavljen je na 4 kvadratne nogice sive boje dim.80x40x200 cm | C35: kom | D35: 6 | E35: 504 | F35: =IF(D35="","",D35*E35) -> 3024
A36: 1.1.6 | B36: ORMAR sa policama i punim vratima u donjem dijelu i punim vratima u gornjem djelu, izrađen iz iverala 18 mm, prihvatnici metalni 96 mm, postavljen je na 4 kvadratne nogice sive boje dim.80x40x200cm | C36: kom | D36: 3 | E36: 420 | F36: =IF(D36="","",D36*E36) -> 1260
A37: 1.1.7 | B37: POSUDA ZA OTPATKE sa gumenim okvirom, perforirani promjer 30 cm, h=40 cm | C37: kom | D37: 3 | E37: 40 | F37: =IF(D37="","",D37*E37) -> 120
A38: 1.1.8 | B38: Konferencijska stolica sa sjedalom tapeciranim u eko-kožu u boji po izboru te naslonom u crnoj mreži. Postolje stolice kromirana skija, rukonasloni kromirani sa štitnicima od crne plastike. | C38: kom | D38: 12 | E38: 160 | F38: =IF(D38="","",D38*E38) -> 1920
A39: 1.1.9 | B39: Računalo sljedećih karakteristika; procesor 4-erojezgreni radnog takta minimalno 3.60 GHz, 16 GB DDR4 RAM, zasebna grafička kartica sa 2GB RAM, 1TB SSD M.2, DVD RW, Windows 10 Pro operativni sustav | C39: kom | D39: 2 | E39: 880 | F39: =IF(D39="","",D39*E39) -> 1760
A40: 1.1.10 | B40: Monitor najmanje sljedećih karakteristika 24" FullHD 60 Hz | C40: kom | D40: 2 | E40: 119 | F40: =IF(D40="","",D40*E40) -> 238
A41: 1.1.11 | B41: Dobava i postava samostojeće vješalice; konstrukcija iz punog drva. | C41: kom | D41: 2 | E41: 40 | F41: =IF(D41="","",D41*E41) -> 80
A42: 1.1.12 | B42: Dobava i postava stalka za kišobran, metalne kontrukcije, promjera 23cm, h=50cm | C42: kom | D42: 2 | E42: 35 | F42: =IF(D42="","",D42*E42) -> 70
A43: 1.1. | B43: UREDI UKUPNO: | F43: =SUM(F31:F42) -> 10878
A45: 1.2. | B45: SOBA ZA IZOLACIJU
A46: 1.2.1 | B46: RADNI STOL na metalnoj podkonstrukciji, ploča stola iveral debljine 25 mm ABS traka, metalna podkonstrukcija sa nogama presjeka 40x40 mm, ispod ploče 2 veznika metalna, metalna konstrukcija sive boje dim. 160x60x75 cm | C46: kom | D46: 1 | E46: 250 | F46: =IF(D46="","",D46*E46) -> 250
A47: 1.2.2 | B47: ORMARIĆ POKRETNI S 3 LADICE I BRAVICOM izrađen iz iverala 18 mm,obrubljen ABS trakom debljine 3 mm, prihvatnici metalni 96 mm | C47: kom | D47: 1 | E47: 222 | F47: =IF(D47="","",D47*E47) -> 222
A48: 1.2.3 | B48: RADNI STOLAC sa mehanizmom za regulaciju visine i nagib naslona sa rukonaslonom, baza crom, tapecirani u tkaninu | C48: kom | D48: 1 | E48: 240 | F48: =IF(D48="","",D48*E48) -> 240
A49: 1.2.4 | B49: ORMAR sa policama i punim vratima u donjem dijelu i punim vratima u gornjem djelu, izrađen iz iverala 18 mm, prihvatnici metalni 96 mm, postavljen je na 4 kvadratne nogice sive boje dim.80x40x200cm | C49: kom | D49: 1 | E49: 420 | F49: =IF(D49="","",D49*E49) -> 420
A50: 1.2.5 | B50: POSUDA ZA OTPATKE sa gumenim okvirom, perforirani promjer 30 cm, h=40 cm | C50: kom | D50: 1 | E50: 40 | F50: =IF(D50="","",D50*E50) -> 40
A51: 1.2.6 | B51: KREVET dimenzija 80x200 cm, okvir izrađen od iverala debljine 18 mm. Ucijenu uključena anatomska podnica i madrac od pjene. | C51: kom | D51: 1 | E51: 270 | F51: =IF(D51="","",D51*E51) -> 270
A52: 1.2.7 | B52: Računalo sljedećih karakteristika; procesor 4-erojezgreni radnog takta minimalno 3.60 GHz, 16 GB DDR4 RAM, zasebna grafička kartica sa 2GB RAM, 1TB SSD M.2, DVD RW, Windows 10 Pro operativni sustav | C52: kom | D52: 1 | E52: 880 | F52: =IF(D52="","",D52*E52) -> 880
A53: 1.2.8 | B53: Monitor najmanje sljedećih karakteristika 24" FullHD 60 Hz | C53: kom | D53: 1 | E53: 119 | F53: =IF(D53="","",D53*E53) -> 119
A54: 1.2.9 | B54: Dobava i postava samostojeće vješalice; konstrukcija iz punog drva. | C54: kom | D54: 1 | E54: 40 | F54: =IF(D54="","",D54*E54) -> 40
A55: 1.2.10 | B55: Dobava i postava stalka za kišobran, metalne kontrukcije, promjera 23cm, h=50cm | C55: kom | D55: 1 | E55: 35 | F55: =IF(D55="","",D55*E55) -> 35
A56: 1.2. | B56: SOBA ZA IZOLACIJU UKUPNO: | F56: =SUM(F46:F55) -> 2516
A58: 1.3. | B58: ODGAJATELJI
A59: 1.3.1 | B59: RADNI STOL na metalnoj podkonstrukciji, ploča stola iveral debljine 25 mm ABS traka, metalna podkonstrukcija sa nogama presjeka 40x40 mm, ispod ploče 2 veznika metalna, metalna konstrukcija sive boje dim. 160x80x75 cm | C59: kom | D59: 4 | E59: 260 | F59: =IF(D59="","",D59*E59) -> 1040
A60: 1.3.2 | B60: ORMARIĆ POKRETNI S 3 LADICE I BRAVICOM izrađen iz iverala 18 mm,obrubljen ABS trakom debljine 3 mm, prihvatnici metalni 96 mm | C60: kom | D60: 4 | E60: 222 | F60: =IF(D60="","",D60*E60) -> 888
A61: 1.3.3 | B61: RADNI STOLAC sa mehanizmom za regulaciju visine i nagib naslona sa rukonaslonom, baza crom, tapecirani u tkaninu | C61: kom | D61: 4 | E61: 240 | F61: =IF(D61="","",D61*E61) -> 960
A62: 1.3.4 | B62: Garderobni ormar dvodjelni sa bravicom, u gornjem dijelu polica, ispod prečka za vješalice. Izrađen iz iverala 18 mm. Ormar ima otvore za zračenje fi 40 mm i metalne ringove, prihvatnik metalni 96 mm. Ormar ima metalne kvadratne nogice 40/40x100 mm, dim. 30x50xh=180 + 10 cm nogice. | C62: kom | D62: 3 | E62: 215 | F62: =IF(D62="","",D62*E62) -> 645
A63: 1.3.5 | B63: Konferencijski stol dim. 150x100x75 cm. Radna ploča stola izrađena od iverala debljine 36 mm. Rubovi kantirani ABS rubnom trakom debljine 2 mm. Metalne noge izrađene od profila 60×30 mm, plastificirana u boji po izboru investitora, te povezana parom plastificiranih metalnih konzola. Visina stola može se nivelirati pomoću ugrađenih nožica za nivelaciju. | C63: kom | D63: 4 | E63: 290 | F63: =IF(D63="","",D63*E63) -> 1160
A64: 1.3.6 | B64: Konferencijska stolica sa sjedalom tapeciranim u eko-kožu u boji po izboru te naslonom u crnoj mreži. Postolje stolice kromirana skija, rukonasloni kromirani sa štitnicima od crne plastike. | C64: kom | D64: 16 | E64: 160 | F64: =IF(D64="","",D64*E64) -> 2560
A65: 1.3.7 | B65: ORMAR SA POLICAMA I PUNIM VRATIMA, izrađen iz iverala 18 mm bijele boje, prihvatnici metalni 96 mm, postavljen je na 4 kvadratne nogice sive boje, dim.80x40x200 cm | C65: kom | D65: 3 | E65: 410 | F65: =IF(D65="","",D65*E65) -> 1230
A66: 1.3.8 | B66: POSUDA ZA OTPATKE sa gumenim okvirom, perforirani promjer 30 cm, h=30 cm šifra u nacrtu: 8.5 | C66: kom | D66: 1 | E66: 40 | F66: =IF(D66="","",D66*E66) -> 40
A67: 1.3.9 | B67: Dobava i postava samostojeće vješalice; konstrukcija iz punog drva. | C67: kom | D67: 1 | E67: 40 | F67: =IF(D67="","",D67*E67) -> 40
A68: 1.3.10 | B68: Dobava i postava stalka za kišobran, metalne kontrukcije, promjera 23cm, h=50cm | C68: kom | D68: 1 | E68: 35 | F68: =IF(D68="","",D68*E68) -> 35
A69: 1.3. | B69: ODGAJATELJI UKUPNO: | F69: =SUM(F59:F68) -> 8598
A71: 1.4. | B71: KOMUNIKACIJA
A72: 1.4.1 | B72: TABURE okrugli dim. fi40xh40 cm na drvenoj podkonstrukciji, ispunjena poliuretanskom pjenom PT-2541, presvučena eko-kožom, debljine 0,9 mm, sastava pamuk, PE i PVC, težine 500g/m2, postojanosti boje 8, visoke otpornosti na trljanje, rastezanje i trganje, perive vodom i neutralnim sredstvima za pranje, u raznim bojama. | C72: kom | D72: 20 | E72: 89 | F72: =IF(D72="","",D72*E72) -> 1780
A73: 1.4.2 | B73: TABURE pravokutni dim. 80x40xh40 cm na drvenoj podkonstrukciji, ispunjena poliuretanskom pjenom PT-2541, presvučena eko-kožom, debljine 0,9 mm, sastava pamuk, PE i PVC, težine 500g/m2, postojanosti boje 8, visoke otpornosti na trljanje, rastezanjE i trganje, perive vodom i neutralnim sredstvima za pranje, u raznim bojama. | C73: kom | D73: 10 | E73: 139 | F73: =IF(D73="","",D73*E73) -> 1390
A74: 1.4.3 | B74: OGLASNI ORMARIĆ sa staklenim vratima, bravicom i ključem i skrivenim okovom, u metalnom plastificiranom okviru, pozadina pluto, dim. 100x100 cm. | C74: kom | D74: 2 | E74: 284 | F74: =IF(D74="","",D74*E74) -> 568
A75: 1.5 | B75: KOMUNIKACIJA UKUPNO: | F75: =SUM(F72:F74) -> 3738
A77: 1. | B77: ADMINISTRACIJA UKUPNO: | F77: =F56+F69+F75+F43 -> 25730
A79: 2. | B79: VRTIĆKE JEDINICE
A81: 2.1 | B81: VRTIĆKA TIP 1
A82: 2.1.1 | B82: STOLIĆ KVADRATNI konstrukcija od savinutog drveta (šper, iverala, puno drvo ili slično) bezbojni lak. Radna ploha iverica debljine 27 mm obostrano presvučena ultrapasom debljine 0,8 mm boja po izboru investitora, rub masiv bukva. Dim 90x90xh=53 cm | C82: kom | D82: 4 | E82: 141 | F82: =IF(D82="","",D82*E82) -> 564
A83: 2.1.2 | B83: STOLIĆ POLUKRUŽNI, konstrukcija od savinutog drveta (šper, iverala, puno drvo ili slično) bezbojni lak. Radna ploha iverica debljine 27 mm obostrano presvučena ultrapasom debljine 0,8 mm boja po izboru investitora, rub masiv bukva. Dim. R=90 cm, h=53 cm | C83: kom | D83: 4 | E83: 129 | F83: =IF(D83="","",D83*E83) -> 516
A84: 2.1.3 | B84: STOLAC BEZ RUKONASLONA, konstrukcija od drveta (šper, iverala, puno drvo ili slično) lamelirani savijeni elementi 28 mm noge i luk sjedala i naslona Sjedalo i naslona bukva furnirana šperploča anatomski oblikovana, debljine 7 mm. Okov-metalni spojni vijci s maticama, svijetla bukva. Dim. h=35 cm | C84: kom | D84: 20 | E84: 39 | F84: =IF(D84="","",D84*E84) -> 780
A85: 2.1.4 | B85: LEŽALJKA, od vatrootporne tkanine, okvir od čelika, sa čvrstim zaobljenim uglovima u boji prema boji tkanine. Kreveti se mogu slagati jedan u drugi zahvaljujući utorima za noge na uglovima. Dim. 138x55x13 cm. | C85: kom | D85: 20 | E85: 46 | F85: =IF(D85="","",D85*E85) -> 920
A86: 2.1.5 | B86: PROSTIRKA za ležaljku iz st. 4 | C86: kom | D86: 20 | E86: 6.1 | F86: =IF(D86="","",D86*E86) -> 122
A87: 2.1.6 | B87: PLAHTA za ležaljku iz st. 4. | C87: kom | D87: 40 | E87: 11.2 | F87: =IF(D87="","",D87*E87) -> 448
A88: 2.1.7 | B88: POKRIVAČ štepani za ležaljku iz st. 4. | C88: kom | D88: 20 | E88: 13.2 | F88: =IF(D88="","",D88*E88) -> 264
A89: 2.1.8 | B89: NAVLAKA za štepani pokrivač za ležaljku iz st. 4. | C89: kom | D89: 40 | E89: 12.2 | F89: =IF(D89="","",D89*E89) -> 488
A90: 2.1.9 | B90: NOSAČ ZA LEŽALJKU iz st. 4, dim. 138x55x13 cm, metalna plastificirana konstrukcija, na kotačićima | C90: kom | D90: 2 | E90: 54 | F90: =IF(D90="","",D90*E90) -> 108
A91: 2.1.10 | B91: ELEMENT S 3 STUPA POLICA, izrađen od drveta (šper, iverala, puno drvo ili slično) lakirane bezbojnim lakom, drvo za unutarnju upotrebu bez vodootpornog ljepila i kvalitete B/BB deb. 18mm, furnirane obostrano brezovim furnirom, dijelom sa 8 plitkih a dijelom s 4 duboke plastične plitice. Središnji dio s dvije drvene police. Kotači visine 10 cm načinjeni od čelika i obloženim gumom, s mogućnošću okretanja u svim smjerovima i potpunog kočenja. Rubovi zaobljeni r=2 mm. Dim. 90x40x82 cm | C91: kom | D91: 1 | E91: 193 | F91: =IF(D91="","",D91*E91) -> 193
A92: 2.1.11 | B92: PLITICA plastična duboka 38x31,5x15 cm za element iz stavke 10. | C92: kom | D92: 4 | E92: 9.5 | F92: =IF(D92="","",D92*E92) -> 38
A93: 2.1.12 | B93: PLITICA plastična plitka 38x31,5x7,5 cm za element iz stavke 10. | C93: kom | D93: 8 | E93: 7 | F93: =IF(D93="","",D93*E93) -> 56
... A125: 2.1.44 | B125: Kutić frizera - izrađen od drveta (šper, iverala, puno drvo ili slično) u boji. Sastoji se od ladice, dvije police za kozmetiku i akrilnog ogledala, potpuno sigurnog. Dimenzije: 65,5x41x96 cm. | C125: kom | D125: 1 | E125: 237 | F125: =IF(D125="","",D125*E125) -> 237
A126: 2.1 | B126: VRTIĆKA GRUPA TIP 1 UKUPNO: | F126: =SUM(F82:F125) -> 12417
A128: 2.2 | B128: GARDEROBA UZ TIP 1
A130: 2.2.1 | B130: KLUPA, drvo (šper, iverala, puno drvo ili slično), 24 mm presvučena ultrapasom, obrađenih rubova radijusa 2 mm, lakirana pu lakom na otvorene pore, s nagnutom policom za cipele od perforiranog lima debljine 1 mm (promjer perforacija 10 mm) sa zaštitnim rubom letvice od šperploče i poprečnom ukrutom 40x40mm. Dim. 100x38xh=38 cm. | C130: kom | D130: 3 | E130: 195 | F130: =IF(D130="","",D130*E130) -> 585
A131: 2.2.2 | B131: GARDEROBNI ORMAR JEDNOKRILNI za djecu, drvo (šper, iverala, puno drvo ili slično), 18 mm furnirano / breza, 4 pretinca s 4 vrata, otvor promjera 4 cm za ventilaciju i otvaranje. Sokl 10 cm. Dim. 30x40x120 cm. | C131: kom | D131: 6 | E131: 224 | F131: =IF(D131="","",D131*E131) -> 1344
A132: 2.2.3 | B132: POLICA SA VJEŠALICAMA, drvo (šper, iverala, puno drvo ili slično), 18 mm furnirano / breza, sa 10 dvostrukih vješalica, metalnih. Polica se montira između ormara Dim.d=100cm. | C132: kom | D132: 3 | E132: 105 | F132: =IF(D132="","",D132*E132) -> 315
A133: 2.2 | B133: GARDEROBA UZ TIP 1 UKUPNO: | F133: =SUM(F130:F132) -> 2244
A135: 2.3 | B135: VRTIĆKA TIP 2
A136: 2.3.1 | B136: STOLIĆ KVADRATNI konstrukcija od drveta (šper, iverala, puno drvo ili slično) bezbojni lak. Radna ploha iverica debljine 27 mm obostrano presvučena ultrapasom debljine 0,8 mm, boja po izboru investitora, rub masiv bukva. Dim 90x90xh=59 cm | C136: kom | D136: 8 | E136: 141 | F136: =IF(D136="","",D136*E136) -> 1128
A137: 2.3.2 | B137: STOLIĆ POLUKRUŽNI, konstrukcija od drveta (šper, iverala, puno drvo ili slično) bezbojni lak. Radna ploha iverica debljine 27 mm obostrano presvučena ultrapasom debljine 0,8 mm boja boja po izboru investitora, rub masiv bukva. Dim. R=90 cm, h=59 cm. | C137: kom | D137: 4 | E137: 129 | F137: =IF(D137="","",D137*E137) -> 516
A138: 2.3.3 | B138: STOLAC BEZ RUKONASLONA, konstrukcija od drveta (šper, iverala, puno drvo ili slično)-lamelirani savijeni elementi 28 mm noge i luk sjedala i naslona Sjedalo i naslona bukva furnirana šperploča anatomski oblikovana, debljine 7 mm. Okov-metalni spojni vijci s maticama, svijetla bukva. Dim. h=35 cm | C138: kom | D138: 40 | E138: 39 | F138: =IF(D138="","",D138*E138) -> 1560
A139: 2.3.4 | B139: LEŽALJKA, od vatrootporne tkanine, RAL 5012, okvir od čelika, sa čvrstim zaobljenim uglovima u boji prema boji tkanine. Kreveti se mogu slagati jedan u drugi zahvaljujući utorima za noge na uglovima. Dim. 138x55x13 cm. | C139: kom | D139: 40 | E139: 46 | F139: =IF(D139="","",D139*E139) -> 1840
A140: 2.3.5 | B140: PROSTIRKA za ležaljku iz st. 4. | C140: kom | D140: 40 | E140: 6.1 | F140: =IF(D140="","",D140*E140) -> 244
A141: 2.3.6 | B141: PLAHTA za ležaljku iz st. 4. | C141: kom | D141: 80 | E141: 11.2 | F141: =IF(D141="","",D141*E141) -> 896
A142: 2.3.7 | B142: POKRIVAČ štepani za ležaljku iz st. 4. | C142: kom | D142: 40 | E142: 13.2 | F142: =IF(D142="","",D142*E142) -> 528
A143: 2.3.8 | B143: NAVLAKA za štepani pokrivač za ležaljku iz st. 4. | C143: kom | D143: 80 | E143: 12.2 | F143: =IF(D143="","",D143*E143) -> 976
A144: 2.3.9 | B144: NOSAČ ZA LEŽALJKU iz st. 4dim. 138x55x13 cm, metalna plastificirana konstrukcija, na kotačićima | C144: kom | D144: 4 | E144: 54 | F144: =IF(D144="","",D144*E144) -> 216
A145: 2.3.10 | B145: ELEMENT S 3 STUPA POLICA, izrađen od drveta (šper, iverala, puno drvo ili slično) lakirane bezbojnim lakom, drvo za unutarnju upotrebu bez vodootpornog ljepila i kvalitete B/BB deb. 18mm, furnirane obostrano brezovim furnirom, dijelom sa 8 plitkih a dijelom s 4 duboke plastične plitice. Središnji dio s dvije drvene police. Kotači visine 10 cm načinjeni od čelika i obloženim gumom, s mogućnošću okretanja u svim smjerovima i potpunog kočenja. Rubovi zaobljeni r=2 mm. Dim. 90x40x82 cm | C145: kom | D145: 2 | E145: 193 | F145: =IF(D145="","",D145*E145) -> 386
A146: 2.3.11 | B146: PLITICA plastična duboka 38x31,5x15 cm za element iz stavke 10. | C146: kom | D146: 16 | E146: 9.5 | F146: =IF(D146="","",D146*E146) -> 152
A147: 2.3.12 | B147: PLITICA plastična plitka 38x31,5x7,5 cm za element iz stavke 10. | C147: kom | D147: 32 | E147: 7 | F147: =IF(D147="","",D147*E147) -> 224
... A174: 2.3.39 | B174: Ogledalo u drvenom okviru izrađen od brezinog iverala dim.60x120 cm | C174: kom | D174: 2 | E174: 280 | F174: =IF(D174="","",D174*E174) -> 560
A175: 2.3 | B175: VRTIĆKA TIP 2 UKUPNO: | F175: =SUM(F136:F174) -> 23362
A177: 2.4 | B177: GARDEROBA UZ TIP 2:
A178: 2.4.1 | B178: GARDEROBNI ORMAR JEDNOKRILNI SA 4 pretinca s 4 vrata, za djecu, drvo (šper, iverala, puno drvo ili slično), 18 mm furnirano / breza, otvor promjera 4 cm za ventilaciju i otvaranje. Sokl 10 cm. Dim. 30x40x120cm. šifra u nacrtu: 7.30 | C178: kom | D178: 12 | E178: 224 | F178: =IF(D178="","",D178*E178) -> 2688
A179: 2.4.2 | B179: POLICA SA VJEŠALICAMA, višeslojna drvo (šper, iverala, puno drvo ili slično), 18 mm furnirano / breza, sa 9 dvostrukih vješalica, metalnih. Polica se montira između ormara. dim. d=100cm. | C179: kom | D179: 6 | E179: 105 | F179: =IF(D179="","",D179*E179) -> 630
A180: 2.4.3 | B180: KLUPA,drvo (šper, iverala, puno drvo ili slično), 24 mm presvučena ultrapasom, obrađenih rubova radijusa 2 mm, lakirana pu lakom na otvorene pore, s nagnutom policom za cipele od perforiranog lima debljine 1 mm (promjer perforacija 10 mm) sa zaštitnim rubom letvice od šperploče i poprečnom ukrutom 40x40mm. Dim. 100x38x38 cm. | C180: kom | D180: 6 | E180: 195 | F180: =IF(D180="","",D180*E180) -> 1170
A181: 2.4 | B181: GARDEROBA UZ TIP 2 UKUPNO: | F181: =SUM(F178:F180) -> 4488
A183: 2.5 | B183: SANITARIJE VRTIĆ
...

Sheet VIK
B1: opis stavke | C1: jedinica mjere | D1: količina | E1: Ukupno jedinična cijena (EUR) | F1: Cijena stavke (EUR)
A2: P | B2: PRIKLJUČCI-VODOVOD I KANALIZACIJA
A4: P1 | B4: ZEMLJANI RADOVI - VODOVOD
A6: 1 | B6: Snimanje i utvrđivanje točnog položaja i dubine postojećeg uličnog cjevovoda prema podacima nadležnih organizacija, na lokaciji izgradnje priključka. | C6: kpl | D6: 1 | E6: 500 | F6: =SUM(D6*E6) -> 500
A8: 2 | B8: Geodetsko iskolčenje trase vanjskog vodovoda prije izvođenja radova-dužina 45 m | C8: m | D8: 45 | E8: 10 | F8: =SUM(D8*E8) -> 450
A10: 3 | B10: Rezanje i rušenje postojeće asfaltne konstrukcije na mjestu priključka, odvoz na deponiju te naknadna sanacija asfaltne konstrukcije. Sanacija asfaltne konstrukcije: Izrada tampona od šljunčanog materijala. Tampon je potrebno zbijati do Me=80 MN/m2. Završno se gornji sloj (asfaltna konstrukcija) izvodi u slojevima 6+3 cm, 6 cm – nosivi vezni sloj («binder»), 3 cm – habajući sloj («topeka») , dok se postojeća konstrukcija na mjestu spoja premazuje bitumenskom emulzijom. Iskop i zatrpavanje se ne obračunavaju u ovoj stavci, već u stavci za iskop i u stavci za zatrpavanje.
B11: rezanje postojeće asfaltne konstrukcije (uključeno rezanje u oba smjera) - točnu količinu utvrditi na licu mjesta ovisno o točnoj poziciji odvodnje | C11: m | D11: 45 | E11: 20
B12: asfaltna konstrukcija | C12: m2 | D12: 27 | E12: 50
C13: kpl | D13: 1 | E13: 500 | F13: =SUM(D13*E13) -> 500
A15: 4 | B15: Iskop kanala u zemljištu III. kategorije za polaganje vodovodnih cijevi. Dubinu iskopa izvesti do 1,2m. Širina rova 0,6m. Predviđen je ručni iskop 30% i strojni iskop 70%. NAPOMENA: Točnu kategoriju zemlje utvrditi na licu mjesta.
B16: - iskop | C16: m3 | D16: 65 | E16: 20 | F16: =SUM(D16*E16) -> 1300
A18: 5 | B18: Planiranje dna rova s odstupanjem ± 2.0 cm. | C18: m2 | D18: 57 | E18: 5 | F18: =SUM(D18*E18) -> 285
A20: 6 | B20: Dobava pijeska, ubacivanje u rov, te izrada pješčane posteljice na dnu rova, u sloju debljine 10 cm. | C20: m3 | D20: 8.6 | E20: 60 | F20: =SUM(D20*E20) -> 516
A22: 7 | B22: Dobava pijeska, ubacivanje u rov, te razastiranje s laganim nabijanjem oko i do visine od 15 cm iznad tjemena cijevi. | C22: m3 | D22: 18 | E22: 60 | F22: =SUM(D22*E22) -> 1080
A24: 8 | B24: Dobava i polaganje u rov iznad vodovodnih cijevi PVC trake sa natpisom "POZOR - VODOVOD" i vodljivom žicom za detekciju trase | C24: m | D24: 86 | E24: 2 | F24: =SUM(D24*E24) -> 172
A26: 9 | B26: Zatrpavanje rova materijalom od iskopa, po slojevima do 30 cm, uz istovremeno obilno močenje i nabijanje materijala ručnim nabijačima. U materijalu ne smije biti kamenja promjera većeg od 12 cm. | C26: m3 | D26: 45 | E26: 20 | F26: =SUM(D26*E26) -> 900
A28: 10 | B28: Odvoz materijala preostalog od iskopa, nakon zatrpavanja rova na gradsku deponiju (do 5 km), uključivo utovar, istovar i razastiranje. Količina u rastresitom stanju za zemljište III kategorije | C28: m3 | D28: 38 | E28: 15 | F28: =SUM(D28*E28) -> 570
A30: 11 | B30: Planiranje terena nakon izvršenog zatrpavanja rova. Pretpostavljena širina planiranja je 1,0 m. Obračun po m2 obrađene površine. | C30: m2 | D30: 94 | E30: 15 | F30: =SUM(D30*E30) -> 1410
A32: P1 | B32: UKUPNO | F32: =SUM(F6:F31) -> 7683
A34: P2 | B34: VODOVODNI RADOVI
A36: 1 | B36: Izvedba priključka od PEHD 125 x 11,4 (DN100) na ulični cjevovod PVC 200mm bušenjem cijevi. Sve radove izvesti sukladno sa uputama distributera VG Vodoopskrba d.o.o. | C36: kpl | D36: 1 | E36: 2500 | F36: =SUM(D36*E36) -> 2500
A38: 2 | B38: Dobava i montaža cijevi iz polietilena za pitku vodu. Cijevi su predviđene za izvedbu priključnog sanitarnog voda sa radnim tlakom do 10 bar u mreži. Serija cijevi u odnosu na radni tlak: S 5. U dužni metar cijevi uračunato je spajanje cijevi, ispitivanje zavarenih dijelova na nepropusnost i čvrstoću te popravak oštećenja. U stavku uračunati i elektrospojnice i sve fazonske komade.
B39: a) PEHD - 125x11,4mm | C39: m | D39: 45 | E39: 100 | F39: =SUM(D39*E39) -> 4500
A41: 3 | B41: Dobava i montaža PVC SN4 tvrdih zaštitnih cijevi za provođenje PEHD vodovodnih cijevi ispod temelja, uz kanalizaciju i na uvodima u vodomjerno okno. Na proboje kroz VO se postavlju zaštitne PVC cijevi te uvodnice. Za cijev DN100 potrebni profil zaštitne cijevi iznosi DN150. U stavku uračunati i 1 kom uvodnica
B42: DN 150 | C42: m | D42: 45 | E42: 60 | F42: =SUM(D42*E42) -> 2700
A44: 4 | B44: Dobava i ugradnja armature u VO, svi za minimalno PN 10 bar. U cijenu su uključeni vijci, sav brtveni i spojni materijal te potreban rad. Obračun po montiranom komadu. U cijenu uračunato čišćenje i dezinfekcija gradske vodovodne mreže.
B45: Spojni E-BS komad sa prirubnicom DN 100mm na PEHD 125 mm kom 1
B46: FF komad DN 100 mm l = 80 cm kom 1
B47: T komad DN 100/50 mm kom 1
B48: EVX zasun DN 100 mm kom 1
B49: Hvatač nečistoća DN 100 mm kom 1;
B50: MDK DN 100 mm kom 1;
B51: FFR DN 100/80 mm l= 200 mm kom 1
B52: Vodomjer požarne vode DN80 Qn=40 m3/h kom 1
B53: X prirubnica DN50 s navojnim priključkom DN40 kom 1
B54: Q komad DN40 kom1
B55: kuglasti ventil DN40 kom 1
B56: hvatač nečistoča DN40
... B58: Horizontalni vodomjer VM, Qpot= 5,0 m3/h, točan tip prema uvjetu distributera- 1 kom
B59: Sve komplet | C59: kpl | D59: 1 | E59: 2500 | F59: =SUM(D59*E59) -> 2500
A61: 5 | B61: Ispiranje te ispitivanje dijela vodovodne mreže - priključak pod tlakom 6 i 10 bara | C61: kpl | D61: 1 | E61: 500 | F61: =SUM(D61*E61) -> 500
A63: 6 | B63: Dezinfekcija dijela vodovodne mreže - priključak sredstvom za dezinfekciju prema uputstvu za dezinfekciju | C63: kpl | D63: 1 | E63: 1000 | F63: =SUM(D63*E63) -> 1000
A65: 7 | B65: Bakteriološka analiza uzoraka vode iz priključnog cjevovoda nakon dezinfekcije, ovjerena od ovlaštene institucije | C65: kpl | D65: 1 | E65: 1000 | F65: =SUM(D65*E65) -> 1000
A67: P2 | B67: UKUPNO | F67: =SUM(F36:F65) -> 14700
A69: P3 | B69: OSTALI TROŠKOVI
A71: 1 | B71: Provjera ispravnosti montaže svih elemenata instalacije vanjskog vodovoda i kanalizacije, provjera funkcionalnosti, pribavljanje dokaza o kvaliteti izvedenih radova na instalaciji, probno puštanje u rad i primopredaja. | C71: kpl | D71: 1 | E71: 1000 | F71: =SUM(D71*E71) -> 1000
A73: P3 | B73: UKUPNO | F73: =SUM(F71:F72) -> 1000
A75: A | B75: VANJSKI VODOVOD I KANALIZACIJA
A77: A1 | B77: ZEMLJANI RADOVI - VODOVOD
A79: 1 | B79: Geodetsko iskolčenje trase vanjskog vodovoda prije izvođenja radova-dužina 465 m | C79: m | D79: 465 | E79: 2 | F79: =SUM(D79*E79) -> 930
A81: 2 | B81: Iskop kanala u zemljištu III. kategorije za polaganje vodovodnih cijevi. Dubinu iskopa izvesti do 1,2m. Širina rova 0,8 m. Predviđen je ručni iskop 30% i strojni iskop 70%. NAPOMENA: Točnu kategoriju zemlje utvrditi na licu mjesta.
B82: - iskop | C82: m3 | D82: 465 | E82: 10 | F82: =SUM(D82*E82) -> 4650
A84: 3 | B84: Proširenje dna rova u zemljištu III. kategorije radi izvedbe vodomjernog okna. Iskopani materijal odbaciti na udaljenost preko 1.0 m od bočne ivice rova, kako bi se spriječilo urušavanje iskopanog materijala u rov. | C84: m3 | D84: 68 | E84: 20 | F84: =SUM(D84*E84) -> 1360
A86: 4 | B86: Planiranje dna rova s odstupanjem ± 2.0 cm. | C86: m2 | D86: 252 | E86: 2 | F86: =SUM(D86*E86) -> 504
A88: 5 | B88: Dobava pijeska, ubacivanje u rov, te izrada pješčane posteljice na dnu rova, u sloju debljine 10 cm. | C88: m3 | D88: 44 | E88: 60 | F88: =SUM(D88*E88) -> 2640
A90: 6 | B90: Dobava pijeska, ubacivanje u rov, te razastiranje s laganim nabijanjem oko i do visine od 15 cm iznad tjemena cijevi. | C90: m3 | D90: 86 | E90: 60 | F90: =SUM(D90*E90) -> 5160
A92: 7 | B92: Dobava i polaganje u rov iznad vodovodnih cijevi PVC trake sa natpisom "POZOR - VODOVOD" i vodljivom žicom za detekciju trase | C92: m | D92: 465 | E92: 2 | F92: =SUM(D92*E92) -> 930
A94: 8 | B94: Zatrpavanje rova materijalom od iskopa, po slojevima do 30 cm, uz istovremeno obilno močenje i nabijanje materijala ručnim nabijačima. U materijalu ne smije biti kamenja promjera većeg od 12 cm. | C94: m3 | D94: 297 | E94: 10 | F94: =SUM(D94*E94) -> 2970
A96: 9 | B96: Odvoz materijala preostalog od iskopa, nakon zatrpavanja rova na gradsku deponiju (do 5 km), uključivo utovar, istovar i razastiranje. Količina u rastresitom stanju za zemljište III kategorije | C96: m3 | D96: 106 | E96: 15 | F96: =SUM(D96*E96) -> 1590
A98: 10 | B98: Planiranje terena nakon izvršenog zatrpavanja rova. Pretpostavljena širina planiranja je 1,0 m. Obračun po m2 obrađene površine. | C98: m2 | D98: 438 | E98: 5 | F98: =SUM(D98*E98) -> 2190
A100: A1 | B100: UKUPNO | F100: =SUM(F79:F99) -> 22924
A102: A2 | B102: ZEMLJANI RADOVI - KANALIZACIJA
A104: 1 | B104: Geodetsko iskolčenje trase vanjske kanalizacije prije izvođenja radova-dužina 452 m | C104: m | D104: 452 | E104: 2 | F104: =SUM(D104*E104) -> 904
A106: 2 | B106: Iskop kanala u zemljištu III. kategorije za polaganje kanalizacijskih cijevi. Dubinu iskopa izvesti prema projektu, a pad kanala u projektiranom nagibu.Širina rova 0,8m. Predviđen je ručni iskop 30% i strojni iskop 70%. NAPOMENA: Točnu kategoriju zemlje utvrditi na licu mjesta.
B107: - iskop | C107: m3 | D107: 449 | E107: 15 | F107: =SUM(D107*E107) -> 6735
A109: 3 | B109: Proširenje dna rova u zemljištu III. kategorije radi izvedbe revizijskih okana, mastolova i spremnika kišnice . Iskopani materijal odbaciti na udaljenost preko 1.0 m od bočne ivice rova, kako bi se spriječilo urušavanje iskopanog materijala u rov. | C109: m3 | D109: 193 | E109: 10 | F109: =SUM(D109*E109) -> 1930
A111: 4 | B111: Planiranje dna rova s odstupanjem ± 2.0 cm. | C111: m2 | D111: 386 | E111: 2 | F111: =SUM(D111*E111) -> 772
A113: 5 | B113: Dobava pijeska i izrada posteljice za kanalizacijske cijevi. Posteljica ispod kanalizacijskih cijevi je debljine 10 cm. Nabija se strojnim i ručnim nabijačima i po potrebi vlaži. Posteljica mora biti ravna, prilagođena obliku cijevi i uzdužnom padu tako da cijevi po cijeloj dužini naliježu na istu. Podmetanje kamena ispod cijevi ili podupiranje najstrože se zabranjuje. Obračun po m3 izvedene posteljice. | C113: m3 | D113: 46 | E113: 60 | F113: =SUM(D113*E113) -> 2760
A115: 6 | B115: Dobava materijala i izrada obloge za kanalizacijske cijevi. Oko prethodno montiranih kanalizacijskih cijevi izvodi se obloga od sitnog materijala - pijesak ili finiji zamjenski materijal iz pozajmišta (0-40 mm), a do visine 30 cm iznad vrha tjemena cijevi. Obračun po m3 izvedene obloge. | C115: m3 | D115: 184 | E115: 50 | F115: =SUM(D115*E115) -> 9200
A117: 7 | B117: Dobava i polaganje u rov iznad kanalizacijski cijevi PVC trake sa natpisom "POZOR - kanalizacija" i vodljivom žicom za detekciju trase | C117: m | D117: 452 | E117: 2 | F117: =SUM(D117*E117) -> 904
A119: 8 | B119: Zatrpavanje rova materijalom od iskopa, po slojevima od 30 cm, uz istovremeno obilno močenje i nabijanje materijala ručnim nabijačima. | C119: m3 | D119: 238 | E119: 10 | F119: =SUM(D119*E119) -> 2380
A121: 9 | B121: Odvoz viška materijala na deponiju Sav višak materijala iz iskopa rovova za kanalizacijske kolektore i priključke, građevinskih jama za kontrolna okna i vodolovna grla, a koji je ostao nakon zatrpavanja istih mora se odvesti na deponiju udaljenosti do 5 km. U cijenu je uključen utovar, prijevoz, istovar, te razastiranje materijala. Obračun po m3 materijala, u rastresitom stanju. | C121: m3 | D121: 174 | E121: 10 | F121: =SUM(D121*E121) -> 1740
A123: 10 | B123: Planiranje terena nakon izvršenog zatrpavanja rova. Pretpostavljena širina planiranja je 1,0 m. Obračun po m2 obrađene površine. | C123: m2 | D123: 465 | E123: 5 | F123: =SUM(D123*E123) -> 2325
A125: A2 | B125: UKUPNO | F125: =SUM(F103:F123) -> 29650
A127: A3 | B127: BETONSKI RADOVI - VODOVOD
A129: 1 | B129: Izvedba vodomjernog okna armiranim vodonepropusnim betonom C 25/30 u dvostranoj oplati, debljine bočnih stijenki 20 cm. Stjenke okna ožbukati cementnom žbukom 1:2 zaglađenom do crnog sjaja. Iznad okna na dubini oko 30 cm od kote uređenog terena izvesti armirano-betonsku ploču C25/30, debljine 15 cm s otvorom 60x60 cm. Iznad otvora u ploči montirati lijevano-željezni poklopac s okvirom vel. 600x600 mm (uzeti u obzir u ovoj stavci). Poklopac ne smije biti na parkiralištu ili kolniku, a mora biti lakog tipa (ispod opt. 50 kn) s dvije uvlačno-izvlačne ručke koje se mogu uhvatiti punom šakom.
B130: *- vodomjerno okno vanjskih dim. vel. 490x220x240cm NAPOMENA: Točne mjere vodomjernog okna utvrditi sa distributerom nadležnim za vodovod. | C130: kom | D130: 1 | E130: 2500 | F130: =SUM(D130*E130) -> 2500
A132: 2 | B132: Izrada betonskih sidrenih blokova na horizontalnim lomovima trase cjevovoda betonom C 15/20. U cijenu uključeno proširenje i produbljenje rova na mijestu bloka te izvedba u odgovarajućoj oplati. | C132: kom | D132: 3 | E132: 100 | F132: =SUM(D132*E132) -> 300
A134: 3 | B134: Dobava i ugradnja betonskog postolja u vodomjernom oknu izrađenog iz betona C 15/20. U cijenu uračunata potrebna oplata, sav materijal i rad. Obračun po komadu izvedenog uporišta, do 0,04m3 | C134: kom | D134: 4 | E134: 100 | F134: =SUM(D134*E134) -> 400
A136: 4 | B136: Izvedba prostorije za smještaj požarne hidrostanice armiranim vodonepropusnim betonom C 25/30 u dvostranoj oplati, debljine bočnih stijenki 20 cm. Stjenke okna ožbukati cementnom žbukom 1:2 zaglađenom do crnog sjaja. Iznad okna na dubini oko 30 cm od kote uređenog terena izvesti armirano-betonsku ploču C25/30, debljine 15 cm s otvorom 60x60 cm. Iznad otvora u ploči montirati lijevano-željezni poklopac s okvirom vel. 600x600 mm (uzeti u obzir u ovoj stavci). Poklopac ne smije biti na parkiralištu ili kolniku, a mora biti lakog tipa (ispod opt. 50 kn) s dvije uvlačno-izvlačne ručke koje se mogu uhvatiti punom šakom. Približne vanjske dimenzije prostorije: 300x240x270 cm NAPOMENA: Točne mjere utvrditi nakon dobave hidrostanice. | C136: kom | D136: 1 | E136: 1500 | F136: =SUM(D136*E136) -> 1500
A138: 5 | B138: Izrada betonskih osiguranja kapa i uporišta vanjskih hidranata betonom C 20. U cijenu uključeno proširenje i produbljenje rova na mjestu uporišta i osiguranja te izvedba u odgovarajučoj oplati. | C138: kom | D138: 1 | E138: 100 | F138: =SUM(D138*E138) -> 100
A140: 6 | B140: Izrada suhozida oko hidranta uključivo ispuna pijeskom. Suhozid izvesti od opeke dimenzija 12x25x6,5cm. | C140: kom | D140: 1 | E140: 100 | F140: =SUM(D140*E140) -> 100
A142: A3 | B142: UKUPNO | F142: =SUM(F128:F141) -> 4900
A144: A4 | B144: BETONSKI RADOVI - KANALIZACIJA
A146: 1 | B146: Izvedba revizionog okna na kanalizaciji armiranim vodonepropusnim nabijenim betonom C30/37 u dvostranoj oplati, debljine stijenki 20 cm. Stjenke okna ožbukati cementnom žbukom 1:2 zaglađenom do crnog sjaja.
B147: Iznad okna na dubini oko 10 cm od kote uređenog terena izvesti armirano-betonsku ploču C25/30, debljine 15 cm s otvorom za silazak u okno. Iznad otvora u ploči montirati poklopac s okvirom veličine poklopca 600x600 mm za opterećenje B125kN na prometnim površinama i A15 na zelenim površinama (uzeti u obzir u ovoj stavci). U cijeni je izvedba, dobava i ugradnja stupaljki u stjenke revizionog okna izrađene iz lijevanog željeza. Prije ugradbe, stupaljke od korozije zaštititi dvostrukim premazom uljane boje.
B148: a) dubine do 1,4m - vel. 80x80 cm | C148: kom | D148: 9 | E148: 600 | F148: =SUM(D148*E148) -> 5400
B149: b) dubine od 1,4m - vel. 80x80 cm | C149: kom | D149: 2 | E149: 1000 | F149: =SUM(D149*E149) -> 2000
A151: 2 | B151: Izvedba sabirne jame zatvorenog tipa,približnih vanjskih dim. 4,4x3,6x3,0m vodonepropusnim betonom C 30/37, debljine vanjskih zidova 20 cm. Minimalni korisni volumen sabirne jame (ispod uljevne cijevi) mora iznositi 33m3. Na dubini oko 100 cm (stvarnu dubinu utvrditi na licu mjesta) ispod kote uređenog terena, izvesti gornju kotu armirano betonskom pločom C 25/30, debljine 20 cm, s šahtom na visini terena s otvorima vel. 60x60 cm za silazak u jamu. Iznad otvora montirati lijevano-željezne poklopce nosivosti 5t. . Stavka podrazumijeva dobavu i ugradnju penjalica. Sve komplet.
B152: Podrazumijeva sav rad i materijal, sve prijevoze i prijenose, rad na izradi, ugradnji i njezi betona, te eventualno crpljenje vode. U cijenu oplate je uključena dobava, montaža i demontaža oplate te potrebno podupiranje. Uključivo potrebna armatura - odrediti statičkim proračunom. | C152: kom | D152: 1 | E152: 18000 | F152: =SUM(D152*E152) -> 18000
A154: A4 | B154: UKUPNO | F154: =SUM(F146:F152) -> 25400
A156: A5 | B156: VODOVODNI RADOVI
B158: Sanitarna mreža
A160: 1 | B160: Dobava i montaža cijevi iz polietilena za pitku vodu. Cijevi su predviđene za izvedbu priključnog sanitarnog voda sa radnim tlakom do 10 bar u mreži. Serija cijevi u odnosu na radni tlak: S 5. U dužni metar cijevi uračunato je spajanje cijevi, ispitivanje zavarenih dijelova na nepropusnost i čvrstoću te popravak oštećenja. U stavku uračunati i elektrospojnice i sve fazonske komade.
B161: a) PEHD - 63x5,8mm | C161: m | D161: 89 | E161: 20 | F161: =SUM(D161*E161) -> 1780
A163: 2 | B163: Dobava i montaža PVC SN4 tvrdih zaštitnih cijevi za provođenje PEHD vodovodnih cijevi ispod temelja, uz kanalizaciju i na uvodima u vodomjerno okno te ispod kolnih površina. Na proboje kroz VO i zasunsko okno se postavlju zaštitne PVC cijevi te uvodnice. Za vođenje cijevi profila DN50 potrebni profil zaštitne cijevi iznosi DN100. U stavku uračunati i 4 kom uvodnica.
B164: DN 100 | C164: m | D164: 89 | E164: 30 | F164: =SUM(D164*E164) -> 2670
A166: 3 | B166: Dobava i ugradnja armature u VO, svi za minimalno PN 10 bar. U cijenu su uključeni vijci, sav brtveni i spojni materijal te potreban rad. Obračun po montiranom komadu. U cijenu uračunato čišćenje i dezinfekcija gradske vodovodne mreže.
B167: VODOMJERNO OKNO
B168: FFR DN 100/80 mm l= 200 mm kom 1
...

Sheet STROJ
B3: OPĆENITO
B5: Cijena za svaku točku ovog troškovnika mora obuhvatiti dobavu, spajanje, te dovođenje stavke u stanje potpune funkcionalnosti.
B6: U cijenu treba ukalkulirati sav potreban spojni, montažni, pridržni i ostali materijal potreban za potpuno funkcioniranje pojedine stavke.
B7: Prilikom izrade ponude treba imati u vidu najnovije važeće propise za pojedine vrste instalacije.
B8: Potvrdu narudžbe prije definitivne isporuke specificirane opreme izvođač radova obavezno je dužan provjeriti kod projektanta. Izmjena pojedinih dijelova opreme “zamjenskim dijelovima” bez prethodne pismene suglasnosti projektanta isključuje odgovornost projektanta za predviđenu funkcionalnost postrojenja.
B9: Svi ponuđači dužni su kompletan opseg vlastite isporuke uskladiti s traženom kompletnom funkcijom, respektirajući pri tom sve predviđene i tražene parametre, uz čvrste, pismeno potvrđene garancije. Sva eventualna potrebna razrađivanja, usklađenja i slično, u opsegu su dotične isporuke, a sve pripadne troškove snosi ponuđač.
B10: Izvođač je dužan prijenos, ugradnju i svu građevinsku pripomoć izvesti o svom trošku, te sve te radove nuditi u jediničnim cijenama ovog troškovnika.
B16: Rekapitulacija
A19: A | B19: =B40 -> OPREMA ZA GRIJANJE I HLAĐENJE | F19: =F295 -> 163456
A20: B | B20: =B299 -> OPREMA ZA GRIJANJE I PRIPREMU PTV-a | F20: =F358 -> 17335
A21: C | B21: =B361 -> INSTALACIJA GRIJANJA -PODNO GRIJANJE | F21: =F437 -> 82755
A22: D | B22: =B441 -> INSTALACIJA GRIJANJA I HLAĐENJA- VENTILOKONVEKTORI | F22: =F537 -> 99742
A23: E | B23: =B541 -> INSTALACIJA GRIJANJA I HLAĐENJA KUHINJA | F23: =F585 -> 9225
A24: F | B24: =B589 -> CIJELOGODIŠNJE HLAĐENJE SERVER SOBE | F24: =F633 -> 4240
A25: G | B25: =B637 -> VENTILACIJA KUHINJE | F25: =F726 -> 30200
A26: H | B26: =B730 -> INSTALACIJA VENTILACIJE (REKUPERACIJA ) | F26: =F822 -> 80860
A27: I | B27: =B826 -> OSTALI RADOVI | F27: =F840 -> 4500
B29: UKUPNO | F29: =SUM(F19:F28) -> 492313
B38: opis stavke | C38: jedinica mjere | D38: količina | E38: jedinična cijena | F38: cijena stavke
A40: A | B40: OPREMA ZA GRIJANJE I HLAĐENJE
A42: 1 | B42: Dobava i ugradnja:
B43: Visokoučinkovita inverterska dizalica topline sa zrakom hlađenim kondenzatorom kompaktne izvedbe za vanjsku ugradnju.
B44: Uređaj je opremljen s četiri inverterska DC kompresora, dva rashladna kruga, elektronskim ekspanzijskim ventilom, pločastim isparivačem, zračnim kondenzatorom, aksijalnim frekventno reguliranim ventilatorima, elektro ormarom, cirkulacijskom crpkom, inercijskim spremnikom, osjetnikom protoka, mikroprocesorskim upravljačem, sigurnosnim ventilom, presostatima visokog i niskog tlaka.
B45: U sklopu uređaja nalazi se elektroupravljački ormar s energetskim, zaštitnim i upravljačkim sustavima. Mikroprocesorski upravljač upravlja svim dijelovima i funkcijama sustava kao što su proporcionalno – integralna kontrola polazne temperature vode, kontrola tlaka kondenzacije, zaštita kompresora od preopterećenja, vremensko vođenje, sustav samodijagnostike i automatskog prikaza kvara, funkcije pred-alarma visokog i niskog tlaka,
B46: brojanje radnih sati kompresora, nadzor faza, osjetnik protoka, daljinsko paljenje i gašenje, kontakt za zbirni signal alarma, prikaz postavnih vrijednosti, grešaka i parametara, mogućnost ulaznog signala za ograničenje el. snage i svom radnom i zaštitnom automatikom te svim ostalim potrebnim priborom, priključcima i dijelovima za rad do potpune pogonske gotovosti.
B47: Tehničke karakteristike uređaja:
B48: medij = voda + glikol 30%
B49: Radna tvar = R-32 ili jednakovrijedna
B50: Tip kompresora = 4 x inverterski kompresor
B51: Tip regulacije: kontinuirana inverterska regulacija snage
B52: Hlađenje
B53: QH (min-max)= 100-120 kW kod tw = 7/12°C i tok = 35°C
B54: NEL.. (min-max)= 40,0-45,0 kW
... B79: Integrirani akumulacijski inercijski spremnik
B80: U cijenu uključiti sve potrebne elemente za potpunu funkcionalnost upravljanja te sav potreban spojni i montažni materijal do potpune gotovosti. | C80: kom | D80: 1 | E80: 60000 | F80: =E80*D80 -> 60000
A82: 2 | B82: Dobava i ugradnja:
B83: Spremnika za spremanje ogrjevne i rashladne vode, za sustave s dizalicama topline, s toplinskom izolacijom. Dozvoljena temperatura ogrjevne vode polaznog voda do 95°C i pogonski tlak grijanja do 3 bara. Tehnički podaci • Volumen spremnika(min-max) 1000-1100 l minimalno 4 priključka polaznog/povratnog voda R 3" minimalno 4 priključka za uranjajuće čahure R 1/2"
B84: U cijenu uključiti sve potrebne elemente za potpunu funkcionalnost upravljanja te sav potreban spojni i montažni materijal do potpune gotovosti. | C84: kom | D84: 2 | E84: 1200 | F84: =E84*D84 -> 2400
A87: 3 | B87: Dobava i ugradnja:
B88: Jednostruki ionski omekšivač vode kapaciteta 1,1 - 1,5 m3/h uključivo sav potrebni spojni i montažni materijal i pribor. Uređaje se sastoji od mehaničkog filtera DN 25 i jednostrukog omekšivača vode s automatskim upravljanjem. Radni tlak uređaja od 2,5 - 6 bar, količina slole 30 litara, kapacitet 120 m3/°dH, temperatura medija od 4- 35 °C. Količina soli za regeneraciju 3,0-7,2 kg.
B89: Dozvoljeno je odstupanje tehničkim karakteritika proizvod od projektnih parametara ±5%
B90: U cijenu uključiti sve potrebne elemente za potpunu funkcionalnost upravljanja te sav potreban spojni i montažni materijal do potpune gotovosti. | C90: kom | D90: 1 | E90: 2000 | F90: =E90*D90 -> 2000
A92: 4 | B92: Punjenje uređaja za demineralizaciju vode sa ionskom smolom. | C92: kom | D92: 4 | E92: 500 | F92: =E92*D92 -> 2000
A94: 5 | B94: Dobava i ugradnja:
B95: Uređaj za vakuumsko odplinjavanje i nadopunjavanje sustava grijanja, hlađenja i solara. Uređaj odlikuje visoka učinkovitost ciklonsko vakuumsko otplinjavanja -0.9 bar, kompaktna izvedba i visoki radni učin. Napredni sustav upravljanja uređajem putem upravljačke ploče s 3,5 " i zaslonom u boji. Mogučnost spajanje na BMS sustave, Modbus protokola, ulazno/izlaznih signala kao i daljinsko upravljanje sustavom održavanja tlaka putem vizualnog prikaza preko web servera.
B96: Nadzor sustava za nadopunjavanje vode s mogućnošću regulacije nadopunjavanja i vakkumskog otplinjavanje vode za nadopunjavanje. meki start rada pumpi s regulacijom brzine vrtnje pumpi. Radno područje uređaja od 1 do 2.5 bara. Dodatak antifriza do 50 %. Ugradnja uređaja na zid.
B97: Zaštitnik povratnog voda s nepovratnim ventilom, komorom za izjednačavanje tlakova, sigurnosnim ventilom, zapornim ventilom i hvatačem nečistoće. Tjelo ventila iz bronce nazivnog tlaka PN 10. Priključak na ventil G 1/2"
B98: Dozvoljeno je odstupanje tehničkim karakteritika proizvod od projektnih parametara ±5%
B99: U cijenu uključiti sve potrebne elemente za potpunu funkcionalnost upravljanja te sav potreban spojni i montažni materijal do potpune gotovosti. | C99: kom | D99: 1 | E99: 1500 | F99: =E99*D99 -> 1500
A101: 6 | B101: Dobava i ugradnja:
B102: Ekspanzijska posuda valjkastog oblika s butilnim mjehom za sustave grijanja i hlađenja . Materijal posude čelik s nogama u podnožju za uspravnu ugradnju na pod. Spoj na posudu s donje strane s priključkom DN20 putem servisnog ventila. Radno područje butilnog mjeha od +5 do +70 °C, posude od -10 do 120 °C.
B103: Servisni ventil izrađen iz mesinga namijenjen za održavanje i demontažu ekspanzijske posude. Zatvaranje venila moguće je samo s priloženim imbus ključem. Venil opremljen ispusnom slavinom DN 20 za priključak crijeva za brzo pražnjenje.
B104: U stavku uključiti sigurnosni ventil Psv= 3 bar DN15
B105: U cijenu uključiti sve potrebne elemente za potpunu funkcionalnost upravljanja te sav potreban spojni i montažni materijal do potpune gotovosti.
A106: a. | B106: 80 litara | C106: kom | D106: 1 | E106: 100 | F106: =E106*D106 -> 100
A107: b. | B107: 140 litara | C107: kom | D107: 1 | E107: 200 | F107: =E107*D107 -> 200
A109: 7 | B109: Kabliranje i spajanje opreme u strojarnici sa automatikom, te provjera ispravnosti, puštanje u pogon automatike uz podešavanje potrebnih parametara i spajanje potrebne opreme i osjetnika temperature na automatiku.
C110: kpl | D110: 1 | E110: 2000 | F110: =E110*D110 -> 2000
A112: 8 | B112: Dobava i ugradnja: Razdjeljivač za krugove grijanja/hlađenja s prirubničkim i navojnim priključcima za manometar, termometar i priključkom za punjenje instalacije, antikorozivno zaštičen izvana temeljnom bojom.
B113: Priključci (prema shemi ): 2 kruga grijanja + primarni krug
B114: DN 100 kom 1 - primarni krug
B115: DN 80 kom 1
B116: DN 65 kom 1
B117: U cijenu uključiti sav potreban spojni i montažni materijal do potpune gotovosti i funkcionalnosti. | C117: kpl | D117: 1 | E117: 1200 | F117: =E117*D117 -> 1200
A119: 9 | B119: Dobava i ugradnja: Izolacije razdjelnika, s parnom branom koja ima zatvorene ćelije s otporom difuziji vodene pare µ =7000, koja pri izgaranju ne stvara otrovni plin i samogasiva je, klase B1 ili jednakovrijedno, uključivo ljepilo i spojne trake.
B120: U cijenu uključiti sav potreban spojni i montažni materijal do potpune gotovosti i funkcionalnosti.
B121: Izolacijske ploče, debljina izolacije 19 mm. | C121: kpl | D121: 1 | E121: 200 | F121: =E121*D121 -> 200
A123: 10 | B123: Dobava i ugradnja: Sabirnika za krugove grijanja/hlađenja prirubničkim i navojnim priključcima za manometar, termometar i priključkom za punjenje instalacije, antikorozivno zaštičen izvana temeljnom bojom.
B124: Priključci (prema shemi ): 2 kruga grijanja + primarni krug
B125: DN 100 kom 1 - primarni krug
B126: DN 80 kom 1
B127: DN 65 kom 1
B128: U cijenu uključiti sav potreban spojni i montažni materijal do potpune gotovosti i funkcionalnosti. | C128: kpl | D128: 1 | E128: 1200 | F128: =E128*D128 -> 1200
A130: 11 | B130: Dobava i ugradnja: Izolacije sabirnika, s parnom branom koja ima zatvorene ćelije s otporom difuziji vodene pare µ =7000, koja pri izgaranju ne stvara otrovni plin i samogasiva je, klase B1 ili jednakovrijedno, uključivo ljepilo i spojne trake.
B131: U cijenu uključiti sav potreban spojni i montažni materijal do potpune gotovosti i funkcionalnosti.
B132: Izolacijske ploče, debljina izolacije 19 mm. | C132: kpl | D132: 1 | E132: 200 | F132: =E132*D132 -> 200
A134: 12 | B134: Dobava i ugradnja:
B135: Rastavljivi pločasti izmjenjivač topline glikol/voda 130 kW. Dizalica topline primar/sekundar. Grijanje: primarni krug 45/40°C dp=30 kPa sekundarni krug 40/35°C dp=30 kPa Hlađenje: primarni krug 7/12°C dp=30 kPa sekundarni krug 9/14°C dp=30 kPa
B136: U cijenu uključiti sve potrebne elemente za potpunu funkcionalnost te sav potreban spojni i montažni materijal do potpune gotovosti.
C137: kom | D137: 1 | E137: 10000 | F137: =E137*D137 -> 10000
A139: 13 | B139: Dobava i ugradnja visokoučinkovite optočne crpka za grijanje s mokrim rotorom bez potrebe održavanja, sa navojnim ili prirubničkim spojem, sinkronim motorom i integriranom elektronskom regulacijom snage za bezstepenu regulaciju diferencijalnog tlaka, sa visokim stupnjem iskoristivosti i visokim pokretnim momentom, uključujući automatsku funkciju deblokiranja.
B140: U cijenu uključiti sav potreban spojni i montažni materijal do potpune gotovosti i funkcionalnosti.
A141: a. | B141: oznaka na shemi: P1 PRIMARNI KRUG - GLIKOL q(min-max)=20,5-22,0 m3/h dp(min-max)= 6,5-7,5 m Pel(min-max)=500-750 W ,400 V | C141: kom | D141: 1 | E141: 5000 | F141: =E141*D141 -> 5000
A142: b. | B142: oznaka na shemi: P2 PRIMARNI KRUG - VODA q(min-max)=20,5-22,0 m3/h dp(min-max)=7,5-9,0 m Pel(min-max)=500-750 W ,400 V | C142: kom | D142: 1 | E142: 5000 | F142: =E142*D142 -> 5000
A143: c. | B143: oznaka na shemi: P3 VENTILOKONVEKTORI - GRIJANJE/HLAĐENJE q(min-max)=12,2 -13,5 m3/h dp(min-max)= 11,5-13,0m Pel(min-max)=500-750 W ,400 V | C143: kom | D143: 1 | E143: 4000 | F143: =E143*D143 -> 4000
A144: d. | B144: oznaka na shemi: P4 PODNO GRIJANJE q(min-max)=11,2-13,0 m3/h dp(min-max)= 11,0-12,0 m Pel(min-max)=500-750 W ,400 V | C144: kom | D144: 1 | E144: 4000 | F144: =E144*D144 -> 4000
A146: 14 | B146: Puštanje u pogon zrakom hlađene dizalice topline uključivo sljedeće: vizulanu provjera oštećenja, radne tvari, curenja ulja ili vode, ugradnje i podloge jedinice, provjera mjera za sprječavanje vibracija. provjera električnih priključaka, napona i frekvencije napajanja svih triju faza, provjera naponske ravnoteže, rad uljnih grijača, opterećenja kompresora, provjera temperatura i tlakova ulja, radne tvari i vode, provjera funkcionalnosti prekidača protoka, temeljita provjera nepropusnosti u rashladnom krugu (uporabom detektora) od strane ovlaštenog servisera uz izdavanje potrebnih uputa za korištenje, atesta i garancija.
C147: kpl | D147: 1 | E147: 1000 | F147: =E147*D147 -> 1000
A149: 15 | B149: Dobava i ugradnja:
B150: Set antivibracijskih nosivih nogica za instalaciju dizalice topline na predviđeno vanjsko postolje Izrađeno od galvanizirajućeg čelika s elastomerom.
B151: U cijenu uključiti sve potrebne elemente za potpunu funkcionalnost upravljanja te sav potreban spojni i montažni materijal do potpune gotovosti.
C152: kpl | D152: 1 | E152: 100 | F152: =E152*D152 -> 100
A154: 16 | B154: Dobava i ugradnja:
B155: Cijevni kompenzator (fleksibilni spoj) za ugradnju na cjevovod grijanja/hlađenja kod dizalice topline.
B156: U cijenu uključiti sve potrebne elemente za potpunu funkcionalnost upravljanja te sav potreban spojni i montažni materijal do potpune gotovosti.
B157: DN100 | C157: kom | D157: 2 | E157: 100 | F157: =E157*D157 -> 200
A159: 17 | B159: Dobava i ugradnja:
B160: Visokoučinkoviti ciklonski separator za taložne čestice i/ili mikro mjehuriće . Jedinstvena ciklonska tehnologija omogučava do 9 puta bolju separaciju od standardnih separatora. Separacija čestica do veličine 5µm u komoru za taloženje na dnu separatora.
B161: Efikasnost separatora povećava se povečanjem protoka kroz separator i ugradnjom megnetnog uloška za bolju separaciju magnetitnog mulja. Mogučnost ugradnje u horizontalni i vetikalni razvod. Ventil za ispust može se ugraditi u 4 položaja. Radno područje od za PN 16 od -10 - 110 °C , PN 25 od -10 - 180 °C. Dodatak antifriza do 50%. Ugradnja magnetnog uloška snage 1000 T.
B162: DN 100
...

Sheet ELEKTRO
B1: Vrtić Bukevje - troškovnik elektroinstalacija
A2: Red. br. | B2: Opis stavke | C2: Jed. mj. | D2: Količina | E2: Jed. cijena (€) | F2: Iznos (€)
A4: 1 | B4: Elektroenergetske instalacije
A6: 1 | B6: Sudjelovanje u ishođenju potrebnih suglasnosti od HEP-a. | C6: kpl | D6: 1 | E6: 280 | F6: =E6*D6 -> 280
A8: 2 | B8: Dobava potrebnog materijala i pribora i osiguravanje napajanja električnom energijom za sve sudionike na gradilištu. | C8: kpl | D8: 1 | E8: 3000 | F8: =E8*D8 -> 3000
A10: 3 | B10: Ugradnja (bez dobave) tipskog samostojećeg razvodnog ormara SPMO. Komplet sa montažnim temeljem. Prije ugradnje i spajanja točne dimenzije i tip ormara dogovoriti s HEP-ODS, DP Elektra | C10: kom | D10: 1 | E10: 250 | F10: =E10*D10 -> 250
A12: 4 | B12: Izrada gradilišnog ormarića | C12: kpl | D12: 1 | E12: 500 | F12: =E12*D12 -> 500
A14: 5 | B14: Dobava, montaža i spajanje razdjelnice GRO izrađene kao tipski ormar s vratima, komplet s trokut bravom i pripadajućim ključem, ugradnom kutijom i opremljene sa: TOČAN BROJ I TIP ELEMENATA U ORMARU ODREDITI IZVEDBENIM PROJEKTOM PREMA PRIMJENJENIM RJEŠENJIMA IZ GLAVNOG PROJEKTA Prije izrade razvodnog ormara izvođač je dužan izraditi radionički nacrt razvodnog ormara sa dimenzijama ormara i isti dati na odobrenje nadzornom inženjeru.
B16: automatski prekidač s termičkim, magnetskim i naponskim okidačem, 250A, 36 kA, 230V, 3-p | C16: kom
B18: tipkalo za isključenje glavne sklopke, s ravnom tipkom, (1-1), 6 A, 230 V, d 30 mm, crveno | C18: kom
B20: katodni odvodnik prenapona 0,275 kV, 40 kA | C20: kom
B22: osiguračko postolje NH000, 3-p s 3 kom osigurača NV 125 A | C22: kpl
B24: osiguračko postolje NH000, 3-p s 3 kom osigurača NV 100 A | C24: kpl
B26: osigurač rastavljač, 3p, sa osiguračima 50A, SBI, | C26: kpl
B28: osigurač rastavljač, 3p, sa osiguračima 32A, SBI | C28: kpl
B30: osigurač rastavljač, 3p, sa osiguračima 25A, SBI | C30: kpl
B32: osigurač rastavljač, 3p, sa osiguračima 20A, SBI | C32: kpl
B34: zaštitni uređaj diferencijalne struje greške (ZUDS), 40 A, 30 mA, 4-p | C34: kom
B36: vremenski relej IC ASTRO | C36: kom
B38: instalacijski sklopnik 16A, napon svitka 230V, 50 Hz, 1-p | C38: kom
... B72: provjera ispravnosti montaže, i ispitivanje funkcionalnog djelovanja, izdavanje ispitnog protokola ovlaštenog ispitivača i svih potrebnih certifikata i atesta | C72: kpl
C75: kpl | D75: 1 | E75: 18300 | F75: =E75*D75 -> 18300
A77: 6 | B77: Dobava, montaža i spajanje razdjelnice RO-KUH izrađene kao tipski ormarić s vratima, komplet s trokut bravom i pripadajućim ključem, ugradnom kutijom i opremljene sa: TOČAN BROJ I TIP ELEMENATA U ORMARU ODREDITI IZVEDBENIM PROJEKTOM PREMA PRIMJENJENIM RJEŠENJIMA IZ GLAVNOG PROJEKTA Prije izrade razvodnog ormara izvođač je dužan izraditi radionički nacrt razvodnog ormara sa dimenzijama ormara i isti dati na odobrenje nadzornom inženjeru.
B79: automatski prekidač s termičkim, magnetskim, naponskim i daljinskim okidačem 230 V, 125 A, 3-p | C79: kom
B81: katodni odvodnik prenapona Uc=0,275 kV, In=15 kA | C81: kom
B83: osiguračko postolje NH000, 3-p s 3 kom osigurača NV 100 A | C83: kpl
B85: zaštitni uređaj diferencijalne struje greške (ZUDS), 40 A, 30 mA, 4-p | C85: kom
B87: kombinirana zaštitna sklopka (KZS), C40 A, 30 mA, 4-p | C87: kom
B89: kombinirana zaštitna sklopka (KZS), C25 A, 30 mA, 4-p | C89: kom
B91: zaštitni uređaj diferencijalne struje greške (ZUDS), 25 A, 100 mA, 4-p | C91: kom
B93: osigurač rastavljač, 3p, sa osiguračima 32A, SBI | C93: kpl
B95: osigurač rastavljač, 3p, sa osiguračima 25A, SBI | C95: kpl
B97: automatski instalacijski osigurač 16 A/kar. C, 3-p | C97: kom
B99: automatski instalacijski osigurač 10 A/kar. C, 3-p | C99: kom
B101: automatski instalacijski osigurač 16 A/kar. C | C101: kom
... B113: provjera ispravnosti montaže, i ispitivanje funkcionalnog djelovanja, izdavanje ispitnog protokola ovlaštenog ispitivača i svih potrebnih certifikata i atesta | C113: kpl
C116: kpl | D116: 1 | E116: 5700 | F116: =D116*E116 -> 5700
A118: 7 | B118: Dobava, montaža i spajanje SOS sustava za instalaciju u WC za osobe smanjene pokretljivosti
B120: SOS centrala (montira se u instalacijsku kutiju 4 modula iznad vratiju) | C120: kom | D120: 1
B122: potezno tipkalo (montaža u kutiju fi 60 mm) | C122: kom | D122: 1
B124: ostali nespecificirani elementi | C124: kpl | D124: 1
C127: kpl | D127: 1 | E127: 350 | F127: =E127*D127 -> 350
B129: Dobava kabel kanala od perforiranog pocinčanog lima zajedno s poklopcem, spojnim elementima i potrebnim priborom za konzolnu montažu na zid/ovjes na strop. Stavka uključuje i izjednačenje potencijala kabelskih polica.
A131: 8 | B131: Širina kanala 600 mm | C131: m | D131: 18 | E131: 83.2 | F131: =E131*D131 -> 1497.6
A133: 9 | B133: Širina kanala 300 mm | C133: m | D133: 89 | E133: 37.85 | F133: =E133*D133 -> 3368.65
A135: 10 | B135: Širina kanala 200 mm | C135: m | D135: 30 | E135: 28.7 | F135: =E135*D135 -> 861
B137: Dobava zajedno s odgovarajućom ugradnom kutijom, plastičnom maskom, montaža u zid i spajanje kompleta podžbuknih instalacijskih sklopki i priključnica:
A139: 11 | B139: Jednopolna sklopka 10 A, 230 V (2 modula) | C139: kom | D139: 28 | E139: 9.5 | F139: =E139*D139 -> 266
A141: 12 | B141: Izmjenična sklopka 10 A, 230 V (2 modula) | C141: kom | D141: 42 | E141: 11 | F141: =E141*D141 -> 462
A143: 13 | B143: Križna sklopka, 10 A, 230 V (2 modula) | C143: kom | D143: 8 | E143: 15.5 | F143: =E143*D143 -> 124
A145: 14 | B145: Priključnica, 16 A, 230 V, 2P+PE (2 modula), sa zaštitom za djecu | C145: kom | D145: 89 | E145: 12.3 | F145: =E145*D145 -> 1094.7
A147: 15 | B147: Priključnica s poklopcem, 16 A, 230 V, 2P+PE (2 modula), sa zaštitom za djecu | C147: kom | D147: 25 | E147: 14 | F147: =E147*D147 -> 350
A149: 16 | B149: Priključnica, 16 A, 230 V, 2P+PE, 2-struka (4 modula), sa zaštitom za djecu | C149: kom | D149: 55 | E149: 24 | F149: =E149*D149 -> 1320
A151: 17 | B151: Priključnica RJ45, cat. 6, 1-struka (2 modula) | C151: kom | D151: 17 | E151: 17 | F151: =E151*D151 -> 289
A153: 18 | B153: Priključnica RJ45, cat. 6, 2-struka (2 modula) | C153: kom | D153: 16 | E153: 31 | F153: =E153*D153 -> 496
A155: 19 | B155: Završna antenska priključnica s priključcima TV-RD-SAT | C155: kom | D155: 8 | E155: 15.2 | F155: =E155*D155 -> 121.6
A157: 20 | B157: Dobava potrebnog pribora i izrada el. izvoda i spajanje napajanja ventilokonvektora te njegovo upravljanje | C157: kpl | D157: 30 | E157: 25 | F157: =D157*E157 -> 750
A159: 21 | B159: Dobava, montaža i spajanje podne priključne kutije sa EE, LAN, HDMI priključcima, komplet sa svim montažnim i spojnim priborom do pune funkcionalnosti.
B160: - 6xEE, 6xLAN | C160: kpl | D160: 2 | E160: 210 | F160: =D160*E160 -> 420
B161: - 6xEE, 4xLAN, 1xHDMI | C161: kpl | D161: 1 | E161: 210 | F161: =D161*E161 -> 210
A163: 22 | B163: Dobava potrebnog pribora i izrada el. izvoda i spajanje napajanja rekuperatora i pripadajučeg grijača | C163: kom | D163: 8 | E163: 23 | F163: =D163*E163 -> 184
A165: 23 | B165: Dobava potrebnog pribora i izrada el. izvoda i spajanje napajanja dizalice topline za PTV | C165: kom | D165: 2 | E165: 30 | F165: =D165*E165 -> 60
A167: 24 | B167: Dobava potrebnog pribora i izrada el. izvoda i spajanje el. Grijača slivnika vode | C167: kom | D167: 18 | E167: 20 | F167: =D167*E167 -> 360
A169: 25 | B169: Dobava potrebnog pribora i izrada el. izvoda i spajanje dizalice topline | C169: kom | D169: 1 | E169: 31 | F169: =D169*E169 -> 31
A171: 26 | B171: Dobava potrebnog pribora i izrada el. izvoda i spajanje napajanja ventilacijskog uređaja | C171: kom | D171: 1 | E171: 18 | F171: =D171*E171 -> 18
A173: 27 | B173: Dobava potrebnog pribora i spajanje napajanja ormarića podnog grijanja | C173: kom | D173: 6 | E173: 30 | F173: =D173*E173 -> 180
A175: 28 | B175: Dobava potrebnog pribora i spajanje napajanja detektora pokreta | C175: kom | D175: 35 | E175: 62 | F175: =D175*E175 -> 2170
A177: 29 | B177: Dobava potrebnog pribora i spajanje napajanja detektora pokreta sa luxomatom | C177: kom | D177: 12 | E177: 120 | F177: =D177*E177 -> 1440
A179: 30 | B179: Dobava potrebnog pribora i spajanje napajanja u upravljanja protupožarnim zaklopkama | C179: kom | D179: 4 | E179: 23 | F179: =D179*E179 -> 92
A181: 31 | B181: Dobava potrebnog materijala i pribora i spajanje napajanja razdjelnice eventualne hidrostanice | C181: kom | D181: 1 | E181: 15 | F181: =E181*D181 -> 15
A183: 32 | B183: Dobava potrebnog materijala i pribora, izrada podnog el. 3f izvoda za spajanje opreme i strojeva | C183: kom | D183: 10 | E183: 15 | F183: =E183*D183 -> 150
A185: 33 | B185: Dobava potrebnog materijala i pribora, izrada el. 1f izvoda. | C185: kom | D185: 10 | E185: 10 | F185: =E185*D185 -> 100
A187: 34 | B187: Dobava, montaža u zid i spajanje sabirne kutije vodiča za izjednačenje potencijala, opremljene nosačem za stezaljke i sabirnim stezaljkama. | C187: kom | D187: 15 | E187: 20 | F187: =E187*D187 -> 300
A189: 35 | B189: Izrada spoja metalnih dijelova i vodiča za izjednačenje potencijala. Spoj izvesti obujmicom od bakrenog lima i pobakrenim vijkom s maticom. | C189: kom | D189: 60 | E189: 8 | F189: =E189*D189 -> 480
A191: 36 | B191: Dobava, montaža i spajanja elementa za isključenje u slučaju hitnosti s tipkalom u crvenoj boji i natpisom "ISKLJUČENJE GLAVNE SKLOPKE U SLUČAJU HITNOSTI" (JPR). | C191: kom | D191: 5 | E191: 50 | F191: =E191*D191 -> 250
A193: 37 | B193: Dobava, ugradnja i spajanje Access pointa (WIFI) , komplet s nosačem za montažu. U jediničnu cijenu uključeno programiranje i parametriranje. | C193: kom | D193: 10 | E193: 250 | F193: =E193*D193 -> 2500
B195: Dobava cijevi, dubljenje betona, opeke i drugih materijala (cca. 20% ukupne duljine cijevi) i polaganje u spušteni strop, ispod GK obloge zida i u zid, zajedno s razvodnim kutijama do 100x100 mm.
A197: 38 | B197: Instalacijska savitljiva cijev za beton d 63 mm | C197: m | D197: 75 | E197: 6.45 | F197: =E197*D197 -> 483.75
A199: 39 | B199: Instalacijska savitljiva cijev za beton d 50 mm | C199: m | D199: 120 | E199: 5.9 | F199: =E199*D199 -> 708
A201: 40 | B201: Instalacijska savitljiva cijev za beton d 32 mm | C201: m | D201: 300 | E201: 4.55 | F201: =E201*D201 -> 1365
A203: 41 | B203: Instalacijska savitljiva cijev za beton d 25 mm | C203: m | D203: 975 | E203: 3.9 | F203: =E203*D203 -> 3802.5
A205: 42 | B205: Instalacijska savitljiva cijev za beton d 20 mm | C205: m | D205: 5700 | E205: 3.8 | F205: =E205*D205 -> 21660
B207: Dobava vodova i kabela, polaganje po već pripremljenim trasama ili elementima razvoda i spajanje.
A209: 43 | B209: NAYY 1x185mm2 | C209: m | D209: 756 | E209: 10.3 | F209: =E209*D209 -> 7786.8
A211: 44 | B211: FG16R 1x50mm2 | C211: m | D211: 288 | E211: 13.8 | F211: =E211*D211 -> 3974.4
A213: 45 | B213: FG16R 1x25mm2 | C213: m | D213: 72 | E213: 10.85 | F213: =E213*D213 -> 781.2
A215: 46 | B215: FG160R 5x16mm2 | C215: m | D215: 36 | E215: 22 | F215: =E215*D215 -> 792
A217: 47 | B217: FG160R 5x10mm2 | C217: m | D217: 36 | E217: 15.75 | F217: =E217*D217 -> 567
A219: 48 | B219: FG160R 5x6mm2 | C219: m | D219: 117 | E219: 10.5 | F219: =E219*D219 -> 1228.5
A221: 49 | B221: FG160R 5x4mm2 | C221: m | D221: 36 | E221: 8.25 | F221: =E221*D221 -> 297
A223: 50 | B223: NYY 3×2,5 mm2 | C223: m | D223: 90 | E223: 3.45 | F223: =E223*D223 -> 310.5
A225: 51 | B225: NYY 3×1,5 mm2 | C225: m | D225: 450 | E225: 2.7 | F225: =E225*D225 -> 1215
A227: 52 | B227: NYM 5×1,5 mm2 | C227: m | D227: 1260 | E227: 3.3 | F227: =E227*D227 -> 4158
A229: 53 | B229: NYM 5×2,5 mm2 | C229: m | D229: 666 | E229: 4.45 | F229: =E229*D229 -> 2963.7
A231: 54 | B231: NYM 3×2,5 mm2 | C231: m | D231: 4590 | E231: 3.3 | F231: =E231*D231 -> 15147
... A257: 67 | B257: Provjera ispravnosti montaže svih elemenata instalacije, provjera funkcionalnosti, provjera djelovanja zaštite od kratkog spoja i previsokog napona dodira, pribavljanje dokaza o kvaliteti izvedenih radova na instalaciji, probno puštanje u rad i primopredaja, sva potrebna ispitivanja, izdavanje ispitnih protokola ovlaštenog ispitivača i svih potrebnih certifikata i atesta. | C257: kpl | D257: 1 | E257: 1050 | F257: =E257*D257 -> 1050
A259: UKUPNO: | F259: =SUM(F6:F258) -> 134362.7
A260: 2 | B260: Rasvjetna tijela
B262: Dobava, montaža i spajanje svjetiljki s odgovarajućim izvorom svjetlosti i predspojnim priborom. Za ugradne svjetiljke stavka obuhvaća i izrezivanje rupa u stropu za ugradnju:
A264: 1 | B264: (S1) Nadgradno rasvjetno tijelo izrađeno u mehaničkoj zaštititi IP66 i IK09, otporno na UV zračenje. Sadrži polikarbonatni difuzor pričvršćen s inoks kopčama. LED izvor svjetla, SDCM≤ 3, klasa energetske učinkovitosti C. Radna temperatura od -20 do +35°C. Svjetiljka mora zadovoljavati sve norme potrebne za izdavanje CE oznake. Garancija 5 godina. Snaga svjetiljke maksimalno: 30W Izlazni svjetlosni tok minimalno: 4550lm Temperatura svjetla: 4000K Učinkovitost: 151lm/W Uzvrat boje - CRI: >80 Power factor: > 0.92 Klasa el. Izolacije: I Dimenzija svjetiljke: 1152x85x80mm (+-5%) Životni vijek : L80B20 69000h IP zaštita: IP66 Oznaka u projektu : S1 | C264: kom | D264: 5 | E264: 136 | F264: =E264*D264 -> 680
...

Sheet VATRODOJAVA
A1: broj st. | B1: Opis | C1: jedinična mjera | D1: količina | E1: jedinična cijena | F1: cijena
A2: A. | B2: INSTALACIJE:
A3: A.1 | B3: Dobava i isporuka adresabilne centrale za dojavu požara. Centrala koja se u osnovnoj konfiguraciji sastoji od kućišta, upravljačkog panela s 10" dodirnim zaslonom, mogućnost prihvata najmanje dvije adresabilne petlje, do 125 elemenata. Mogućnost programiranja otpora i struje petlje ovisno o opterećenju petlje, najmanje tri režima: 50 mA / 2 x 45 Ω; 22 mA / 2 x 75 Ω; 20 mA / 2 x 100 Ω. Kućište omogućava prihvat dvije akumulatorske baterije kapaciteta do 12 V / 28 Ah. Integrirana napajačka jedinica nazivne snage 300 W, omogućava napajanje petlji ukupnom strujom od 10 A pri 24 V. Modul napajanja opremljen s dva beznaponska relejna kontakta za signale alarma i greške, te s dva 24-voltna izlaza za napajanje vanjskih uređaja strujom od najmanje 0,5 A. | C3: kom | D3: 1 | E3: 1120 | F3: =E3*D3 -> 1120
A4: A.2 | B4: Dobava i isporuka akumulatorske baterije 12 V / 18 Ah | C4: kom | D4: 2 | E4: 41.2 | F4: =E4*D4 -> 82.4
A5: A.3 | B5: Dobava i isporuka dojavnika za komunikaciju alarma i greške prema dežurnoj službi | C5: kom | D5: 1 | E5: 265 | F5: =E5*D5 -> 265
A6: A.4 | B6: Dobava i isporuka izdvojenog panela s 10" dodirnim zaslonom rezolucije 800x600, integriran s redundatnim kontrolerskim modulom i opremljen komunikacijskim modulom za povezivanje na centralu za dojavu požara. | C6: kom | D6: 1 | E6: 507 | F6: =E6*D6 -> 507
A7: A.5 | B7: Dobava i isporuka protupožarnog ormarića za smještaj vatrodojavne centrale s ugrađenim zaokretnim djelomično ostakljenim vratima, cijeli u klasi T60 - izrada od čeličnog pocinčanog lima - završna obrada plastifikacijom u boji RAL kataloga po specifikaciji naručitelja - ostakljena vrata izvedena su protupožarnim staklom u klasi F60, debljine 21mm - ugrađena protupožarna brava po DIN-18250 ili jednakovrijedno: ___________________ i cilindar sa tri ključa - certificiran po ovlaštenim ustanovama u RH - s gumenom espandirajucom brtvom - s otvorom za ventilaciju koji se u slučaju požara u neposrednoj blizini ormarića zatvara i zapečaćuje požarni sektor samog ormarića - mora odgovarati dimenzijama vatrodojavne centrale | C7: kom | D7: 1 | E7: 2010 | F7: =E7*D7 -> 2010
A8: A.6 | B8: Dobava i isporuka adresabilnog dualnog optičkog detektora požara koji za detekciju dima koristi ultraljubičastu i infracrvenu LED diodu. Javljač mora podržavati mehanizam kompenzacaije kad se poveća zaprljanje komore. Mora imati ugrađen izolator petlje. Senzori u javljaču moraju podržavati tri režima rada: rad samo jednog senzora; istovremeni rad oba senzora uz alarm kod aktivacije bilo kojeg senzora; istovremeni rad oba senzora uz alarm kod aktivacije oba senzora istovremeno. Tehničke karakteristike: - radni napon najmanje u rasponu između 16,5 do 24,6 V - struja u mirovanju ne veća od 0,15 mA - minimalno 3 načina rada; - radna temperatura minimalno u rasponu od -25˘C do +55°C | C8: kom | D8: 62 | E8: 33.3 | F8: =E8*D8 -> 2064.6
A9: A.7 | B9: Dobava i isporuka adresabilnog dualnog optičkog detektora požara s integriranom sirenom koji za detekciju dima koristi ultraljubičastu i infracrvenu LED diodu. Javljač mora podržavati mehanizam kompenzacaije kad se poveća zaprljanje komore. Mora imati ugrađen izolator petlje. Senzori u javljaču moraju podržavati tri režima rada: rad samo jednog senzora; istovremeni rad oba senzora uz alarm kod aktivacije bilo kojeg senzora; istovremeni rad oba senzora uz alarm kod aktivacije oba senzora istovremeno. Tehničke karakteristike: - radni napon najmanje u rasponu između 16,5 do 24,6 V - struja u mirovanju ne veća od 0,15 mA - minimalno 3 načina rada; - radna temperatura minimalno u rasponu od -10°C do +55°C - mogućnost programiranja sirene putem centrale za dojavu požara - jačina zvuka minimalno 85 dB/m iz jednog smjera odnosno minimalno 70 dB/m iz ostalih smjerova - tip sirene: ton 4 kHz, 0,5 sekundi zvuk, 0,5 sekundi tišina | C9: kom | D9: 5 | E9: 150.1 | F9: =E9*D9 -> 750.5
A10: A.8 | B10: Dobava i isporuka adresabilnog multikriterijskog dualnog optičkog i dualnog termičkog detektora požara. Detektor za detekciju dima koristi ultraljubičastu i infracrvenu LED diodu. Za detekciju topline koristi dva detektora porasta temperature. Javljač podržava mehanizam kompenzacije kad se poveća zaprljanje komore. Ima ugrađen izolator petlje. Javljač mora podržavati minimalno šest načina rada: istovremeni rad dva senzora dima i dva senzora topline; istovremeni rad dva senzora dima; rad kao termički detektor; neovisan rad senzora dima i senzora topline; svi senzori ("AND" funkcija); svi senzori ili dostignut temperaturni prag termodiferencijalnog detektora. Tehničke karakteristike: - radni napon najmanje u rasponu između 16,5 do 24,6 V - struja u mirovanju ne veća od 0,15 mA - klasa detektora sukladno EN 54-5: A1R, A2R, BR, A2S, BS - minimalno 6 načina rada; - radna temperatura minimalno u rasponu od -25°C do +50°C (za načine rada s uključenim senzorom topline), od -25°C do +55°C (za ostale načine rada) | C10: kom | D10: 6 | E10: 52.7 | F10: =E10*D10 -> 316.2
A11: A.9 | B11: Dobava i isporuka podnožja za automatske javljače požara. Sadrži terminale za priključak instalacije bez korištenja vijaka. Sadrži sigurnosnu kopću koja onemogućava skidanje javljača s podnožja bez korištenja posebnog alata za demontažu. | C11: kom | D11: 73 | E11: 3.7 | F11: =E11*D11 -> 270.1
A12: A.10 | B12: Dobava i isporuka paralelnog indikatora prorade javljača | C12: kom | D12: 22 | E12: 9.8 | F12: =E12*D12 -> 215.6
