Workbook
Name __xlnm.Print_Area_5: #REF!
Name __xlnm.Print_Area_5: #REF!
Name __xlnm.Print_Titles_5: #REF!
Name __xlnm.Print_Titles_5: #REF!
Name beton: [1]AB!#REF!
Name beton: [1]AB!#REF!
Name beton: [1]AB!#REF!
Name beton: [1]AB!#REF!
Name OLE_LINK1: '4.Strojarstvo'!#REF!
Name OLE_LINK3: '4.Strojarstvo'!#REF!
Name OLE_LINK5: '4.Strojarstvo'!#REF!
Name OLE_LINK7: '4.Strojarstvo'!#REF!
Name pausal: #REF!
Name pausal: #REF!
Name pausal: #REF!
Name pausal: #REF!
Name rbr: #REF!
Name rbr: #REF!
Name rbr: #REF!
Name tekuci: '4.Strojarstvo'!#REF!
Name ž: #REF!
Name ž: #REF!
Name ž: #REF!

Sheet naslovnica
A1: GRADIR d.o.o. Zagreb, Solinska 19, ured: Ilica 124/1, tel./faks.: +385(0)13760383, e-pošta: info@gradir.com, OIB: 02776388180
B6: GRAĐEVINA I LOKACIJA:
B7: DJEČJI VRTIĆ LEKENIK
B8: HR-44272 Lekenik, Zagrebačka 25A
B9: k.o. Lekenik; k.č.br. 2232/1, 2232/2, 2231/1
B10: (novoformirana k.č.br. 2231/1); z.k.ul. 2529, 2533, 2210
B12: INVESTITOR:
B13: OPĆINA LEKENIK
B14: HR-44272 Lekenik
B15: Zagrebačka 44
B20: ZOP:
B21: GRAD-4/24
B23: ZOP:
... B32: TROŠKOVNIK PROJEKTIRANIH RADOVA
A35: 1. | B35: GRAĐEVINSKO OBRTNIČKI RADOVI
A36: 2. | B36: KRAJOBRAZNO UREĐENJE
A37: 3. | B37: VODOVOD I ODVODNJA
A38: 4. | B38: STROJARSKE INSTALACIJE
A39: 5. | B39: ELEKTROINSTALACIJE
A40: 6. | B40: SUSTAV ZA DOJAVU POŽARA
A41: 7. | B41: DIZALO
A42: 8. | B42: KUHINJA I PRAONICA
A43: 9. | B43: OPREMANJE
B49: GLAVNI PROJEKTANT:
B50: Damir Petric, dipl. ing. arh.
B53: MJESTO:
B54: Zagreb
B56: DATUM:
B57: kolovoz 2024.
A60: SADRŽAJ TROŠKOVNIKA:
B62: SVEUKUPNA REKAPITULACIJA
B64: OPĆI UVJETI TROŠKOVNIKA
A66: 1. | B66: GRAĐEVINSKO OBRTNIČKI RADOVI
B67: RADOVI IZ: | C67: GLAVNI PROJEKT
C68: Gradir d.o.o.; broj projekta: 4/24/a
C69: Gradir d.o.o.; broj projekta: 4/24/k
C70: IZVEDBENI PROJEKT
C71: Gradir d.o.o.; broj projekta: 4/24/a-iz
C72: Gradir d.o.o.; broj projekta: 4/24/k-iz
B73: IZRADIO: | C73: Gradir d.o.o., Damir Petric, dipl. ing. arh.
B74: DIREKTOR: | C74: Damir Petric, dipl. ing. arh.
A76: 2. | B76: KRAJOBRAZNO UREĐENJE
B77: RADOVI IZ: | C77: GLAVNI PROJEKT
C78: Gradir d.o.o.; broj projekta: 4/24/a
C79: IZVEDBENI PROJEKT
C80: Gradir d.o.o.; broj projekta: 4/24/a-iz
B81: IZRADIO: | C81: Gradir d.o.o., Damir Petric, dipl. ing. arh.
B82: DIREKTOR: | C82: Damir Petric, dipl. ing. arh.
A84: 3. | B84: VODOVOD I ODVODNJA
B85: RADOVI IZ: | C85: GLAVNI PROJEKT
C86: Gradir d.o.o.; broj projekta: 4/24/i
B87: IZRADIO: | C87: Gradir d.o.o., Milan Petric, dipl. ing. građ., Damir Petric, dipl. ing. arh.
B88: DIREKTOR: | C88: Damir Petric, dipl. ing. arh.
A90: 4. | B90: STROJARSKE INSTALACIJE
B91: RADOVI IZ: | C91: GLAVNI PROJEKT
C92: Gradir d.o.o.; broj projekta: 4/24/s
B93: IZRADIO: | C93: Gradir d.o.o., Ivan Kovač, dipl.ing.stroj.
B94: DIREKTOR: | C94: Damir Petric, dipl. ing. arh.
A96: 5. | B96: ELEKTROINSTALACIJE
B97: RADOVI IZ: | C97: GLAVNI PROJEKT
C98: Gradir d.o.o.; broj projekta: 4/24/e
B99: IZRADIO: | C99: Gradir d.o.o., Damir Šiljeg, mag. ing. el.
B100: DIREKTOR: | C100: Damir Petric, dipl. ing. arh.
A102: 6. | B102: SUSTAV ZA DOJAVU POŽARA
B103: RADOVI IZ: | C103: GLAVNI PROJEKT
C104: Gradir d.o.o.; broj projekta: 4/24/dp
B105: IZRADIO: | C105: Gradir d.o.o., Damir Šiljeg, mag. ing. el.
B106: DIREKTOR: | C106: Damir Petric, dipl. ing. arh.
A108: 7. | B108: DIZALO
B109: RADOVI IZ: | C109: GLAVNI PROJEKT
C110: Gradir d.o.o.; broj projekta: 4/24/d
B111: IZRADIO: | C111: Gradir d.o.o., Nikola Cindrić, mag. ing. stroj.
B112: DIREKTOR: | C112: Damir Petric, dipl. ing. arh.
A114: 7. | B114: KUHINJA I PRAONICA
B115: RADOVI IZ: | C115: GLAVNI PROJEKT
C116: Gradir d.o.o.; broj projekta: 4/24/a
C117: IZVEDBENI PROJEKT
C118: Gradir d.o.o.; broj projekta: 4/24/a-iz
B119: IZRADIO: | C119: Gradir d.o.o., Damir Petric, dipl. ing. arh.
B120: DIREKTOR: | C120: Damir Petric, dipl. ing. arh.
A122: 8. | B122: OPREMANJE
B123: RADOVI IZ: | C123: PROJEKT OPREMANJA
C124: Gradir d.o.o.; broj projekta: 4/24/op
B125: IZRADIO: | C125: Gradir d.o.o., Damir Petric, dipl. ing. arh.
B126: DIREKTOR: | C126: Damir Petric, dipl. ing. arh.

Sheet rekapitulacija
A1: GRADIR d.o.o. Zagreb, Solinska 19, ured: Ilica 124/1, tel./faks.: +385(0)13760383, e-pošta: info@gradir.com, OIB: 02776388180
B5: TROŠKOVNIK - DJEČJI VRTIĆ LEKENIK
B7: SVEUKUPNA REKAPITULACIJA
A9: 1. | B9: =naslovnica!B35 -> GRAĐEVINSKO OBRTNIČKI RADOVI | F9: ='1.GOR'!F2026 -> 2680252
A10: 2. | B10: =naslovnica!B36 -> KRAJOBRAZNO UREĐENJE | F10: ='2.Krajobraz'!F106 -> 50449.5
A11: 3. | B11: =naslovnica!B37 -> VODOVOD I ODVODNJA | F11: ='3.ViO'!F477 -> 255212.6
A12: 4. | B12: =naslovnica!B38 -> STROJARSKE INSTALACIJE | F12: ='4.Strojarstvo'!F1018 -> 481194.5
A13: 5. | B13: =naslovnica!B39 -> ELEKTROINSTALACIJE | F13: ='5.Elektro'!F786 -> 263710.57
A14: 6. | B14: =naslovnica!B40 -> SUSTAV ZA DOJAVU POŽARA | F14: ='6.Vatrodojava'!F178 -> 41826
A15: 7. | B15: =naslovnica!B41 -> DIZALO | F15: ='7.Dizalo'!F34 -> 38600
A16: 8. | B16: =naslovnica!B42 -> KUHINJA I PRAONICA | F16: ='8.Kuhinja-praonica'!F271 -> 104570
A17: 9. | B17: =naslovnica!B43 -> OPREMANJE | F17: ='9.Opremanje'!F1423 -> 263108.57
B22: RADOVI SVEUKUPNO: | F22: =SUM(F9:F21) -> 4178923.8
B23: pdv (25%) | F23: =0.25*F22 -> 1044730.9
B24: RADOVI SVEUKUPNO s pdv-om: | F24: =SUM(F22:F23) -> 5223654.7

Sheet OUT
A1: GRADIR d.o.o. Zagreb, Solinska 19, ured: Ilica 124/1, tel./faks.: +385(0)13760383, e-pošta: info@gradir.com, OIB: 02776388180
B5: OPĆI UVJETI TROŠKOVNIKA
B7: VAŽNA NAPOMENA UZ TROŠKOVNIKE (odnosi se na sve troškovnike): IMENA PROIZVOĐAČA OPREME, ODREĐENIH MATERIJALA I DIJELOVA KONSTRUKCIJE KOJA SU NAVEDENA U TROŠKOVNIKU NE OBVEZUJU PONUĐAČA DA ISTE I NUDI, VEĆ JE POTREBNO PONUDITI OPREMU, MATERIJALE I DIJELOVE KONSTRUKCIJE JEDNAKOVRIJEDNE (JEDNAKIH SVOJSTAVA I TEHNIČKIH KARAKTERISTIKA) KAO ŠTO SU IMENOVANI U TROŠKOVNIKU. Kriteriji mjerodavni za ocjenu jednakovrijednosti navedeni su u tehničkim specifikacijama u opisu troškovničke stavke. Dokaz jednakovrijednosti mora podnijeti ponuditelj. Proizvodi koji su u dokumentaciji za nadmetanje navedeni kao primjer smatraju se ponuđenima ako ponuditelj ne navede nikakve druge proizvode na za to predviđenom mjestu troškovnika predmeta nabave.
B8: VAŽNE NAPOMENE UZ TROŠKOVNIK:
B9: PREDMET OVE DOKUMENTACIJE JE IZGRADNJA DJEČJEG VRTIĆA LEKENIK. Prije davanja ponude ponuđač može obići i detaljno izvršiti pregled lokacije, kako bi kod formiranja cijene obuhvatio sve potrebne radove i troškove na pripremnim radovima. PRIJE PREDAJE PONUDE, U SLUČAJU KAKVIH NEJASNOĆA ILI OCJENE PONUĐAČA DA JE NEKO OD RJEŠENJA NEPRIHVATLJIVO POSTAVITI UPIT NARUČITELJU KOJI ĆE KONTAKTIRATI PROJEKTANTA RADI RAZRJEŠENJA DETALJA. U PROTIVNOM OD IZVOĐAČA ĆE SE ZAHTIJEVATI IZVOĐENJE DETALJA KAO ŠTO JE PROJEKTANT PREDLOŽIO.
B10: Trošak pribavljanja sve atestne dokumentacije uključiti u cijenu nuđenih stavaka, jer se posebni troškovi neće priznati.
B11: Za pojedine elemente dani su normativi važeči na dan pisanja ovog troškovnika. U slučaju da isti u razdoblju do početka realizacije ovih radova ili u njihovom tijeku budu izmijenjeni, primjenjuju se normativi važeći u vrijeme izvođenja radova.
B12: Sav ugrađeni materijal treba odgovarati uvjetima iz opisa troškovnika i nacrta, te odgovarajućim Hrvatskim normama ili tehničkim uvjetima za izvođenje istih radova, a ukoliko se to posebno traži opisom i drugim propisima.
B13: Izvođač treba kvalitetu ugrađenih materijala i stručnosti radnika dokazati odgovarajućim atestima i uvjerenjima izdanim od strane za to ovlaštene organizacije i to uračunati u cijenu pojedinih stavaka.
B14: Imena proizvođača određenih materijala i dijelova konstrukcije koja su navedena u troškovniku NE OBAVEZUJU ponuđača da iste i nudi, već je potrebno ponuditi materijale i dijelove konstrukcije jednakovrijedne (jednakih svojstava i tehničkih karakteristika) kao što su imenovani u troškovniku. Kriteriji mjerodavni za ocjenu jednakovrijednosti navedeni su u tehničkim specifikacijama u opisu troškovničke stavke. Dokaz jednakovrijednosti mora podnijeti ponuditelj. Proizvodi koji su u dokumentaciji za nadmetanje navedeni kao primjer smatraju se ponuđenima ako ponuditelj ne navede nikakve druge proizvode na za to predviđenom mjestu troškovnika predmeta nabave.
B15: Ponuđena cijena je konačna cijena za realizaciju pojedine troškovničke stavka te obuhvaća i sve radnje koje u stavci nisu posebno navedene, a nužne su za izvedbu pojedine stavke do potpune funkcionalne i uporabne gotovosti.
B16: Stavke troškovnika uključuju i sve radove i predradnje potrebne kod primjene zaštite na radu, zaštitne skele oko zgrade i gradilišta, privremene ograde i zaštitne konstrukcije do kompletnog završetka izgradnje, a sve uzimajući u obzir da je gradilište u izgrađenom okolišu okruženo zgradama koje se koriste.
B19: OPĆI UVJETI GRAĐENJA
... B27: Izvođač je dužan pridržavati se važećih zakona i propisa i to naročito:
B28: ► | C28: Zakona o gradnji,
B29: ► | C29: Zakona o prostornom uređenju,
B30: ► | C30: Zakona o građevnim proizvodima,
B31: ► | C31: Zakona o zaštiti na radu (ZNR),
B32: ► | C32: Hrvatskih normi (HRN),
B33: ► | C33: Općih tehničkih uvjeta (OTU).
B34: ► | C34: Uredbe i odluke EU
B35: koji su i dio ugovorne dokumentacije. Izvođač je dužan pridržavati se svih navedenih zakona i uvjeta, osim ako
B36: projektom nije drugačije navedeno. Svi radovi moraju se izvesti solidno i stručno prema važećim propisima i
B37: pravilima dobrog zanata. Na gradilištu Izvođač radova, u skladu sa Zakonom o gradnji mora imati Glavnog inženjera
B38: gradilišta kvalificiranog za dotične vrste poslova i koji će stalno boraviti na gradilištu.
B40: Izvođač je dužan prilikom uvođenja u posao, u okviru ugovorene cijene, preuzeti parcelu, te obavijestiti nadležne
B41: službe o otvaranju gradilišta. Od tog trenutka pa do primopredaje zgrade izvođač je odgovoran za stvari i osobe
B42: koje se nalaze unutar gradilišta. Od ulaska na gradilište izvođač je dužan voditi građevinski dnevnik i građevinsku
B43: knjigu. U građevinski dnevnik se unose svi bitni podaci i događaji tijekom građenja (npr. meteorološke prilike,
B44: temperatura zraka, eventualne nepogode i sl.), upisuju se primjedbe Projektanta, nalozi nadzornog inženjera i
B45: građevinske inspekcije. Tako registrirani zahtjevi obavezni su za Izvođača radova, s tim da je za svaku nepredviđenu
B46: višu radnju, koja bi povećala ukupne troškove predviđene za izgradnju po ovom troškovniku, potrebna pisana
B47: suglasnost investitora. U građevinsku knjigu bilježe se i dokumentiraju mjerenja i kalkulacije svih faza izvršenih
... B70: Za sve naknadne radove izvođač je dužan izraditi analize cijena koje moraju sadržavati:
B71: a) | C71: sav materijal fco radilište (A)
B72: b) | C72: sve brutto plaće na izvedbi radova date po grupama i kvalifikacijama (B)
B73: c) | C73: razradu faktora poduzeća (opravdanje veličina) (F)
B74: d) | C74: važeće normative za izvedbu radova
B76: Sav rad i materijal vezan za organizaciju građevinske proizvodnje: ograde, vrata gradilišta, putevi na gradilištu,
B77: prilazi do gradilišta s lokalnih prometnica, privremena regulacija prometa, uredi, blagovaonice, svlačionice,
B78: sanitarije gradilišta, spremišta materijala i alata, telefonski, električni, vodovodni i sl. priključci gradilišta kao i
B79: cijena priključaka uključeni su u ugovorenu sumu.
B81: U jedinične cijene ulaze svi troškovi za izradu građevine s dobavom predviđenih materijala, pomoćnim radovima,
B82: pomoćnim napravama i drugim sredstvima koja su potrebna za ispravnu izvedbu ili bi se mogla tijekom rada ukazati
B83: potrebnim. U stavkama su uračunati i sporedni radovi potrebni za ispravno dovršenje pojedinih radova, a sve na
B84: osnovi norma, propisa, priznatih pravila tehničke nauke i prakse. Tako su u stavkama obračunata gradiva, troškovi
B85: nabavke gradiva, nadzorni i rukovodeći poslovi poduzeća, troškovi skela, alata, strojeva i sprava, sav sitan i pomoćni
B86: materijal potreban za izvođenje radova, osiguranje odvijanja prometa, njega betona i ostalih dijelova konstrukcije,
B87: crpljenje vode, signalizacija gradilišta danju i noću, čuvanje, dovodi sve potrebne infrastrukture i sl. ukratko, sve
B88: što je posredno i neposredno potrebno za kvalitetno izvođenje radova po ovom projektu.
... B126: proizvod ili usluga mora imati, a to su:
B127: a) | C127: potvrda o sukladnosti (certifikat) kojom se potvrđuje sukladnost opreme sa zahtijevanim standardima,
B128: b) | C128: tehničke specifikacije kojima se određuje ukupnost tehničkih uvjeta, a koja određuju obilježja koje
C129: materijal, proizvod, oprema ili usluga mora imati
B131: Tehničke specifikacije moraju biti određene u suglasju sa Zakonom o javnoj nabavi, a sastavni dio
B132: specifikacija su norme koje je odobrilo priznato tijelo za normizaciju, a mogu se koristiti:
B133: ● | C133: nacionalna norma
B134: ● | C134: europska norma,
B135: ● | C135: europska tehnička odobrenja,
B136: ● | C136: međunarodna norma,
B137: ● | C137: nacionalna tehnička odobrenja
B139: Za instalacijske sustave izvođač je dužan, u okviru ugovorene cijene, osim izjava o sukladnosti za pojedine materijale
B140: priložiti ateste za kompletne instalacijske sustave, te u okviru ugovorene cijene iskolčiti trase instalacija prije
B141: izvođenja istih.
B143: Izvođač je dužan u okviru ugovorene cijene koordinirati radove svih kooperanata, tako da omogući kontinuirano
B144: odvijanje posla i zaštitu već izvedenih radova. Sva oštećenja nastala u tijeku gradnje otklonit će Izvođač o svom
B145: trošku. Izvođač je dužan, u okviru ugovorene cijene, osigurati gradilište od djelovanja više sile i krađe.
B147: Izvođač je dužan u suradnji s nadzornim inženjerom Investitora izraditi vremenski plan (gantogram) aktivnosti na
B148: gradilištu i njime odrediti: dinamiku izvođenja, dobave materijala, financiranja, uključivanja pojedinih kooperanata,
B149: te konačni rok završetka građevine.
B151: Izvođač je dužan čistiti gradilište minimalno tri puta u tijeku građenja, a na kraju treba izvesti završno fino čišćenja
B152: zidova, podova, vrata, prozora, stijena, stakala i dr. što se neće posebno opisivati u stavkama. Nakon dovršenja
B153: gradnje Izvođač radova predaje posve uređenu građevinu i pripadajući okoliš predstavniku Investitora, a uz obaveznu
... B171: GRAĐEVINSKO OBRTNIČKI RADOVI
D174: SADRŽAJ
D176: =A200 -> RUŠENJE
D177: =A249 -> PRIJENOSI I TRANSPORTI
D178: =A261 -> PRIPREMNI RADOVI
D179: =A288 -> ZEMLJANI RADOVI
D180: =A369 -> TESARSKI RADOVI
D181: =A476 -> BETONSKI I ARMIRANO BETONSKI RADOVI
D182: =A631 -> ZIDARSKI RADOVI
D183: =A738 -> ASFALTERSKI RADOVI
D184: =A775 -> IZOLATERSKI RADOVI
D185: =A823 -> KROVOPOKRIVAČKI RADOVI
D186: =A859 -> LIMARSKI RADOVI
D187: =A902 -> STOLARSKI RADOVI
D188: =A934 -> BRAVARSKI RADOVI
D189: =A977 -> ALUMINIJSKI RADOVI
D190: =A1020 -> STAKLARSKI RADOVI
D191: =A1062 -> SOBOSLIKARSKI I LIČILAČKI RADOVI
D192: =A1102 -> FASADERSKI RADOVI
D193: =A1169 -> KERAMIČARSKI RADOVI
D194: =A1189 -> PODOPOLAGAČKI RADOVI
D195: =A1267 -> GIPSARSKI RADOVI
D196: =A1356 -> SPUŠTENI STROPOVI
D197: =A1386 -> ČELIČNE KONSTRUKCIJE
A200: RUŠENJE
B202: Opći uvjeti:
B203: Prilikom uklanjanja građevine ili njezinog izvođač radova mora se pridržavati svih uvjeta i opisa u projektnoj
...

Sheet 1.GOR
A1: GRADIR d.o.o. Zagreb, Solinska 19, ured: Ilica 124/1, tel./faks.: +385(0)13760383, e-pošta: info@gradir.com, OIB: 02776388180
A2: stavka | B2: opis stavke | C2: jed.mj. | D2: količina | E2: jedinična cijena | F2: ukupna cijena
A3: 1 | B3: 2 | C3: 3 | D3: 4 | E3: 5 | F3: 4x5=6
A5: 1. | B5: GRAĐEVINSKO OBRTNIČKI RADOVI
A7: A. | B7: GRAĐEVINSKI RADOVI
B9: Napomena:
B10: Kod svih radova izvođač je dužan držati se Općih Uvjeta Troškovnika (OUT), važećih zakona i propisa iz pojedine grupe radova, tehničkih uputstava pojedinih proizvođača, koji moraju biti u skladu sa HRN i EU normama.
B11: Kod kalkuliranja cijena za pojedine radove izvođač mora uzeti u obzir sve faze radova, sve potebne elemente i radnje koji čine tehnološku cijelinu izvedbe, jer se VTR neće priznavati zbog 'nepotpune' kalkulacije cijene.
B12: U okviru pripremnih radova potrebno je funkcionalno organizirati gradilište. Izvođač mora osigurati prostor za održavanje koordinacija, privremene priključke komunalne infrastrukture za potrebe gradilišta, privremeni deponij materijala i sl., osigurati ili izvesti sve pristupne putove. Shemu gradilišta i dinamički plan izvođenja radova izvođač će dostaviti stručnom nadzoru i investitoru 8 dana prije početka radova.
A15: A.1. | B15: PRIPREMNI RADOVI
A17: * | B17: iskolčenje građevine:
A19: A.1.1. | B19: Geodetsko iskolčenje radova. Elaborat o iskolčenju izrađuje osoba registrirana za obavljanje te djelatnosti. Geodetsko iskolčenje radova provodi se prema elaboratu iskolčenja, a sve u skladu s izvedbenim projektom.
B20: Prije početka radova provodi se iskolčenje. Osnovna iskolčenja i poligonske točke i pomoćne točke moraju se na odgovarajući način osigurati od uništenja i biti jasno označeni cijelo vrijeme radova. Iskolčenje trase i objekata obuhvaća sva geodetska mjerenja i geodetska praćenja, kojima se podaci iz projekta prenose na teren ili s terena u projekte, osiguranje osi iskolčene potporne konstrukcije, profiliranje, obnavljanje i održavanje iskolčenih oznaka na terenu za sve vrijeme građenja, odnosno do predaje radova investitoru.
B21: Rad uključuje sva potrebna mjerenja u vezi prijenosa podataka iz projekta na teren i obrnuto: - preuzimanje podataka u nadležnom katastru o stalnim geodetskim točkama i njihova obrada, - provjera međe na terenu, - iskolčenje građevine prema izvedbenom projektu, - postavljanje i održavanje iskolčenih oznaka na terenu od početka radova do predaje svih radova investitoru - izrada i ovjera geodetskog elaborata iskolčenja sa skicom iskolčenja, - iskolčenje nanosne skele i glavnih visinskih točaka
B22: Izvedba, kontrola kakvoće i obračun prema OTU.
A23: a) | B23: iskolčenje građevine u skladu s elaboratom iskolčenja i projektom | C23: kpl | D23: 1 | E23: 1000 | F23: =IF(OR(OR(E23=0,E23=" "),OR(D23=0,D23=" "))," ",D23*E23) -> 1000
A24: b) | B24: iskolčenje ostalih planiranih građevina i zahvata (ogradnih zidova, elemenata uređenja okoliša, infrastrukturnih trasa) unutar obuhvata u skladu s elaboratom iskolčenja i projektom | C24: kpl | D24: 1 | E24: 1000 | F24: =IF(OR(OR(E24=0,E24=" "),OR(D24=0,D24=" "))," ",D24*E24) -> 1000
A26: * | B26: geodetski elaborat:
A27: A.1.2. | B27: Izrada geodetskog elaborata potrebnog za evidentiranje podataka o katastarskim česticama i podataka o novo izgrađenim građevinama, te predaja i ovjera elaborata u područnom katastarskom i zemljišno-knjižnom uredu.
A28: a) | B28: izrada geodetskog elaborata za građevine (sa snimkom izvedenog stanja), obveza izvođača | C28: kpl | D28: 1 | E28: 1000 | F28: =IF(OR(OR(E28=0,E28=" "),OR(D28=0,D28=" "))," ",D28*E28) -> 1000
A29: b) | B29: izrada geodetskog elaborata instalacija (sa snimkom izvedenog stanja), obveza izvođača | C29: kpl | D29: 1 | E29: 1000 | F29: =IF(OR(OR(E29=0,E29=" "),OR(D29=0,D29=" "))," ",D29*E29) -> 1000
A31: * | B31: čišćenje terena:
A33: A.1.3. | B33: Strojno i ručno sječenje stabala i vađenje panjeva i korijenja. Stabla posjeći i ispiliti na dužine pogodne za transport. Promjer stabla do 50 cm, koji se mjeri na visini cca 1,30 m od terena. Stavka obuhvaća slijedeće radove:
B34: sječenje, odnosno piljenje stabala, strojno ili ručno, kresanje grana, strojno vađenju panjeva, utovar na kamion, odvoz i zbrinjavanje sukladno važećem Zakonu o gospodarenju otpadom i pripadajućim podzakonskim aktima. Obračun po komadu.
A35: a) | B35: strojno i ručno sječenje stabala, te strojno čupanje i vađenje korijenja, prijenos na deponiju, panj promjera 50-100 cm, stabla u granicama obuhvata. | C35: kom | D35: 8 | E35: 300 | F35: =IF(OR(OR(E35=0,E35=" "),OR(D35=0,D35=" "))," ",D35*E35) -> 2400
A36: b) | B36: strojno i ručno sječenje stabala, te strojno čupanje i vađenje korijenja, prijenos na deponiju, panj promjera 25-50 cm, stabla u granicama obuhvata. | C36: kom | D36: 11 | E36: 200 | F36: =IF(OR(OR(E36=0,E36=" "),OR(D36=0,D36=" "))," ",D36*E36) -> 2200
A38: A.1.4. | B38: Strojno i ručno čišćenje terena u granicama obuhvata od grmlja, šiblja, raslinja, korjenja i raznih žičanih ograda, smeća i manjih prepreka. Raslinje je promjera do 10 cm. Stavka obuhvaća i utovar na kamion, odvoz i zbrinjavanje otpada sukladno važećem Zakonu o gospodarenju otpadom i pripadajućim podzakonskim aktima. Obračun po m2 očišćene površine odnosno m1 ograde.
A39: a) | B39: čišćenje terena od raslinja, šiblja, korijenja u granicama obuhvata. | C39: m2 | D39: 1000 | E39: 1 | F39: =IF(OR(OR(E39=0,E39=" "),OR(D39=0,D39=" "))," ",D39*E39) -> 1000
A40: b) | B40: čišćenje žičanih ograda uključivo metalne i betonske stupove ohrade i vađenje temelja stupova | C40: m1 | D40: 155 | E40: 10 | F40: =IF(OR(OR(E40=0,E40=" "),OR(D40=0,D40=" "))," ",D40*E40) -> 1550
A42: * | B42: zaštita i izmještanje infrastrukture:
A43: A.1.5. | B43: Zaštita postojeće komunalne i ostale infrastrukture unutar obuhvata i u kontaktnoj zoni obuhvata (elektroinstalacije, telekomunikacije, vodovod, odvodnja), a sve prema uvjetima i uz suglasnost vlasnika/upravitelja infrastrukture. Obračun komplet.
A44: a) | B44: zaštita postojeće infrastrukture | C44: kpl | D44: 1 | E44: 500 | F44: =IF(OR(OR(E44=0,E44=" "),OR(D44=0,D44=" "))," ",D44*E44) -> 500
A46: A.1.6. | B46: Zahvati (denivelacije poklopaca i sl.) na postojećoj komunalnoj i ostaloj infrastrukture unutar obuhvata i u kontaktnoj zoni obuhvata (elektroinstalacije, telekomunikacije, vodovod, odvodnja).
B47: - 1 poklopac - rešetka cestovne oborinske odvodnje (cestovni slivnik)
B48: Radove izvodi ovlašteno poduzeće prema uvjetima i pod nadzorom vlasnika/upravitelja infrastrukture. Obveza je izvođača radova zatražiti uvjete, nadzor i radove od strane vlasnika/upravitelja infrastrukture i prema tim uvjetima postupiti. Sve radnje izvode ovlaštene osobe, prema uvjetima i uz suglasnost i nadzor vlasnika/upravitelja infrastrukture. Stavka obuhvaća sve radove do pune funkcionalnosti. Obračun komplet.
A49: a) | B49: zahvati na postojećoj infrastrukturi | C49: kpl | D49: 1 | E49: 500 | F49: =IF(OR(OR(E49=0,E49=" "),OR(D49=0,D49=" "))," ",D49*E49) -> 500
A51: A.1.7. | B51: Izmještanje odnosno uklanjanje betonskog uličnog stupa rasvjete/elektroinstalacij/telekomunikacija zajedno sa svim vodovima koji su na njega spojeni (rasvjeta, elektoinstalacije, telekomunikacije). Stupovi koji se izmještaju/uklanjaju:
B52: - Ulični stup smješten uz sjeverni rub čestice, uz prometnicu, u zoni planiranog intervencijskog ulaza. Stup se izmješta južnije uz rub čestice u planiranu zelenu površinu. - Ulični stupovi smješteni uz istočni rub čestice, uz prometnicu, u zoni planiranih parkirnih mjesta. Stupi se izmještaju zapadnije bliže rubu čestice. - Stup smješten uz zapadni rub čestice. Stup se uklanja.
B53: Radove izvodti prema uvjetima i pod nadzorom vlasnika/upravitelja infrastrukture. Obveza je izvođača radova zatražiti uvjete, nadzor i radove na izmještanju stupa od strane vlasnika/upravitelja infrastrukture i prema tim uvjetima postupiti. Sve radnje izvode ovlaštene osobe, prema uvjetima i uz suglasnost i nadzor vlasnika/upravitelja infrastrukture. Stavka obuhvaća i utovar na kamion, odvoz i zbrinjavanje nastalog otpada sukladno važećem Zakonu o gospodarenju otpadom i pripadajućim podzakonskim aktima, te izvedbu nove (izmještene) infrastrukture, sve do pune funkcionalnosti.
A54: a) | B54: izmještanje infrastrukture - stup uz sjeverni i sjeveroistočni rub čestice | C54: kpl | D54: 5 | E54: 500 | F54: =IF(OR(OR(E54=0,E54=" "),OR(D54=0,D54=" "))," ",D54*E54) -> 2500
A55: b) | B55: uklanjanje infrastrukture - stup uz zapadni rub čestice | C55: kpl | D55: 1 | E55: 500 | F55: =IF(OR(OR(E55=0,E55=" "),OR(D55=0,D55=" "))," ",D55*E55) -> 500
A57: * | B57: rušenja
A58: A.1.8. | B58: Strojno i ručno rušenje betonskih i armirano-betonskih elemenata (ograde i sl.), s vađenjem temelja. Stavka obuhvaća i utovar na kamion, odvoz i zbrinjavanje nastalog otpada sukladno važećem Zakonu o gospodarenju otpadom i pripadajućim podzakonskim aktima. Obračun u m3.
A59: a) | B59: rušenje betonskih i armirano-betonskih elemenata | C59: m3 | D59: 19 | E59: 150 | F59: =IF(OR(OR(E59=0,E59=" "),OR(D59=0,D59=" "))," ",D59*E59) -> 2850
A61: A.1.9. | B61: Strojno i ručno rušenje elemenata prometnice (asfalt i rubnjaci kolnika i pločnika) te iskop do dna planiranog šljunčanog nasipa, sve u svrhu izgradnje kolnog i pješačkog spoja i uređenja kontaktne zone obuhvata zahvata i prometnice. Stavka obuhvaća i utovar na kamion, odvoz i zbrinjavanje nastalog otpada sukladno važećem Zakonu o gospodarenju otpadom i pripadajućim podzakonskim aktima.
B62: Zona kolnih i pješačkih ulaza (izvedbe spojeva na postojeći kolnik te u kontaktnoj zoni izvan predmetne čestice). Stvarni utrošak rada i materijala pravdati putem građevinske knjige ili građevinskog dnevnika. Obračun u m3 i m2.
A63: a) | B63: rušenje asfaltnih i betonskih elemenata | C63: m2 | D63: 140 | E63: 15 | F63: =IF(OR(OR(E63=0,E63=" "),OR(D63=0,D63=" "))," ",D63*E63) -> 2100
A64: b) | B64: iskop | C64: m3 | D64: 70 | E64: 30 | F64: =IF(OR(OR(E64=0,E64=" "),OR(D64=0,D64=" "))," ",D64*E64) -> 2100
A66: * | B66: čiščenja
A67: A.1.10. | B67: Čiščenje gradilišta nakon završetka svih radova. Stavka obuhvaća čišćenje zelenih i kolno-pješačkih površina od otpada i zaostalog građevinskog materijala, pranje kolno-pješačkih površina, utovar na kamion, odvoz i zbrinjavanje nastalog otpada sukladno važećem Zakonu o gospodarenju otpadom i pripadajućim podzakonskim aktima.
B68: Obračun po m2 očišćene površine.
A69: a) | B69: čišćenje gradilišta nakon završetka svih radova | C69: m2 | D69: 4767 | E69: 1 | F69: =IF(OR(OR(E69=0,E69=" "),OR(D69=0,D69=" "))," ",D69*E69) -> 4767
A71: * | B71: fasadna skela
A72: A.1.11. | B72: Montaža i demontaža fasadne skele. Skela se izvodi od čeličnih bešavnih cijevi. U jediničnu cijenu uključen je transport cijevi na gradilište i sa gradilišta, izrada prilaza na skelu, kao i zaštitna ograda prema propisima. Skela se izvodi za sve sudionike u izvedbi radova na fasadi te će izvoditelj građevinskih radova izraditi detaljni operativni plan, u koji će uključiti sve aktivnosti radova na fasadi.
B73: Obračun se vrši po m2 projekcije skele; horizontalno - na uzdužnu dužinu zgrade dodaje se 1,2 m1, dok se bočne stranice zgrade obračunavaju bez dodatka, vertikalno - visina se obračunava od kote terena do posljednje platforme + 1,0 m1.
B74: U jediničnu cijenu uključiti zaštitni zastor od jutenih ili plastičnih traka, koje se postavljaju s vanjske strane skele po cijeloj površini. Skelu je potrebno osigurati od prevrtanja sidrenjem u građevinu, a od udara groma uzemljenjem. Potrebno je izvesti pomoćne željezne ili drvene ljestve - penjalice za osiguranje vertikalne komunikacije po skeli.
B75: Prije izvedbe skele izvođač je dužan izraditi projekt skele što je uključeno u cijenu stavke.
B76: Kvaliteta proizvoda prema normi HRN EN 39:2001 ili jednakovrijedno ___________________, Čelične cijevi u sustavu za nosive i radne skele.
B77: Kvaliteta proizvoda prema normi HRN EN 74:2008 ili jednakovrijedno ___________________. Spojnice, umetci i ležajne ploče za radne i potporne čelične cijevne skele.
A78: a) | B78: montaža i demontaža cijevne fasadne skele visine do 15 m, juteni zastor | C78: m2 | D78: 1624 | E78: 10 | F78: =IF(OR(OR(E78=0,E78=" "),OR(D78=0,D78=" "))," ",D78*E78) -> 16240
A80: =A15 -> A.1. | B80: =CONCATENATE(B15," ", "UKUPNO:") -> PRIPREMNI RADOVI UKUPNO: | F80: =SUM(F19:F79) -> 43207
A83: A.2. | B83: PRIJENOSI I TRANSPORTI
A85: * | B85: transport zemlje:
A86: A.2.1. | B86: Transport zemljanog materijala B ktg s mjesta iskopa na odlagalište, utovar i istovar materijala, transport, održavanje deponija te naknadno zbrinjavanje viška zemlje sukladno važećem Zakonu o gospodarenju otpadom i pripadajućim podzakonskim aktima. Izvođač je dužan prije davanja ponude informirati se o položaju odlagališta i odrediti transportni put odvoza - dodaci na transport neće se posebno obračunavati. Obračun u m3 sraslog tla bez koeficijenta rastresitosti.
A87: a) | B87: transport zemljanog materijala B ktg | C87: m3 | D87: 1166 | E87: 10 | F87: =IF(OR(OR(E87=0,E87=" "),OR(D87=0,D87=" "))," ",D87*E87) -> 11660
A88: b) | B88: zbrinjavanje viška zemljanog materijala B ktg sukladno važećem Zakonu o gospodarenju otpadom i pripadajućim podzakonskim aktima. | C88: m3 | D88: 1075 | E88: 10 | F88: =IF(OR(OR(E88=0,E88=" "),OR(D88=0,D88=" "))," ",D88*E88) -> 10750
A90: =A83 -> A.2. | B90: =CONCATENATE(B83," ", "UKUPNO:") -> PRIJENOSI I TRANSPORTI UKUPNO: | F90: =SUM(F86:F89) -> 22410
A93: A.3. | B93: ZEMLJANI RADOVI
A95: * | B95: iskop:
B96: svi iskopi obračunati su po m3 stvarnog volumena (u sraslom stanju) BEZ koeficijenta rastresitosti. Potrebno je za vrijeme odvijanja radova osigurati stalni geotehnički nadzor uz izradu redovitog izvještaja o provedenom geotehničkom nadzoru i povremeni projektantski nadzor. Prilikom iskopa 'građevne jame' potrebno je od strane ovlaštenog geomehaničara izvršiti pregled jame i nosivost tla, te ih usporediti s podacima iz geomehaničkog elaborata. U slučaju odstupanja u nosivosti treba predložiti adekvatno rješenje (dublji iskop, zamjenu i/ili stabilizaciju tla). Očitovanje geomehaničara mora biti u pisanom obliku.
A97: A.3.1. | B97: Strojno skidanje sloja humusa debljine d=20 cm. Skidanje humusa se izvodi na površini u zoni iskopa zgrade koja je za 2 m obodno uvećana u odnosu na razvijenu površinu prizemlja te u zoni kolnih i pješačkih površina i igrališta, te u zoni gdje se modificira nivo terena. Skinuti sloj humusa deponirati na gradilištu radi kasnije ponovne ugradnje.
B98: Izvedba, kontrola kakvoće i obračun prema OTU.
B99: Obračun po m3 sraslog tla, iskop s premještanjem na gradilišnu deponiju.
A100: a) | B100: skidanje sloja humusa debljine d=20 cm | C100: m3 | D100: 1110 | E100: 15 | F100: =IF(OR(OR(E100=0,E100=" "),OR(D100=0,D100=" "))," ",D100*E100) -> 16650
A102: A.3.2. | B102: Strojni, široki iskop građevne jame u tlu 'B' kategorije bagerom s utovarom u vozilo. Iskop izvesti do donje kote šljunčanog tampona ispod donje ploče poda na tlu i/ili donje kote šljunčanog tampona na mjestu uređenog terena i/ili kote uređenog terena oko građevina, a sve prema uzdužnim i poprečnim presjecima, odnosno visinskim kotama iz projekta.
B103: Obračun iskopa: širina/dužina temeljne konstrukcije + 50 cm radnog prostora + propisani bočni nagib građevne jame (DIN 4124, Izvođenje građevnih jama, rovova i kanala ili jednakovrijedno ___________________).
B104: Radove izvoditi prema geometriji i uvjetima iz projekta. U slučaju odstupanja od projektnog profila potrebno je izvijestiti nadzornog inženjera, predstavnika investitora, projektanta konstrukcije i projektanta geotehničkog elaborata, te je potrebno zaustaviti sav daljnji rad na iskopu. Tek nakon pozitivne ocjene istih izvođač može nastaviti sa radom na iskopu.
B105: Prilikom iskopa 'građevne jame' potrebno je, u okviru stručnog nadzora, od strane ovlaštenog geomehaničara, izvršiti pregled jame i nosivost tla, te ih usporediti s podacima iz geomehaničkog elaborata. U slučaju odstupanja u nosivosti treba predložiti adekvatno rješenje (dublji iskop, zamjenu i/ili stabilizaciju tla). Očitovanje geomehaničara mora biti u pisanom obliku.
B106: Stavka uključuje svo potrebno podupiranje i zaštitu iskopa i građevinske jame (zaštitu stabilnosti jame, razupiranje, odvodnja, zbijanje). Stavka uključuje iskop i utovar u vozilo, a odvoz je obračunat posebno. Obračun po m3 iskopa u sraslom stanju.
A107: a) | B107: strojni široki iskop zemlje u tlu 'B' kategorije bagerom - ispod zgrade | C107: m3 | D107: 735 | E107: 20 | F107: =IF(OR(OR(E107=0,E107=" "),OR(D107=0,D107=" "))," ",D107*E107) -> 14700
A108: b) | B108: strojni široki iskop zemlje u tlu 'B' kategorije bagerom - ispod kolnih i pješačkih površina | C108: m3 | D108: 325 | E108: 20 | F108: =IF(OR(OR(E108=0,E108=" "),OR(D108=0,D108=" "))," ",D108*E108) -> 6500
A110: A.3.3. | B110: Strojni iskop za trakaste temelje i temeljne stope u tlu 'B' kategorije temeljne konstrukcije ograde i opreme bagerom i ručno s utovarom u vozilo. Iskop izvesti do donje kote temelja zidova, a sve prema uzdužnim i poprečnim presjecima, odnosno visinskim kotama iz projekta.
B111: Visina iskopa za temeljne trake ograde širine 40 cm: od kote postojećeg terena do donje kote podbetona h=cca 90 cm. Stavka uključuje svo potrebno podupiranje i zaštitu iskopa i građevinske jame pošto se iskop vrši uz sam rub čestice (razupiranje, odvodnja, zbijanje)
B112: Visina iskopa za temeljne stope opreme je 60-100 cm, tlocrtnih dimenzija 30-120 x 30-120 cm.
B113: Stavka uključuje iskop i utovar u vozilo, a odvoz je obračunat posebno. Obračun po m3 iskopa u sraslom stanju.
A114: a) | B114: strojni iskop zemlje u tlu 'B' kategorije - temeljne trake ograde | C114: m3 | D114: 93.5 | E114: 30 | F114: =IF(OR(OR(E114=0,E114=" "),OR(D114=0,D114=" "))," ",D114*E114) -> 2805
A115: b) | B115: strojni iskop zemlje u tlu 'B' kategorije - temeljne stope opreme | C115: m3 | D115: 12.5 | E115: 40 | F115: =IF(OR(OR(E115=0,E115=" "),OR(D115=0,D115=" "))," ",D115*E115) -> 500
F116: =IF(OR(OR(E116=0,E116=" "),OR(D116=0,D116=" "))," ",D116*E116)
A117: * | B117: planiranje građevne jame:
A118: A.3.4. | B118: Strojno planiranje dna građevne jame sa točnošću ± 2 cm s prosječnim otkopom 0,05 m3/m2, na koti projektiranog iskopa i nabijanje, s odvozom viška zemlje na odlagalište. Zbijanje temeljnog tla u odnosu na standardni Proctor-ov postupak Sz≥100%, odnosno modul stišljivosti Ms≥20MN/m2. Obračun po m2.
A119: a) | B119: planiranje površine dna temeljne jame ispod šljunčanog nasipa temeljne ploče i terasa zgrade | C119: m2 | D119: 1921.5 | E119: 1 | F119: =IF(OR(OR(E119=0,E119=" "),OR(D119=0,D119=" "))," ",D119*E119) -> 1921.5
F120: =IF(OR(OR(E120=0,E120=" "),OR(D120=0,D120=" "))," ",D120*E120)
A121: * | B121: planiranje kolno-pješačkih površina:
A122: A.3.5. | B122: Strojno planiranje površine dna građevne jame ispod kolno-pješačkih površina s točnošću ± 2 cm s prosječnim otkopom 0,05 m3/m2, na koti projektiranog iskopa i nabijanje, s odvozom viška zemlje na odlagalište. Zbijanje temeljnog tla u odnosu na standardni Proctor-ov postupak Sz≥100%, odnosno modul stišljivosti Ms≥20MN/m2.
B123: Obračunate sljedeće površine: Izrada površina parkiralište i kolni pristup, pješački pristupi te izrada spoja kolnih i pješačkih ulaza s postojećim kolnim i pješačkim površinama postojeće javne prometnice s popravkom u kontaktnoj zoni. Obračun po m2.
A124: a) | B124: planiranje kolno-pješačkih površina - pristupne kolne i pješačke površine, i parkiralištne površine, uz ulicu Hermana Gmeinera, (izvedbe unutar predmetne čestice). | C124: m2 | D124: 687 | E124: 1 | F124: =IF(OR(OR(E124=0,E124=" "),OR(D124=0,D124=" "))," ",D124*E124) -> 687
A125: b) | B125: planiranje intervencijskih površina - zona travne rešetke za pristup vatrogasnih vozila (izvedbe unutar predmetne čestice). Stvarni utrošak rada i materijala pravdati putem građevinske knjige ili građevinskog dnevnika. | C125: m2 | D125: 772 | E125: 1 | F125: =IF(OR(OR(E125=0,E125=" "),OR(D125=0,D125=" "))," ",D125*E125) -> 772
A126: b) | B126: planiranje kolno-pješačkih površina - zona kolnih i pješačkih ulaza (izvedbe spojeva na postojeći kolnik i pločnik te popravak u kontaktnoj zoni izvan predmetne čestice). Stvarni utrošak rada i materijala pravdati putem građevinske knjige ili građevinskog dnevnika. | C126: m2 | D126: 137 | E126: 1 | F126: =IF(OR(OR(E126=0,E126=" "),OR(D126=0,D126=" "))," ",D126*E126) -> 137
A128: * | B128: planiranje okolnog terena i nasipavanje zemljom:
A129: A.3.6. | B129: Strojno planiranje, zatrpavanje iskopa i nasipavanje okolnog terena i terena uz zgrade, sa skidanjem neravnina na terenu, usjecanje i fino formiranje kosina i dovođenja u prirodne i projektirane nagibe, a sve prema uzdužnim i poprečnim presjecima, odnosno visinskim kotama iz projekta.
...

Sheet 2.Krajobraz
A1: GRADIR d.o.o. Zagreb, Solinska 19, ured: Ilica 124/1, tel./faks.: +385(0)13760383, e-pošta: info@gradir.com, OIB: 02776388180
A2: stavka | B2: opis stavke | C2: jed.mj. | D2: količina | E2: jedinična cijena | F2: ukupna cijena
A3: 1 | B3: 2 | C3: 3 | D3: 4 | E3: 5 | F3: 4x5=6
A5: 2. | B5: KRAJOBRAZNO UREĐENJE
B8: OPĆI TEHNIČKI UVJETI
B9: Prije početka radova na hortikulturnom uređenju i oblikovanju potrebno je završiti sve građevinske radove, očistiti površine, te završiti radove na infrastrukturi vezano na zelene površine kao i radove na izgradnji ogradnog zida. Biljni materijal planiran za sadnju mora odgovarati standardima i imati certifikate. Sve sadnice moraju imati kvalitetno razvijen nadzemni dio i dobro razvijen korijenov sistem. Drveća trebaju biti školovana u rasadnicima, s formiranom krošnjom, pravilnom provodnicom debla i standardnih opsega debla za sadnju u odnosu na pojedinu vrstu.
B10: Od voćaka treba odabrati domaće sorte koje također trebaju biti uzgojene u rasadniku. Odabrane vrste drveća trebaju biti starosti 4-5 godina, s pravilnom produljnicom debla. Ukrasno grmlje i grmlje bobičastog voća treba biti starosti 3 godine, kvalitetnog rasadničkog uzgoja. Sav biljni materijal mora biti dopremljen na radlište sa zaštićenim korijenovim sistemom, s certifikatom i označen etiketom vrste. Stavke uključuju sve radove i predradnje potrebne kod primjene zaštite na rad, zaštitne i radne skele. Izvođač radova obvezan je dati garanciju od jedne godine. Održavanje nakon izvedbe mora biti osigurano.
B11: UVJETI ODRŽAVANJA
B12: Nakon sjetve i sadnje izvođač je dužan njegovati travnjak i sadnice do primopredaje krajnjem korisniku: - redovito zalijevanje u sušno doba - okopavanje i plijevljenje te zamjenska sadnja ukoliko se biljka posušila - fitosanitetska zaštita tijekom jedogodišnjeg razdoblja nakon sadnje - izvođač je dužan na vlastiti trošak ispraviti loše izvedene radove
A15: 1. | B15: PRIPREMNI RADOVI
A17: 1.1. | B17: Čiščenje zelenih površina nakon završetka svih radova, a prije izvođenja radova krajobraznog uređenja. Stavka obuhvaća čišćenje zelenih površina od otpada i zaostalog građevinskog materijala, utovar na kamion, odvoz i zbrinjavanje nastalog otpada na propisanu gradsku deponiju.
B18: Obračun radova po m2 očišćene površine.
A19: a) | B19: čišćenje zelenih površina | C19: m2 | D19: 3970 | E19: 1 | F19: =IF((D19*E19)=0,"",(D19*E19)) -> 3970
A21: 1. | B21: PRIPREMNI RADOVI UKUPNO | F21: =SUM(F17:F20) -> 3970
A24: 2. | B24: ZEMLJANI RADOVI
A26: 2.1. | B26: Izvedba sloja plodnog tla (humusa) na površine parcele koja je predviđena za sadnju. Plodno tlo nanositi na površine namjenjene sijanju i razastirati, strojno ukopavati u tlo (frezom). Stavka se odnosi na dopremu i razastiranje prethodno uklonjenog i deponiranog humusa sa čestice (stavka A.3.1. građevinsko-obrtničkih radova). U cijenu uračunati i pripremu posteljice, planiranje na kotu predviđenu projektom, te zbijanje i fino planiranje zemljane površine prije sijanja trave.
B27: Zasijana površina cca: 2759 m2, količina: 0,2 m3/m2
B28: Obračun po m2, prema stvarno izvršenim radovima uključujući sve radnje prema opisu.
A29: a) | B29: doprema i razastiranje plodno tlo (humus) za sadnju debljine d=20 cm | C29: m2 | D29: 2759 | E29: 2 | F29: =IF((D29*E29)=0,"",(D29*E29)) -> 5518
A32: 2. | B32: ZEMLJANI RADOVI UKUPNO | F32: =SUM(F26:F31) -> 5518
A35: 3. | B35: RADOVI S BILJNIM MATERIJALOM
A37: * | B37: SADNJA DRVEĆA
A39: 3.1. | B39: Nabava i doprema sadnica do mjesta sadnje. Sav biljni materijal treba biti starosti 4-5 godina, promjera debla cca 8 cm, s pravilnom produljnicom debla, kvalitetnog rasadničkog uzgoja. Sadnice za drvorednu sadnju. Sadnice moraju biti dopremljene na radilište sa zaštićenim korijenovim sistemom, balirane ili u kontejnerima te čitljive oznake (etikete) vrste sadnice. Obračun po komadu dobavljene sadnice.
A40: a) | B40: Fraxinus augustifolia - poljski jasen, (visina grananja od 2m), [H.1.1.] | C40: kom | D40: 8 | E40: 70 | F40: =IF((D40*E40)=0,"",(D40*E40)) -> 560
A41: b) | B41: Fraxinus augustifolia Raywood - ukrasni jasen, (visina grananje od 2m), [H.1.2.] | C41: kom | D41: 12 | E41: 70 | F41: =IF((D41*E41)=0,"",(D41*E41)) -> 840
A42: c) | B42: Carpinus petulus Pyramidalis - grab piramidalni (visina grananje od 2,5-3m), [H.1.3.] | C42: kom | D42: 9 | E42: 70 | F42: =IF((D42*E42)=0,"",(D42*E42)) -> 630
A43: d) | B43: Gleditsia triacanthos "Sunburst", (visina grananja od 2m), [H.1.4.] | C43: kom | D43: 4 | E43: 70 | F43: =IF((D43*E43)=0,"",(D43*E43)) -> 280
A44: e) | B44: Prunus serrulata "Pink Perfection" - ukrasna trešnja, (visina grananja 2m), [H.1.5.] | C44: kom | D44: 2 | E44: 70 | F44: =IF((D44*E44)=0,"",(D44*E44)) -> 140
A45: f) | B45: Sorbus aucuparia - Jarebika, (visina grananja 2m), [H.1.5.] | C45: kom | D45: 2 | E45: 70 | F45: =IF((D45*E45)=0,"",(D45*E45)) -> 140
A47: 3.2. | B47: Iskop jama za sadnju i sadnja drveća. Stavka obuhvaća: - Iskop kružne jame za sadnju drveća i sadnja. Dimenzije jame su 100 x 100 x 100 cm, odnosno dimenzija jame prilagođena veličini korjenove grude-bale. - Rahljenje dna jame, zatrpavanje jame do polovice, bez nabijanja, gnojenje "Humovitom" ili kompostom (20 litara po jami), sadnju sadnice, zatrpavanje jame, učvšćivanje s tri kolca od bagrema ili kestena, formiranje zdjelice, vezivanje jutenom trakom te jednokratno zalijevanje. Obračun po komadu sadnice sa svim pripadajućim radovima. | F47: =IF((D47*E47)=0,"",(D47*E47))
A48: a) | B48: iskop jama za sadnju i sadnja drveća | C48: kom | D48: 37 | E48: 80 | F48: =IF((D48*E48)=0,"",(D48*E48)) -> 2960
A50: * | B50: SADNJA VOĆKI - JABUKA
B51: NAPOMENA
B52: Treba nabavljati kultivirane domaće sorte koje su dostupne u rasadnicima. U slučaju da navedene odabrane sorte nisu dostupne, mogu se nabaviti i druge domaće sorte.
A54: 3.3. | B54: Nabava i doprema sadnica jabuka do mjesta sadnje. Sav biljni materijal treba biti starosti 4-5 godina, s pravilnom provodnicom debla, kvalitetnog rasadničkog uzgoja. Sadnice moraju biti dopremljene na radilište sa zaštićenim korijenovim sistemom, balirane ili u kontejnerima te čitljive oznake (etikete) vrste sadnice. Obračun po komadu dobavljene sadnice.
A55: a) | B55: Božićnica (dozrijeva u listopadu), [H.2.1.] | C55: kom | D55: 1 | E55: 100 | F55: =IF((D55*E55)=0,"",(D55*E55)) -> 100
A56: b) | B56: Zlatna zimska parmenka (dozrijeva u rujnu), [H.2.2.] | C56: kom | D56: 2 | E56: 100 | F56: =IF((D56*E56)=0,"",(D56*E56)) -> 200
A57: c) | B57: Idared (dozrijeva u listopadu), [H.2.3.] | C57: kom | D57: 2 | E57: 100 | F57: =IF((D57*E57)=0,"",(D57*E57)) -> 200
A59: 3.4. | B59: Iskop jama za sadnju jabuka i sadnja. Stavka obuhvaća: - Iskop jama za sadnju jabuka. Dimenzija jame je 60 x 60 x 80 cm, odnosno dimenzija jame prilagođena veličini korjenove grude-bale. - Rahljenje dna jame, zatrpavanje jame do polovice, bez nabijanja, gnojenje "Humovitom" ili kompostom (20 litara po jami), sadnju sadnice, zatrpavanje jame, učvšćivanje s tri kolca od bagrema ili kestena, formiranje zdjelice, vezivanje jutenom trakom te jednokratno zalijevanje. Obračun po komadu sadnice sa svim pripadajućim radovima. | F59: =IF((D59*E59)=0,"",(D59*E59))
A60: a) | B60: iskop jama za sadnju jabuka i sadnja | C60: kom | D60: 5 | E60: 80 | F60: =IF((D60*E60)=0,"",(D60*E60)) -> 400
A62: * | B62: SADNJA GRMLJA
A64: 3.5. | B64: Nabava i doprema sadnica do mjesta sadnje. Sav biljni materijal treba biti starosti 3 godine, kvalitetnog rasadničkog uzgoja. Sadnice moraju biti dopremljene na radilište s razvijenim i zaštićenim korijenovim sistemom, balirane ili u kontejnerima te čitljive oznake (etikete) vrste sadnice. Obračun po komadu dobavljene sadnice.
A65: a) | B65: Deutzia gracilis | C65: kom | D65: 131 | E65: 25 | F65: =IF((D65*E65)=0,"",(D65*E65)) -> 3275
A67: 3.6. | B67: Iskop jama za sadnju i sadnja grmlja. Stavka obuhvaća: - Iskop jama za sadnju grmlja. Dimenzija jame 40 x 40 x 60 cm, odnosno dimenzija jame prilagođena veličini korjenove grude-bale. - Rahljenje dna jame, gnojenje "Humovitom" ili kompostom (10 litara po jami), sadnja sadnice, zatrpavanje jame, poravnjavanje površine s jednokratnim zalijevanjem. Razmak sadnje 70 cm (trokut sadnja). Obračun po komadu sadnice sa svim pripadajućim radovima. | F67: =IF((D67*E67)=0,"",(D67*E67))
A68: a) | B68: iskop jama za sadnju i sadnja grmlja | C68: kom | D68: 131 | E68: 30 | F68: =IF((D68*E68)=0,"",(D68*E68)) -> 3930
A70: * | B70: SADNJA ŽIVICE
A72: 3.7. | B72: Nabava i doprema sadnica do mjesta sadnje. Sav biljni materijal treba biti starosti 3 godine, kvalitetnog rasadničkog uzgoja. Sadnice moraju biti dopremljene na radilište s razvijenim i zaštićenim korijenovim sistemom, balirane ili u kontejnerima te čitljive oznake (etikete) vrste sadnice. Obračun po komadu dobavljene sadnice.
A73: a) | B73: Prunus laurocerasus - lovor višnja, [H.4.1] | C73: kom | D73: 65 | E73: 30 | F73: =IF((D73*E73)=0,"",(D73*E73)) -> 1950
A74: b) | B74: Ligustrum ovalifolium - kalina, [H.4.1] | C74: kom | D74: 495 | E74: 15 | F74: =IF((D74*E74)=0,"",(D74*E74)) -> 7425
A76: 3.8. | B76: Iskop jama za sadnju i sadnja grmlja. Stavka obuhvaća: - Iskop jama za sadnju grmlja. Dimenzija jame 40 x 40 x 60 cm, odnosno dimenzija jame prilagođena veličini korjenove grude-bale. - Rahljenje dna jame, gnojenje "Humovitom" ili kompostom (10 litara po jami), sadnja sadnice, zatrpavanje jame, poravnjavanje površine s jednokratnim zalijevanjem. Razmak sadnje za lovor višnju je 80 cm, a za kalinu je 60 cm. Obračun po komadu sadnice sa svim pripadajućim radovima. | F76: =IF((D76*E76)=0,"",(D76*E76))
A77: a) | B77: iskop jama za sadnju i sadnja grmlja | C77: kom | D77: 560 | E77: 5 | F77: =IF((D77*E77)=0,"",(D77*E77)) -> 2800
A79: * | B79: PODIZANJE TRAVNJAKA
A81: 3.9. | B81: Priprema terena za sijanje trave: Plitko prekopavanje površine tla dubine 5-8 cm dijelom ozelenjenih površina s čišćenjem i usitnjavanjem tla, gnojenjem te ukapanjem umjetnog gnojiva (5 dkg/m2). Umjetno gnojivo za gnojenje travnjaka. Fino planiranje s niveliranjem pripremljenog tla na zadanu niveletu. Također uključeno ježenje, valjanje te rošenje vodom. Obračun po m2. | F81: =IF((D81*E81)=0,"",(D81*E81))
A82: a) | B82: priprema terena za sijanje trave - travnjak, [H.6.1.] | C82: m2 | D82: 2759 | E82: 1.5 | F82: =IF((D82*E82)=0,"",(D82*E82)) -> 4138.5
A83: b) | B83: priprema terena za sijanje trave - HDPE travna rešetka, [H.8.1.] | C83: m2 | D83: 720 | E83: 2 | F83: =IF((D83*E83)=0,"",(D83*E83)) -> 1440
A84: c) | B84: priprema terena za sijanje trave - betonska travna rešetka (obračunato cca. 50% površine betonske travne rešetke), [H.9.1.] | C84: m2 | D84: 95 | E84: 5 | F84: =IF((D84*E84)=0,"",(D84*E84)) -> 475
A86: 3.10. | B86: Nabava i doprema travne smjese (4dkg/m2) za kontinentalne krajeve, za sjetvu na zelenim površinama čestice: Festuca rubra ssp. commutata "Koket", 20 % Festuca rubra trichophilla "Lorita", 20 % Lolium perenne "Lorette", 20 % Lolium perenne "Lorine", 10 % Poa pratensis saskia, 20 % Poa pratensis supra, 10 % Obračun po kg.
A87: a) | B87: nabava i doprema travne smjese | C87: kg | D87: 1430 | E87: 0.1 | F87: =IF((D87*E87)=0,"",(D87*E87)) -> 143
A89: 3.11. | B89: Sjetva travne smjese na zelenim površinama čestice. Obračun po m2 zasijane površine.
A90: a) | B90: sjetva travne smjese na zelenim površinama čestice | C90: m2 | D90: 3574 | E90: 2.5 | F90: =IF((D90*E90)=0,"",(D90*E90)) -> 8935
A92: 3. | B92: RADOVI S BILJNIM MATERIJALOM UKUPNO | F92: =SUM(F38:F91) -> 40961.5
A98: 2. | B98: REKAPITULACIJA:
A100: 1. | B100: PRIPREMNI RADOVI | F100: =F21 -> 3970
A102: 2. | B102: ZEMLJANI RADOVI | F102: =F32 -> 5518
A104: 3. | B104: RADOVI S BILJNIM MATERIJALOM | F104: =F92 -> 40961.5
A106: 2. | B106: KRAJOBRAZNO UREĐENJE - SVEUKUPNO | F106: =SUM(F100:F105) -> 50449.5

Sheet 3.ViO
A1: GRADIR d.o.o. Zagreb, Solinska 19, ured: Ilica 124/1, tel./faks.: +385(0)13760383, e-pošta: info@gradir.com, OIB: 02776388180
A2: stavka | B2: opis stavke | C2: jed.mj. | D2: količina | E2: jedinična cijena | F2: ukupna cijena
A3: 1 | B3: 2 | C3: 3 | D3: 4 | E3: 5 | F3: 4x5=6
A5: 3. | B5: VODOVOD I ODVODNJA
A8: 1. | B8: PRIPREMNI RADOVI
A10: 1.1. | B10: Detaljno iskolčenje trase temeljnog razvoda vodovoda, oborinske i fekalne odvodnje, označavanje pozicija revizijskih okana.
B11: Obračun po m1 iskolčene trase. | C11: m1 | D11: 615 | E11: 2 | F11: =IF((D11*E11)=0,"",(D11*E11)) -> 1230
A14: 1. | B14: PRIPREMNI RADOVI UKUPNO: | F14: =SUM(F10:F13) -> 1230
A17: 2. | B17: ZEMLJANI RADOVI
A19: 2.1. | B19: Strojni iskop (cca. 90%) rova za kanale širine prema detaljnom nacrtu, dubine prema kotama prikazanim u situaciji, uključivo pravilno odsjecanje bočnih strana i dna, odbacivanje iskopanog materijala na najmanje 1,0 metar od rubova iskopa. Komplet sa iskopom za cjevovode i kontrolna okna.
B20: Kategorija zemljišta odrediti će se prilikom iskopa, a predviđa se "B" kategorija. Obračun po m3 izvedenog iskopa u sraslom tlu. | C20: m3 | D20: 466 | E20: 20 | F20: =IF((D20*E20)=0,"",(D20*E20)) -> 9320
A22: 2.2. | B22: Strojni iskop (cca. 95%) građevinske jame za izvedbu sabirne jame V=103m3, dubine prema kotama na detalju, sa skošenjem stranica iskopa 1:2, odbacivanje iskopanog materijala na plohu dovoljno udaljenu od građevinske jame.
B23: Kategorija zemljišta odrediti će se prilikom iskopa, a predviđa se "B" kategorija. Obračun po m3 izvedenog iskopa u sraslom tlu. | C23: m3 | D23: 403 | E23: 20 | F23: =IF((D23*E23)=0,"",(D23*E23)) -> 8060
A25: 2.3. | B25: Strojni iskop (cca. 95%) građevinske jame za izvedbu vodomjernog okna, dimenzija prema kotama na detalju, sa skošenjem stranica iskopa 1:2, odbacivanje iskopanog materijala na plohu dovoljno udaljenu od građevinske jame.
B26: Kategorija zemljišta odrediti će se prilikom iskopa, a predviđa se "B" kategorija. Obračun po m3 izvedenog iskopa u sraslom tlu. | C26: m3 | D26: 59 | E26: 20 | F26: =IF((D26*E26)=0,"",(D26*E26)) -> 1180
A28: 2.4. | B28: Ručni iskop rova za kanal na mjestima gdje strojni iskop nije moguć (cca 10%), a prema odobrenju nadzornog inženjera. Obračun po m3. | C28: m3 | D28: 75 | E28: 50 | F28: =IF((D28*E28)=0,"",(D28*E28)) -> 3750
A30: 2.5. | B30: Ručni iskop jame sabirne jame i vodomjernog okna na mjestima gdje strojni iskop nije moguć (cca. 5%), a prema odobrenju nadzornog inženjera. Obračun po m3. | C30: m3 | D30: 24 | E30: 50 | F30: =IF((D30*E30)=0,"",(D30*E30)) -> 1200
A32: 2.6. | B32: Planiranje dna rova kanala s točnošću ±1cm . Obračun po m2. | C32: m2 | D32: 509 | E32: 1 | F32: =IF((D32*E32)=0,"",(D32*E32)) -> 509
A34: 2.7. | B34: Izrada pješčane posteljice granulacije 4-8 mm za vodovodne cijevi i cjevovod odvodnje, visina posteljice 10 cm.
B35: Stavka uključuje nabavu i dopremu pijeska granulacije 4-8 mm, te sav potreban rad za izvedbu posteljice. Obračun po m3. | C35: m3 | D35: 57 | E35: 45 | F35: =IF((D35*E35)=0,"",(D35*E35)) -> 2565
A37: 2.8. | B37: Zatrpavanje rova nakon izvedbe kanala i revizijskih okana i provedenog ispitivanja vodonepropusnosti. Rov zatrpavati pijeskom granulacije 8-16 mm do visine 30 cm od tjemena cijevi uz ručno nabijanje.
B38: Stavka uključuje nabavu i dopremu pijeska granulacije 8-16 mm, te sav potreban rad. Obračun po m3. | C38: m3 | D38: 188 | E38: 45 | F38: =IF((D38*E38)=0,"",(D38*E38)) -> 8460
A40: 2.9. | B40: Zatrpavanje preostale visine rova materijalom iz iskopa uz strojno nabijanje u slojevima od 30cm. Obračun po m3. | C40: m3 | D40: 256 | E40: 15 | F40: =IF((D40*E40)=0,"",(D40*E40)) -> 3840
A42: 2.10. | B42: Zatrpavanje zemlje materijalom iz iskopa oko izvedene sabirne jame uz strojno nabijanje u slojevima od 30 cm. Obračun po m3. | C42: m3 | D42: 219 | E42: 20 | F42: =IF((D42*E42)=0,"",(D42*E42)) -> 4380
A44: 2.11. | B44: Zatrpavanje zemlje materijalom iz iskopa oko izvedene vodomjernog okna uz strojno nabijanje u slojevima od 30 cm. Obračun po m3. | C44: m3 | D44: 42 | E44: 20 | F44: =IF((D44*E44)=0,"",(D44*E44)) -> 840
A46: 2.12. | B46: Odvoz suvišnog i neupotrebljivog materijala iz iskopa. Stavka obuhvaća utovar, prijevoz do 15 km, istovar i zbrinjavanje na propisanom gradskom deponiju. Obračun po m3. | C46: m3 | D46: 486 | E46: 15 | F46: =IF((D46*E46)=0,"",(D46*E46)) -> 7290
A48: 2. | B48: ZEMLJANI RADOVI UKUPNO: | F48: =SUM(F19:F47) -> 51394
A51: 3. | B51: TESARSKI RADOVI
A53: 3.1. | B53: Razupiranje bočnih strana rova. U stavku je uračunata dobava, doprema i ugradnja čelične oplate te demontaža. Razupiranje izvesti prema propisima zaštite na radu, tako da se osigura i omogući siguran rad u rovu i van rova.
B54: Predviđeno je 50% - tno razupiranje.
B55: Stvarnu količinu razupiranja odrediti će nadzorni inženjer prema stvarnim prilikama na terenu. Obračun po m2. | C55: m2 | D55: 619 | E55: 1 | F55: =IF((D55*E55)=0,"",(D55*E55)) -> 619
A57: 3. | B57: TESARSKI RADOVI UKUPNO: | F57: =SUM(F53:F56) -> 619
A60: 4. | B60: BETONSKI I ARMIRANO BETONSKI RADOVI
A62: 4.1. | B62: Izrada armirano-betonske sabirne jame V=103 m3, svijetlih tlocrtnih dimenzija 825 x 500 cm i dubine 250 cm, betonom klase C25/30 s dodatkom aditiva za vodonepropusnost i otpornost prema agresivnim vodama.
B63: Stavka uključuje nabavu i dopremu sveg potrebnog materijala, pripremu, dovoz i ugradnju betonske smjese, zbijanje pervibratorima, zaštitu betona poslije ugradnje od utjecaja atmosfere, te održavanje betona vlažnim za vrijeme procesa vezivanja.
B64: Unutarnje površine zidova i dna sabirne jame ožbukati cementnim mortom omjera smjese 1:2, upotrebom čistog prosijanog pijeska bez organskih primjesa s dodatkom sredstva za postizanje vodonepropusnosti prema odredbi nadzornog inženjera, uključivo nabavu i dopremu sveg potrebnog materijala, čišćenje i močenje zidova i dna , popunjavanje rupa eventualno zaostalih nakon betoniranja, izradu morta, donos na mjesto žbukanja, dodavanje i nabacivanje te zaglađivanje uz posipanje cementom, ali ne do crnog sjaja.
B65: U jamu se ugrađuju penjalice od rebrastog željeza na međusobnom razmaku od 30 cm. Stavka uključuje nabavu, dopremu bušenje rupa za ugrađivanje, potrebni cementni mort omjera smjese 1:2, pripremu i donos morta, učvršćivanje penjalica te nabavu i dopremu sveg potrebnog materijala.
B66: Na ulazu se ugrađuje ljevano željezni poklopac veličine 60x60 cm, nosivosti 25 t. Stavka uključuje nabavu, dopremu, ugradnju poklopaca uključivo podložni sloj cementnog morta omjera smjese 1:2, pripremu i dopremu morta.
B67: Okno je predviđeno armirati armaturom B 500 B, prema statičkom proračunu i planu armature.
B68: Armatura: RA: 2487 kg; MA: 4324 kg. Oplata: 250 m2 Beton: 51,2 m3
B69: Stavka uključuje nabavu, dopremu i ugradnju armature, te nabavu, dopremu montažu i demontažu oplate kao i sve potrebne radnje. Stavka uključuje iskop, zatrpavanje i odvoz.
B70: Obračun po komadu. Sabirna jama. | C70: kom | D70: 1 | E70: 20000 | F70: =IF((D70*E70)=0,"",(D70*E70)) -> 20000
A72: 4.2. | B72: Izrada vodomjernog okna svijetlih tlocrtnih dimenzija 350 x 150 / 20 cm te minimalne svjetle visine 180 cm, betonom klase C25/30 s dodatkom sredstva za postizanje vodonepropusnosti.
B73: Na dnu okna potrebno je betonom klase C12/15 izraditi beton u padu od 1% prema otvoru.
B74: Stavka uključuje nabavu i dopremu i ugradnju sveg potrebnog materijala, pripremu, dovoz i ugradnju betonske smjese, zbijanje pervibratorima, zaštitu betona poslije ugradnje od utjecaja atmosfere, te održavanje betona vlažnim za vrijeme procesa vezivanja.
B75: Unutarnje površine zidova i dna okna ožbukati cementnim mortom omjera smjese 1:2, upotrebom čistog prosijanog pijeska bez organskih primjesa s dodatkom sredstva za postizanje vodonepropusnosti prema odredbi nadzornog inženjera, uključivo nabavu i dopremu sveg potrebnog materijala, čišćenje i močenje zidova i dna, popunjavanje rupa eventualno zaostalih nakon betoniranja, izradu morta, donos na mjesto žbukanja, dodavanje i nabacivanje te zaglađivanje uz posipanje cementom, ali ne do crnog sjaja.
B76: U okno se ugrađuju čelične penjalice na međusobnom razmaku od 30 cm. Stavka uključuje nabavu, dopremu bušenje rupa za ugrađivanje, potrebni cementni mort omjera smjese 1:2, pripremu i donos morta, učvršćivanje stupaljki te nabavu i dopremu sveg potrebnog materijala.
B77: Na ulazu okna se ugrađuje ljevano željezni poklopac veličine 60x60 cm, nosivosti 25 t. Stavka uključuje nabavu, dopremu, ugradnju poklopaca uključivo podložni sloj cementnog morta omjera smjese 1:2, pripremu i dopremu morta.
B78: Okno je predviđeno obostrano armirati s mrežama B500B, Q335.
B79: Predviđena količina armature je cca 110 kg/m3 ugrađenog betona.
B80: Stavka uključuje nabavu, dopremu i ugradnju armature, te nabavu, dopremu montažu i demontažu oplate kao i sve potrebne radnje. Stavka uključuje iskop, zatrpavanje i odvoz.
B81: Obračun po komadu. Vodomjerno okno. | C81: kom | D81: 1 | E81: 10000 | F81: =IF((D81*E81)=0,"",(D81*E81)) -> 10000
A83: 4.3. | B83: Izrada armirano-betonskog revizijskog okna, betonom klase C25/30 s dodatkom aditiva za vodonepropusnost i otpornost prema agresivnim vodama.
B84: Na dnu revizijskog okna potrebno je betonom klase C16/20 izraditi kinetu u skladu s veličinom i profilom kanala priključenim na revizijsko okno.
B85: Stavka uključuje nabavu i dopremu sveg potrebnog materijala, pripremu, dovoz i ugradnju betonske smjese, zbijanje pervibratorima, zaštitu betona, te održavanje betona vlažnim za vrijeme procesa vezivanja.
B86: Unutarnje površine zidova i dna revizijskog okna ožbukati cementnim mortom omjera smjese 1:2, upotrebom čistog prosijanog pijeska bez organskih primjesa s dodatkom sredstva za postizanje vodonepropusnosti prema odredbi nadzornog inženjera, uključivo nabavu i dopremu sveg potrebnog materijala, čišćenje i močenje zidova i dna, popunjavanje rupa eventualno zaostalih nakon betoniranja, izradu morta, donos na mjesto žbukanja, dodavanje i nabacivanje te zaglađivanje uz posipanje cementom, ali ne do crnog sjaja.
B87: U okno se ugrađuju penjalice od rebrastog željeza na međusobnom razmaku od 30 cm. Stavka uključuje nabavu, dopremu bušenje rupa za ugrađivanje, potrebni cementni mort omjera smjese 1:2, pripremu i donos morta, učvršćivanje penjalica te nabavu i dopremu sveg potrebnog materijala.
B88: Na ulazu okna se ugrađuje ljevano željezni poklopac veličine 60x60 cm, nosivosti 25 t. Stavka uključuje nabavu, dopremu, ugradnju poklopaca uključivo podložni sloj cementnog morta omjera smjese 1:2, pripremu i dopremu morta.
B89: Okno je predviđeno obostrano armirati s mrežama B500B, Q335.
B90: Predviđena količina armature je cca 110 kg/m3 ugrađenog betona.
B91: Stavka uključuje nabavu, dopremu i ugradnju armature, te nabavu, dopremu montažu i demontažu oplate kao i sve potrebne radnje. Stavka uključuje iskop, zatrpavanje i odvoz.
B92: Obračun po komadu.
B93: Revizijsko okno, vel. 100x60/20 cm i srednje dubine cca. 105 cm. | C93: kom | D93: 20 | E93: 800 | F93: =IF((D93*E93)=0,"",(D93*E93)) -> 16000
A95: 4.3. | B95: Betoniranje podložne AB ploče za postavljanje separatora masti, dimenzija 200×125cm i debljine 20cm, betonom klase C25/30. Stavka uključuje nabavu i dopremu i ugradnju sveg potrebnog materijala, pripremu, dovoz i ugradnju betonske smjese, zbijanje pervibratorima, zaštitu betona poslije ugradnje od utjecaja atmosfere, te održavanje betona vlažnim za vrijeme procesa vezivanja.
B96: Betonsku ploču je predviđeno obostarno armirati s mrežama B 500 B, Q335. Predviđena količina armature je cca. 100 kg/m³ ugrađenog betona. Stavka uključuje nabavu, dopremu i ugradnju armature, te nabavu, dopremu montažu i demontažu oplate kao i sve potrebne radnje.
B97: Obračun po m3 ugrađenog betona, kg ugrađene armature.
A98: a) | B98: beton | C98: m3 | D98: 0.5 | E98: 500 | F98: =IF((D98*E98)=0,"",(D98*E98)) -> 250
A99: b) | B99: armatura | C99: kg | D99: 50 | E99: 3 | F99: =IF((D99*E99)=0,"",(D99*E99)) -> 150
A101: 4. | B101: BETONSKI I ARMIRANO BETONSKI RADOVI UKUPNO: | F101: =SUM(F62:F100) -> 46400
A104: 5. | B104: VANJSKA INSTALACIJA OBORINSKE ODVODNJE
A106: 5.1. | B106: Izrada priključka na postojeću betonsku cijev sustava oborinske odvodnje. U stavku uračunati sve potrebne radove na izradi priključka.
B107: Obračun po kompletu. | C107: kpl | D107: 1 | E107: 500 | F107: =IF((D107*E107)=0,"",(D107*E107)) -> 500
A109: 5.2. | B109: Izrada priključka postojeće cijevi drenaže dvorane osnovne škole na novi sustav oborinske odvodnje. betonsku cijev sustava oborinske odvodnje. U stavku uračunati sve potrebne radove na izradi priključka. Obračun po kompletu.
B110: Obračun po kompletu. | C110: kpl | D110: 1 | E110: 500 | F110: =IF((D110*E110)=0,"",(D110*E110)) -> 500
A112: 5.3. | B112: Nabava, doprema i ugradnja PVC cijevi SN-4 za temeljni razvod HRN EN 1401-1 ili jednakovrijedno ___________________, uključujući i brtveni materijal. Obračun se vrši po m1 montirane cijevi.
A113: a) | B113: UKC d110 | C113: m1 | D113: 4 | E113: 20 | F113: =IF((D113*E113)=0,"",(D113*E113)) -> 80
A114: b) | B114: UKC d160 | C114: m1 | D114: 116 | E114: 28 | F114: =IF((D114*E114)=0,"",(D114*E114)) -> 3248
A115: c) | B115: UKC d200 | C115: m1 | D115: 11 | E115: 45 | F115: =IF((D115*E115)=0,"",(D115*E115)) -> 495
A116: d) | B116: UKC d250 | C116: m1 | D116: 225 | E116: 55 | F116: =IF((D116*E116)=0,"",(D116*E116)) -> 12375
A118: 5.4. | B118: Nabava, doprema i ugradnja PVC fazonskih komada SN-4 za uličnu kanalizaciju prema HRN EN 1401-1 ili jednakovrijedno ___________________, uključujući i brtveni materijal. Obračun po komadu.
A119: a) | B119: redukcija d110/160 | C119: kom | D119: 1 | E119: 15 | F119: =IF((D119*E119)=0,"",(D119*E119)) -> 15
A120: b) | B120: koljeno 45⁰ d160 | C120: kom | D120: 8 | E120: 16 | F120: =IF((D120*E120)=0,"",(D120*E120)) -> 128
A121: c) | B121: račva 45⁰ d160/160 | C121: kom | D121: 3 | E121: 25 | F121: =IF((D121*E121)=0,"",(D121*E121)) -> 75
A122: d) | B122: račva 45⁰ d250/160 | C122: kom | D122: 8 | E122: 80 | F122: =IF((D122*E122)=0,"",(D122*E122)) -> 640
A124: 5.5. | B124: Izrada priključaka na revizijska okna. U stavku uračunati nabavu, dopremu i ugradnju ugradbenih komada (RDS ili KGF) sa gumenom brtvom za PVC kanalizacijske cijevi prema HRN EN 1401-1 ili jednakovrijedno ___________________. Obračun po komadu.
A125: a) | B125: d160/L=240 mm | C125: kom | D125: 11 | E125: 65 | F125: =IF((D125*E125)=0,"",(D125*E125)) -> 715
A126: b) | B126: d200/L=240 mm | C126: kom | D126: 1 | E126: 68 | F126: =IF((D126*E126)=0,"",(D126*E126)) -> 68
A127: c) | B127: d250/L=240 mm | C127: kom | D127: 24 | E127: 80 | F127: =IF((D127*E127)=0,"",(D127*E127)) -> 1920
A129: 5.6. | B129: Dobava i montaža kanala za linijsku odvodnju oborinskih voda V 150, klase opterećenja C250. Kanal je izrađen iz vodonepropusnog polimerbetona P građevinske visine 210 - 310 mm. Svjetla širina kanala je 150 mm, građevinska širina 185 mm, građevinska dužina 100 cm. Rubovi kanala ojačani su kutnikom od pocinčanog čelika debljine 4 mm koji služi kao dosjed za polaganje pokrovne rešetke. Kanal se izvodi polaganjem na betonsku podlogu marke C25/30 debljine sloja 15 cm,a kanal je potrebno bočno založiti betonom. Gornji rub rešetke se izvodi u razini 2-5 mm ispod kote gotove završne okolne površine .Sve sa priborom za montažu do potpune funkcionalnosti. Tipska pokrovna rešetka klase opterećenja C250 - model prema izboru investitora Obračun po m1.
A130: a) | B130: linijska rešetka L=1400 cm | C130: m1 | D130: 14 | E130: 250 | F130: =IF((D130*E130)=0,"",(D130*E130)) -> 3500
A131: b) | B131: linijska rešetka L=1050 cm | C131: m1 | D131: 10.5 | E131: 280 | F131: =IF((D131*E131)=0,"",(D131*E131)) -> 2940
A133: 5.7. | B133: Ispitivanje vanjske instalacije oborinske odvodnje na protočnost i vodonepropusnost sa izdavanjem atesta. Obračun po m1. | C133: m1 | D133: 380.5 | E133: 2 | F133: =IF((D133*E133)=0,"",(D133*E133)) -> 761
A135: 5. | B135: VANJSKA INSTALACIJA OBORINSKE ODVODNJE UKUPNO: | F135: =SUM(F106:F134) -> 27960
A138: 6. | B138: VANJSKA INSTALACIJA FEKALNE ODVODNJE
A140: 6.1. | B140: Nabava, doprema i ugradnja PVC cijevi SN-4 za temeljni razvod HRN EN 1401-1 ili jednakovrijedno ___________________, uključujući i brtveni materijal. Obračun se vrši po m1 montirane cijevi.
A141: a) | B141: UKC d110 | C141: m1 | D141: 7 | E141: 20 | F141: =IF((D141*E141)=0,"",(D141*E141)) -> 140
A142: b) | B142: UKC d160 | C142: m1 | D142: 104 | E142: 28 | F142: =IF((D142*E142)=0,"",(D142*E142)) -> 2912
A143: c) | B143: UKC d200 | C143: m1 | D143: 127 | E143: 40 | F143: =IF((D143*E143)=0,"",(D143*E143)) -> 5080
A145: 6.2. | B145: Nabava, doprema i ugradnja PVC fazonskih komada SN-4 za uličnu kanalizaciju prema HRN EN 1401-1 ili jednakovrijedno ___________________, uključujući i brtveni materijal. Obračun po komadu.
A146: a) | B146: redukcija d110/160 | C146: kom | D146: 1 | E146: 15 | F146: =IF((D146*E146)=0,"",(D146*E146)) -> 15
...

Sheet 4.Strojarstvo
A1: GRADIR d.o.o. Zagreb, Solinska 19, ured: Ilica 124/1, tel./faks.: +385(0)13760383, e-pošta: info@gradir.com, OIB: 02776388180
A2: stavka | B2: opis stavke | C2: jed.mj. | D2: količina | E2: jedinična cijena | F2: ukupna cijena
A3: 1 | B3: 2 | C3: 3 | D3: 4 | E3: 5 | F3: 4x5=6
A5: 4. | B5: STROJARSKE INSTALACIJE
B8: Napomena: sve stavke uključuju dobavu na mjesto ugradnje, montažu i puštanje u pogon do pune funkcionalnosti. Sve stavke se mogu zamijeniti jednakovrijednim proizvodima samo uz odobrenje projektanta i garanciju funkcionalnosti, te zadovoljavanja svih projektnih parametara.
B10: Sve građevinske prodore u podovima, stropovima i zidovima za instalacije treba obuhvatiti građevinskim radovima, dok prodori za prolaze cjevovoda (osim kroz armirano-betonske konstrukcije), kao i ugradnja proturnih cijevi u istim, obuhvaćeni su ovom specifikacijom.
B12: Potvrdu narudžbe prije definitivne isporuke specificirane opreme izvođač radova obvezatno je dužan ovjeriti kod projektanta. Izmjena pojedinih dijelova predviđene opreme "zamjenskim dijelovima" bez prethodne pismene suglasnosti projektanta isključuje odgovornost projektanta za predviđenu funkcionalnost postrojenja.
B14: Svi ponuđači dužni su kompletan opseg vlastite isporuke uskladiti s traženom kompletnom funkcijom, respektirajući pri tom sve predviđene i tražene parametre, uz čvrste pisano potvrđene garancije. Sva eventualno potrebna razrađivanja, usklađenja i slično, u opsegu su dotične isporuke, a sve pripadne troškove snosi ponuđač.
A16: 1. | B16: ENERGETSKO POSTROJENJE
A18: 1.1. | B18: Inverterska reverzibilna dizalica toplina sa stapnim kompresorima.
B19: Koristi prirodni radnim medij R290 (propan) s iznimno niskim GWP=3 i smanjenim utjecajem na okoliš. Uređaji mogu proizvoditi toplu vodu do 63 ° C i raditi s vanjskom temperaturom do -20 ° C.
B20: Struktura jedinice izrađena je od pocinčanog lima presvučenog poliesterskim prahom RAL 5017/7035 na 180 ° C, što je čini visoko otpornom na vremenske uvjete. Konstrukcija je nosivi okvir s uklonjivim oplatama obloženim prostirkom od poliuretana koja apsorbira zvuk. Svi vijci su od nehrđajućeg čelika.
B21: Kompresori su polu-hermetički klipni s dva kruga, frekventnim pretvaračem za svaki kompresor koji modulira radnu frekvenciju prema zahtjevu opterećenja. Inverterski kompresori promjenjive brzine povećavaju sezonsku učinkovitost i postižu stabilnu termodinamičku regulaciju u svim uvjetima opterećenja.
B22: Optimizirani su za upotrebu s propanom. Svi kompresori opremljeni su grijačem kućišta radilice, usisnim i dovodnim servisnim ventilima. Kompresori imaju ATEX certifikat.
B23: Brzina modulirajućeg kompresora varira, ovisno o ukupnom toplinskom opterećenju između 30 i 105 o / min. 30Hz i 65Hz.
B24: Zrakom hlađeni i grijani toplinski izmjenjivač uređaja napravljen je od bakrenih cijevi te aluminijskih mikro kanala koji povećavaju površinu izmjene zraka. Izmjenivač je optimiziran za rad uređaja u grijanju te ima povećanu širinu i nagib lamela kako bi se smanjilo stvaranje leda i olakšao odljev kondenzirane vode tijekom odmrzavanja. Bakrene cijevi su povećane debljine kako bi se osigurala veća pouzdanost i trajnost tijekom radnog vijeka.
B25: Na dnu zrakom hlađenog i grijanog izmjenivača se nalazi posuda za sakupljanje kondenzata koja olakšava odvod kondenzata tijekom odmrzavanja. Uređaj je standardno opremljen grijaćim kabelom montiranim na dno posude za kondenzat kako bi se spriječilo stvaranje leda.
B26: Za jedinice opremljene EC ventilatorima (opcija) ista se funkcija izvodi pomoću elektronički komutiranog motora ventilatora.
B27: Vodeni izmjenjivač je također opremljen termostatom grijačem protiv smrzavanja koji ga štiti od stvaranja leda kada uređaj ne radi. Rad uređaja optimiziran je u načinu grijanja, gdje se voda i tekućine rashladnog sredstva izmjenjuju u protustruji unutar pločastog izmjenjivača topline.
B28: Svaki krug rashladnog sredstva osnovne jedinice sadrži: elektromagnetni ventil na dovodu tekuće faze, 4-smjerni prekretni ventil, servisni ventili prije i nakon kompresora, reciever tekuće faze radnog medija, priključci za punjenje radnog medija, kontrolno staklo, filter za isušivanje, elektronski ekspanzijski ventil, prekidači visokog i niskog tlaka te separator usisne tekućine.
B29: Rashladni krug zatvoren je u odjeljak koji sadrži ATEX-certificirani osjetnik propuštanja i ventilacijski ventilator s ATEX-ovim certifikatom. Hidraulični modul, ako je prisutan, također je zatvoren u odjeljak koji sadrži ATEX certificirani osjetnik propuštanja i ATEX certificirani ventilator za usisavanje.
B30: Električna upravljačka ploča izrađena je u obojenoj pocinčanoj kutiji od lima sa prisilnom ventilacijom i zaštitom IP54. Električna ploča izrađena je prema standardu EN60204-1. Električna ploča odvojena je od odjeljka kompresora.
... B85: - maksimalne dimenzije uređaja
B86: - navedena dodatna oprema uređaja s karakteristikama | C86: kom | D86: 1 | E86: 70000 | F86: =D86*E86 -> 70000
A88: 1.2. | B88: Podkonstrukcija za smještaj modula dizalice topline. Stavka uključuje betonske blokete, čeličnu podkonstrukciju i antivibracijske nosače. | C88: kpl | D88: 1 | E88: 500 | F88: =D88*E88 -> 500
A90: 1.3. | B90: Gumeni prirubnički kompenzator za ublažavanje vibracija, te aksijalnih i lateralnih dilatacija, PN 10, uključivo protuprirubnice, brtve i vijci slijedeće dimenzije:
B91: DN 80 | C91: kom | D91: 2 | E91: 59 | F91: =D91*E91 -> 118
A93: 1.4. | B93: Probni rad instalacije (topla proba) dizalice topline od strane ovlaštenih servisera na području RH te puštanje u redovan pogon do potpune funkcionalnosti postrojenja, uključivo mjerenje projektiranih parametara. | C93: kpl | D93: 1 | E93: 200 | F93: =D93*E93 -> 200
A95: 1.5. | B95: Vanjska jedinica u izvedbi dizalice topline zrak/zrak, odnosno zrak/voda u ovisnosti o tipu priključenih unutarnjih jedinica. Kod jedinica iz više modula osiguran je parcijalni defrost, a samim time i kontinuirano grijanje za vrijeme defrosta.
B96: Simultana i automatska promjena temperature isparavanja radnog medija prema temperaturi okoliša omogućuje dodatne uštede energije i veći komfor zbog viših temperatura istrujanog zraka. Jedinica je opremljena sa pločastim izmjenjivačem topline [intercooler] koji omogućuje značajno poboljšanje efikasnosti kako u hlađenju tako i u grijanju. Uređaj je opremljen s "pump out/down" funkcijom koja omogućuje jednostavno servisiranje pojedinih dijelova sustava. Uređaji su EUROVENT certificirani.
B97: Maksimalno dozvoljena udaljenosti: ukupno cijevni razvod do 1000 metara; najudaljenija dionica cjevovoda je 220 m; visinska razlika između vanjske i unutarnje jedinice iznosi 110 m, visinska razlika između pojedinih unutarnjih jedinica iznosi 50 m.
B98: Konstrukcija: Jedinice su modularne izvedbe sa osnovnim nosivim okvirom i galvaniziranim čeličnim panelima sa odgovarajućom zaštitom za vanjsku i unutarnju ugradnju. Do veličine 26HP jedinice mogu biti u izvedbi 1 modula, dok su veće sastavljene od dva, ili tri modula. Jedinica se standardno isporučuje sa zaštitnom mrežom izmjenjivača. Ventilatori su niskošumne izvedbe s DC kontinuiranom regulacijom brzine vrtnje. Raspoloživi eksterni statički tlak ventilatora je 110 Pa. Svi kompresori u uređaju su inverterski, zvučno izolirani SSC-tip hermetički scroll izvedbe s radnim područjem 15-150 Hz.
B99: Za vanjsku jedinicu potrebno je izraditi postolje minimalne visine 30cm od kote ravnog terena.
B100: Jedinica je sastavljena iz jednog modula sljedećih tehničkih karakteristika:
B101: Tehničke karakteristike:
B102: Qh ukupno = 22,4 kW
B103: Priključna snaga:
B104: N ukupno = 5,6 kW / 380 - 415 V - 50 Hz
B105: EER: 4 (100% opterećenja)
B106: Tv = 35°C ST
B107: Tp = 27°C ST, 46%RH
... B122: d x š = 930 x 765 mm; h = 1695 mm
B123: Masa ukupno: 175 kg | C123: kom | D123: 1 | E123: 12000 | F123: =D123*E123 -> 12000
A125: 1.6. | B125: Unutarnja jedinica sustava za pripremu ogrjevne vode do 80 °C i pripremu potrošne tople vode (opcija). Uređaj se nalazi u unutrašnjosti kompaktnog kućišta i koristi kaskadni sustav za grijanje vode na visoku temperaturnu razinu.
B126: Uređaj uključuje dodatni rashladni krug s radnom tvari R134a: pločasti izmjenjivač topline dviju radnih tvari R410A (vanjska jedinica) i R134a; dodatni scroll kompresor, elektronski ekspanzijski ventil, akumulator radne tvari, zaštitne komponente i shrader ventile za servisiranje sekundarnog kruga . Sustav je prednapunjen s radnom tvari R134a.
B127: DI: On/off, G/H, Smart grid, Solar interlock
B128: DO: 2 x troputni ventil, 1 x dvoputni ventil, signal greške, status rada
B129: slijedećih teh. karakteristika:
B130: Temperaturni uvjeti:
B131: Tok=-12,9°C, Tpol=75°C, ΔT=10°C
B132: Raspoloživi kapacitet grijanja:
B133: Qg = 25,0 kW
B134: Pi = 5 kW / 3~ ; 380 V
B135: Dimenzije:518x330mm ; h=1210 mm,
B136: Masa: 103.5 kg
B137: medij: R-410A i R134a
... B139: Priključak R410A: tekuća faza: 9,52 mm
B140: Priključak R410A: plinovita faza: 15,9 mm | C140: kom | D140: 1 | E140: 4000 | F140: =D140*E140 -> 4000
A142: 1.7. | B142: Multifunkcionalni MWR žičani elektronski prostorni regulator sa LCD displejom, pozadinskim osvjetljenjem i tjednim programskim satom za upravljanje i kontrolu do 16 unutarnjih DVM S jedinica.
B143: Kontrola pristupa s mogućnošću ograničavanja pristupa korisnika.
B144: Funkcije: on/off, režim rada, set point, brzina ventilatora, postavke ESP, signalizacija greške, signalizacija zaprljanosti filtera. | C144: kom | D144: 1 | E144: 300 | F144: =D144*E144 -> 300
A146: 1.8. | B146: Podkonstrukcija za smještaj modula dizalice topline. Stavka uključuje betonske blokete, čeličnu podkonstrukciju i antivibracijske nosače. | C146: kpl | D146: 1 | E146: 500 | F146: =D146*E146 -> 500
A148: 1.9. | B148: Puštanje u pogon VRF sustava uključivo provjeru nepropusnosti freonske instalacije, vakumiranje i dopunjavanje rashladnog sredstva od strane ovlaštenog servisa uz izdavanje potrebnih uputa za korištenje, atesta i garancija. Puštanje u pogon ne sadrži spajanje cijevi i struje kao niti radnu tvar. | C148: kpl | D148: 1 | E148: 600 | F148: =D148*E148 -> 600
A150: 1.10. | B150: Dopuna radne tvari
B151: Radni medij R410A | C151: kg | D151: 5 | E151: 150 | F151: =D151*E151 -> 750
A153: 1.11. | B153: Toplovodni električni kotao
B154: Proizvod je opremljen izmjenjivačem topline, ekspanzijskom podsudom, sigurnosnim ventilom, cirkulacijskom crpkom, automatskim odzračnim ventilom
B155: Mogućnost upravljanja putem modbus RTU ili BACnet IP komunikacijskog protokola
B156: Tehnički podaci:
B157: Nazivna toplinska snaga: 24 kW (3x400V)
B158: Razina zvučne snage: 39 dB
B159: El. Zaštita: IP40
B160: Max.temp. sustava vode: 85°C
B161: Max.radni tlak: 3 bar
B162: DxŠxV: 273x416x712 | C162: kom | D162: 2 | E162: 2000 | F162: =D162*E162 -> 4000
A164: 1.12. | B164: Direktno zagrijavani inercijski spremnik zagrijane ili hlađene vode volumena V=200 litara, izrađen od visokokvalitetnog čelika S235JR ili jednakovrijedno. Toplinska izolacija od ekološki prihvaljtivog materijala bez freona, debljine 100 mm, maksimalni radni tlak 10 bar, maksimalna radna tremperatura 95°C, maksimalna visina spremnika 1700 mm , promjer spremnika 760 mm ( uključivo izolacija). Spremnik je u izvedbi s funkcijom hidrauličke skretnice s 4 priključka. Razrada prema parametrima iz projektne dokumentacije. | C164: kom | D164: 1 | E164: 800 | F164: =D164*E164 -> 800
A166: 1.13. | B166: Direktno zagrijavani inercijski spremnik zagrijane ili hlađene vode volumena V=200 litara, izrađen od visokokvalitetnog čelika S235JR ili jednakovrijedno. Toplinska izolacija od ekološki prihvaljtivog materijala bez freona, debljine 100 mm, maksimalni radni tlak 10 bar, maksimalna radna tremperatura 95°C, maksimalna visina spremnika 1700 mm , promjer spremnika 760 mm ( uključivo izolacija). Spremnik je u izvedbi s 2 priključka na nasuprotnim stranama. Razrada prema parametrima iz projektne dokumentacije. | C166: kom | D166: 1 | E166: 800 | F166: =D166*E166 -> 800
A168: 1.14. | B168: Visokokvalitetni izolirani bivalentni spremnik PTV-a . Izvedba s velikom površinom cijevnog izmjenjivača prikladno za korištenje s dizalicama topline. Kompleksna zaštita od korozije izvedena pomoću titanskog emajla i zaštite anoda. U kompletu sa svim brtvenim, montažnim i spojevim materijalom do puštanja u pogon. Revizijski otvor u donjoj zoni spremnika.
B169: Spremnik:
B170: Volumen: 2000 l
B171: Dimenzije: Ø1350, h=2310 mm
B172: Radni tlak / maksimalna temperatura vode: 10 bar / 95°C
B173: Površina donjeg cijevnog izmjenjivača: 4,1m²
B174: Površina gornjeg cijevnog izmjenjivača: 3m²
B175: Masa: 750 kg
B176: Priključak PTV-a ulaz/izlaz: 2x G1½"
B177: Priključak recirkulacije: G1"
B178: Priključak električnog grijača: G1½"
B179: Priključci za osjetnik: G½"
B180: Mogućnost ugradnje elektro grijača snage 3kW; 4,5kW; 6kW; 7,5kW.
... B189: Radni tlak / maksimalna temperatura: 16 bar / 110°C
B190: Priključak donjeg cijevnog izmjenjivača ul / iz: G1" | C190: kom | D190: 1 | E190: 3000 | F190: =D190*E190 -> 3000
A192: 1.15. | B192: Električni grijač za spremnik PTV-a
B193: Električni grijač snage 7,5kW (trofazni priključak)
B194: Sastoji se od jednog ili više grijača s termostatom.
B195: Mogućnost podešavanja željene temperature u rasponu od 30 do 80°C.
B196: Granična temperatura podešena na 95°C. | C196: kom | D196: 1 | E196: 500 | F196: =D196*E196 -> 500
A198: 1.16. | B198: Senzor spremnika tople vode
B199: 4-20mA
B200: 0-100°C
...

Sheet 5.Elektro
A1: GRADIR d.o.o. Zagreb, Solinska 19, ured: Ilica 124/1, tel./faks.: +385(0)13760383, e-pošta: info@gradir.com, OIB: 02776388180
A2: stavka | B2: opis stavke | C2: jed.mj. | D2: količina | E2: jedinična cijena | F2: ukupna cijena
A3: 1 | B3: 2 | C3: 3 | D3: 4 | E3: 5 | F3: 4x5=6
A5: 5. | B5: ELEKTROINSTALACIJE
B7: OPĆE ODREDBE TROŠKOVNIKA:
B8: Svi radovi iz ovog troškovnika moraju biti izvedeni stručno, precizno i veoma savjesno prema danom troškovničkom opisu i projektu, te moraju odgovarati važećim tehničkim propisima i normativima.
B9: U cijeni pojedinih stavaka obuhvaćeni su svi troškovi za puno dovršenje stavke, sav rad, materijal, sve zidarske pripomoći, svi prijevozi i prijenosi, razni doprinosi, dodaci i režijski troškovi, sva potrebna ispitivanja i funkcionalne probe do potpune funkcionalnosti, čišćenje, ispiranje i dezinfekcije cjevovoda, izdavanje atesta, izrada svih projekata izvedenog stanja, izrada katastra svih vanjskih instalacija, obučavanja korisnika opreme, sitni spojni, montažni i brtveni materijal, tehnička dokumentacija sustava, tehnički listovi i certifikati ugrađene opreme, dokumentacija za rukovanje i održavanje sustava, certifikati o protokolarnim mjerenjima, te svi ini troškovi izvoditelja vezani na organizaciju gradilišta.
B10: Svi radovi iz troškovnika obračunat će se prema "Prosječnim normama u graditeljstvu" ukoliko u pojedinim stavkama nije drugačije označeno.
B11: Sav upotrijebljeni materijal mora biti kvalitetan i odgovarati odredbama odgovarajućih standarda i propisa. Nekvalitetan materijal ne smije se upotrebljavati. Za sav materijal koji će se upotrijebiti za građenje, izvoditelj radova mora pribaviti uvjerenje o kvaliteti materijala koji se mora priložiti primopredaji izvedenih radova. Radovi moraju biti izvedeni prema projektu, te izvoditelj ne smije vršiti nikakve promjene ili odstupanja od projekta bez odobrenja stručnog nadzora, investitora i projektanta. Sva eventualna odstupanja od projekta moraju se upisati u građevinski dnevnik od strane nadzornog inženjera i moraju biti usuglašena od strane investitora. Bez odobrenja investitora , izvoditelj ne smije upotrebljavati materijale koji nisu predviđeni projektom. Za čitavo vrijeme građenja izvoditelj je dužan održavati potrebnu čistoću na gradilištu.
B12: Ukoliko investitor utvrdi da neki materijal ne odgovara kvaliteti i važećim propisima izvoditelj je dužan isti materijal ukloniti sa gradilišta o svom trošku i zamijeniti ga sa propisanim.
B13: Za sve nuđene proizvode potrebno je prije njihove narudžbe odnosno ugradnje dostaviti kataloške podatke (i/ili montažna uputstva), kopije traženih certifikata, izjave proizvođača, svjetlotehničke izračune istovjetnima onima u projektu (samo za svjetiljke) kojima se dokazuje zadovoljavanje tehničkih uvjeta definiranim u troškovniku i projektu. Dokumenti moraju biti izrađeni od strane akreditiranih neovisnih ustanova (certifikati i ispitna izvješća) ili proizvođača (tehničke brošure). Nije dozvoljeno prilaganje izjava, brošura, kataloških podataka i dokumentacije izdanih od strane uvoznika, distributera, zastupnika i sl..
B14: U slučaju prilaganja drugih tipova certifikata od navedenih ovim troškovnikom potrebno je priložiti dokumentaciju za dokazivanje njihove jednakovrijednosti sa traženima (osim kada se radi o novijim izdanjima certifikata/normi). Traženu dokumentaciju potrebno je dostaviti nadzornom inženjeru i/ili projektantu na uvid, te je potrebno ishoditi pismeno odobrenje za ugradnju opreme koja je ponuđena (Zapisnik o ocjenjivanju nominirane opreme ili upisom u Građevinski dnevnik). Nadzorni inženjer/projektant prilikom tehničke evalulacije opreme imaju pravo zatražiti izvorne oblike (el. oblik) proračuna, svjetlotehničke krivulje, web adrese proizvođača/proizvoda ukoliko to smatraju potrebnim za ocjenjivanje kvalitete.
B15: Ukoliko ponuđena oprema ne zadovoljava uvjete propisane troškovnikom/projektom nadzorni inženjer i/ili projektant dužni su u Građevinski dnevnijk ili Zapisnik o ocjenjivanju navesti utvrđene nepravilnosti. Ponuditelj ima obvezu u što kraćem roku predložiti zamjensku opremu koja zadovoljava uvjete troškovnika i natječaja. Odobrenje za ugradnju zamjenske opreme potrebno je dobiti istim postupcima kako je navedeno ranije. Dobava i ugradnja zamjenske opreme ne smije negativno utjecati na ugovorene iznose prema troškovniku niti na produljenje roka izvođenja, odnosno za sav eventualni trošak odgovoran je Ponuditelj.
B16: Obračun radova vršiti će se prema odredbama iz ugovora između izvoditelja i investitora. Nakon završetka izgradnje odnosno primopredaje radova, izvoditelj je dužan s gradilišta ukloniti o svom trošku sve privremene objekte, deponije materijala i sl. Za vrijeme izvođenja radova izvoditelj mora primjenjivati sva potrebna sredstva zaštite na radu kako bi osigurao izvođenje radova na siguran način, a u svrhu zaštite života i zdravlja svojih i inih djelatnika, slučajnih prolaznika i sl., te osiguranja uvjeta da ne dođe do oštećenja susjednih objekata. Izvoditelj se u tijeku gradnje mora pridržavati odredaba zakona o gradnji, Zakona o zaštiti na radu i drugih važećih pozitivnih propisa RH.
B17: Ukoliko je u određenim stavkama naveden tip proizvoda/proizvođača koji je korišten kao referentni proizvod u projektu, njegovo imenovanje ima samo značenje tehničko - tehnoloških i približno oblikovnih osobitosti proizvoda koji trebaju ugraditi, a nikako naredbodavnu obaveznu dobavu i ugradbu imenovanog proizvoda. Dozvoljava se ugradnja drugog proizvoda uz obavezno dokazivanje jednakovrijednosti s navedenim tehničkim karakteristikama u troškovniku.
B18: Prije narudžbe odnosno isporuke i ugradnje opreme potrebno je dobiti pismeno odobrenje od nadzornog inženjera/projektanta za ugradnju nuđenih proizvoda na način da se dostave tehnički listovi i certifikati kojima se dokazuje zadovoljavanje tehničkih karakteristika i certifikata koje su navedene u troškovniku. Za stavke u kojima se nude rasvjetna tijela (svjetiljke) potrebno je izraditi kontrolne proračune rasvjete (istovjetne onima u projektu) kojima se dokazuje postizanje potrebnih razina rasvijetljenosti, te dostaviti LDT krivulje svjetiljaka korištenih u proračunima.
... B22: Nacrti, detalji i napomene na nacrtima, tehnički opis i program kontrole i osiguranja kvalitete, kao i opisi radova u pojedinim stavkama obavezni su kod izvođenja radova.
A26: 1. | B26: INSTALACIJA ENERGETSKOG RAZVODA
A29: 1.1. | B29: Izvedba privremenog priključka, komplet sa građevinskim elektro ormarom koji je prethodno ispitan od ovlaštene tvrtke. | C29: kpl | D29: 1 | E29: 1500 | F29: =IF(OR(OR(E29=0,E29=" "),OR(D29=0,D29=" "))," ",D29*E29) -> 1500
B31: SPMO
A32: 1.2. | B32: Dobava, ugradnja i spajanje kućnog priključno mjernog ormara SPMO opremljen s osigurač-rastavnom sklopkom NH (NV)2C 250A, poveznicom i mogućnost priključka Al/Cu s dva kabela 4x50-150mm2 u dolazu i dva kabela do 4x150mm2 u odlazu, za nazivni napon 3x230v/400V, 400A. Klasa zaštite II, mehanička zaštite IP54, za ugradnju ili montažu na fasadu, iz prešanog poliestera boje RAL 7016 ili jednakovrijedna boja________________________, otporan na UV zrake i gorenje, pripremljen za ugradnju polucilindar bravice i zatvaranje u tri točke. (HEP) | C32: kom | D32: 1 | E32: 1406 | F32: =IF(OR(OR(E32=0,E32=" "),OR(D32=0,D32=" "))," ",D32*E32) -> 1406
A34: 1.3. | B34: GRO
B35: Dobava montaža i spajanje samostojećeg tipski testiranog niskonaponskog sklopnog bloka prema shemi "GRO", u skladu sa standardom IEC 61439-1 i IEC 61439-2 ili jednako vrijedne norme, nazivnog napona izolacije glavnih sabirnica do 1000 V, stupnja zaštite IP31, Forma 2b, zaštićen sa polimer epoxy zaštitom u boji RAL 9001, sa metalnim vratima, sastavljen od; 1 aparatna polja širine 650mm, 1 aparatno-sabirničkog polje širine 800 (650+150) mm te 1 kabelskog polje širine 300mm; ukupnih dimenzija 1750x2107x450 mm ( Š x V x D ), uvod kabela s gornje strane. Razdjelnik je s postoljem od 100 mm. Razdjelnik opremiti bravicama na vratima, nosačem za dokumentaciju, nosačima i pokrovnim pločama komponenata, stranicama i ostalim potrebnim mehaničkim priborom. Predviđene su vertikalne i horizontalne sabirnce za napajanje aparata. kom 1
B36: U razdjelnik ugraditi slijedeću opremu prema jednopolnoj shemi:
B37: MREŽNO POLJE
A38: - | B38: odvodnik prenapona 3P+N, maksimalne struje odvoda Imax= 40kA, tip 2, izvedbe s ulošcima i indikacijom dotrajalosti kom 1
A39: - | B39: minijaturni automatski prekidač sa Vfunkcionalnošću indikacijom sigurnog položaja kontakta i trenutnom identifikacijom kvara, prekidne moći Icu=15kA kod 415V AC prema IEC/EN 60947-2, četveropolni 4P, 40A, C krivulje kom 1
A41: - | B41: Niskonaponski kompaktni zaštitni prekidač, nazivne struje tijela prekidača 400A, nazivnog napona Ue=690V, tropolni 3P, fiksne izvedbe, nazivne granične prekidne moći Icu=25kA kod 415V AC prema IEC/EN 60947-2, sa termo-magnetskom zaštitnom jedinicom In=250A, podesiva Ir=(0.7-1.0) x In, sa naponskim okidačem MX (230 V AC); kom 1
A42: - | B42: minijaturni automatski prekidač sa funkcionalnošću indikacijom sigurnog položaja kontakta i trenutnom identifikacijom kvara, prekidne moći Icu=10kA kod 415V AC prema IEC/EN 60947-2 ili jednako vrijedna norma, tropolni 3P, 6A, C krivulje kom 1
A43: - | B43: minijaturni automatski prekidač sa funkcionalnošću indikacijom sigurnog položaja kontakta i trenutnom identifikacijom kvara, prekidne moći Icu=10kA kod 415V AC prema IEC/EN 60947-2 ili jednakovrijedna norma, tropolni 1P, 6A, C krivulje kom 3
A44: - | B44: signalna svjetiljka za indikaciju prisutnosti napona, LED, zelene boje, jednostruka, nazivni napon 110-230V AC, kom 1
A46: - | B46: Niskonaponski kompaktni zaštitni prekidač, nazivne struje tijela prekidača 125A, nazivnog napona Ue=690V, tropolni 3P, fiksne izvedbe, nazivne granične prekidne moći Icu=25kA kod 415V AC prema IEC/EN 60947-2, sa termo-magnetskom zaštitnom jedinicom In=100A, podesiva Ir=(0.7-1.0) x In kom 2
A47: - | B47: Niskonaponski kompaktni zaštitni prekidač, nazivne struje tijela prekidača 125A, nazivnog napona Ue=690V, tropolni 3P, fiksne izvedbe, nazivne granične prekidne moći Icu=25kA kod 415V AC prema IEC/EN 60947-2, sa termo-magnetskom zaštitnom jedinicom In=63A, podesiva Ir=(0.7-1.0) x In kom 4
A48: - | B48: Niskonaponski kompaktni zaštitni prekidač, nazivne struje tijela prekidača 63A, nazivnog napona Ue=690V, tropolni 3P, fiksne izvedbe, nazivne granične prekidne moći Icu=25kA kod 415V AC prema IEC/EN 60947-2, sa termo-magnetskom zaštitnom jedinicom In=40A, podesiva Ir=(0.7-1.0) x In kom 2
A49: - | B49: Niskonaponski kompaktni zaštitni prekidač, nazivne struje tijela prekidača 63A, nazivnog napona Ue=690V, tropolni 3P, fiksne izvedbe, nazivne granične prekidne moći Icu=25kA kod 415V AC prema IEC/EN 60947-2, sa termo-magnetskom zaštitnom jedinicom In=32A, podesiva Ir=(0.7-1.0) x In kom 3
A50: - | B50: Niskonaponski kompaktni zaštitni prekidač, nazivne struje tijela prekidača 63A, nazivnog napona Ue=690V, tropolni 3P, fiksne izvedbe, nazivne granične prekidne moći Icu=25kA kod 415V AC prema IEC/EN 60947-2, sa termo-magnetskom zaštitnom jedinicom In=16A, podesiva Ir=(0.7-1.0) x In kom 4
A52: - | B52: diferencijalna zaštitna sklopka, četveropolna 4P , nazivne struje 40A, osjetljivosti 30mA, tip A kom 8
... A61: - | B61: sva potrebna montažna i spojna oprema potrebna za ugradnju specificirane opreme u ormar do njegove pune fukcionalnosti; Powerclip sabirnice, igličaste sabirnice, redne stezaljke, sabirnice nule i zemlje, spojni vodovi, plastične kanalice, označavanje, funkcionalno ispitivanje prije isporuke, atesti, ispitni protokol, korisnička dokumentacija te ostali potrebni sitni spojni i montažni materijal i pribor do pune funkcionalnosti ormara. kpl 1
C62: kpl | D62: 1 | E62: 12100 | F62: =IF(OR(OR(E62=0,E62=" "),OR(D62=0,D62=" "))," ",D62*E62) -> 12100
A64: 1.4. | B64: RO1
B65: Dobava montaža i spajanje zidnog modularnog niskonaponskog sklopnog bloka prema shemi "R01", tipski atestiranog u skladu sa standardom IEC 60439-1, nazivnog napona izolacije do 1000 V, stupnja zaštite IP31, zaštićen sa polimer epoxy zaštitom u boji RAL 9002 ili jednakovrijedna boja________________________, sa transparentnim vratima, sastavljen od 1 aparatnog polja širine 600 mm, uvod kabela s gornje strane, visine 18 modula, ukupnih dimenzija 600 x 1080 x 250 mm ( Š x V x D ). Razdjelnik opremiti bravicama na vratima, nosačem za dokumentaciju, nosačima i pokrovnim pločama komponenata, stranicama, krovom i ostalim potrebnim mehaničkim priborom. kom 1
B66: Predviđene su vertikalne i horizontalne sabirnce za napajanje aparata. U razdjelnik ugraditi slijedeću opremu prema jednopolnoj shemi:
A67: - | B67: odvodnik prenapona 3P+N, maksimalne struje odvoda Imax= 20kA, tip 2, izvedbe s ulošcima i indikacijom dotrajalosti kom 1
A68: - | B68: minijaturni automatski prekidač sa funkcionalnošću indikacijom sigurnog položaja kontakta i trenutnom identifikacijom kvara, prekidne moći Icu=10kA kod 415V AC prema IEC/EN 60947-2, četveropolni 4P, 25A, C krivulje kom 1
A70: - | B70: Niskonaponski kompaktni zaštitni prekidač, nazivne struje tijela prekidača 125A, nazivnog napona Ue=690V, tropolni 3P, fiksne izvedbe, nazivne granične prekidne moći Icu=25kA kod 415V AC prema IEC/EN 60947-2, sa termo-magnetskom zaštitnom jedinicom In=63A, podesiva Ir=(0.7-1.0) x In kom 1
A72: - | B72: diferencijalna zaštitna sklopka, četveropolna 4P , nazivne struje 40A, osjetljivosti 30mA, tip A kom 8
A73: - | B73: minijaturni automatski prekidač sa funkcionalnošću indikacijom sigurnog položaja kontakta i trenutnom identifikacijom kvara, prekidne moći Icu=10kA kod 415V AC prema IEC/EN 60947-2 ili jednakovrijedna norma, jednopolni 1P, 16A, C krivulje; kom 20
A74: - | B74: minijaturni automatski prekidač sa funkcionalnošću indikacijom sigurnog položaja kontakta i trenutnom identifikacijom kvara, prekidne moći Icu=10kA kod 415V AC prema IEC/EN 60947-2 ili jednakovrijedna norma, jednopolni 1P, 10A, C krivulje; kom 25
A75: - | B75: instalacijski sklopnik, nazivne struje In=10A , nazivnog napona 250V, vrste kontakta 2NO, upravljački napon svitka 230-240V AC 50Hz. kom 4
A76: - | B76: grebenasta preklopka 12A, tropolna 3P, tropoložajna 2-0-1, kut između položaja 45 stupnjeva, montažafi=22mm. kom 4
A78: - | B78: sva potrebna montažna i spojna oprema potrebna za ugradnju specificirane opreme u ormar do njegove pune fukcionalnosti; Powerclip sabirnice, igličaste sabirnice, redne stezaljke, sabirnice nule i zemlje, spojni vodovi, plastične kanalice, označavanje, funkcionalno ispitivanje prije isporuke, atesti, ispitni protokol, korisnička dokumentacija te ostali potrebni sitni spojni i montažni materijal i pribor do pune funkcionalnosti ormara. kpl 1
C79: kpl | D79: 1 | E79: 3000 | F79: =IF(OR(OR(E79=0,E79=" "),OR(D79=0,D79=" "))," ",D79*E79) -> 3000
A81: 1.5. | B81: RO2
B82: Dobava montaža i spajanje zidnog modularnog niskonaponskog sklopnog bloka prema shemi "R02", tipski atestiranog u skladu sa standardom IEC 60439-1, nazivnog napona izolacije do 1000 V, stupnja zaštite IP31, zaštićen sa polimer epoxy zaštitom u boji RAL 9002 ili jednakovrijedna boja________________________, sa transparentnim vratima, sastavljen od 1 aparatnog polja širine 600 mm, uvod kabela s gornje strane, visine 18 modula, ukupnih dimenzija 600 x 930 x 250 mm ( Š x V x D ). Razdjelnik opremiti bravicama na vratima, nosačem za dokumentaciju, nosačima i pokrovnim pločama komponenata, stranicama, krovom i ostalim potrebnim mehaničkim priborom. kom 1
B83: Predviđene su vertikalne i horizontalne sabirnce za napajanje aparata. U razdjelnik ugraditi slijedeću opremu prema jednopolnoj shemi:
A84: - | B84: odvodnik prenapona 3P+N, maksimalne struje odvoda Imax= 20kA, tip 2, izvedbe s ulošcima i indikacijom dotrajalosti kom 1
A85: - | B85: minijaturni automatski prekidač sa funkcionalnošću indikacijom sigurnog položaja kontakta i trenutnom identifikacijom kvara, prekidne moći Icu=10kA kod 415V AC prema IEC/EN 60947-2, četveropolni 4P, 25A, C krivulje kom 1
A87: - | B87: Niskonaponski kompaktni zaštitni prekidač, nazivne struje tijela prekidača 63A, nazivnog napona Ue=690V, tropolni 3P, fiksne izvedbe, nazivne granične prekidne moći Icu=25kA kod 415V AC prema IEC/EN 60947-2, sa termo-magnetskom zaštitnom jedinicom In=40A, podesiva Ir=(0.7-1.0) x In kom 1
A89: - | B89: diferencijalna zaštitna sklopka, četveropolna 4P , nazivne struje 40A, osjetljivosti 30mA, tip A kom 7
A90: - | B90: minijaturni automatski prekidač sa funkcionalnošću indikacijom sigurnog položaja kontakta i trenutnom identifikacijom kvara, prekidne moći Icu=10kA kod 415V AC prema IEC/EN 60947-2 ili jednakovrijedna norma, jednopolni 1P, 16A, C krivulje; kom 19
A91: - | B91: minijaturni automatski prekidač sa funkcionalnošću indikacijom sigurnog položaja kontakta i trenutnom identifikacijom kvara, prekidne moći Icu=10kA kod 415V AC prema IEC/EN 60947-2 ili jednakovrijedna norma, jednopolni 1P, 10A, C krivulje; kom 21
A92: - | B92: instalacijski sklopnik, dvopolni 2P, nazivne struje In=16A , nazivnog napona 250V, vrste kontakta 2NO, upravljački napon svitka 230-240V AC 50Hz. kom 1
A93: - | B93: grebenasta preklopka 12A, jednopolna 1P, tropoložajna 2-0-1, kut između položaja 45 stupnjeva, montaža fi=22mm. kom 1
B95: sva potrebna montažna i spojna oprema potrebna za ugradnju specificirane opreme u ormar do njegove pune fukcionalnosti; Powerclip sabirnice, igličaste sabirnice, redne stezaljke, sabirnice nule i zemlje, spojni vodovi, plastične kanalice, označavanje, funkcionalno ispitivanje prije isporuke, atesti, ispitni protokol, korisnička dokumentacija te ostali potrebni sitni spojni i montažni materijal i pribor do pune funkcionalnosti ormara. kpl 1
C96: kpl | D96: 1 | E96: 2600 | F96: =IF(OR(OR(E96=0,E96=" "),OR(D96=0,D96=" "))," ",D96*E96) -> 2600
A98: 1.6. | B98: RO3
B99: Dobava montaža i spajanje zidnog modularnog niskonaponskog sklopnog bloka prema shemi "R01", tipski atestiranog u skladu sa standardom IEC 60439-1, nazivnog napona izolacije do 1000 V, stupnja zaštite IP31, zaštićen sa polimer epoxy zaštitom u boji RAL 9002 ili jednakovrijedna boja________________________, sa transparentnim vratima, sastavljen od 1 aparatnog polja širine 600 mm, uvod kabela s gornje strane, visine 18 modula, ukupnih dimenzija 600 x 1080 x 250 mm ( Š x V x D ). Razdjelnik opremiti bravicama na vratima, nosačem za dokumentaciju, nosačima i pokrovnim pločama komponenata, stranicama, krovom i ostalim potrebnim mehaničkim priborom. kom 1
B100: Predviđene su vertikalne i horizontalne sabirnce za napajanje aparata. U razdjelnik ugraditi slijedeću opremu prema jednopolnoj shemi:
A101: - | B101: odvodnik prenapona 3P+N, maksimalne struje odvoda Imax= 20kA, tip 2, izvedbe s ulošcima i indikacijom dotrajalosti kom 1
A102: - | B102: minijaturni automatski prekidač sa funkcionalnošću indikacijom sigurnog položaja kontakta i trenutnom identifikacijom kvara, prekidne moći Icu=10kA kod 415V AC prema IEC/EN 60947-2, četveropolni 4P, 25A, C krivulje kom 1
A104: - | B104: Niskonaponski kompaktni zaštitni prekidač, nazivne struje tijela prekidača 125A, nazivnog napona Ue=690V, tropolni 3P, fiksne izvedbe, nazivne granične prekidne moći Icu=25kA kod 415V AC prema IEC/EN 60947-2, sa termo-magnetskom zaštitnom jedinicom In=63A, podesiva Ir=(0.7-1.0) x In kom 1
A106: - | B106: diferencijalna zaštitna sklopka, četveropolna 4P , nazivne struje 40A, osjetljivosti 30mA, tip A kom 8
A107: - | B107: minijaturni automatski prekidač sa funkcionalnošću indikacijom sigurnog položaja kontakta i trenutnom identifikacijom kvara, prekidne moći Icu=10kA kod 415V AC prema IEC/EN 60947-2 ili jednakovrijedna norma, jednopolni 1P, 16A, C krivulje; kom 17
A108: - | B108: minijaturni automatski prekidač sa funkcionalnošću indikacijom sigurnog položaja kontakta i trenutnom identifikacijom kvara, prekidne moći Icu=10kA kod 415V AC prema IEC/EN 60947-2 ili jednakovrijedna norma, jednopolni 1P, 10A, C krivulje; kom 25
A109: - | B109: minijaturni automatski prekidač sa funkcionalnošću indikacijom sigurnog položaja kontakta i trenutnom identifikacijom kvara, prekidne moći Icu=10kA kod 415V AC prema IEC/EN 60947-2 ili jednakovrijedna norma, jednopolni 1P, 6A, C krivulje; kom 5
A110: - | B110: minijaturni automatski prekidač sa funkcionalnošću indikacijom sigurnog položaja kontakta i trenutnom identifikacijom kvara, prekidne moći Icu=10kA kod 415V AC prema IEC/EN 60947-2 ili jednakovrijedna norma, tropolni 3P, 16A, C krivulje; kom 3
A111: - | B111: instalacijski sklopnik, nazivne struje In=10A , nazivnog napona 250V, vrste kontakta 2NO, upravljački napon svitka 230-240V AC 50Hz. kom 4
A112: - | B112: grebenasta preklopka 12A, tropolna 3P, tropoložajna 2-0-1, kut između položaja 45 stupnjeva, montažafi=22mm. kom 3
A114: - | B114: sva potrebna montažna i spojna oprema potrebna za ugradnju specificirane opreme u ormar do njegove pune fukcionalnosti; Powerclip sabirnice, igličaste sabirnice, redne stezaljke, sabirnice nule i zemlje, spojni vodovi, plastične kanalice, označavanje, funkcionalno ispitivanje prije isporuke, atesti, ispitni protokol, korisnička dokumentacija te ostali potrebni sitni spojni i montažni materijal i pribor do pune funkcionalnosti ormara. kpl 1
C115: kpl | D115: 1 | E115: 3300 | F115: =IF(OR(OR(E115=0,E115=" "),OR(D115=0,D115=" "))," ",D115*E115) -> 3300
A117: 1.7. | B117: RK
B118: Dobava montaža i spajanje samostojećeg modularnog niskonaponskog sklopnog bloka prema shemi "RK", tipski atestiranog u skladu sa standardom IEC 60439-1, nazivne struje do 100 A, nazivnog napona izolacije do 1000 V, stupnja zaštite IP30, zaštićen sa polimer epoxy zaštitom u boji RAL 9002 ili jednakovrijedna boja________________________, sa punim vratima, sastavljen od 1 aparatnog polja širine 595 mm, uvod kabela s gornje strane, visine 24 modula, ukupnih dimenzija 595 x 1230 x 250 mm ( Š x V x D ). Razdjelnik opremiti bravicama na vratima, nosačem za dokumentaciju, nosačima i pokrovnim pločama komponenata, stranicama i ostalim potrebnim mehaničkim priborom. kom 1
B119: Predviđene su vertikalne sabirnce za napajanje aparata. U razdjelnik ugraditi slijedeću opremu prema jednopolnoj shemi:
A120: - | B120: odvodnik prenapona 3P+N, maksimalne struje odvoda Imax= 20kA, tip 2, izvedbe s ulošcima i indikacijom dotrajalosti, kom 1
A121: - | B121: minijaturni automatski prekidač sa funkcionalnošću indikacijom sigurnog položaja kontakta i trenutnom identifikacijom kvara, prekidne moći Icu=15kA kod 415V AC prema IEC/EN 60947-2, četveropolni 4P, 25A, C krivulje kom 1
A123: - | B123: Niskonaponski kompaktni zaštitni prekidač, nazivne struje tijela prekidača 125A, nazivnog napona Ue=690V, tropolni 3P, fiksne izvedbe, nazivne granične prekidne moći Icu=25kA kod 415V AC prema IEC/EN 60947-2, sa termo-magnetskom zaštitnom jedinicom In=100A, podesiva Ir=(0.7-1.0) x In kom 1
A124: - | B124: minijaturni automatski prekidač sa funkcionalnošću indikacijom sigurnog položaja kontakta i trenutnom identifikacijom kvara, prekidne moći Icu=10kA kod 415V AC prema IEC/EN 60947-2 ili jednako vrijedna norma, tropolni 3P, 6A, C krivulje kom 1
A125: - | B125: signalna svjetiljka za indikaciju prisutnosti napona, LED, zelene boje, jednostruka, nazivni napon 110-230V AC, kom 1
A127: - | B127: diferencijalna zaštitna sklopka, četveropolna 4P , nazivne struje 40A, osjetljivosti 30mA, tip A kom 5
A128: - | B128: diferencijalna zaštitna sklopka, četveropolna 4P , nazivne struje 32A, osjetljivosti 30mA, tip A; kom 1
A129: - | B129: diferencijalna zaštitna sklopka, četveropolna 4P , nazivne struje 25A, osjetljivosti 30mA, tip A; kom 1
A130: - | B130: diferencijalna zaštitna sklopka, četveropolna 4P , nazivne struje 20A, osjetljivosti 30mA, tip A; kom 6
A131: - | B131: diferencijalna zaštitna sklopka, četveropolna 4P , nazivne struje 16A, osjetljivosti 30mA, tip A; kom 2
A132: - | B132: minijaturni automatski prekidač sa funkcionalnošću indikacijom sigurnog položaja kontakta i trenutnom identifikacijom kvara, prekidne moći Icu=10kA kod 415V AC prema IEC/EN 60947-2 ili jednakovrijedna norma, jednopolni 1P, 16A, C krivulje; kom 15
A133: - | B133: minijaturni automatski prekidač sa funkcionalnošću indikacijom sigurnog položaja kontakta i trenutnom identifikacijom kvara, prekidne moći Icu=10kA kod 415V AC prema IEC/EN 60947-2 ili jednakovrijedna norma, jednopolni 1P, 10A, C krivulje; kom 9
... A139: - | B139: grebenasta preklopka 12A, tropolna 3P, tropoložajna 2-0-1, kut između položaja 45 stupnjeva, montažafi=22mm. kom 1
B141: sva potrebna montažna i spojna oprema potrebna za ugradnju specificirane opreme u ormar do njegove pune fukcionalnosti; Powerclip sabirnice, igličaste sabirnice, redne stezaljke, sabirnice nule i zemlje, spojni vodovi, plastične kanalice, označavanje, funkcionalno ispitivanje prije isporuke, atesti, ispitni protokol, korisnička dokumentacija te ostali potrebni sitni spojni i montažni materijal i pribor do pune funkcionalnosti ormara. kpl 1
C142: kpl | D142: 1 | E142: 4000 | F142: =IF(OR(OR(E142=0,E142=" "),OR(D142=0,D142=" "))," ",D142*E142) -> 4000
A144: 1.10. | B144: RP
B145: Dobava montaža i spajanje zidnog modularnog niskonaponskog sklopnog bloka prema shemi "RP", tipski atestiranog u skladu sa standardom IEC 60439-1 ili jednakovrijedne norme, nazivnog napona izolacije do 1000 V, stupnja zaštite IP31, zaštićen sa polimer epoxy zaštitom u boji RAL 9002 ili jednakovrijedna boja________________________, sa transparentnim vratima, sastavljen od 1 aparatnog polja širine 600 mm, uvod kabela s gornje strane, visine 18 modula, ukupnih dimenzija 600 x 480 x 250 mm ( Š x V x D ). Razdjelnik opremiti bravicama na vratima, nosačem za dokumentaciju, nosačima i pokrovnim pločama komponenata, stranicama, krovom i ostalim potrebnim mehaničkim priborom. kom 1
...

Sheet 6.Vatrodojava
A1: GRADIR d.o.o. Zagreb, Solinska 19, ured: Ilica 124/1, tel./faks.: +385(0)13760383, e-pošta: info@gradir.com, OIB: 02776388180
A2: stavka | B2: opis stavke | C2: jed.mj. | D2: količina | E2: jedinična cijena | F2: ukupna cijena
A3: 1 | B3: 2 | C3: 3 | D3: 4 | E3: 5 | F3: 4x5=6
A5: 6. | B5: SUSTAV ZA DOJAVU POŽARA
B8: OPĆE ODREDBE TROŠKOVNIKA:
B9: Svi radovi iz ovog troškovnika moraju biti izvedeni stručno, precizno i veoma savjesno prema danom troškovničkom opisu i projektu, te moraju odgovarati važećim tehničkim propisima i normativima.
B10: U cijeni pojedinih stavaka obuhvaćeni su svi troškovi za puno dovršenje stavke, sav rad, materijal, sve zidarske pripomoći, svi prijevozi i prijenosi, razni doprinosi, dodaci i režijski troškovi, sva potrebna ispitivanja i funkcionalne probe do potpune funkcionalnosti, čišćenje, ispiranje i dezinfekcije cjevovoda, izdavanje atesta, izrada svih projekata izvedenog stanja, izrada katastra svih vanjskih instalacija, obučavanja korisnika opreme, sitni spojni, montažni i brtveni materijal, tehnička dokumentacija sustava, tehnički listovi i certifikati ugrađene opreme, dokumentacija za rukovanje i održavanje sustava, certifikati o protokolarnim mjerenjima, te svi ini troškovi izvoditelja vezani na organizaciju gradilišta.
B11: Svi radovi iz troškovnika obračunat će se prema "Prosječnim normama u graditeljstvu" ukoliko u pojedinim stavkama nije drugačije označeno.
B12: Sav upotrijebljeni materijal mora biti kvalitetan i odgovarati odredbama odgovarajućih standarda i propisa. Nekvalitetan materijal ne smije se upotrebljavati. Za sav materijal koji će se upotrijebiti za građenje, izvoditelj radova mora pribaviti uvjerenje o kvaliteti materijala koji se mora priložiti primopredaji izvedenih radova. Radovi moraju biti izvedeni prema projektu, te izvoditelj ne smije vršiti nikakve promjene ili odstupanja od projekta bez odobrenja stručnog nadzora, investitora i projektanta. Sva eventualna odstupanja od projekta moraju se upisati u građevinski dnevnik od strane nadzornog inženjera i moraju biti usuglašena od strane investitora. Bez odobrenja investitora , izvoditelj ne smije upotrebljavati materijale koji nisu predviđeni projektom. Za čitavo vrijeme građenja izvoditelj je dužan održavati potrebnu čistoću na gradilištu.
B13: Ukoliko investitor utvrdi da neki materijal ne odgovara kvaliteti i važećim propisima izvoditelj je dužan isti materijal ukloniti sa gradilišta o svom trošku i zamijeniti ga sa propisanim.
B14: Obračun radova vršiti će se prema odredbama iz ugovora između izvoditelja i investitora. Nakon završetka izgradnje odnosno primopredaje radova, izvoditelj je dužan s gradilišta ukloniti o svom trošku sve privremene objekte, deponije materijala i sl. Za vrijeme izvođenja radova izvoditelj mora primjenjivati sva potrebna sredstva zaštite na radu kako bi osigurao izvođenje radova na siguran način, a u svrhu zaštite života i zdravlja svojih i inih djelatnika, slučajnih prolaznika i sl., te osiguranja uvjeta da ne dođe do oštećenja susjednih objekata. Izvoditelj se u tijeku gradnje mora pridržavati odredaba zakona o gradnji, Zakona o zaštiti na radu i drugih važećih pozitivnih propisa RH.
B15: Ukoliko je u određenim stavkama naveden tip proizvoda/proizvođača koji je korišten kao referentni proizvod u projektu, njegovo imenovanje ima samo značenje tehničko - tehnoloških i približno oblikovnih osobitosti proizvoda koji trebaju ugraditi, a nikako naredbodavnu obaveznu dobavu i ugradbu imenovanog proizvoda. Dozvoljava se ugradnja drugog proizvoda uz obavezno dokazivanje jednakovrijednosti s navedenim tehničkim karakteristikama u troškovniku.
B16: Prije narudžbe odnosno isporuke i ugradnje opreme potrebno je dobiti pismeno odobrenje od nadzornog inženjera/projektanta za ugradnju nuđenih proizvoda na način da se dostave tehnički listovi i certifikati kojima se dokazuje zadovoljavanje tehničkih karakteristika i certifikata koje su navedene u troškovniku. Za stavke u kojima se nude rasvjetna tijela (svjetiljke) potrebno je izraditi kontrolne proračune rasvjete (istovjetne onima u projektu) kojima se dokazuje postizanje potrebnih razina rasvijetljenosti, te dostaviti LDT krivulje svjetiljaka korištenih u proračunima.
B17: U slučaju da nuđeni proizvodi ne zadovoljavaju uvjete troškovnika, ponuditelj je obavezan pronaći alternativne proizvode koji zadovoljavaju tražene karakteristike. Ukoliko alternativni proizvodi imaju veću cijenu od ponuđenih, ponuditelj mora snositi razliku na svoju štetu, odnosno ne dozvoljava se povećanje ugovorne cijene nuđenih stavki.
B18: U slučaju da nuđeni proizvodi ne zadovoljavaju uvjete troškovnika, ponuditelj je obavezan pronaći alternativne proizvode koji zadovoljavaju tražene karakteristike. Ukoliko alternativni proizvodi imaju veću cijenu od ponuđenih, ponuditelj mora snositi razliku na svoju štetu, odnosno ne dozvoljava se povećanje ugovorne cijene nuđenih stavki.
B19: Imenovanje pojedinog proizvoda i proizvođača ima samo značenje tehničko - tehnoloških i približno oblikovnih osobitosti proizvoda koji će se ugraditi, a nikako naredbodavnu obaveznu dobavu, proizvodnju i ugradbu imenovanog proizvoda
B20: Nacrti, detalji i napomene na nacrtima, tehnički opis i program kontrole i osiguranja kvalitete, kao i opisi radova u pojedinim stavkama obavezni su kod izvođenja radova.
A24: 1. | B24: OPREMA, MATERIJAL I SPECIJALISTIČKI RADOVI
A27: 1.1. | B27: Dobava, ugradnja i spajanje adresabilne vatrodojavne centrale s mikro procesorom i 2 petlje svaka s 128 adresa, proširivo do 4 petlje sa ukupno 512 adresa, digitalna komunikacija, sa zaslonom, programabilna putem tipkovnice i računala (USB priključak), 1000 memorijskih događaja, mogućnost povezivanja daljinskog upravljača, izlaz 2A, omogućuje kompenzaciju prašine, BUS komunikacija s detektorima i sučeljima, jednostavna zamjena natpisa na glavnoj ploči, omogućena centralna kontrola sa sustavom Iperview, jednostavno praćenje i resetiranje senzora. Sa slijedećim karakteristikama: - 2-4 adresabilne petlje za do 512 adresa - integrirani zaslonn s alfanumeričkom tipkovnicoma, navigacijskim tipkama i LED indikatorima - RS232/RS485 sučelje - USB + USB (host) - Ethernet sučelje - Modem PSTN/GSM - Konektor za PS2 tipkovnicu - USB veza, serijska veza, Ethernet hub - terminal za spajanje udaljenog panela - sukladno s HRN EN 54-2:1997 + A1:2006 - EN 54-4:1997 + A2:2006 ili jednakovrijedne norme ___________________. | C27: kom | D27: 1 | E27: 1033 | F27: =IF(OR(OR(E27=0,E27=" "),OR(D27=0,D27=" "))," ",D27*E27) -> 1033
A29: 1.2. | B29: Dobava programskog seta za hrvatski jezik. | C29: kom | D29: 1 | E29: 50 | F29: =IF(OR(OR(E29=0,E29=" "),OR(D29=0,D29=" "))," ",D29*E29) -> 50
A31: 1.3. | B31: Dobava, ugradnja i spajanje vatrootpornog ormarića za vatrodojavnu centralu u izvedbi sa protupožarnim staklom, zaštite F30, certificiran u RH. | C31: kom | D31: 1 | E31: 1581 | F31: =IF(OR(OR(E31=0,E31=" "),OR(D31=0,D31=" "))," ",D31*E31) -> 1581
A33: 1.4. | B33: Dobava, ugradnja i spajanje dodatanog napajanja 24Vdc/4.5A, u željeznom kućištu, omogućava punjenje baterija, relejni izlaz za signalizaciju statusa napajanja, stanja baterije, prostor za dvije baterije, IP30, priključak na 230Vac/50Hz, LED indikacija, dimenzije: H 220 x Š 300 x D 175 mm, EN 54-4 (A2), EN12101-10. | C33: kom | D33: 2 | E33: 350 | F33: =IF(OR(OR(E33=0,E33=" "),OR(D33=0,D33=" "))," ",D33*E33) -> 700
A35: 1.5. | B35: Dobava, ugradnja i spajanje akumulatora 12V / 18 Ah. | C35: kom | D35: 6 | E35: 55 | F35: =IF(OR(OR(E35=0,E35=" "),OR(D35=0,D35=" "))," ",D35*E35) -> 330
A37: 1.6. | B37: Dobava, ugradnja i spajanje adresibilnog ulazno izlaznog modula sa dvostrukim izolatorom petlje sastavljen od 2 nadzirane fizičke/logičke jedinice: 1 ulaz i 1 izlaz, koje sustav pojedinačno identificira i zauzimaju do 2 adrese, u kućištu. | C37: kom | D37: 10 | E37: 66 | F37: =IF(OR(OR(E37=0,E37=" "),OR(D37=0,D37=" "))," ",D37*E37) -> 660
A39: 1.7. | B39: Dobava, ugradnja i spajanje adresibilnog ulazno izlaznog modula sa dvostrukim izolatorom petlje sastavljen od 4 nadzirane fizičke/logičke jedinice: 4 relejna izlaza (30Vdc/1A (NC / NO), 4 električna izlaza, 4 električna ulaza, u kućištu. | C39: kom | D39: 5 | E39: 189 | F39: =IF(OR(OR(E39=0,E39=" "),OR(D39=0,D39=" "))," ",D39*E39) -> 945
A41: 1.8. | B41: Dobava, ugradnja i spajanje IP sučeljA za pripadnu centralu; omogućuje spajanje centrala na Internet mrežu putem Ethernet ili WI-FI veze te upravljanje sustavom putem mobilne aplikacije My Elkron Family; sučelje je instalirano izravno u centralu; 100 Mbps (ethernet); 150 Mbps (WI-FI); IEEE 802.3; IEEE 802.11 b/g/n; prema EN54-21. | C41: kom | D41: 1 | E41: 520 | F41: =IF(OR(OR(E41=0,E41=" "),OR(D41=0,D41=" "))," ",D41*E41) -> 520
A43: 1.9. | B43: Dobava, ugradnja i spajanje komplet opreme za prijenos informacija u nadzorni centar, vatrogasnu brigadu. | C43: kom | D43: 1 | E43: 780 | F43: =IF(OR(OR(E43=0,E43=" "),OR(D43=0,D43=" "))," ",D43*E43) -> 780
A45: 1.10. | B45: Dobava, ugradnja i spajanje resetabilnog adresibilnog ručnog javljača s dvostrukim izolatorom petlje i nelomljivim povratnim staklom. Kompletno upravljanje uređajem. Za unutarnju upotrebu. Sukladno s HRN EN 54-11: 2001 + A1: 2005 - HRN EN 54-17: 2005 ili jednakovrijedne norme ___________________. | C45: kom | D45: 25 | E45: 95.96 | F45: =IF(OR(OR(E45=0,E45=" "),OR(D45=0,D45=" "))," ",D45*E45) -> 2399
A47: 1.11. | B47: Dobava, ugradnja i spajanje ručnog analognog javljača za vanjsku ugradnju IP 66, crvena boja, 9 -30Vdc, 3A kontakt. | C47: kom | D47: 1 | E47: 200 | F47: =IF(OR(OR(E47=0,E47=" "),OR(D47=0,D47=" "))," ",D47*E47) -> 200
A49: 1.12. | B49: Dobava, ugradnja i spajanje adresibilnog ulazno izlaznog modula sa dvostrukim izolatorom petlje sastavljen od 2 nadzirane fizičke/logičke jedinice: 1 ulaz i 1 izlaz, koje sustav pojedinačno identificira i zauzimaju do 2 adrese, u kućištu. | C49: kom | D49: 1 | E49: 95 | F49: =IF(OR(OR(E49=0,E49=" "),OR(D49=0,D49=" "))," ",D49*E49) -> 95
... A94: 1.34. | B94: Dodatni montažni i instalacijski pribor (prespojne kutije, ormarići …). | C94: kpl | D94: 1 | E94: 300 | F94: =IF(OR(OR(E94=0,E94=" "),OR(D94=0,D94=" "))," ",D94*E94) -> 300
A97: 1. | B97: OPREMA, MATERIJAL I SPECIJALISTIČKI RADOVI - UKUPNO: | F97: =SUM(F27:F96) -> 31943
A101: 2. | B101: SUSTAV ODIMLJAVANJA
A103: 2.1. | B103: OPREMA:
A104: 2.1.1. | B104: Dobava i isporuka kompaktne centrale za sustav odvođenja dima i topline. Centrala sa 1 grupom za odimljavanje i 2 grupe za prozračivanje, sa modulom za prosljeđivanje signala na centralu dojave požara, sa modulom za preuzimanje signala sa centrale dojave požara i weather modulom. Slobodni bezpotencijalni kontakt za prijenos signala vanjskom uređaju. Napajanje 230 VAC i 50 Hz. Nazivni napon 24 VDC i izlazna struja 5 A. Temperaturno područje od -5° do +40°C. Zaštita kućišta IP30. Boja RAL 7035. Dimenzija 225 x 285 x 122 mm. Kućište s cilindar bravom za ključ. Opremljena sa akumulatorskim baterijama nazivnog napona 24 VDC, kapaciteta za 72 sata pripravnosti i 0,5 sati alarma. Kućište za podžbuknu montažu. Dimenzije kućišta 314 x 254 x 97 mm. Dimenzije okvira 282 x 342 x 48 mm. U kompletu s integriranim ručnim javljačem i tipkalom za prozračivanje. | C104: kom | D104: 1 | E104: 1328 | F104: =IF(OR(OR(E104=0,E104=" "),OR(D104=0,D104=" "))," ",D104*E104) -> 1328
A106: 2.1.2. | B106: Dobava i isporuka vretenastog pogona. Na 1-krilni krovni prozor na stubištu (v. nacrt) sa dimenzijama svijetlog otvora 1000 x 1150 mm ugraditi vretenasti elektromotor za odvođenje dima i topline. Omogućava otvaranje prema vanjskom prostoru radi ostvarivanja minimalno potrebne površine za odvođenje dima i topline od 1 m2. Nazivna struja 0,9 A/motor. Struja isključivanja 1,2 A. Radni napon 24 VDC. Hod motora 1000 mm. Brzina hoda 10,4 mm/s. Sila 800 N. Zaštita kućišta IP65. Radna temperatura od -5°C do +60°C. Automatsko isključivanje u krajnjem položaju i isključivanje zbog preopterećenja. Isporučeni sustav treba sadržavati pripadajuće konzole za ugradnju i sav pribor za ugradnju. Ispitano i certificirano prema EN 12101-2. NAPOMENA: Prije isporuke potrebno je uskladiti tip i model motora sa načinom otvaranja i dimenzijama ugrađenog prozora. | C106: kom | D106: 1 | E106: 958 | F106: =IF(OR(OR(E106=0,E106=" "),OR(D106=0,D106=" "))," ",D106*E106) -> 958
A108: 2.1.3. | B108: Dobava i isporuka pogona za zaokretno otvaranje vrata. Na 1-krilnim vratima evakaucijskog izlaza u prizemlju sa dimenzijama 1200 x 2200 mm (vidi nacrt), krilo opremiti pogononom za zaokretno otvaranje vrata koji omogućava nesmetano otvaranje vrata radi dovoda svježeg zraka u sustavu odvođenja dima i topline te dobivanje odgovarajuće površine za dovod svježeg zraka od 2 m2. Radni napon 24 VDC. Nazivna struja 1 A. Struja isključivanja 1,4 A/motor. Kut otvaranja do 93°. Zaštita kućišta IP32. Dimenzija 40 x 56 x 421 mm. S automatskim isključivanjem u krajnjem položaju. U kompletu s konzolama i svim potrebnim priborom za ugradnju. NAPOMENA: Predmetna vrata moraju biti opremljena takvim okovom koji će pri aktivaciji sustava dojave požara odnosno sustava za odvod dima i topline omogućiti da ih navedeni pogon može nesmetano otvoriti radi dovoda svježeg zraka za odimljavanje. Opis okova koji to omogućuje nije predmet ove stavke nego je dio bravarske stavke te isti treba biti neizostavno uzet u obzir. | C108: kom | D108: 1 | E108: 1603 | F108: =IF(OR(OR(E108=0,E108=" "),OR(D108=0,D108=" "))," ",D108*E108) -> 1603
A110: 2.1.4. | B110: Dobava i isporuka ručnog javljača za aktiviranje sustava odvođenja dima i topline. Ugradnja na evakuacijskim putevima i u hodnicima, na dobro vidljivom mjestu. Visina ugradnje 1,4 m ± 20 cm iznad gotovog poda. LED status. Narančasta boja (RAL 2004). Zaštita kućišta IP50. Dimenzija 125 x 125 x 36 mm. | C110: kom | D110: 1 | E110: 164 | F110: =IF(OR(OR(E110=0,E110=" "),OR(D110=0,D110=" "))," ",D110*E110) -> 164
A112: 2.1.5. | B112: Dobava i isporuka senzora za vjetar i kišu (vremenske stanice). Sastoji se od senzora za vjetar, senzora za kišu, montažne konzole za ugradnju na zid ili stup te prstena za pričvršćenje. Napajanje 24 VDC. Dimenzija 250 x 250 x 80 mm. | C112: kom | D112: 1 | E112: 758 | F112: =IF(OR(OR(E112=0,E112=" "),OR(D112=0,D112=" "))," ",D112*E112) -> 758
A114: 2.2. | B114: KABLOVI I MONTAŽA:
A115: 2.2.1. | B115: Dobava i isporuka bezhalogenog energetskog i signalnog kabela poboljšanih svojstava za slučaj požara NHXH FE 180/E 90 3x1,5 mm2 za napajanje centrale i spoj s motorom. | C115: m1 | D115: 100 | E115: 4.2 | F115: =IF(OR(OR(E115=0,E115=" "),OR(D115=0,D115=" "))," ",D115*E115) -> 420
A117: 2.2.2. | B117: Polaganje bezhalogenog energetskog i signalnog kabela poboljšanih svojstava za slučaj požara NHXH FE 180/E 90 3x1,5 mm2 za napajanje centrale i spoj s motorom | C117: m1 | D117: 100 | E117: 4.2 | F117: =IF(OR(OR(E117=0,E117=" "),OR(D117=0,D117=" "))," ",D117*E117) -> 420
A119: 2.2.3. | B119: Dobava i isporuka bezhalogenog instalacijskog kabela za industrijsku elektroniku poboljšanih svojstava za slučaj požara JE-H(St)H FE 180/E 90 4x2x0,8 mm za spajanje ručnog javljača u sustavu odvođenja dima i topline. | C119: m1 | D119: 50 | E119: 4.1 | F119: =IF(OR(OR(E119=0,E119=" "),OR(D119=0,D119=" "))," ",D119*E119) -> 205
A121: 2.2.4. | B121: Polaganje bezhalogenog instalacijskog kabela za industrijsku elektroniku poboljšanih svojstava za slučaj požara JE-H(St)H FE 180/E 90 4x2x0,8 mm za spajanje ručnog javljača u sustavu odvođenja dima i topline. | C121: m1 | D121: 50 | E121: 4.1 | F121: =IF(OR(OR(E121=0,E121=" "),OR(D121=0,D121=" "))," ",D121*E121) -> 205
A123: 2.2.5. | B123: Dobava i isporuka vatrodojavnog bezahlogenog instalacijskog kabela poboljšanih svojstava za slučaj požara JE-H(St)H FE 180/E 30 2x2x0,8 mm za spajanje sa izvršnim modulom sustava dojave požara. | C123: m1 | D123: 10 | E123: 4.1 | F123: =IF(OR(OR(E123=0,E123=" "),OR(D123=0,D123=" "))," ",D123*E123) -> 41
A125: 2.2.6. | B125: Polaganje vatrodojavnog bezahlogenog instalacijskog kabela poboljšanih svojstava za slučaj požara JE-H(St)H FE 180/E 30 2x2x0,8 mm za spajanje sa izvršnim modulom sustava dojave požara. | C125: m1 | D125: 10 | E125: 4.1 | F125: =IF(OR(OR(E125=0,E125=" "),OR(D125=0,D125=" "))," ",D125*E125) -> 41
A127: 2.2.7. | B127: Dobava i isporuka PVC izoliranog instalacijskog kabela NYM-J 7x1,5 mm2 za spoj senzora kiše i vjetra (vremenske stanice). | C127: m1 | D127: 50 | E127: 4.32 | F127: =IF(OR(OR(E127=0,E127=" "),OR(D127=0,D127=" "))," ",D127*E127) -> 216
A129: 2.2.8. | B129: Polaganje PVC izoliranog instalacijskog kabela NYM-J 7x1,5 mm2 za spoj senzora kiše i vjetra (vremenske stanice). | C129: m1 | D129: 50 | E129: 4.32 | F129: =IF(OR(OR(E129=0,E129=" "),OR(D129=0,D129=" "))," ",D129*E129) -> 216
A131: 2.2.9. | B131: Dobava i isporuka podžbukne samogasive ticino CS cijevi promjera 16/11 mm | C131: m1 | D131: 150 | E131: 2.2 | F131: =IF(OR(OR(E131=0,E131=" "),OR(D131=0,D131=" "))," ",D131*E131) -> 330
A133: 2.2.10. | B133: Polaganje podžbukne samogasive ticino CS cijevi promjera 16/11 mm | C133: m1 | D133: 150 | E133: 4.32 | F133: =IF(OR(OR(E133=0,E133=" "),OR(D133=0,D133=" "))," ",D133*E133) -> 648
A135: 2.2.11. | B135: Spajanje napojnog kabela centrale sustava odvođenja dima i topline unutar razdjelnika razvodnog ormara na slobodni osigurač od 16 A | C135: kom | D135: 1 | E135: 10 | F135: =IF(OR(OR(E135=0,E135=" "),OR(D135=0,D135=" "))," ",D135*E135) -> 10
A137: 2.2.12. | B137: Montaža i spajanje centrale sustava odvođenja dima i topline prema uputama proizvođača za osiguranje potpune funkcionalnosti | C137: kom | D137: 1 | E137: 270 | F137: =IF(OR(OR(E137=0,E137=" "),OR(D137=0,D137=" "))," ",D137*E137) -> 270
... A149: 2.2.18. | B149: Montaža i spajanje senzora kiše i vjetra (vremenske stanice) | C149: kom | D149: 1 | E149: 15 | F149: =IF(OR(OR(E149=0,E149=" "),OR(D149=0,D149=" "))," ",D149*E149) -> 15
A151: 2.3. | B151: PROGRAMIRANJE I ISPITIVANJE:
A152: 2.3.1. | B152: Ispitivanje instalacije sustava odvođenja dima i topline prije puštanja sustava u rad sa otklanjanjem grešaka, kratkih spojeva i ostalih poteškoća, kao i mjerenjem otpora izolacije i indirektnog napona dodira | C152: kpl | D152: 1 | E152: 550 | F152: =IF(OR(OR(E152=0,E152=" "),OR(D152=0,D152=" "))," ",D152*E152) -> 550
A154: 2.3.2. | B154: Puštanje u rad sustava odvođenja dima i topline | C154: kpl | D154: 1 | E154: 155 | F154: =IF(OR(OR(E154=0,E154=" "),OR(D154=0,D154=" "))," ",D154*E154) -> 155
A156: 2.3.3. | B156: Programiranje centrale odvođenja dima i topline | C156: kpl | D156: 1 | E156: 155 | F156: =IF(OR(OR(E156=0,E156=" "),OR(D156=0,D156=" "))," ",D156*E156) -> 155
A158: 2.3.4. | B158: Obuka korisnika za rad sa sustavom odvođenja dima i topline uz dostavu korisničkih uputa na hrvatskom jeziku | C158: kpl | D158: 1 | E158: 75 | F158: =IF(OR(OR(E158=0,E158=" "),OR(D158=0,D158=" "))," ",D158*E158) -> 75
A160: 2.3.5. | B160: Izrada i isporuka projekta izvedenog stanja sustava u 3 ovjerena uvezana primjerka i 1 digitalnim primjerom s ovjerom ovlaštenog inženjera | C160: kpl | D160: 1 | E160: 555 | F160: =IF(OR(OR(E160=0,E160=" "),OR(D160=0,D160=" "))," ",D160*E160) -> 555
A162: 2.3.6. | B162: Prvo funkcionalno ispitivanje sustava odvođenja dima i topline od strane ovlaštene ustanove uz prethodno dobiven projekat te izdavanje uvjerenja o funkcionalnosti sustava | C162: kpl | D162: 1 | E162: 150 | F162: =IF(OR(OR(E162=0,E162=" "),OR(D162=0,D162=" "))," ",D162*E162) -> 150
A164: 2.3.7. | B164: Primopredaja sustava odvođenja dima i topline investitoru (predaja tehničke dokumentacije, certifikata ugrađene opreme, programske dokumentacije te projekta izvedenog stanja) | C164: kpl | D164: 1 | E164: 250 | F164: =IF(OR(OR(E164=0,E164=" "),OR(D164=0,D164=" "))," ",D164*E164) -> 250
A167: 2. | B167: SUSTAV ODIMLJAVANJA- UKUPNO: | F167: =SUM(F104:F166) -> 9883
A171: 6. | B171: REKAPITULACIJA
A173: 1. | B173: OPREMA, MATERIJAL I SPECIJALISTIČKI RADOVI | F173: =F97 -> 31943
A175: 2. | B175: SUSTAV ODIMLJAVANJA | F175: =F167 -> 9883
A178: 6. | B178: SUSTAV ZA DOJAVU POŽARA - SVEUKUPNO: | F178: =SUM(F173:F175) -> 41826

Sheet 7.Dizalo
A1: GRADIR d.o.o. Zagreb, Solinska 19, ured: Ilica 124/1, tel./faks.: +385(0)13760383, e-pošta: info@gradir.com, OIB: 02776388180
A2: stavka | B2: opis stavke | C2: jed.mj. | D2: količina | E2: jedinična cijena | F2: ukupna cijena
A3: 1 | B3: 2 | C3: 3 | D3: 4 | E3: 5 | F3: 4x5=6
A5: 7. | B5: DIZALO
A8: 1. | B8: Dobava, izrada i ugradnja dizala osobno - evakuacijskog, za prijevoz osoba s invaliditetom i smanjene pokretljivosti, bez strojarnice
B10: Dizalo karakteristika:
B11: Vrsta, namjena: osobno - evakuacijsko, za prijevoz osoba s invaliditetom i smanjene pokretljivosti, bez strojarnice
B12: Korisna nosivost: 1000 kg - 13 osoba
B13: Brzina vožnje: 1,0 m/s
B14: Broj i naziv stanica: 2 (prizemlje 0, 1. kat)
B15: Broj ulaza: 2 (prizemlje 0, 1. kat)
B16: Visina dizanja: 3,60 m
B17: Pogonsko postrojenje: sinkroni motor sa permanentnim magnetima s frekvencijski reguliranim brojem okretaja
B18: Vrsta upravljanja: sabirno simplex, mikroprocesorsko
B19: Signalizacija: optička potvrda primitka poziva, LCD - optički pokazivač položaja kabine u kabini i na svim stanicama, optička i zvučna signalizacija preopterećenja, zvučni signal ALARM, zvučni signal dolaska kabine u stanicu (gong)
B20: Električni priključak: 3x400/230 V,50 Hz
B21: Električna instalacija dizala: za suhi prostor
... B30: Stavka uključuje montažu postrojenja dizala uključujujući sav potreban materijal, pomoćni materijal, rad i pomoćni rad do potpune gotovosti i operativnosti osobnog dizala, te tehnička kontrolu ovlaštene tvrtke. Stavka uključuje sva potrebna izpitivanja i ateste za funkcioniranje dizala. Na garancijski rok izvođača na dizalo, ne utječe možebitno održavanje dizala od strane trećih tvrtki koje investitor angažira.
B31: Obračun po kompletu. | C31: kpl | D31: 1 | E31: 38600 | F31: =IF(OR(OR(E31=0,E31=" "),OR(D31=0,D31=" "))," ",D31*E31) -> 38600
A34: 7. | B34: DIZALO - SVEUKUPNO: | F34: =SUM(F31:F33) -> 38600

Sheet 8.Kuhinja-praonica
A1: GRADIR d.o.o. Zagreb, Solinska 19, ured: Ilica 124/1, tel./faks.: +385(0)13760383, e-pošta: info@gradir.com, OIB: 02776388180
A2: stavka | B2: opis stavke | C2: jed.mj. | D2: količina | E2: jedinična cijena | F2: ukupna cijena
A3: 1 | B3: 2 | C3: 3 | D3: 4 | E3: 5 | F3: 4x5=6
A5: 8. | B5: KUHINJA I PRAONICA
A8: K. | B8: KUHINJA
B10: Dozvoljeno odstupanje u dimenzijama (visina, širina, dužina, debljina, promjeri) do ± 5%.
B11: Dozvoljeno odstupanje u tehničkim karakteristikama do ± 3%.
B12: Izvođač je dužan izraditi detaljne radioničke nacrte za sve ugradbene elemente namještaja (opreme), a nakon izmjere izvedenog stanja, te sve uzorke materijala dati projektantu na uvid i odabir, a dotični element opreme izraditi nakon pismenog odobrenja projektanta. Svi stavke moraju biti sukladne HACCAP sustavu.
A14: * | B14: spremište:
A16: 1.1. | B16: Zamrzivač
B17: - neto kapacitet: 590 lit - temp: -18C / -22C - sa ventiliranim hlađenjem - rashladno sredstvo je ekološki prihvatljiv plin sukladno propisima na dan isporuke - prilagođen za uvjete rada do 40°C u prostoru do 60% vlažnosti - sistem rada putem monobloka bez isparivača u prostoru za odlaganje namirnica - digitalni termostat sa automatskim otapanjem - debljina izolacije min. 60 mm punjena sa poliuretanom bez – CFC spojeva - zaobljeni unutarnji rubovi - vrata sa automatskim zatvaranjem pomoću magnetne brtve - mogućnost spajanja na HACCAP sistem - serijski opremljen sa 6 vodilica i 3 plastificirane rešetke za GN 2/1 - inox izvana i iznutra - priključna snaga: 650W, 220V/50HZ.
A18: a) | B18: zamrzivač, dimenzija 710 x 800 x 2060 mm | C18: kom | D18: 2 | E18: 1870 | F18: =IF(OR(OR(E18=0,E18=" "),OR(D18=0,D18=" "))," ",D18*E18) -> 3740
A20: 1.2. | B20: Hladnjak
B21: - kap 590 lit - temp: 0°C / +10C - sa ventiliranim hlađenjem - rashladno sredstvo je ekološki prihvatljiv plin sukladno propisima na dan isporuke - prilagođen za uvjete rada do 43°C u prostoru do 65% vlažnosti - sistem rada putem monobloka bez isparivača u prostoru za odlaganje namirnica - distribucija hladnog zraka prisilnom kružnom cirkulacijom uz unutarnje bokove ormara - digitalni termostat sa automatskim otapanjem - debljina izolacije min. 60 mm punjena sa poliuretanom bez – CFC spojeva - zaobljeni unutarnji rubovi - vrata sa automatskim zatvaranjem pomoću magnetne brtve - mogućnost spajanja na HACCAP sistem - serijski opremljen sa 6 vodilica i 3 plastificirane rešetke za GN 2/1 - inox izvana i iznutra - priključna snaga: 385W, 220V/50HZ.
A22: a) | B22: hladnjak, dimenzija 710 x 800 x 2030 mm | C22: kom | D22: 3 | E22: 1420 | F22: =IF(OR(OR(E22=0,E22=" "),OR(D22=0,D22=" "))," ",D22*E22) -> 4260
A24: 1.3. | B24: Regal
B25: - 4 pune police (deb. 1 mm) sa omega pojačanjima - ukupna nosivost 150 kg po polici ravnomjerno raspoređenog tereta - noge regala od inox lima sa ukutama i perforacijom za podešavanje razmaka među policama - podesive inox inogice - izvedba komplet inox lim AISI 304 SB+PVC - svi oštri rubovi moraju biti pertlani zbog lakšeg održavanja i zaštite od povreda.
A26: a) | B26: regal, dimenzija 1000 x 600 x 1820 mm | C26: kom | D26: 4 | E26: 410 | F26: =IF(OR(OR(E26=0,E26=" "),OR(D26=0,D26=" "))," ",D26*E26) -> 1640
A27: b) | B27: regal, dimenzija 800 x 600 x 1820 mm | C27: kom | D27: 1 | E27: 360 | F27: =IF(OR(OR(E27=0,E27=" "),OR(D27=0,D27=" "))," ",D27*E27) -> 360
A29: 1.4. | B29: Platformska vaga
B30: - nosivost 150kg, podjeljak 50g - dimenzije platforme 350x450 mm - ovjereno (baždareno)
A31: a) | B31: platformska vaga, dimenzija 350 x 450 x 902 mm | C31: kom | D31: 1 | E31: 450 | F31: =IF(OR(OR(E31=0,E31=" "),OR(D31=0,D31=" "))," ",D31*E31) -> 450
A33: * | B33: kuhinja:
A35: 1.5. | B35: Sanitarni rukoper
B36: - zidna varijanta - mješalica za vodu - aktivacija pritiska koljenom - izvedba komplet inox lim AISI 304 SB + PVC - s kompletom sifona i PVC cijevi za odvod Ø50 mm - svi potrebni priključni elementi i spojni materijal
A37: a) | B37: sanitarni rukoper, dimenzija 400 x 400 x 260 mm | C37: kom | D37: 1 | E37: 275 | F37: =IF(OR(OR(E37=0,E37=" "),OR(D37=0,D37=" "))," ",D37*E37) -> 275
A39: 1.6. | B39: Ljuštilica krumpira
B40: - stolna varijanta - programator - kap. 90 kg/h - priključna snaga 0,25 kW 230 V
A41: a) | B41: ljuštilica krumpira, dimenzija 600 x 375 x 400 mm | C41: kom | D41: 1 | E41: 2675 | F41: =IF(OR(OR(E41=0,E41=" "),OR(D41=0,D41=" "))," ",D41*E41) -> 2675
A42: 1.7. | B42: Postolje za ljuštilicu krumpira
B43: Postolje za ljuštilicu krumpira - otvoreno - donja polica - podesive inox nogice - izvedba komplet inox lim AISI 304 SB+PVC - svi oštri rubovi moraju biti pertlani zbog lakšeg održavanja i zaštite od povreda.
A44: a) | B44: postolje za ljuštilicu krumpira, dimenzija 500 x 600 x 600 mm | C44: kom | D44: 1 | E44: 340 | F44: =IF(OR(OR(E44=0,E44=" "),OR(D44=0,D44=" "))," ",D44*E44) -> 340
A46: 1.8. | B46: Radni stol
B47: - otvoreni - 1 korito 400x400x200 mm desno - jednoručna ugradna slavina s dugim izljevom udaljenim minimalno 35 cm od osi slavine i dugom plastičnom ručkom za upravljanje laktom dužine minimalno 35 cm od osi slavine - polica - zaštita zida - podesive inox inogice - izvedba komplet inox lim AISI 304 SB+PVC - svi oštri rubovi moraju biti pertlani zbog lakšeg održavanja i zaštite od povreda. - s kompletom sifona i PVC cijevi za odvod Ø50 mm - svi potrebni priključni elementi i spojni materijal
A48: a) | B48: radni stol, dimenzija 1100 x 700 x 900 mm | C48: kom | D48: 1 | E48: 790 | F48: =IF(OR(OR(E48=0,E48=" "),OR(D48=0,D48=" "))," ",D48*E48) -> 790
A50: 1.9. | B50: Hlađeni stol
B51: - 3 hlađena vrata - kompresor desno - temperaturni režim +0/+10°C - digitalno upravljanje - mirno hlađenje - automatsko otapanje - rashladno sredstvo je ekološki prihvatljiv plin sukladno propisima na dan isporuke - ukupna snaga: 350 W - izvedba komplet inox lim AISI 304 SB+PVC - svi oštri rubovi moraju biti pertlani zbog lakšeg održavanja i zaštite od povreda.
A52: a) | B52: hlađeni stol, dimenzija 1870 x 700 x 900 mm | C52: kom | D52: 1 | E52: 2120 | F52: =IF(OR(OR(E52=0,E52=" "),OR(D52=0,D52=" "))," ",D52*E52) -> 2120
A54: 1.10. | B54: Stolni kuhinjski univerzalni stroj za obradu povrća
B55: - Broj okretaja: 320 o/minuti - Elektronsko upravljanje - Konstrukcija stroja od nehrđajućeg čelika i aluminija - Poklopac od nehrđajućeg čelika - Ventilirani motor za kontinuiranu uporabu - Sigurnost pri radu pomoću mikroprekidača - Priključna snaga: 380Watt; Napon: 230V/50 Hz - dolazi s 5 diskova: 2mm kriške, 10mm kriške, 10mm štapići, 10mm kocke, 4mm julienne
A56: a) | B56: univerzalni stroj za obradu povrća, dimenzija 570 x 240 x 470 mm | C56: kom | D56: 1 | E56: 1210 | F56: =IF(OR(OR(E56=0,E56=" "),OR(D56=0,D56=" "))," ",D56*E56) -> 1210
A58: 1.11. | B58: Sanitarna pregrada
B59: - izvedba komplet inox lim AISI 304 SB+PVC - svi oštri rubovi pertlani zbog lakšeg održavanja i zaštite od povreda.
A60: a) | B60: sanitarna pregrada, dimenzija 500 x 600 x 20 mm | C60: kom | D60: 1 | E60: 115 | F60: =IF(OR(OR(E60=0,E60=" "),OR(D60=0,D60=" "))," ",D60*E60) -> 115
A61: 1.12. | B61: Hlađeni stol
B62: - 3 hlađena vrata - kompresor desno - temperaturni režim +0/+10°C - digitalno upravljanje - mirno hlađenje - automatsko otapanje - rashladno sredstvo je ekološki prihvatljiv plin sukladno propisima na dan isporuke - ukupna snaga: 350 W - izvedba komplet inox lim AISI 304 SB+PVC - svi oštri rubovi moraju biti pertlani zbog lakšeg održavanja i zaštite od
A63: a) | B63: hlađeni stol, dimenzija 1870 x 700 x 900 mm | C63: kom | D63: 1 | E63: 2120 | F63: =IF(OR(OR(E63=0,E63=" "),OR(D63=0,D63=" "))," ",D63*E63) -> 2120
A65: 1.13. | B65: Radni stol
B66: - otvoreni - 1 korito 400x400x200 mm lijevo - polica - zaštita zida - podesive inox inogice - izvedba komplet inox lim AISI 304 SB+PVC - svi oštri rubovi moraju biti pertlani zbog lakšeg održavanja i zaštite od povreda. - s kompletom sifona i PVC cijevi za odvod Ø50 mm - svi potrebni priključni elementi i spojni materijal
A67: a) | B67: radni stol, dimenzija 1060 x 700 x 900 mm | C67: kom | D67: 1 | E67: 770 | F67: =IF(OR(OR(E67=0,E67=" "),OR(D67=0,D67=" "))," ",D67*E67) -> 770
A69: 1.14. | B69: Radni stol zatvoreni
B70: - zatvoreni s kliznim vratima - polica - klizna vrata sa duplom stijenkom - svi oštri rubovi moraju biti pertlani zbog lakšeg održavanja i zaštite od povreda. - izvedba komplet inox lim AISI 304 SB+PVC
A71: a) | B71: radni stol, dimenzija 1410 x 700 x 900 mm | C71: kom | D71: 1 | E71: 930 | F71: =IF(OR(OR(E71=0,E71=" "),OR(D71=0,D71=" "))," ",D71*E71) -> 930
A73: 1.15. | B73: Električni štednjak s punom pločom
B74: - otvoreni ormarić - radna ploča i prednje ploče od nehrđajućeg čelika AISI 304. - posebna posebno debela čelična površina s 4 neovisne zone za kuhanje - grijanje pomoću otpornika niti ugrađenih ispod ploče i omogućenih regulatorima snage - svjetlo za napajanje - podesive noge - snaga: 9 kW, 400V
A75: a) | B75: električni štednjak s punom pločom, dimenzija 800 x 714 x 900 mm | C75: kom | D75: 1 | E75: 3190 | F75: =IF(OR(OR(E75=0,E75=" "),OR(D75=0,D75=" "))," ",D75*E75) -> 3190
A77: 1.16. | B77: Radni blok stol
B78: - otvoreni ormarić - radna ploča od nehrđajućeg čelika AISI 304
A79: a) | B79: radni blok stol, dimenzija 400 x 714 x 900 mm | C79: kom | D79: 1 | E79: 770 | F79: =IF(OR(OR(E79=0,E79=" "),OR(D79=0,D79=" "))," ",D79*E79) -> 770
A81: 1.17. | B81: Slavina za termoblok s mješalicom
B82: Visina 650 mm, dužina 440 mm Maksimalni protok: 24 L/min na 4 Bar-a
A83: a) | B83: slavina za termoblok s mješalicom | C83: kom | D83: 1 | E83: 285 | F83: =IF(OR(OR(E83=0,E83=" "),OR(D83=0,D83=" "))," ",D83*E83) -> 285
A85: 1.18. | B85: Električni štednjak s indukcijskom pločom
B86: - otvoreni ormarić - radna ploča i prednje ploče od nehrđajućeg čelika AISI 304 - vrh od pirokerama debljine 6 mm - maksimalna ušteda energije jer je grijanje kuhališta omogućeno samo kada je posuda u izravnom kontaktu s površinom - zona grijanja se sama regulira prema promjeru posude - trenutni automatski prekid kada se posuda skine s vrha - elektronska regulacija temperature, zahvaljujući potenciometru - digitalni mjerač odmah pokazuje postavljenu razinu snage između 1 i 9 - ručka visoke otpornosti od čelika AISI 304 debljine 20/10 - podesive noge - snaga: 7 kW, 400V
A87: a) | B87: električni štednjak s indukcijskom pločom, dimenzija 400 x 714 x 900 mm | C87: kom | D87: 1 | E87: 5900 | F87: =IF(OR(OR(E87=0,E87=" "),OR(D87=0,D87=" "))," ",D87*E87) -> 5900
A89: 1.19. | B89: Električna nagibna tava kapaciteta 60 litara
B90: - poklopac sa sustavom za skupljanje kondenzata pričvršćenim na samouravnoteženoj šarki - spremnik za kuhanje s dnom i stijenkama od nehrđajućeg čelika AISI 304, ručnim nagibom do 80°, s neljepljivom završnom obradom od mikrosfere i zaobljenim rubovima - čelično dno spremnika debljine 10 mm, izvana zavareno za bolju toplinsku vodljivost - jednolika toplina kao rezultat izravnog kontakta grijaćih elemenata s bazom. - napajanje kontrolirano prekidačem i termostatom (100°C - 300°C) - sigurnosni termostat s ručnim ponovnim pokretanjem - podesive noge - snaga: 9 kW, 400V
A91: a) | B91: električna nagibna tava, dimenzija 800 x 714 x 900 mm | C91: kom | D91: 1 | E91: 4800 | F91: =IF(OR(OR(E91=0,E91=" "),OR(D91=0,D91=" "))," ",D91*E91) -> 4800
A93: 1.20. | B93: Električni kotao kapaciteta 50 litara
B94: - radna ploča i prednje ploče od nehrđajućeg čelika AISI 304 - Posuda za kuhanje od nehrđajućeg čelika AISI 304 debljine 15/10, dno od nehrđajućeg čelika AISI 316 debljine 20/10 - plašt s dnom i stijenkama od nehrđajućeg čelika AISI 304, dno debljine 20/10, stijenke debljine 15/10 - neizravno grijanje s parom niskog tlaka (0,5 bara) koja se stvara unutar plašta kroz otpornike opremljene sigurnosnim termostatom - slavine za toplu i hladnu vodu na radnoj ploči sa zglobnim izljevom za punjenje i pranje posude i plašta - 1 1/2” odvodna slavina od kromiranog mesinga s atermičkom ručkom - mehanički mjerač s pokazivačem pritiska na plaštu - napajanje regulirano prekidačem s 3 položaja - zasebna kontrola za regulaciju temperature - kontrolno svjetlo i indikatorsko svjetlo temperature - podesive noge - snaga: 9 kW 380-415 V3N~
A95: a) | B95: električni kotao, dimenzija 800 x 714 x 900 mm | C95: kom | D95: 1 | E95: 5540 | F95: =IF(OR(OR(E95=0,E95=" "),OR(D95=0,D95=" "))," ",D95*E95) -> 5540
A97: 1.21. | B97: Topla kupka kapaciteta 4 GN 1/1 - 200 mm
B98: - neutralni ormarić zatvorenim s kliznim vratima - klizna vrata sa duplom stijenkom - svi oštri rubovi pertlani zbog lakšeg održavanja i zaštite od povreda - digitalni termostat - regulacija temperature od 30-90°C -priključna snaga 2 kW, 230V - inox izvedba
A99: a) | B99: topla kupka, dimenzija 1410 x 700 x 900 mm | C99: kom | D99: 1 | E99: 2000 | F99: =IF(OR(OR(E99=0,E99=" "),OR(D99=0,D99=" "))," ",D99*E99) -> 2000
A101: 1.22. | B101: Ventilacijska napa | C101: - | D101: - | F101: -
B102: - centralna izvedba, dimenzija 1800 x 1600 x 500 mm - NE NUDITI - obračunata u strojarskim radovima
A104: 1.23. | B104: Električna parnokonvekcijska pećnica
B105: - konvektomat za 10 GN 1/1 posuda s ugrađenim bojlerom smještenim izvan komore za kuhanje, ali unutar strukture pećnice - višejezična upravljačka ploča visoke razlučivosti sa 7” dodirnim zaslonom u boji - sustav distribucije zraka: ventilator s automatskom rotacijom unatrag i 10 različitih brzina - predgrijavanje do 13% više od postavljene temperature kuhanja (304°C maksimalna temperatura) - načini kuhanja: Automatski način (8 obitelji namirnica i 72 unaprijed postavljene varijante); Programi (do 40 programa se mogu razvrstati i spremiti); Ručni način rada (parni ciklus, konvekcijski ciklus i kombinirani ciklus); Posebni ciklusi (à la carte menu, regeneracija, dizanje tijesta, hlađenje i pranje) - USB priključak za preuzimanje HACCP podataka, programa i postavki - Wi-Fi povezivanje - sonda za temperaturu jezgre s 4 senzora - integrirani sustav pranja - tri različita programa pranja (delikatno, srednje, teško) komore i "pulsirajući" sustav ispiranja pomaže u smanjenju potrošnje vode i snage, kao i upotrebe kemijskih sredstava za čišćenje. snaga: 18,5 kW, napon 400V
A106: a) | B106: električna parnokonvekcijska pećnica, dimenzija 895 x 940 x 1087 mm | C106: kom | D106: 1 | E106: 9700 | F106: =IF(OR(OR(E106=0,E106=" "),OR(D106=0,D106=" "))," ",D106*E106) -> 9700
A108: 1.24. | B108: Omekšivač vode
B109: Automatski omekšivač vode 4 lit.
A110: a) | B110: omekšivač vode | C110: kom | D110: 1 | E110: 510 | F110: =IF(OR(OR(E110=0,E110=" "),OR(D110=0,D110=" "))," ",D110*E110) -> 510
A112: 1.25. | B112: Postolje za konvektomat
B113: - vodilice za GN posude - Izrađen kompletno od nehrđajućeg čelika - Otvoreno - vodilice za umetanje gastro posuda (GN 1/1)
A114: a) | B114: postolje za konvektomat, dimenzija 899 x 690 x 850 mm | C114: kom | D114: 1 | E114: 510 | F114: =IF(OR(OR(E114=0,E114=" "),OR(D114=0,D114=" "))," ",D114*E114) -> 510
A116: 1.26. | B116: Ventilacijska napa | C116: - | D116: - | F116: -
B117: - zidna izvedba, dimenzija 1100 x 1300 x 400 mm - NE NUDITI - obračunata u strojarskim radovima
A119: 1.27. | B119: Hlađeni stol
B120: - 2 hlađena vrata - 1 korito na desnoj strani - kompresor desno - temperaturni režim +0/+10°C - digitalno upravljanje - mirno hlađenje - automatsko otapanje - rashladno sredstvo je ekološki prihvatljiv plin sukladno propisima na dan isporuke - ukupna snaga: 350 W - zaštita zida - podesive inox inogice - izvedba komplet inox lim AISI 304 SB+PVC - svi oštri rubovi moraju biti pertlani zbog lakšeg održavanja i zaštite od povreda. - s kompletom sifona i PVC cijevi za odvod Ø50 mm - svi potrebni priključni elementi i spojni materijal
A121: a) | B121: hlađeni stol, dimenzija 1500 x 700 x 900 mm | C121: kom | D121: 1 | E121: 1900 | F121: =IF(OR(OR(E121=0,E121=" "),OR(D121=0,D121=" "))," ",D121*E121) -> 1900
A123: 1.28. | B123: Radni stol
B124: - zatvoreni s kliznim vratima - polica - klizna vrata sa duplom stijenkom - svi oštri rubovi moraju biti pertlani zbog lakšeg održavanja i zaštite od povreda. - izvedba komplet inox lim AISI 304 SB+PVC
A125: a) | B125: radni stol, dimenzija 1400 x 700 x 900 mm | C125: kom | D125: 1 | E125: 930 | F125: =IF(OR(OR(E125=0,E125=" "),OR(D125=0,D125=" "))," ",D125*E125) -> 930
A127: 1.29. | B127: Viseći ormarić
B128: - zatvoreni sa kliznim vratima - skidljiva polica - vrata sa duplom stijenkom - svi oštri rubovi moraju biti pertlani zbog lakšeg održavanja i zaštite od povreda. - izvedba komplet inox lim AISI 304 SB+PVC
A129: a) | B129: viseći ormarić, dimenzija 1400 x 400 x 600 mm | C129: kom | D129: 2 | E129: 550 | F129: =IF(OR(OR(E129=0,E129=" "),OR(D129=0,D129=" "))," ",D129*E129) -> 1100
A131: 1.30. | B131: Stroj za rezanje kruha - poluautomatski
B132: - električni priključak: 0,75 kW - napon napajanja: 400V - širina rezanja: 15 mm - dužina rezanja: 520 mm - visina rezanja: 300 mm
A133: a) | B133: stroj za rezanje kruha, dimenzija 654 x 751 x 1240 mm | C133: kom | D133: 1 | E133: 3920 | F133: =IF(OR(OR(E133=0,E133=" "),OR(D133=0,D133=" "))," ",D133*E133) -> 3920
A135: 1.31. | B135: Ormar za kruh
...

Sheet 9.Opremanje
A1: GRADIR d.o.o. Zagreb, Solinska 19, ured: Ilica 124/1, tel./faks.: +385(0)13760383, e-pošta: info@gradir.com, OIB: 02776388180
A2: stavka | B2: opis stavke | C2: jed.mj. | D2: količina | E2: jedinična cijena | F2: ukupna cijena
A3: 1 | B3: 2 | C3: 3 | D3: 4 | E3: 5 | F3: 4x5=6
A5: 9. | B5: OPREMANJE
B8: OPĆI UVJETI TROŠKOVNIKA
B10: Za izradu elemenata opreme prema opisu stavaka troškovnika mogu se upotrebljavati samo materijali I klase koji odgovaraju hrvatskim i europskim normama te posjeduju sve potrebne ateste sukladnosti i dokaze kvalitete.
B12: U jediničnu cijenu svake stavke obvezno uključiti transport elemenata opreme, tj. svu nabavu, transport do objekta, transport na objektu, montažu, sastavljanje, sav potreban rad vezan za montažu, osnovni i pomoćni materijal (dijelove) i pomoćne radnje, razne pripomoći, izradu radioničke dokumentacije, sva ispitivanja i nabavu atestne dokumentacije na hrvatskom jeziku, sva čišćenja objekta u tijeku i nakon završetka montaže, a sve do potpune funkcionalne gotovosti svake pojedine stavke opreme i troškovnika u cjelini - ako opisom stavke nije drugačije određeno. Jedinična cijena također uključuje sva potrebna ispitivanja, kontrole, mjerenja, ateste i certifikate za sve izvedene montaže i ugrađene materijale elemenata opreme u svrhu dokazivanja njihove kvalitete.
B14: Namještaj namijenjen djeci mora biti usklađen s odgovarajućim normama, jednostavne i stabilne konstrukcije i dimenzioniran prema uzrastu djece kojoj je namijenjen. Sav namještaj treba biti bez oštrih rubova i uglova s mogućnošću lakog pranja i čišćenja a površine izvedene bez sjaja i refleksije. Boje moraju biti bez otrovnih sastojaka. Sve površine koje djeca mogu mehanički oštetiti trebaju biti jednostavno izmjenjive.
B15: Oprema i namještaj moraju biti funkcionalni i sigurni, prenosivi, stabilni, od kvalitetnog materijala, po mogućnosti prirodnog, lakog za održavanje, postojanih boja, estetskog izgleda i primjerenog dječjoj dobi. Sav namještaj treba biti dimenzioniran prema visini i dobi, te zadovoljavati ergonomske zahtjeve.
B16: Isporučitelj je dužan priložiti svu obveznu tehničku i prospektnu dokumentaciju i ateste sukladno propisima. Sva dokumentacija koja se prilaže mora biti na hrvatskom jeziku.
B18: NAPOMENA UZ ELEMENTE KOJI SE IZRAĐUJU PREMA SHEMAMA I NACRTIMA:
A20: 1. | B20: Izvođač je dužan izraditi detaljne radioničke nacrte za sve elemente namještaja (opreme) te sve uzorke materijala dati projektantu na uvid i odabir, a dotični element opreme izraditi nakon pismenog odobrenja projektanta. Boje svih elemenata odabire i pismeno odobrava projektant.
A22: 2. | B22: Oprema izrađena od materijala koji nije pismeno odobren od strane projektanta neće se moći ugraditi, a ponovna izrada ide na teret izvođača.
A24: 3. | B24: Sve stavke uključuju montažu ili postavu artikala na definiranu poziciju.
A26: 4. | B26: Obavezno zaštiti prethodne radove i zbrinuti otpad od ambalaže.
A28: 5. | B28: Sve mjere kontrolirati na objektu - obavezna izmjera.
A30: 6. | B30: Svi uzorci 'custom-made' (izrada po nacrtu) elemenata obavezno moraju biti ovjereni od strane projektanta radi usklađivanja s ostalim elementima građevine i/ili interieura.
B33: ODREDBA O NORMAMA:
B34: U dokumentaciji su navedena tehnička pravila koja opisuju predmet nabave pomoću hrvatskih odnosno europskih odnosno međunarodnih normi. Ponuditelj treba ponuditi predmet nabave u skladu s normama iz dokumentacije o nabavi ili jednakovrijednim normama. Stoga za svaku normu koja je navedena pod dotičnom normizacijskom sustavu dozvoljeno je nuditi jednakovrijednu normu, tehničko odobrenje odnosno uputu iz odgovarajuće hrvatske, europske ili međunarodne nomenklature.
B36: NORME
B38: ZA STOLICE:
B39: HRN EN 1729-1:2016 | C39: ili jednakovrijedna _______________________________.
B40: HRN EN 1729-2:2012 | C40: ili jednakovrijedna _______________________________.
B41: HRN EN 1728:2012 | C41: ili jednakovrijedna _______________________________.
B43: ZA STOLOVE:
B44: HRN EN 1729-1:2008 | C44: ili jednakovrijedna _______________________________.
B45: HRN EN 1729-2:2012 | C45: ili jednakovrijedna _______________________________.
B46: HRN EN 1728:2012 | C46: ili jednakovrijedna _______________________________.
B47: HRN EN 14074:2008 | C47: ili jednakovrijedna _______________________________.
B48: HRN EN 527-1:2011 | C48: ili jednakovrijedna _______________________________.
B49: HRN EN 527-2:2003 | C49: ili jednakovrijedna _______________________________.
B50: HRN EN 527-3:2003 | C50: ili jednakovrijedna _______________________________.
B52: ZA KORPUSNE ELEMENTE:
B53: HRN EN 12221-1:2008 | C53: ili jednakovrijedna _______________________________.
B54: HRN EN 14749:2008 | C54: ili jednakovrijedna _______________________________.
B55: HRN EN 15372:2008 | C55: ili jednakovrijedna _______________________________.
B56: HRI CEN/TT 14073-1:2008 | C56: ili jednakovrijedna _______________________________.
B57: HRN EN 14073-3:2008 | C57: ili jednakovrijedna _______________________________.
B58: HRN EN 14074:2008 | C58: ili jednakovrijedna _______________________________.
B59: HRN EN 1727:2001 | C59: ili jednakovrijedna _______________________________.
B61: ZA DIDAKTIKU:
B62: HRN EN 71-1:2011 | C62: ili jednakovrijedna _______________________________.
B63: HRN EN 71-2:2011 | C63: ili jednakovrijedna _______________________________.
B65: ZA LEŽALJKE:
B66: HRN EN 716-1:2013 | C66: ili jednakovrijedna _______________________________.
B67: HRN EN 716-2:2013 | C67: ili jednakovrijedna _______________________________.
B69: Dozvoljeno odstupanje u dimenzijama (visina, širina, dužina, debljina, promjeri) do ± 3%.
B70: Dozvoljeno odstupanje u masi, težini, gustoći i volumenu do ± 10%.
B71: Minimalni zahtjevi vezani za nosivosti te opterećenja dani su u opisu stavke.
B72: Kolorimetrijsko odstupanje boje < 1,5.
A77: A. | B77: SKUPNE JEDINICE, GARDEROBE I SANITARIJE
A80: A.1. | B80: SKUPNE JEDINICE JASLICA
A82: A.1.1. | B82: Dječji stol okrugli sa 4 noge, promjera 90 cm, izrađen od iverice oplemenjene melaminskom folijom debljine 18 mm, otpornom na ogrebotine, obrubljeno gumenom (keder) trakom T-profila, zaobljenih rubova, ojačanje (u skladu sa Zakonom o sigurnosti na radu) je dodatna donja ploča od istog materijala promjera 110,7 cm, obrub ABS traka debljine 0,5 mm, metalne noge Ø = 60 mm učvršćene na čeličnoj konstrukciji pričvršćenoj na donju ploču stola s minimalno 5 vijaka, s podesivom - promjenjivom visinom 49-55 cm i protukliznom zaštitom. Uključiti zaštitne elemente na nogama protiv grebanja poda. Sve u mat boji, po izboru projektanta. Boja RAL 1013 ili jednakovrijedna boja________________________. Prije konačnog odabira izvođač je dužan dostaviti uzorak projektirane boje i obrade. | C82: kom | D82: 15 | E82: 145 | F82: =IF((D82*E82)=0,"",(D82*E82)) -> 2175
A84: A.1.2. | B84: Dječja stolica sa rukonaslonom (mlađa jaslička skupina), visine 26 cm, konstrukcija natur bukov masiv, bezbojni lak, naslon i sjedalo anatomski oblikovani natur bukov šper. Uključiti zaštitne elemente na nogama protiv grebanja poda. Sve funkcionalne dimenzije i ostale značajke stolica usklađene sa zahtjevima HRN EN-1729-1 ili jednakovrijedna ___________________ i HRN EN-1729-2 ili jednakovrijedna ___________________. | C84: kom | D84: 60 | E84: 64 | F84: =IF((D84*E84)=0,"",(D84*E84)) -> 3840
A86: A.1.3. | B86: Stolica odgajateljska bez rukonaslona, visine 45 cm, konstrukcija natur bukov masiv, bezbojni lak, naslon i sjedalo anatomski oblikovani natur bukov šper. Uključiti zaštitne elemente na nogama protiv grebanja poda. Sve funkcionalne dimenzije i ostale značajke stolica usklađene sa zahtjevima HRN EN-1729-1 ili jednakovrijedna ___________________ i HRN EN-1729-2 ili jednakovrijedna ___________________. | C86: kom | D86: 5 | E86: 59 | F86: =IF((D86*E86)=0,"",(D86*E86)) -> 295
A88: A.1.4. | B88: Radni stol za odgajatelja sa 3 ladice (metabox + bravica), dim (ŠDV) 120 x 60 x 75 cm, izrađen od iverice oplemenjene melaminskom folijom debljine 18mm, u boji po izboru projektanta, otpornom na ogrebotine, obrubljeno keder trakom T-profila u boji po izboru projektanta, svi ostali rubovi obrađeni ABS trakom debljine 0.5mm, stražnja strana izrađena od istog materijala radi mogućnosti postavljanja elementa u prostor kao samostojeći, elementi sastavljeni bez vidljivih vijaka. Sve u mat boji, po izboru projektanta. Boja RAL 1013 ili jednakovrijedna boja________________________. Prije konačnog odabira izvođač je dužan dostaviti uzorak projektirane boje i obrade. | C88: kom | D88: 5 | E88: 295 | F88: =IF((D88*E88)=0,"",(D88*E88)) -> 1475
A90: A.1.5. | B90: Ormar odgajateljski sa 2 bravice, dim. (ŠDV) 100 x 40 x 86 cm s 2 police izrađen od iverice oplemenjene melaminskom folijom debljine 18 mm, otpornom na ogrebotine, obrubljeno gumenom (keder) trakom T-profila, svi ostali rubovi obrađeni ABS trakom debljine 0,5 mm, stražnja strana izrađena od istog materijala radi mogućnosti postavljanja elementa u prostor kao samostojeći, elementi sastavljeni bez vidljivih vijaka. Sve u mat boji, po izboru projektanta. Boja RAL 1013 ili jednakovrijedna boja________________________. Prije konačnog odabira izvođač je dužan dostaviti uzorak projektirane boje i obrade. | C90: kom | D90: 5 | E90: 185 | F90: =IF((D90*E90)=0,"",(D90*E90)) -> 925
A92: A.1.6. | B92: Ormarić otvoreni s 1 pregradom i 4 police (6 pretinaca), dim. (ŠDV) 100x40x86 cm izrađen od iverice oplemenjene melaminskom folijom debljine 18 mm, otpornom na ogrebotine, obrubljeno gumenom (keder) trakom T-profila, svi ostali rubovi obrađeni ABS trakom debljine 0,5 mm, stražnja strana izrađena od istog materijala radi mogućnosti postavljanja elementa u prostor kao samostojeći, elementi sastavljeni bez vidljivih vijaka. Sve u mat boji, po izboru projektanta. Boja RAL 1013 ili jednakovrijedna boja________________________. Prije konačnog odabira izvođač je dužan dostaviti uzorak projektirane boje i obrade. | C92: kom | D92: 5 | E92: 155 | F92: =IF((D92*E92)=0,"",(D92*E92)) -> 775
A94: A.1.7. | B94: Ormar s 4 police i središnjim dijelom za plastične kutije, dim. (ŠDV) 100x40x86 cm, opremljen s 8 pari vodilica U profila u središnjem dijelu, a sa svake strane po dvije police, izrađen od iverice oplemenjene melaminskom folijom debljine 18 mm, otpornom na ogrebotine, obrubljeno gumenom (keder) trakom T-profila, svi ostali rubovi obrađeni ABS trakom debljine 0,5 mm, bočne stranice zaobljenih uglova, stražnja strana izrađena od istog materijala radi mogućnosti postavljanja elementa u prostor kao samostojeći, element sastavljen bez vidljivih vijaka. Sve u mat boji, po izboru projektanta. Boja RAL 1013 ili jednakovrijedna boja________________________. Prije konačnog odabira izvođač je dužan dostaviti uzorak projektirane boje i obrade. | C94: kom | D94: 10 | E94: 205 | F94: =IF((D94*E94)=0,"",(D94*E94)) -> 2050
A96: A.1.8. | B96: Plastična kutija duboka, dim. (ŠDV) 31,2x37,7x15 cm, s dvostrukim žlijebom na bočnim stranama, te upuštenom ručkom na prednjem dijelu, za ormar iz stavke A.1.7., boja kutije transparentna bijela. | C96: kom | D96: 40 | E96: 10.5 | F96: =IF((D96*E96)=0,"",(D96*E96)) -> 420
A98: A.1.9. | B98: Ormar s 12 pretinaca, dim. (ŠDV) 100x40x86 cm, sa zrcalom sa stražnje strane. Izrađen od iverice oplemenjene melaminskom folijom debljine 18 mm, otpornom na ogrebotine, obrubljeno gumenom (keder) trakom T-profila, svi ostali rubovi obrađeni ABS trakom debljine 0,5 mm, bočne stranice zaobljenih uglova, stražnja strana izrađena od istog materijala radi mogućnosti postavljanja elementa u prostor kao samostojeći, element sastavljen bez vidljivih vijaka. Sve u mat boji, po izboru projektanta. Boja RAL 1013 ili jednakovrijedna boja________________________. Prije konačnog odabira izvođač je dužan dostaviti uzorak projektirane boje i obrade. | C98: kom | D98: 5 | E98: 310 | F98: =IF((D98*E98)=0,"",(D98*E98)) -> 1550
A100: A.1.10. | B100: Ormar na kotačima s trorednim policama za plastične kutije, dim. (ŠDV) 101x45,5x70 cm, opremljen sa 3 x 6 pari vodilica U profila za plastične kutije, izrađen od iverice oplemenjene melaminskom folijom debljine 18 mm, otpornom na ogrebotine, obrubljeno gumenom (keder) trakom T-profila, svi ostali rubovi obrađeni ABS trakom debljine 0,5 mm, bočne stranice zaobljenih uglova, stražnja strana izrađena od istog materijala radi mogućnosti postavljanja elementa u prostor kao samostojeći, element sastavljen bez vidljivih vijaka. Četiri kotačića na uglovima, s mogućnošću kočenja, nosač kotača izrađen od prešanog pocinčanog kromatiziranog čeličnog lima debljine 3 mm, kotač gumirani promjera 50 mm, ukupna visina nosača i kotača 70 mm, opterećenje: minimalno 40 kg po kotaču. Sve u mat boji, po izboru projektanta. Boja RAL 1013 ili jednakovrijedna boja________________________. Prije konačnog odabira izvođač je dužan dostaviti uzorak projektirane boje i obrade. | C100: kom | D100: 5 | E100: 230 | F100: =IF((D100*E100)=0,"",(D100*E100)) -> 1150
A102: A.1.11. | B102: Plastična kutija duboka, dim. (ŠDV) 31,2x37,7x15 cm, s dvostrukim žlijebom na bočnim stranama, te upuštenom ručkom na prednjem dijelu, za ormar iz stavke A.1.10., boja kutije transparentna bijela. | C102: kom | D102: 15 | E102: 10.5 | F102: =IF((D102*E102)=0,"",(D102*E102)) -> 157.5
A104: A.1.12. | B104: Plastična kutija plitka, dim. (ŠDV) 31,2x37,7x7,5 cm, s dvostrukim žlijebom na bočnim stranama, te upuštenom ručkom na prednjem dijelu, za ormar iz stavke A.1.10., boja kutije transparentna bijela. | C104: kom | D104: 60 | E104: 8 | F104: =IF((D104*E104)=0,"",(D104*E104)) -> 480
... A184: A.1.52. | B184: Prva pomoć - komplet pribor za pružanje prve pomoći | C184: kom | D184: 5 | E184: 18 | F184: =IF((D184*E184)=0,"",(D184*E184)) -> 90
A186: =A80 -> A.1. | B186: =CONCATENATE(B80," ", "UKUPNO:") -> SKUPNE JEDINICE JASLICA UKUPNO: | F186: =SUM(F82:F185) -> 65302.5
A189: A.2. | B189: SKUPNE JEDINICE VRTIĆA (MLAĐA I SREDNJA VRTIĆKA SKUPINA)
A191: A.2.1. | B191: Dječji stol u obliku pravilnog šesterokuta, sa 6 nogu, promjera 118,5 cm, jedna stranica duljine 60 cm, izrađen od iverice oplemenjene melaminskom folijom debljine 18 mm, otpornom na ogrebotine, obrubljeno gumenom (keder) trakom T-profila, zaobljenih rubova, ojačanje (u skladu sa Zakonom o sigurnosti na radu) je dodatna donja ploča od istog materijala promjera 110,7 cm obrub ABS traka debljine 0,5 mm, metalne noge Ø = 60 mm učvršćene na čeličnoj konstrukciji pričvršćenoj na donju ploču stola s minimalno 5 vijaka, s podesivom - promjenjivom visinom 49-55 cm i protukliznom zaštitom. Uključiti zaštitne elemente na nogama protiv grebanja poda. Sve u mat boji, po izboru projektanta. Boja RAL 1013 ili jednakovrijedna boja________________________. Prije konačnog odabira izvođač je dužan dostaviti uzorak projektirane boje i obrade. | C191: kom | D191: 8 | E191: 175 | F191: =IF((D191*E191)=0,"",(D191*E191)) -> 1400
A193: A.2.2. | B193: Dječja stolica bez rukonaslona, visine 30 cm, konstrukcija natur bukov masiv, bezbojni lak, naslon i sjedalo anatomski oblikovani natur bukov šper. Uključiti zaštitne elemente na nogama protiv grebanja poda. Sve funkcionalne dimenzije i ostale značajke stolica usklađene sa zahtjevima HRN EN-1729-1 ili jednakovrijedna ___________________ i HRN EN-1729-2 ili jednakovrijedna ___________________. | C193: kom | D193: 48 | E193: 49 | F193: =IF((D193*E193)=0,"",(D193*E193)) -> 2352
A195: A.2.3. | B195: Stolica odgajateljska bez rukonaslona, visine 45 cm, konstrukcija natur bukov masiv, bezbojni lak, naslon i sjedalo anatomski oblikovani natur bukov šper. Uključiti zaštitne elemente na nogama protiv grebanja poda. Sve funkcionalne dimenzije i ostale značajke stolica usklađene sa zahtjevima HRN EN-1729-1 ili jednakovrijedna ___________________ i HRN EN-1729-2 ili jednakovrijedna ___________________. | C195: kom | D195: 2 | E195: 59 | F195: =IF((D195*E195)=0,"",(D195*E195)) -> 118
A197: A.2.4. | B197: Radni stol za odgajatelja sa 3 ladice (metabox + bravica), dim (ŠDV) 120 x 60 x 75 cm, izrađen od iverice oplemenjene melaminskom folijom debljine 18mm, u boji po izboru projektanta, otpornom na ogrebotine, obrubljeno keder trakom T-profila u boji po izboru projektanta, svi ostali rubovi obrađeni ABS trakom debljine 0.5mm, stražnja strana izrađena od istog materijala radi mogućnosti postavljanja elementa u prostor kao samostojeći, elementi sastavljeni bez vidljivih vijaka. Sve u mat boji, po izboru projektanta. Boja RAL 1013 ili jednakovrijedna boja________________________. Prije konačnog odabira izvođač je dužan dostaviti uzorak projektirane boje i obrade. | C197: kom | D197: 2 | E197: 295 | F197: =IF((D197*E197)=0,"",(D197*E197)) -> 590
A199: A.2.5. | B199: Ormar odgajateljski sa 2 bravice, dim. (ŠDV) 100 x 40 x 86 cm s 2 police izrađen od iverice oplemenjene melaminskom folijom debljine 18 mm, otpornom na ogrebotine, obrubljeno gumenom (keder) trakom T-profila, svi ostali rubovi obrađeni ABS trakom debljine 0,5 mm, stražnja strana izrađena od istog materijala radi mogućnosti postavljanja elementa u prostor kao samostojeći, elementi sastavljeni bez vidljivih vijaka. Sve u mat boji, po izboru projektanta. Boja RAL 1013 ili jednakovrijedna boja________________________. Prije konačnog odabira izvođač je dužan dostaviti uzorak projektirane boje i obrade. | C199: kom | D199: 2 | E199: 185 | F199: =IF((D199*E199)=0,"",(D199*E199)) -> 370
A201: A.2.6. | B201: Ormarić otvoreni s 1 pregradom i 4 police (6 pretinaca), dim. (ŠDV) 100x40x86 cm izrađen od iverice oplemenjene melaminskom folijom debljine 18 mm, otpornom na ogrebotine, obrubljeno gumenom (keder) trakom T-profila, svi ostali rubovi obrađeni ABS trakom debljine 0,5 mm, stražnja strana izrađena od istog materijala radi mogućnosti postavljanja elementa u prostor kao samostojeći, elementi sastavljeni bez vidljivih vijaka. Sve u mat boji, po izboru projektanta. Boja RAL 1013 ili jednakovrijedna boja________________________. Prije konačnog odabira izvođač je dužan dostaviti uzorak projektirane boje i obrade. | C201: kom | D201: 4 | E201: 155 | F201: =IF((D201*E201)=0,"",(D201*E201)) -> 620
A203: A.2.7. | B203: Ormar s 4 police i središnjim dijelom za plastične kutije, dim. (ŠDV) 100x40x86 cm, opremljen s 8 pari vodilica U profila u središnjem dijelu, a sa svake strane po dvije police, izrađen od iverice oplemenjene melaminskom folijom debljine 18 mm, otpornom na ogrebotine, obrubljeno gumenom (keder) trakom T-profila, svi ostali rubovi obrađeni ABS trakom debljine 0,5 mm, bočne stranice zaobljenih uglova, stražnja strana izrađena od istog materijala radi mogućnosti postavljanja elementa u prostor kao samostojeći, element sastavljen bez vidljivih vijaka. Sve u mat boji, po izboru projektanta. Boja RAL 1013 ili jednakovrijedna boja________________________. Prije konačnog odabira izvođač je dužan dostaviti uzorak projektirane boje i obrade. | C203: kom | D203: 2 | E203: 205 | F203: =IF((D203*E203)=0,"",(D203*E203)) -> 410
A205: A.2.8. | B205: Plastična kutija duboka, dim. (ŠDV) 31,2x37,7x15 cm, s dvostrukim žlijebom na bočnim stranama, te upuštenom ručkom na prednjem dijelu, za ormar iz stavke A.2.7., boja kutije transparentna bijela. | C205: kom | D205: 8 | E205: 10.5 | F205: =IF((D205*E205)=0,"",(D205*E205)) -> 84
A207: A.2.9. | B207: Ormar s 2 dijela za plastične kutije i središnjim dijelom s dvije police, dim. (ŠDV) 100x40x86 cm, opremljen sa 2 x 8 pari vodilica U profila, izrađen od iverice oplemenjene melaminskom folijom debljine 18 mm, otpornom na ogrebotine, obrubljeno gumenom (keder) trakom T-profila, svi ostali rubovi obrađeni ABS trakom debljine 0,5 mm, bočne stranice zaobljenih uglova, stražnja strana izrađena od istog materijala radi mogućnosti postavljanja elementa u prostor kao samostojeći, element sastavljen bez vidljivih vijaka. Sve u mat boji, po izboru projektanta. Boja RAL 1013 ili jednakovrijedna boja________________________. Prije konačnog odabira izvođač je dužan dostaviti uzorak projektirane boje i obrade. | C207: kom | D207: 2 | E207: 170 | F207: =IF((D207*E207)=0,"",(D207*E207)) -> 340
A209: A.2.10. | B209: Plastična kutija duboka, dim. (ŠDV) 31,2x37,7x15 cm, s dvostrukim žlijebom na bočnim stranama, te upuštenom ručkom na prednjem dijelu, za ormar iz stavke A.2.9., boja kutije transparentna bijela. | C209: kom | D209: 8 | E209: 10.5 | F209: =IF((D209*E209)=0,"",(D209*E209)) -> 84
A211: A.2.11. | B211: Plastična kutija plitka, dim. (ŠDV) 31,2x37,7x7,5 cm, s dvostrukim žlijebom na bočnim stranama, te upuštenom ručkom na prednjem dijelu, za ormar iz stavke A.2.9., boja kutije transparentna bijela. | C211: kom | D211: 16 | E211: 8 | F211: =IF((D211*E211)=0,"",(D211*E211)) -> 128
A213: A.2.12. | B213: Ormar na kotačima s trorednim policama za plastične kutije, dim. (ŠDV) 101x45,5x70 cm, opremljen sa 3 x 6 pari vodilica U profila za plastične kutije, izrađen od iverice oplemenjene melaminskom folijom debljine 18 mm, otpornom na ogrebotine, obrubljeno gumenom (keder) trakom T-profila, svi ostali rubovi obrađeni ABS trakom debljine 0,5 mm, bočne stranice zaobljenih uglova, stražnja strana izrađena od istog materijala radi mogućnosti postavljanja elementa u prostor kao samostojeći, element sastavljen bez vidljivih vijaka. Četiri kotačića na uglovima, s mogućnošću kočenja, nosač kotača izrađen od prešanog pocinčanog kromatiziranog čeličnog lima debljine 3 mm, kotač gumirani promjera 50 mm, ukupna visina nosača i kotača 70 mm, opterećenje: minimalno 40 kg po kotaču. Sve u mat boji, po izboru projektanta. Boja RAL 1013 ili jednakovrijedna boja________________________. Prije konačnog odabira izvođač je dužan dostaviti uzorak projektirane boje i obrade. | C213: kom | D213: 2 | E213: 230 | F213: =IF((D213*E213)=0,"",(D213*E213)) -> 460
... A225: A.2.18. | B225: Pokretna polica za likovnu radionicu dim. (ŠDV) 60x60x60 cm, sa 4 pretinca u gornjem dijelu element, izrađen od iverice oplemenjene melaminskom folijom debljine 18mm, otpornom na ogrebotine, obrubljeno gumenom (keder) trakom T-profila, svi ostali rubovi obrađeni ABS trakom debljine 0,5 mm, elementi sastavljeni bez vidljivih vijaka. Četiri kotačića na uglovima, s mogućnošću kočenja, nosač kotača izrađen od prešanog pocinčanog kromatiziranog čeličnog lima debljine 3 mm, kotač gumirani promjera 50 mm, ukupna visina nosača i kotača 70 mm, opterećenje: minimalno 40 kg po kotaču. Sve u mat boji, po izboru projektanta. Boja RAL 1013 ili jednakovrijedna boja________________________. Prije konačnog odabira izvođač je dužan dostaviti uzorak projektirane boje i obrade. | C225: kom | D225: 2 | E225: 155 | F225: =IF((D225*E225)=0,"",(D225*E225)) -> 310
F226: =IF((D226*E226)=0,"",(D226*E226))
A227: A.2.19. | B227: Sklopivi slikarski stalak za 2 djece, dim. (ŠDV) 70x45x92 cm, od svijetlog natur drva, s po jednom metalnom policom za pribor na svakoj strani. | C227: kom | D227: 4 | E227: 215 | F227: =IF((D227*E227)=0,"",(D227*E227)) -> 860
A229: A.2.20. | B229: Dvostrani ormarić - pokretna biblioteka i polica za didaktički materijal, dim. (ŠDV) 134x50x122cm, na jednoj strani 4 reda kosine knjige i slikovnice, sa druge strane polica sa 6 pretinaca za didaktiku. Izrađen od iverice oplemenjene melaminskom folijom debljine 18mm, otpornom na ogrebotine, obrubljeno gumenom (keder) trakom T-profila, svi ostali rubovi obrađeni ABS trakom debljine 0,5 mm, elementi sastavljeni bez vidljivih vijaka. Ormarić je na kotačićima (četiri kotačića na uglovima, peti kotačić na sjecištu dijagonala donje plohe), nosač kotača izrađen od prešanog pocinčanog kromatiziranog čeličnog lima debljine 3 mm, kotač gumirani promjera 50 mm, ukupna visina nosača i kotača 70 mm, opterećenje: minimalno 40 kg po kotaču. Sve u mat boji, po izboru projektanta. Boja RAL 1013 ili jednakovrijedna boja________________________. Prije konačnog odabira izvođač je dužan dostaviti uzorak projektirane boje i obrade. | C229: kom | D229: 2 | E229: 270 | F229: =IF((D229*E229)=0,"",(D229*E229)) -> 540
A231: A.2.21. | B231: Modni centar, dim. (ŠDV) 100x40x120 cm opremljen sa 5 pari vodilica U profila, prednjica zavjesa, u unutrašnjosti okrugli metalni profil za vješanje odjeće na kotačima. Izrađen od iverice oplemenjene melaminskom folijom debljine 18 mm, otpornom na ogrebotine, obrubljeno gumenom (keder) trakom T-profila, svi ostali rubovi obrađeni ABS trakom debljine 0,5mm, bočne stranice zaobljenih uglova, stražnja strana izrađena od istog materijala radi mogućnosti postavljanja elementa u prostor kao samostojeći, element sastavljen bez vidljivih vijaka. Sve u mat boji, po izboru projektanta. Boja RAL 1013 ili jednakovrijedna boja________________________. Prije konačnog odabira izvođač je dužan dostaviti uzorak projektirane boje i obrade. | C231: kom | D231: 2 | E231: 220 | F231: =IF((D231*E231)=0,"",(D231*E231)) -> 440
A233: A.2.22. | B233: Plastična kutija duboka, dim. (ŠDV) 31,2x37,7x15 cm, s dvostrukim žlijebom na bočnim stranama, te upuštenom ručkom na prednjem dijelu, za modni centar iz stavke A.2.21., boja kutije transparentna bijela. | C233: kom | D233: 10 | E233: 10.5 | F233: =IF((D233*E233)=0,"",(D233*E233)) -> 105
A235: A.2.23. | B235: Pokretna polica - kutić trgovine dim. (ŠDV) 120x40x100 cm, na vrhu police je tenda od pamučnog dezeniranog platna, na bočnim stranicama otvori elipsoidnog oblika obrubljeni keder trakom T profila, gornja polica na visini 65 cm, prednje dvije police (sa rubnikom) lagano ukošene prema dolje, dvije police sa stražnje strane u vodoravnom položaju. Izrađen od iverice oplemenjene melaminskom folijom debljine 18mm, otpornom na ogrebotine, obrubljeno gumenom (keder) trakom T-profila, svi ostali rubovi obrađeni ABS trakom debljine 0,5 mm, elementi sastavljeni bez vidljivih vijaka. Četiri kotačića na uglovima, s mogućnošću kočenja, nosač kotača izrađen od prešanog pocinčanog kromatiziranog čeličnog lima debljine 3 mm, kotač gumirani promjera 50 mm, ukupna visina nosača i kotača 70 mm, opterećenje: minimalno 40 kg po kotaču. Sve u mat boji, po izboru projektanta. Boja RAL 1013 ili jednakovrijedna boja________________________. Prije konačnog odabira izvođač je dužan dostaviti uzorak projektirane boje i obrade. | C235: kom | D235: 2 | E235: 380 | F235: =IF((D235*E235)=0,"",(D235*E235)) -> 760
A237: A.2.24. | B237: Polica za građenje na kotačima s četiri dijela za plastične kutije, dim. (ŠDV) 82x82x52,5 cm, dvostruke funkcije za spremanje građevnog materijala, opremljen s 4 x 5 pari vodilica U profila, predviđen za plastične kutije: 4 duboke i 12 plitkih kutija. Gornja ploha za građenje presvučena protukliznom podlogom sa graničnikom 4 cm visine koji osigurava plohu zagrađenom, izrađena od iverice oplemenjene melaminskom folijom debljine 18 mm otpornom na ogrebotine, obrubljeno gumenom (keder) trakom T-profila, svi ostali rubovi obrađeni ABS trakom debljine 0,5 mm, elementi sastavljeni bez vidljivih vijaka. Četiri kotačića na uglovima, s mogućnošću kočenja, nosač kotača izrađen od prešanog pocinčanog kromatiziranog čeličnog lima debljine 3 mm, kotač gumirani promjera 50 mm, ukupna visina nosača i kotača 70 mm, opterećenje: minimalno 40 kg po kotaču. Sve u mat boji, po izboru projektanta. Boja RAL 1013 ili jednakovrijedna boja________________________. Prije konačnog odabira izvođač je dužan dostaviti uzorak projektirane boje i obrade. | C237: kom | D237: 2 | E237: 360 | F237: =IF((D237*E237)=0,"",(D237*E237)) -> 720
A239: A.2.25. | B239: Plastična kutija duboka, dim. (ŠDV) 31,2x37,7x15 cm, s dvostrukim žlijebom na bočnim stranama, te upuštenom ručkom na prednjem dijelu, za element iz stavke A.2.24., boja kutije transparentna bijela. | C239: kom | D239: 8 | E239: 10.5 | F239: =IF((D239*E239)=0,"",(D239*E239)) -> 84
A241: A.2.26. | B241: Plastična kutija plitka, dim. (ŠDV) 31,2x42,7x7,5 cm, s dvostrukim žlijebom na bočnim stranama, te upuštenom ručkom na prednjem dijelu, za element iz stavke A.2.24, boja kutije transparentna bijela. | C241: kom | D241: 24 | E241: 8 | F241: =IF((D241*E241)=0,"",(D241*E241)) -> 192
A243: A.2.27. | B243: Polivalentni pano za kazalište lutaka i sjena na kotačima, dim. (ŠDV) 40x60x120 cm, sa zavjesicom, sa jedne strane glatka ploha lagano ukošena sa otvorom (dim. ŠV 51 x 41 cm), a sa druge strane jedna polica u vodoravnom položaju ispod koje su 2 trokuke vješalice za ginjol lutke, izrađen od iverice oplemenjene melaninskom folijom debljine 18 mm, otpornom na ogrebotine, obrubljene gumenom (keder) trakom T-profila, svi ostali rubovi obrađeni ABS trakom debljine 0,5 mm, stražnja strana izrađena od istog materijala radi mogućnosti postavljanja elementa u prostor kao slobodnostojeći, element sastavljeni bez vidljivih vijaka. Četiri kotačića na uglovima, s mogućnošću kočenja, nosač kotača izrađen od prešanog pocinčanog kromatiziranog čeličnog lima debljine 3 mm, kotač gumirani promjera 50 mm, ukupna visina nosača i kotača 70 mm, opterećenje: minimalno 40 kg po kotaču. Sve u mat boji, po izboru projektanta. Boja RAL 1013 ili jednakovrijedna boja________________________. Prije konačnog odabira izvođač je dužan dostaviti uzorak projektirane boje i obrade. | C243: kom | D243: 2 | E243: 285 | F243: =IF((D243*E243)=0,"",(D243*E243)) -> 570
A245: A.2.28. | B245: Dječji drveni štednjak - element dječjeg kutića kuhinje, dim. (ŠDV) 40x30x55 cm, izrađen od iverice oplemenjene melaminskom folijom debljine 18 mm, otpornom na ogrebotine, obrubljeno gumenom trakom T-profila, svi ostali rubovi obrađeni ABS trakom 0,5 mm, vrata od istog materijala rubova obrađenih ABS trakom debljine 2 mm, sa otvorom od pleksiglasa debljine 4 mm, rubova obrubljenih gumenom (keder) trakom, metalne petlje ("clip" sistem sa lijevanom podesivom pločicom), sigurnosne ručke u boji gumene (keder) trake, "grijaće ploče" 4 komada različitih dimenzija izrađene od crnog pleksiglasa debljine 5mm, stražnja strana izrađena od istog materijala radi mogućnosti postavljanja elementa u prostor kao samostojeći, elementi sastavljeni bez vidljivih vijaka. Sve u mat boji, po izboru projektanta. Boja RAL 1013 ili jednakovrijedna boja________________________. Prije konačnog odabira izvođač je dužan dostaviti uzorak projektirane boje i obrade. | C245: kom | D245: 2 | E245: 155 | F245: =IF((D245*E245)=0,"",(D245*E245)) -> 310
A247: A.2.29. | B247: Dječji drveni sudoper - element dječjeg kutića kuhinje, dim. (ŠDV) 40x30x55 cm, izrađen od iverice oplemenjene melaminskom folijom debljine 18mm, otpornom na ogrebotine, obrubljeno gumenom (keder) trakom T-profila u boji po izboru, svi ostali rubovi obrađeni ABS trakom 0,5 mm, vrata od istog materijala, rubova obrađenih ABS trakom debljine 2 mm, metalne petlje ("clip" sistem sa lijevanom podesivom pločicom), sigurnosne ručke u boji gumene (keder) trake, kadica sudopera plastična, dim. 28x19,5x10 cm, stražnja strana izrađena od istog materijala radi mogućnosti postavljanja elementa u prostor kao samostojeći, elementi sastavljeni bez vidljivih vijaka. Sve u mat boji, po izboru projektanta. Boja RAL 1013 ili jednakovrijedna boja________________________. Prije konačnog odabira izvođač je dužan dostaviti uzorak projektirane boje i obrade. | C247: kom | D247: 2 | E247: 145 | F247: =IF((D247*E247)=0,"",(D247*E247)) -> 290
A249: A.2.30. | B249: Dječji drveni kuhinjski element - element dječjeg kutića kuhinje, dim. (ŠDV) 40x30x55 cm, izrađen od iverice oplemenjene melaminskom folijom debljine 18mm, otpornom na ogrebotine, obrubljeno gumenom (keder) trakom T-profila, svi ostali rubovi obrađeni ABS trakom debljine 0,5 mm, vrata od istog materijala, rubova obrađenih ABS trakom debljine 2 mm, metalne petlje ("clip" sistem sa lijevanom podesivom pločicom), sigurnosne ručke u boji gumene (keder) trake, stražnja strana izrađena od istog materijala radi mogućnosti postavljanja elementa u prostor kao samostojeći, elementi sastavljeni bez vidljivih vijaka. Sve u mat boji, po izboru projektanta. Boja RAL 1013 ili jednakovrijedna boja________________________. Prije konačnog odabira izvođač je dužan dostaviti uzorak projektirane boje i obrade. | C249: kom | D249: 2 | E249: 140 | F249: =IF((D249*E249)=0,"",(D249*E249)) -> 280
... A325: A.2.68. | B325: Prva pomoć - komplet pribor za pružanje prve pomoći | C325: kom | D325: 2 | E325: 18 | F325: =IF((D325*E325)=0,"",(D325*E325)) -> 36
A327: =A189 -> A.2. | B327: =CONCATENATE(B189," ", "UKUPNO:") -> SKUPNE JEDINICE VRTIĆA (MLAĐA I SREDNJA VRTIĆKA SKUPINA) UKUPNO: | F327: =SUM(F191:F326) -> 30226
A330: A.3. | B330: SKUPNE JEDINICE VRTIĆA (STARIJA I PREDŠKOLSKA VRTIĆKA SKUPINA)
A332: A.3.1. | B332: Dječji stol u obliku pravilnog šesterokuta, sa 6 nogu, promjera 118,5 cm, jedna stranica duljine 60 cm, izrađen od iverice oplemenjene melaminskom folijom debljine 18 mm, otpornom na ogrebotine, obrubljeno gumenom (keder) trakom T-profila, zaobljenih rubova, ojačanje (u skladu sa Zakonom o sigurnosti na radu) je dodatna donja ploča od istog materijala promjera 110,7 cm obrub ABS traka debljine 0,5 mm, metalne noge Ø = 60 mm učvršćene na čeličnoj konstrukciji pričvršćenoj na donju ploču stola s minimalno 5 vijaka, s podesivom - promjenjivom visinom 49-55 cm i protukliznom zaštitom. Uključiti zaštitne elemente na nogama protiv grebanja poda. Sve u mat boji, po izboru projektanta. Boja RAL 1013 ili jednakovrijedna boja________________________. Prije konačnog odabira izvođač je dužan dostaviti uzorak projektirane boje i obrade. | C332: kom | D332: 8 | E332: 175 | F332: =IF((D332*E332)=0,"",(D332*E332)) -> 1400
A334: A.3.2. | B334: Dječja stolica bez rukonaslona, visine 34 cm, konstrukcija natur bukov masiv, bezbojni lak, naslon i sjedalo anatomski oblikovani natur bukov šper. Uključiti zaštitne elemente na nogama protiv grebanja poda. Sve funkcionalne dimenzije i ostale značajke stolica usklađene sa zahtjevima HRN EN-1729-1 ili jednakovrijedna ___________________ i HRN EN-1729-2 ili jednakovrijedna ___________________. | C334: kom | D334: 48 | E334: 49 | F334: =IF((D334*E334)=0,"",(D334*E334)) -> 2352
A336: A.3.3. | B336: Stolica odgajateljska bez rukonaslona, visine 45 cm, konstrukcija natur bukov masiv, bezbojni lak, naslon i sjedalo anatomski oblikovani natur bukov šper. Uključiti zaštitne elemente na nogama protiv grebanja poda. Sve funkcionalne dimenzije i ostale značajke stolica usklađene sa zahtjevima HRN EN-1729-1 ili jednakovrijedna ___________________ i HRN EN-1729-2 ili jednakovrijedna ___________________. | C336: kom | D336: 2 | E336: 59 | F336: =IF((D336*E336)=0,"",(D336*E336)) -> 118
A338: A.3.4. | B338: Radni stol za odgajatelja sa 3 ladice (metabox + bravica), dim (ŠDV) 120 x 60 x 75 cm, izrađen od iverice oplemenjene melaminskom folijom debljine 18mm, u boji po izboru projektanta, otpornom na ogrebotine, obrubljeno keder trakom T-profila u boji po izboru projektanta, svi ostali rubovi obrađeni ABS trakom debljine 0.5mm, stražnja strana izrađena od istog materijala radi mogućnosti postavljanja elementa u prostor kao samostojeći, elementi sastavljeni bez vidljivih vijaka. . Sve u mat boji, po izboru projektanta. Boja RAL 1013 ili jednakovrijedna boja________________________. Prije konačnog odabira izvođač je dužan dostaviti uzorak projektirane boje i obrade. | C338: kom | D338: 2 | E338: 295 | F338: =IF((D338*E338)=0,"",(D338*E338)) -> 590
...
