Workbook
Name __xlnm.Print_Area_1: #REF!
Name __xlnm.Print_Area_2: #REF!
Name __xlnm.Print_Area_3: #REF!
Name __xlnm.Print_Area_4: #REF!
Name __xlnm.Print_Area_5: #REF!
Name __xlnm.Print_Titles_1: #REF!
Name __xlnm.Print_Titles_2: #REF!
Name __xlnm.Print_Titles_3: #REF!
Name __xlnm.Print_Titles_4: #REF!
Name d: #REF!
Name dadsada: #REF!
Name dasdasdasdsad: #REF!
Name dsadsadasdsadsadsadasd: #REF!
Name dsadsadsa: #REF!
Name OLE_LINK1_2: #REF!
Name OLE_LINK1_2: #REF!
Name OLE_LINK1_2: #REF!
Name OLE_LINK1_2_1: "#REF!"
Name OLE_LINK1_2_3: "#REF!"
Name OLE_LINK1_2_4: "#REF!"
Name OLE_LINK1_2_5: "#REF!"
Name OLE_LINK1_3: #REF!
Name OLE_LINK1_3: #REF!
Name OLE_LINK1_3: #REF!
Name OLE_LINK1_3_1: "#REF!"
Name OLE_LINK1_3_3: "#REF!"
Name OLE_LINK1_3_4: "#REF!"
Name OLE_LINK1_3_5: "#REF!"

Sheet I. GRAĐEVINSKO OBRTNIČKI
A1: Redni broj: | B1: OPIS STAVKE: | C1: Jedinica mjere: | D1: Količina: | E1: Jedinična cijena: | F1: Ukupno:
B4: IZGRADNJA DJEČJEG VRTIĆA POKUPSKA TROŠKOVNIK SVIH VRSTA RADOVA
B6: OPĆI UVJETI UZ TROŠKOVNIK
B7: Izvedba radova treba biti prema nacrtima, općim uvjetima i opisu radova, detaljima i prema pravilima zanata. Eventualna odstupanja treba prethodno dogovoriti s nadzornim inženjerom i projektantom za svaki pojedini slučaj.
B8: Sve mjere u planovima provjeriti u naravi. Svu kontrolu vršiti bez posebne naplate. Tolerancije mjera izvedenih radova određene su uzancama zanata, odnosno prema odluci projektanta i nadzorne službe.
B9: Sva odstupanja od dogovorenih tolerantnih mjera dužan je izvođač otkloniti o svom trošku. To vrijedi za sve vrste radova, kao što su građevinski, obrtnički i montažerski, opremanje i ostali radovi.
B10: Izrada tipskih primjeraka i uzoraka svih ugrađenih materijala ( npr. ograde, pregradne stijene, bravarija, opločenja i sl.), te ovjera istih kod glavnog projektanta u cijeni je stavki i u obvezi je izvođača.
B11: PRIPREMNI RADOVI
B12: Izvođač je dužan prije početka radova sprovesti sve pripremne radove da se izvođenje može nesmetano odvijati. U tu svrhu izvođač je dužan detaljno proučiti investiciono tehničku dokumentaciju, te izvršiti potrebne računske kontrole.
B13: Potrebno je proučiti sve tehnologije izvedbe pojedinih radova radi optimalne organizacije građenja, nabavke materijala, kalkulacije i sl. Nepoznavanje crtanog dijela projekta i tehničkog opisa neće se prihvatiti kao razlog za povišenje jediničnih cijena ili greške u izvedbi.
B14: Izvođač i njegovi kooperanti dužni su svaki dio investiciono tehničke dokumentacije pregledati, te dati primjedbe na eventualne tehničke probleme koji bi mogli prouzročiti slabiji kvalitet, postojnost ugrađenih elemenata ili druge štete. U protivnom biti će dužan ovakve štete sanirati o svom trošku.
B15: Naročitu pažnju kod toga treba posvetiti usaglašavanju građevinskih i instalaterskih nacrta. Ako ustanovi neke razlike u mjerama, nedostatke ili pogreške u podlogama, dužan je pravovremeno obavijestiti nadzornog inženjera i odgovornog projektanta, te zatražiti rješenja.
B16: Radove treba izvesti točno prema opisu troškovnika, a u stavkama gdje nije objašnjen način rada i posebne osobine finalnog produkta, izvođač je dužan pridržavati se uobičajenog načina rada, uvažavajući odredbe važećih standarda, uz obvezu izvedbe kvalitetnog proizvoda.
... B26: Na gradilištu moraju biti poduzete sve HTZ mjere prema postojećim propisima. Izvođač je dužan po završetku radova gradilište kompletno očistiti, skinuti i odvesti sve nasipe, betonske podloge, temelje strojeva, radnih i pomoćnih prostorija i drugo do zdrave zemlje da se može pristupiti hortikulturnom uređenju.
A27: A/ | B27: MATERIJAL
B28: Pod tim nazivom se podrazumjeva cijena materijala tj. dobavna cijena i to kako glavnog materijala, tako i pomoćnog, veznog materijala i sl.
B29: U cijenu materijala uključena je i cijena transportnih troškova bez obzira na prijevozno sredstvo sa svim prijenosima, utovarima i istovarima, te uskladištenje i čuvanje na gradilištu od unošenja (prebacivanje, zaštita i sl.), kao i davanje potrebnih uzoraka.
B30: Uskladištenje materijala treba provesti tako da materijal bude osiguran od vlaženja i lomova, jer se samo neoštećen i kvalitetan smije ugrađivati. Ovo se odnosi na sve gotove prefabrikate, obrtničke proizvode i materijal za obrtničke radove. Vezna sredstva također moraju biti prvorazredna. Cement, opeka, kameni agregat, pijesak, bitumen i sl. treba ispitati prema važećim tehničkim propisima i atesete predočiti nadzornom inženjeru.
A31: B/ | B31: RAD
B33: Ujedno treba uključiti sav rad oko zaštite gotovih konstrukcija i dijelova objekta od štetnog utjecaja vrućine, hladnoće i sl.
A34: C/ | B34: SKELE
B35: Sve vrste skele bez obzira na visinu ulaze u jediničnu cijenu pojedinog rada.
B36: Skela mora biti na vrijeme postavljena kako ne bi nastao zastoj u radu. Skele moraju biti u skladu s propisima HTZ. Iskopane rovove treba u načelu podupirati ako su dubine preko jednog metra. Osim toga, treba ukalkulirati sve potrebne zaštitne ograde, te rampe i mostove za prijevoz materijala po gradnji.
A37: D/ | B37: OPLATA
B38: Kod izrade oplate predviđeno je podupiranje, uklještenja, te postave i skidanje iste. U cijenu ulazi kvašenje oplate prije betoniranja, kao i mazanje limenih kalupa i sl.
B39: Po završetku betoniranja, sva se oplata nakon određenog vremena mora očistiti i sortirati.
A40: E/ | B40: OBRAČUN
B41: Ukoliko nije u pojedinoj stavci dat način obračuna radova, treba se u svemu pridržavati prosječnih normi u građevinarstvu.
A42: F/ | B42: ZIMSKI I LJETNI RAD
B43: Ukoliko je u ugovoreni termin izvršenja objekta uključen i zimski odnosno ljetni period, to se neće posebno izvoditelju priznavati na ime naknade, već sve mora biti uključeno u jediničnu cijenu. Za vrijeme zime građevina se mora zaštititi. Svi eventualno smrznuti dijelovi moraju se ukloniti i izvesti ponovno bez bilo kakve naplate.
B44: Ukoliko je temperatura niža od temperature, pri kojoj je dozvoljen određeni rad, a investitor ipak traži da se radovi izvode, izvoditelj ima pravo računati naknadu po važećoj normi ali u tom slučaju izvoditelj snosi punu odgovornost za ispravnost i kvalitetu izvedenih radova.
B45: To isto vrijedi i za zaštitu radova tokom ljeta od prebrzog sušenja uslijed visoke temperature. Ukoliko dođe do kašnjenja u dinamici krivnjom izvoditelja, dodatne troškove pri radu na niskim temperaturama snosi izvoditelj.
A46: G/ | B46: FAKTORI
B47: Na jediničnu cijenu radne snage izvoditelj ima pravo zaračunati faktor prema postojećim gospodarskim instrumentima na osnovu zakonskih propisa.
B48: Povrh toga izvođač će faktorom obuhvatiti i sljedeće radove, koji se neće zasebno obračunavati kao naknadni rad, i to:
B49: * kompletnu režiju gradilišta, uključujući dizalice, mostove, svu potrebnu mehanizaciju i sl.
B50: * izvedbu privremenih pristupnih puteva u okviru gradilišta
B51: * sva ispitivanja materijala,
B52: * uskladištenje materijala i elemenata za obrtničke i instalaterske radove do njihove ugradbe,
B53: * uređenje gradilišta po završetku rada, sa otklanjanjem svih otpadaka, šute, ostataka građevnog materijala, inventara, pomoćnih objekata, itd.
B54: Svaka grupa radova u troškovniku ima svoje opće uvjete koji SU SASTAVNI DIO SVAKE POJEDINE STAVKE. Sve što je navedeno u njima, a nije u pojedinačnom opisu stavke smatra se uključenim u jediničnu cijenu.
B55: Sve privremene gradilišne energetske priključke za potrebe izvođenja radova izvoditelj mora sam riješiti s nadležnim organizacijama o svom trošku i izvesti priključak sukladno Zakonu o zaštiti na radu NN 59/96, 94/96, 114/03, 86/08, 75/09, 143/12. Potreba za gradilišnim vodovodnim priključkom izvoditelj također rješava sa nadležnom komunalnom organizacijom od koje treba zatražiti priključak sa brojilom. Izvođač će bez dodane naplate izvesti prema potrebi sve potrebne privremene priključke na vodovod, kanalizaciju, električnu mrežu i telefon, te provesti posebnu rasvjetu na gradilištu, uključivo propisanu svjetlosnu signalizaciju. Izvoditelj mora izvesti pripremne radove za neometano izvođenje ugovorenih radova bez dodatne naplate te mora osigurati pogodan prilaz do objekta i mjere sigurnosti u toku radova na građevinama.
B56: Izvođač je odgovoran za sve radove, materijale i imovinu do primopredaje objekta. Prilazni put za operativni rad ljudi i mehanizacije obveza je izvođača, ne obračunava se posebno već je ukalkulirana u cijene svih stavaka troškovnika (isto se odnosi na postavljanje ograde, baraka, natpisne ploče, trošak benzina ili nafte isl.) Izvođač je dužan postaviti i instalirati sve privremene objekte, ograde, zaštite, opremu i instalacije potrebne za normalno izvođenje radova, te ih nakon završetka radova sa gradilišta ukloniti. Privremeni objekti, ograde, zaštite, oprema obuhvaćaju, pored ostalog, i uređenje prostora, izgradnju eventualno potrebnih baraka, povremeno uređenje postojećih prostorija, sanitarija, dopremu i postavu građevinskih dizala, kranova i dizalica, privremena stubišta, ljestve i penjalice, ograde, zaštitne ograde, skele, platforme, oznake, protupožarnu opremu i sve ostalo potrebno za brzo i sigurno odvijanje izgradnje. Izvođač će sve ove radove izvesti bez posebne naplate.
B57: Izvedba zaštitne ograde gradilišta za vrijeme trajanja iskopa i poslije do završetka gradnje faze objekta u kojoj nije potrebna. Tu fazu će odobriti nadzorni inžinjer u suglasju sa vodstvom gradnje. Stupovi ograde moraju biti fiksirani za podlogu , a mogu biti betonski ili čelični. Ograda treba biti čvrsta i napravljena od čeličnih okvira sa mrežastom ispunom ili sl., visine najmanje 2,00 m. Zaštitna ograda prati granicu parcele. Nadzorni inžinjer će provjeriti i odobriti stanje ograde te nakon toga odobriti daljnje radove na iskopu. Ograda mora biti uređena sukladno odredbama Zakona o zaštiti na radu sukladno elaboratu uređenja gradilišta. Duljina ograde 370m
B58: Postava nanosne skele za budući objekt, razmjerenje i kontrola mjera na terenu, određivanje točnih visina i kota kao i drugi radovi koje je potrebno izvršiti prije početka radova.
A61: I. A. | B61: GRAĐEVINSKI RADOVI
A64: I. A. 01. | B64: ZEMLJANI RADOVI
B66: OPĆI UVJETI
B67: Prije početka zemljanih radova potrebno je izvršiti prethodne radove na pripremi i uređenju gradilišta tj. čišćenje terena, prilaze i organizaciju gradilišta. Pripremni radovi i radovi na organizaciji gradilišta neće biti obračunati posebno, već su obuhvaćeni u faktoru. Investitor stavlja na raspolaganje teren, koji je potreban za zemljane radove, s izuzetkom deponije za otpad. Izvođač se prije izvođenja radova mora informirati o točnom smještaju prepreka, kao vodova, kablova, kanala, oznaka i si. i po potrebi ishoditi dopuštenje za kopanje od nositelja (vlasnika) prava.
B68: Cijenama je pokriveno između ostalog: - poteškoće zbog mokrog iskopanog materijala - poteškoće, koje su uvjetovane godišnjim dobom ili nepovoljnim vremenom i s kojima se normalno mora računati - uklanjanje normalnih padalina - mjere zaštite od normalnih padalina - prebacivanje strojeva i uređaja na području gradilišta, ukoliko za to nije zadužen Nalogodavac - osiguranje prometa i tekuće čišćenje korištenih javnih ulica i puteva, ukoliko su prouzročene zemljanim radovima i ukoliko se izričito ne radi o Posebnim odredbama - zaštita od prašine pri transportima - međuskladištenje na zahtjev Izvođača
B69: S cijenama nije pokriveno: - radovi držanja vode, ukoliko se ne radi o uklanjanju padalina - vrijeme zastoja pri prekidu zbog pronalaženja zaostalih streljiva i povijesno značajnih iskapanja
B70: Iskopani materijal mora načelno odvesti Izvođač na deponiju po svom izboru, ukoliko nije drugačije navedeno. Iskopan materijal, koji je potreban za ponovno punjenje, skladištit će se privremeno u dogovoru s Nalogodavcem, ukoliko ne može ostati na mjestu ugradnje. Ako Nalogodavac kao privremeno skladištenje ili deponiju odredi odlagalište, onda je to obvezatno za predaju ponude. U okviru izvođenja gradnje može se dogovoriti nešto drugo. Ako u Popisu radova nije određeno, mora se za iskopani materijal, koji se općenito može ponovno koristiti (npr. humus, šljunak, pijesak, glina, prirodni kameni materijal), prije nego se stavi na raspolaganje, postići dogovor.
B71: Već postojeće okolčavanje, graničnike, fiksne točke, oznake visina itd. za zgradu ili za vođenje cesta i puteva, mora izvođač osigurati prije početka radova. Ako je potrebno, izmjeriti postojeći teren prije izvedbe radova skupa s Izvođačem i Investitorom u pogledu položaja i visine i rezultat utvrditi zapisnički. Buseni trave i iskopan gornji sloj skladištit će se prema dogovoru s Investitorom na prikladnom mjestu i na prikladnu površinu. Ako se pri iskapanju naiđe na svojstva tla, koja odstupaju od opisa radova, ili nastupe okolnosti, zbog kojih se propisani radovi iskapanja ne mogu provesti, mora se odmah hitno održati poseban dogovor s Investitorom.Kod zemljanih radova i zatrpavanja treba obratiti pažnju da se ugradi zemlja ili kamen, koje je prikladno za predviđenu svrhu primjene. Ako postoje opravdane sumnje u sposobnost sabijanja, treba informirati Investitorom ili njegovog voditelja gradnje.
B72: Modul zbijenosti nosive podloge ispod temelja kao i unutar temelja objekta izvesti prema uputi geomehaničara i statičara.
B73: Kod nasipavanja nakon izvedbe temelja, postave i zaštite horizontalne kanalizacije, materijal je potrebno polijevati kako bi se dobila potrebna zbijenost. Nabijanje izvesti u slojevima do najviše 30 cm s vibro-nabijačima ili žabama. Za nasipavanje ispod betonskih podloga podova na zemlji imaju se upotrijebiti troškovnikom propisani materijali u predviđenim debljinama slojeva.
B74: Modul zbijenosti nasipa odnosno tampona kod cestovnih površina mora biti sljedeći: - za nasip kameni - šljunčani Me 40 MPa/m² - za zemljani nasip Me 30 MPa/m²
B75: Izvođač je dužan prije zatrpavanja jarkova provjeriti da u prostoru, koji treba zatrpati, nema građevinskog otpada, smeća i si. Ako to nije slučaj, treba odmah izvijestiti Nalogodavca.Prije ponovne ugradnje materijala, koji je dobiven pri kopanju odnosno prije zatrpavanja ili zasipanja s materijalom, koji je nabavio Izvođač, potrebno je ishoditi odobrenje Investorom za njegovo korištenje.
B76: NAPOMENA: Sav materijal iz širokog iskopa iskorisiti će se za radove nasipavanja i uređenja okoliša oko zgrade na čestici, obrađene pripadajućim troškovnikom
B77: ZEMLJANI RADOVI
A79: I.A.01.01. | B79: Geodetsko praćenje izvedbe na objektu. Praćenje izvedbe OTKOPA, izvedbe svih konstruktivnih dijelova kako tlocrtno (osno), tako i visinski. Rad obavlja ovlašteni inženjer geodezije. Potrebno je praćenje na izvedbi SVIH DIJELOVA GRAĐEVINE , te kontrolu osi u tlocrtnom i visinskom smislu tijekom građenja građevine. | C79: komplet | D79: 1 | E79: 6000 | F79: =D79*E79 -> 6000
A81: I.A.01.02. | B81: Skidanje sloja humusa prosječne debljine 20 cm. Humus se iskopava isključivo strojno, bagerima ili univerzalnim strojevima, a ručno jedino tamo gdje to strojevi ne bi mogli obaviti na zadovoljavajući način. Iskopani materijal zbrinuti, uklj. pristojbu za deponiju, ili deponirati za eventualnu ponovnu upotrebu a sve u dogovoru sa nadzornim inženjerom. U cijenu uključiti utovar iskopanog materijala u prevozno sredstvo te odvoz iskopanog materijala na privremenu gradilišnu deponiju. Odvoz i zbrinjavanje viška materijala obračunava se kroz zasebnu stavku. Obračun po m³ u zbijenom stanju. | C81: m³ | D81: 360 | E81: 20 | F81: =D81*E81 -> 7200
A83: I.A.01.03. | B83: Iskop zemlje za trakaste temelje ispod podnih ploča prizemlja u tlu C ktg, kategorija iskopa 3/II – 4/III, dubine prema projektu. Iskopani materijal zbrinuti, uklj. pristojbu za deponiju, ili deponirati za ponovnu ugradnju u potrebnom obimu za zatrpavanje a sve u dogovoru sa nadzornim inženjerom. U jediničnu cijenu ukalkulirati iskop u zbijenom stanju bez obzira na kategoriju zemljišta, utovar iskopanog materijala u prevozno sredstvo te odvoz iskopanog materijala na privremenu gradilišnu deponiju. U jediničnoj cijeni također je sadržano čišćenje pokosa od labilnih blokova i rastresitog materijala, planiranje iskopanih susjednih površina te izvođač nema pravo zahtjevati bilo kakvu naknadu za taj rad. Obračun u m3 sraslog tla.
B84: - iskop za trakaste temelje i podložni beton ispod njih | C84: m³ | D84: 550 | E84: 20 | F84: =D84*E84 -> 11000
A86: I.A.01.04. | B86: Iskop zemlje ispod armiranobetonskih ploča prizemlja radi planiranja i nabijanja tla prosječne debljine 50 cm. Iskopani materijal zbrinuti, uklj. pristojbu za deponiju, ili deponirati za ponovnu ugradnju u potrebnom obimu za zatrpavanje, a sve u dogovoru sa nadzornim inženjerom.
B87: - iskop ispod AB ploča prizemlja | C87: m³ | D87: 500 | E87: 20 | F87: =D87*E87 -> 10000
A89: I.A.01.05. | B89: Planiranje terena ispod podne ploče prizemlja, sa zbijanjem površine. Planiranje na kote iz izvedbenog projekta. U ovoj stavci obračunavaju se i mali otkopi za šahtove instalacija i sl, uz predviđeni pokos, te fino niveliranje denivelacija i pokosi, sve prema izvedbenim nacrtima, ređenje temeljnog tla nasipa mehaničkim zbijanjem. Obuhvaća sav prijevoz i materijal, čišćenje, planiranje, izravnavanje usitnjenim kamenim materijalom,sušenje ili vlaženje i zbijanje. Obračun po m² uređenog temeljnog tla.
B90: Prosječni otkop je 0,7 m³/m², točnost ±3 cm. Otkope izvoditi strojno i ručno, prema potrebi.
B91: A) planiranje temeljnog tla ispod podne ploče prizemlja | C91: m² | D91: 1700 | E91: 2 | F91: =D91*E91 -> 3400
B92: B) planiranje temeljnog tla ispod trakastih temelja | C92: m² | D92: 470 | E92: 5 | F92: =D92*E92 -> 2350
A94: I.A.01.06. | B94: Zamjena sloja slabog nosivog temeljnog tla debljine 50cm.ispod podne ploče prizemlja. Podna ploča je monolitna AB ploča debljine d= 20 cm, beton C 25/30, a armira se prema statičkom proračunu Ispod podne ploče se obavezno mora strojno nabiti kameni materijal debljine 50 cm kao podloga za betoniranje. Debljina slojeva max 25 cm sa strojnim zbijajem vibro pločama. Zbijenost nasipa od Mv = 50 Mpa
B95: Drobljenac granulacije 16-32 mm, zbijen do Ms < 40 MN/m². Potrebnu zbijenost izvoditelj je dužan kontrolirati od za to ovlaštenih pravnih ili fizičkih osoba. Način nabijanja odrediti u dogovoru sa Nadzornim inženjerom, uvaljanost prema geomehaničkom elaboratu, obavezno ispitivanje i izdavanje atesta. U cijenu uključiti i sve pokose i denivelacije.
B96: Nakon završetka planiranja i zbijanja posteljice na površinu isplaniranog temeljnog sloja se postavlja geotekstil plošne mase 250gr/m², sa preklopima od 10cm, koji je obračunat u stavci.
B97: a) tamponski sloj (ispod podne ploče prizemlja) | C97: m³ | D97: 630 | E97: 55 | F97: =D97*E97 -> 34650
B98: b) geotekstil (ispod podne ploče prizemlja) | C98: m² | D98: 1750 | E98: 2 | F98: =D98*E98 -> 3500
A100: I.A.01.07. | B100: Zatrpavanje odgovarajućim materijalom oko zgrade, prema upisu nadzornog inženjera u slojevima do potpune zbijenosti. Nasipavanje izvoditi u slojevima od 20-25 cm uz pažljivo nabijanje da se izbjegne naknadno sljeganje tla. Ako materijal nije odgovarajuće kvalitete potrebno je nasipavanje izvesti pijeskom za nasipanje. Radnje izvesti u dogovoru sa nadzornim inženjerom. Svi detalji prema izvedbenom projektu i slojevima prema projektu fizike zgrade. Nabijenost podloge do Ms < 30 MN/m², obavezno ispitivanje i izdavanje atesta. | C100: m³ | D100: 300 | E100: 15 | F100: =D100*E100 -> 4500
A102: I.A.01.08. | B102: Odvoz viška iskopanog materijala - zemlje na deponij udaljen do 10 km. Količina uvećana za koeficijent rastresitosti 1.15. | C102: m³ | D102: 1400 | E102: 10 | F102: =D102*E102 -> 14000
A104: I.A.01. | B104: ZEMLJANI RADOVI UKUPNO: | F104: =SUM(F79:F102) -> 96600
A107: I.A.02. | B107: BETONSKI I ARMIRANO BETONSKI RADOVI
B109: Opći uvjeti - beton
B110: Kod izvedbe betonskih i armirano betonskih radova treba se u svemu pridržavati postojećih propisa i obaveznih normi, te statičkog proračuna. Prije početka izvedbe betonskih radova treba pregledati i zapisnički konstatirati podatke o agregatu, cementu i vodi, odnosno o faktorima koji će utjecati na kvalitetu radova i ugrađenog betona.
B111: Prije početka radova uzvoditelj je dužan izraditi Plan betoniranja i nadzora, te redovito pratiti kvalitetu betonskih konstrukcija u skladu sa elementima iz projekta betona.
B112: VRSTE BETONA, MATERIJALI I OZNAKE
B113: VRSTE BETONA - koristit će se projektirani beton razreda tlačne čvrstoće prema statičkom proračunu.
B114: Razredi tlačne čvrstoće betona
B115: C12/15, C16/20, C25/30, C30/37, C 35/45, C40/50
B116: Čvrstoća betona određuje se razredom tlačne čvrstoće i izvoditelj je se mora strogo pridržavati određene za pojedine konstrukcije, a označene u statičkom proračunu.
B117: Beton spravljati isključivo strojnim putem.
B118: Za izradu betona upotrijebiti istu vrstu cementa i granulirani agregat.
B119: CEMENT
B120: AGREGAT
... B195: - razred konzistencije: S4
A197: I.A.02.01. | B197: Dobava materijala, transport i betoniranje sloja podložnog sloja betona na temeljno tlo kao podloga za izradu AB temeljnih ploča, trakastih temelja i podne ploče prizemlja. Betoniranje betonske podloge prosječne debljine 5cm, na prethodno niveliranoj i nabijenoj površini. Cijena stavke uključuje nabavu i dopremu na gradilište betona klase C12/15 (najvećeg zrna agregata 16mm), ugradnju, te sav potreban rad ljudi i strojeva, kao i sav potreban materijal pri ugradnji podložnog sloja betona. | C197: m³ | D197: 90 | E197: 200 | F197: =D197*E197 -> 18000
A200: I.A.02.02. | B200: Dobava materijala, transport i betoniranje AB nadtemeljnih zidova, debljine i visine prema projektu, beton C30/37. Izvesti prema planu oplate u potrebnoj glatkoj oplati. Zidove armirati prema statičkom računu i planu armature, sa armaturom kvalitete B500B. Zaštitni sloj betona prema armaturi izvesti prema statičkom izračunu i uvjetima djelovanja okoline - razred izloženosti XC4, tlačna čvrstoća min 30 N/mm2,agregat Dmax 16mm, razred konzistencije S4. Svi distanceri i držači armature u cijeni. U cijenu je uključena potrebna skela, dobava i ugradba betona, njega betona, te dobava i postava oplate, uključujući skidanje i čišćenje oplate, sve prema pravilima struke.Obračun za kompletan rad i materijal iz opisa po m3 ugrađenog betona, m2 oplate. Izvođač je dužan u potpunosti izvoditi glatke i ravne betone.
B201: - AB nadtemeljni zidovi
B202: a) beton | C202: m³ | D202: 53 | E202: 200 | F202: =D202*E202 -> 10600
B203: b) oplata | C203: m² | D203: 520 | E203: 50 | F203: =D203*E203 -> 26000
A204: I.A.02.03. | B204: Dobava materijala, transport i betoniranje trakastih temelja, temeljnih ploča dizala u potrebnoj oplati. Izvesti betonom kvalitete C25/30. Beton armirati sa armaturom kvalitete B500B. Zaštitni sloj betona prema armaturi izvesti prema statičkom izračunu i uvjetima djelovanja okoline - razred izloženosti XC1, agregat Dmax 32mm, razred konzistencije S4. U cijenu je uključena dobava i ugradba betona, njega betona, te dobava i postava oplate, uključujući skidanje i čišćenje oplate, a sve prema pravilima struke. Obračun za kompletan rad i materijal iz opisa po m3 ugrađenog betona i m2 oplate.
B205: - trakasti temelji, temelji samci
B206: a) beton | C206: m³ | D206: 280 | E206: 200 | F206: =D206*E206 -> 56000
B207: b) oplata | C207: m² | D207: 840 | E207: 50 | F207: =D207*E207 -> 42000
...

Sheet II. NAMJEŠTAJ
A1: Redni broj: | B1: OPIS STAVKE: | C1: Jedinica mjere: | D1: Količina: | E1: Jedinična cijena: | F1: Ukupno:
A4: II. | B4: OPREMA I NAMJEŠTAJ
B6: OPĆI UVJETI I NAPOMENE:
B8: Prilikom dopreme i ugradnje mora se pridržavati svih važećih normativa i propisa za iste, opisa u stavkama troškovnika i projekta. Sav upotrebljeni materijal mora odgovarati svim važećim propisima i standardima.
B9: Za svu opremu stavkom se određuju dimenzije. Ukoliko se ne radi o ugradbenoj opremi koja mora imati točno određene i zadane mjere koje prozlaze iz prostornog ili nekog drugog ograničenja (dužina zida,dubina niše i sl.), dimenzije dane stavkom su okvirne te mogu varirati, ovisno o proizvođaču. Ukoliko u pojedinoj stavci nije drugačije navedeno, ili ako dimenzije opreme u pojedinoj stavci nisu navedenu po principu od ___ cm do ___ cm, za navedene dimenzije dozvoljava odstupanje od ± 3cm. Svako veće, eventualno moguće odstupanje mora biti striktno navedeno u opisu stavke koja se odnosi na točno određeni komad opreme. Također je obavezno poštivati dimenzije namještaja (stolice, stolovi i sl.) uvjetovane uzrastom djece pojedinih vrtičkih skupina.
B10: Ponuđena oprema mora biti ispitana i certificirana prema HRN EN normama ili jednakovrijednim od strane akreditirane kontrolne ustanove, te sukladno tome ponuditelj mora za određeni namještaj raspolagati sa sljedećim dokumentima koje je potrebno dostaviti prilikom isporuke / ugradnje opreme:
B11: - certifikat/izjavu o sukladnosti proizvođača za ponuđene stolove i stolce za dječje vrtiće sukladno normama: HRN EN 1729-1:2016/Ispr.1, HRN EN 1729-1:2016, HRN EN 1729-2:2016,HRN EN 1728:2012/Ispr.1:2013, HRN EN 1728:2012. | C11: ili jednakovrijedno normi ________________
B12: - certifikat/izjavu o sukladnosti proizvođača za ponuđeni namještaj za dječje vrtiće sukladno normama: HRN EN 16121:2017, HRN EN 14073-2:2008, HRN EN 14073-3:2008, HRN EN 14749:2016, HRN EN 12221-1:2013, HRN EN 1727:2001. | C12: ili jednakovrijedno normi ________________
B13: - certifikat/izjavu o sukladnosti proizvođača za ponuđeni namještaj za odgajatelje sukladno normama: HRN EN 527-1:2011, HRN EN 527-2:2016, HRN EN 527-3:2003, HRN EN 14073-1:2008, HRN EN 14074:2008, HRN EN 14749:2016. | C13: ili jednakovrijedno normi ________________
B14: - certifikt/izjavu o sukladnosti proizvođača za ponuđene garderobe i ostali namještaj za odgojne skupine sukladno normama: HRN EN 16121:2017, HRN EN 14073-1:2008 HRN EN 14073-2:2008, HRN EN 14073-3:2008, HRN EN 14074:2008, HRN EN 14749:2016. | C14: ili jednakovrijedno normi ________________
B15: - certifikat/izjavu o sukladnosti proizvođača za ponuđene dječje garniture za sjedenje sukladno normama: HRN EN 1729-2:2016 (EN 1729:2015). | C15: ili jednakovrijedno normi ________________
B16: - certifikat/izjavu o sukladnosti proizvođača za ponuđeni program arhivskih i garderobnih ormara sukladno normama: HRI CEN/TR 14073-01:2008, HRN EN 14073-2:2008, HRN EN 14073-3:2008, HRN EN 14074:2008, HRN EN 16139:2013, 16121:2017. | C16: ili jednakovrijedno normi ________________
B17: - cerifikat/ozjavu o sukladnosti proizvođača za ponuđene dječje madrace i krevete za odmor sukladno normama: EN 16890:2017(16890:2017). | C17: ili jednakovrijedno normi ________________
B18: - certifikat/izjavu o sukladnosti proizvođača za ponuđeni program metalnih regala sukladno normama: HRI CEN/TR 14073-01:2008, HRN EN 14073-2:2008, HRN EN 14073-3:2008, HRN EN 16121:2017. | C18: ili jednakovrijedno normi ________________
B20: PRIZEMLJE
A21: II.1. | B21: VJETROBRAN
A22: II.1.01 | B22: Kanta za kišobrane, promjera 23, visine 50 cm; tipske proizvodnje, metalna plastificirana ili lakirana u boji po izboru naručitelja. | C22: kom | D22: 1 | E22: 30 | F22: =D22*E22 -> 30
A23: II.1.02 | B23: Zidni pano pluto u metalnom plastificiranom okviru sa zaobljenim rubovima 80x120 cm | C23: kom | D23: 1 | E23: 68 | F23: =D23*E23 -> 68
A24: II.1.03 | B24: Zidni pano magnetni u metalnom plastificiranom okviru sa zaobljenim rubovima 80x120 cm | C24: kom | D24: 2 | E24: 131 | F24: =D24*E24 -> 262
A25: II.1.04 | B25: Stojeća vješalica, metalna, u boji po izboru naručitelja, visine minimalno 170 cm. | C25: kom | D25: 1 | E25: 57 | F25: =D25*E25 -> 57
A26: II.1. | B26: VJETROBRAN - UKUPNO | C26: kom | F26: =SUM(F22:F25) -> 417
A28: II.2. | B28: ULAZNI HALL I STUBIŠTE:
A29: II.2.01 | B29: Sat u obliku kamena Materijal: MDF vlaknatica, bukova šperploča. Dimenzije: Š 58 x V 38 cm. Ovi ukrasni zidni satovi praktičan su dodatak za sve vrste interijera. | C29: kom | D29: 2 | E29: 203 | F29: =D29*E29 -> 406
A30: II.2.02 | B30: Zidni nosači za izlaganje likovnih radova, sastoji se od užadi, kvačica i 2 držača s motivom kamena. Svaka figura ima dimenzije 38 x 88 cm, izrađena od mediapana, a međusobno su povezane s četiri užeta, svako duljine 5 metra. Užad služi za vješanje/izlaganje likovnih radova.Moguće izvjesiti 32 komada papira formata A4 . | C30: kom | D30: 2 | E30: 325 | F30: =D30*E30 -> 650
A31: II.2.03 | B31: Plutena ploča s motivom kamena Plutene ploče služe za postavljanje informacija i nastavnih materijala te dječjih radova. Okvirna ploča u boji pomaže u tematskom usklađivanju razreda, svlačionice ili cijelog odjela. U izradi se koristi kvalitetno zrnasto pluto debljine 6 mm koje je natopljeno lanenim uljem. Zahvaljujući sastavu materijala ploče su vrlo čvrste i dimenzijski stabilne. Materijal: Materijal: a) 6 mm šperploča – podloga, b) 10 mm MDF - sloj podloge, c) 6 mm meko pluto - gornji sloj, d) 18 mm MDF - ukrasni okvir. Dimenzije: Š 118 x V 116 cm | C31: kom | D31: 1 | E31: 687 | F31: =D31*E31 -> 687
A32: II.2. | B32: ULAZNI HALL I STUBIŠTE UKUPNO: | F32: =SUM(F29:F31) -> 1743
A34: II.3. | B34: PROSTOR ZA VIŠE NAMJENA
A35: II.3.01 | B35: Psihomotorna kolica dimenzija ŠDV 106x53,5x111,5 cm, u potpunosti su izrađena od šperploče breze debljine 18 mm, obojana netoksičnim bojama topljivim u vodi koje propuštaju zrno drva. Isporučuje se u kompletu s maxi asortimanom za psihomotoriku od oko 110 komada. Opremljen s 4 čvrsta zakretna kotača, od kojih 2 imaju graničnik. Svi uglovi i rubovi su zaobljeni kako bi se izbjegle traume u slučaju sudara. Isporučuje se s jednostavnim uputama za sastavljanje. Uključuje: 1 kolica zajedno sa: 24 čunjeva za razgraničenje, 2 bloka staze, 12 krugova različitih promjera, 8 štapova u 2 duljine, 8 univerzalnih konektora, 4 čunja s 8 rupa, 24 otiska stopala, 12 šalova, 6 mekanih lopti, 4 glatka prstena , 2 lopte. | C35: kom | D35: 1 | E35: 859 | F35: =D35*E35 -> 859
A36: II.3.02 | B36: Strunjača dim. 200x100x6 cm izrađena od čvrste spužve prekrivena vinilnim materijalom,antialergiskim , sa specijalnom protukliznom , antimufa podlogom, nezapaljiva klase 1, s ručkama | C36: kom | D36: 7 | E36: 140 | F36: =D36*E36 -> 980
A37: II.3.03 | B37: Kombinirani toranj - poligon za igru djece - izrađen od punog svijetlog drva, glatko brušen i lakiran - sastoji se od : a)četverostranog tornja konusnog oblika dim 160x160x160 cm pri dnu i 80x80 cm pri vrhu. Jedna strana puna kao stijena za penjanje sa otvorima za noge. Otvori su okrugli profila 10 cm, i četvrtasti dim 10x10 cm.Na ostale tri strane ima ljestve za penjanje koje su postavljene između kosih nosivih stranica tornja. b) manjeg trokutastog tornja dim 120x85x100 cm kod kojeg dvije strane imaju po četiri letve za penjanje ,a treća ima tri letve za penjanje. c) posebnih ljestvi dim 220x48cm za 17 letvi za penjanje koje na kraju imaju metalne zakrivljene zakačke s kojima se ljestve povezuju za niže i više horizontalne letve tornjeva. | C37: kom | D37: 1 | E37: 2065 | F37: =D37*E37 -> 2065
A38: II.3.04 | B38: Klizeća rampa dim 220 x48 cm koja se također zakači za letve tornja i služi za sklizanje.Okvir je od masivnog drva kao i svi ostali elementi - klizeća ispuna je od šperploče. | C38: kom | D38: 1 | E38: 419 | F38: =D38*E38 -> 419
A39: II.3.05 | B39: Konstrukcija s dvojakom funkcijom: mališani je mogu koristiti kao ljuljačku, dok je za one starije dodatak za penjanje. Izrađena od drva, premazana bojom na bazi vode za udobnu igru ​​i jednostavno čišćenje.Ovo je dio staze koja uključuje niz međusobno kompatibilnih modula za stvaranje novih i složenijih staza. Spajanje nekoliko elemenata stvara pravo igralište, dizajnirano kako želite. Promijenite položaj luka kako biste stvorili nove i jedinstvene staze s preprekama. Izrađeno od održivog drva bukve i breze. Najveća podržana težina 60 kg. Dimenzije: 78x50x32 cm | C39: kom | D39: 1 | E39: 156 | F39: =D39*E39 -> 156
A40: II.3.06 | B40: Švedska klupa dužine 250 cm, sa prihvatom za švedske ljestve i švedski sanduk. Okrenuta naopako može se koristiti kao greda širine 10 cm. Neklizajuća podloga. Materijal: drvo. Dužina: 250 cm. Širina: 22 cm. Visina: 30 cm. | C40: kom | D40: 4 | E40: 275 | F40: =D40*E40 -> 1100
A41: II.3.07 | B41: Široka platforma s različitim stranama za skakanje, za stvaranje ravnih ili kosih staza. Sastoji se od 4 lica: ploča za penjanje s otvorom za prolaz; 3 šipkasta elementa na različitim visinama za penjanje i za fiksiranje spojnih elemenata s drugim elementima konstrukcije. Izrađena od masiva breze i bora, omogućuje višestruke kombinacije i brojne motoričke aktivnosti. Ove se aktivnosti lako mogu prilagoditi razini sklonosti djece i postavljenim ciljevima. Struktura izgrađena u skladu sa sigurnosnim standardom NES 54 300 za obrazovni materijal za motoričke vještine. Isporučuje se u kompletu s ključem, uputama za sastavljanje i prijedlozima za obrazovnu upotrebu. Dimenzije: 74x74x59 cm | C41: kom | D41: 1 | E41: 365 | F41: =D41*E41 -> 365
A42: II.3.08 | B42: Kompletan psihomotorni set u 3 dimenzije. Svaka platforma izrađena je od čvrstog plastičnog materijala i ima neklizajuće gumene umetke na vrhu i dnu. Oblik i širina elemenata dizajnirani su tako da djetetu pružaju stabilnost i prate ergonomski oblik stopala, dok reljefi nude različite ugodne osjećaje. Prikladno od 3 godine. Uključuje: 6 platformi (2 velike od fi 40 cm, 2 srednje od 30 cm i 2 male od 25 cm), 8 brežuljaka dim: 53x18 cm, 6 spojnica, 4 platforme u obliku oblaka dim: 23,7x31,5x4,5 cm i 1 vodič. Materijal: plastika s taktilnom stimulacijom na površinama. Edukacijski cilj: poticati taktilni osjet stopala, ravnotežu, mišiće nogu i skočnog zgloba. | C42: kom | D42: 2 | E42: 599 | F42: =D42*E42 -> 1198
A43: II.3.09 | B43: Set od 4 luka, u 4 boje, izrađena od polikarbonata, laganog ali vrlo otpornog plastičnog materijala, s gumenom podlogom. Njihovim postavljanjem uzastopno moguće je stvoriti tunel u kojem djeca mogu iskusiti koordinaciju u prostoru, sposobnost žongliranja i interakcije s drugom djecom. Dimenzije:55x70 cm | C43: kom | D43: 2 | E43: 75 | F43: =D43*E43 -> 150
A44: II.3.10 | B44: Kolica za lopte napravljena od čelične konstrukcije, premazana prahom za veću izdržljivost tijekom vremena i otpornost na habanje. Opremljen s 4 kotača (od kojih su 2 zakretna) i poklopcem s zatvaračem (lokot nije uključen) idealan je za pohranu lopti i sportske opreme. Može se koristiti i u zatvorenom i na otvorenom. Uključuje: 1 kolica s loptom. Dimenzija ŠDV: 103x70x81 cm | C44: kom | D44: 1 | E44: 280 | F44: =D44*E44 -> 280
A45: II.3.11 | B45: Lopte rukometne, veličine 1 | C45: kom | D45: 4 | E45: 13 | F45: =D45*E45 -> 52
A46: II.3.12 | B46: Lopte s ventilima Ø 22 cm, košarkaške | C46: kom | D46: 4 | E46: 16 | F46: =D46*E46 -> 64
... A62: II.3.28 | B62: Ljestve za penjanje - 2 komada dimenzije: 180x256 cm, sa 17 prečki debljine 30mm materijal: masivno drvo - smreka, bor, ariš prečke 30x80mm - materijal jasen | C62: kom | D62: 2 | E62: 490 | F62: =D62*E62 -> 980
A63: II.3. | B63: PROSTOR ZA VIŠE NAMJENA UKUPNO: | F63: =SUM(F35:F62) -> 11332
A65: II.4. | B65: PROSTORIJA ZA REKVIZITE
A66: II.4.01 | B66: Arhivski regal s 5 metalnih polica zaštićenih plastifikacijom, dim 106x40x200 cm. Lagana i brza montaža bez vijaka. Mogućnost podešavanja razmaka između polica s korakom od 50 mm. Nosivost police do 1,8 KN. Stupovi od kvadratnog profila nosivosti (par) do 40 KN. Proizvod mora zadovoljavati sve standarde sigurnosti i kvalitete. | C66: kom | D66: 5 | E66: 169 | F66: =D66*E66 -> 845
A67: II.4.02 | B67: Arhivski regal s 5 metalnih polica zaštićenih plastifikacijom, dim 86x40x200 cm. Lagana i brza montaža bez vijaka. Mogućnost podešavanja razmaka između polica s korakom od 50 mm. Nosivost police do 1,8 KN. Stupovi od kvadratnog profila nosivosti (par) do 40 KN. Proizvod mora zadovoljavati sve standarde sigurnosti i kvalitete. | C67: kom | D67: 1 | E67: 149 | F67: =D67*E67 -> 149
A68: II.4. | B68: PROSTORIJA ZA REKVIZITE UKUPNO: | F68: =SUM(F66:F67) -> 994
B70: JASLIČKE GRUPE
A71: II.5. | B71: GARDEROBA
A72: II.5.01 | B72: Zidni pano pluto u metalnom plastificiranom okviru sa zaobljenim rubovima 80x120 cm | C72: kom | D72: 4 | E72: 68 | F72: =D72*E72 -> 272
A73: II.5.02 | B73: Poštanska ploča, univerzalna za roditelje sa 20 pretinaca (rupa). Rupe na ploči služe za dopisivanje između roditelja i odgajatelja. Dubina do zida je 9,5 cm - dovoljno prostora za papire. Na ploči je pričvršćena slika poštara (Ø 16 cm). Širina ploče 56 cm, visina 76 cm. Montira se na zid. | C73: kom | D73: 4 | E73: 255 | F73: =D73*E73 -> 1020
A74: II.5.03 | B74: Garderobni ormar vel. 80x40x121 cm,izrađen od iverice oplemenjene melaminskom folijom debljine 18mm, u boji po izboru kvalitete ploha otpornih na ogrebotine, obrubljeno mekanom keder trakom T-profila u boji po izboru, svi ostali rubovi obrađeni ABS trakom debljine 0.5mm, bočne stranice zaobljenih rubova. Vrata od istog materijala, rubova obrađenih ABS trakom debljine 2 mm, metalne petlje (blum-clip sa lijevanom podesivom pločicom), sigurnosne ručke u obliku cvijeta u boji keder trake, u unutrašnjosti polica u gornjem dijelu i metalna prečka za vješalice, elementi sastavljeni bez vidljivih vijaka sa 4 vrata po širini. | C74: kom | D74: 5 | E74: 340 | F74: =D74*E74 -> 1700
A75: II.5.04 | B75: Pločica sa motivom za označavanje ormarića, izrađena od kvalitetne plastike | C75: kom | D75: 20 | E75: 1 | F75: =D75*E75 -> 20
A76: II.5.05 | B76: Klupica samostalna,izrađena od iverice oplemenjene melaminskom folijom debljine 18mm, u boji po izboru, ploha otpornih na ogrebotine, obrubljeno mekanom keder trakom T-profila u boji po izboru, sjedeća površina zaobljenih rubova, svi ostali rubovi obrađeni ABS trakom debljine 0.5mm (ŠDV) 105 x 40 x 32 cm. | C76: kom | D76: 16 | E76: 74 | F76: =D76*E76 -> 1184
A77: II.5.06 | B77: Vlak-zidni panel 334x58 cm Materijal:MDF ploča od lakiranih drvenih vlakana u boji, bukova šperploča Vlak se sastoji od lokomotive i 6 vagona. Na lokomotivi i svakom vagonu po jedna zidna ploča s različitim didaktičkim elementom za uvježbavanje koordinacije ruka-oko. | C77: kom | D77: 4 | E77: 1560 | F77: =D77*E77 -> 6240
A78: II.5.07 | B78: Plutena ploča Dimenzija: 118x116 cm, motiv: šuma MDF ploča u boji, bukova šperploča, kvalitetno pluto sitnog zrna. Zrnasto pluto debljine 6 mm natopljeno lanenim uljem.Mogućnost izlaganja 8 komada A4 papira. Okvir obojen u prirodne boje s motivima šumskog okoliša. | C78: kom | D78: 4 | E78: 687 | F78: =D78*E78 -> 2748
A79: II.5. | B79: GARDEROBA UKUPNO: | F79: =SUM(F72:F78) -> 13184
A81: II.6. | B81: SOBA DN. BORAVKA JASLICE 1
A82: II.6.01 | B82: Stolić okrugli, R 90 cm, visine 46 cm, konstrukcija od savinutog špera, bezbojni lak, radna ploha oplemenjena iverica 27 mm, obostrano presvučena ultrapasom, rub masiv bukva,gornja ploča boja po izboru | C82: kom | D82: 3 | E82: 159 | F82: =D82*E82 -> 477
A83: II.6.02 | B83: Stolica dječja s rukonaslonom, visine 26 cm, konstrukcija natur bukov šper, bezbojni lak, naslon i sjedalo anatomski oblikovani šper. | C83: kom | D83: 6 | E83: 42 | F83: =D83*E83 -> 252
A84: II.6.03 | B84: Stolica dječja bez rukonaslona, visine 26 cm, konstrukcija natur bukov šper, bezbojni lak, naslon i sjedalo anatomski oblikovani šper. | C84: kom | D84: 6 | E84: 38 | F84: =D84*E84 -> 228
A85: II.6.04 | B85: Radni stol za odgajatelja sa 3 ladice (metabox + bravica), dim (ŠDV) 120 x 60 x 75 cm, izrađen od iverice oplemenjene melaminskom folijom debljine 18mm, u boji po izboru projektanta , otpornom na ogrebotine, obrubljeno keder trakom T-profila u boji po izboru projektanta, svi ostali rubovi obrađeni ABS trakom debljine 0.5mm, stražnja strana izrađena od istog materijala radi mogućnosti postavljanja elementa u prostor kao samostojeći, elementi sastavljeni bez vidljivih vijaka. | C85: kom | D85: 1 | E85: 323 | F85: =D85*E85 -> 323
A86: II.6.05 | B86: Stolica odgajateljska, konstrukcija natur bukov masiv, naslon i sjedalo anatomski šper. | C86: kom | D86: 2 | E86: 75 | F86: =D86*E86 -> 150
A87: II.6.06 | B87: Stolica odgajateljska strukture od čelika obojanog i sušenog na 200°C. Sjedalo i leđa su u prirodnoj lakiranoj bukvi. Naslon sjedala je podesiv po visini. Stolica je opremljena s pet zaokretnih kotačića. | C87: kom | D87: 1 | E87: 105 | F87: =D87*E87 -> 105
A88: II.6.07 | B88: Ormar odgajateljski s dvoja vrata s 2 bravice, dim. (ŠDV) 100 x 40 x 120 cm s 2 police izrađen od iverice oplemenjene melaminskom folijom debljine 18mm, u boji po izboru projektanta , otpornom na ogrebotine, obrubljeno keder trakom T-profila u boji po izboru projektanta, svi ostali rubovi obrađeni ABS trakom debljine 0.5mm, bočne stranice zaobljenih rubova, metalne petlje (clip mehanizam sa lijevanom podesivom pločicom) stražnja strana izrađena od istog materijala radi mogućnosti postavljanja elementa u prostor kao samostojeći, elementi sastavljeni bez vidljivih vijaka. | C88: kom | D88: 1 | E88: 309 | F88: =D88*E88 -> 309
A89: II.6.08 | B89: Ormar sa 2 police, dim. 100 x 40 x 86 cm, izrađen od iverice oplemenjene melaminskom folijom debljine 18mm,u boji po izboru projektanta , otpornom na ogrebotine, obrubljeno keder trakom T-profila u boji po izboru, svi ostali rubovi obrađeni ABS trakom debljine 0.5mm, bočne stranice zaobljenih uglova, strop upušten u odnosu na stranice i leđa, stražnja strana izrađena od istog materijala radi mogućnosti postavljanja elementa u prostor kao samostojeći, element sastavljen bez vidljivih vijaka | C89: kom | D89: 1 | E89: 162 | F89: =D89*E89 -> 162
A90: II.6.09 | B90: Ormar sa 12 pretinaca, dim. 100 x 40 x 86 cm, izrađen od iverice oplemenjene melaminskom folijom debljine 18mm, u boji po izboru projektanta , otpornom na ogrebotine, obrubljeno keder trakom T-profila u boji po izboru, svi ostali rubovi obrađeni ABS trakom debljine 0.5mm, bočne stranice zaobljenih uglova, strop upušten u odnosu na stranice i leđa,stražnja strana izrađena od istog materijala radi mogućnosti postavljanja elementa u prostor kao samostojeći, element sastavljen bez vidljivih vijaka. Zrcalo sa stražnje strane. | C90: kom | D90: 1 | E90: 323 | F90: =D90*E90 -> 323
A91: II.6.10 | B91: Ormar sa 2 police i dijelom za plastične kutije, opremljen sa 8 pari vodilica U profila u bočnom dijelu, i jedna polica u drugom dijelu,dim. 100 x 40 x 86 cm, izrađen od iverice oplemenjene melaminskom folijom debljine 18mm, u boji po izboru projektanta , otpornom na ogrebotine, obrubljeno keder trakom T-profila u boji po izboru, svi ostali rubovi obrađeni ABS trakom debljine 0.5mm, bočne stranice zaobljenih uglova, strop upušten u odnosu na stranice i leđa, stražnja strana izrađena od istog materijala radi mogućnosti postavljanja elementa u prostor kao samostojeći, element sastavljen bez vidljivih vijaka | C91: kom | D91: 1 | E91: 164 | F91: =D91*E91 -> 164
A92: II.6.11 | B92: Plastična kutija duboka sa dvostrukim žlijebom na bočnim stranama, te upuštenom ručkom na prednjem dijelu, za ormar na kotačima, dim. (ŠDV) 31.2x37.70x15 cm, boja kutije transparentna | C92: kom | D92: 4 | E92: 9.5 | F92: =D92*E92 -> 38
A93: II.6.12 | B93: Ormar na kotačima s dvorednim policama za plastične kutije, opremljen sa 12 pari vodilica U profila, dim 70x45,90x70 izrađen od iverice oplemenjene melaninskom folijom debljine 18 mm u boji po izboru projektanta , otpornom na ogrebotine , obrubljen keder trakom T-profila u boji po izboru, svi ostali rubovi obrađeni ABS trakom debljine 0,5mm, bočne stranice zaobljenih uglova, strop upušten u odnosu na stranice i leđa, stražnja strana izrađena od istog materijala radi mogućnosti postavljanja elementa u prostor kao samostojeći, element sastavljen bez vidljivih vijaka. | C93: kom | D93: 1 | E93: 179 | F93: =D93*E93 -> 179
... A141: II.6.60 | B141: Zidni nosači za izlaganje likovnih radova, sastoji se od užadi, kvačica i 2 držača s motivom pčelice i gusjenice. Svaka figura ima dimenzije 38 x 88 cm, izrađena od mediapana, a međusobno su povezane s četiri užeta, svako duljine 5 metra. Užad služi za vješanje/izlaganje likovnih radova.Moguće izvjesiti 32 komada papira formata A4 . | C141: kom | D141: 1 | E141: 495 | F141: =D141*E141 -> 495
A142: II.6. | B142: SOBA DN. BORAVKA JASLICE 1 UKUPNO: | F142: =SUM(F82:F141) -> 9332.5
A144: II.7. | B144: SANITARIJE 1
A145: II.7.01 | B145: Element za previjanje - 1 kom Element od iverala ( š, v, d ) 1150x800x700 mm, na bočnom dijelu nalazi se otvor širine 320 mm za pomične stepenice. 1/3 visine, u dornjem dijelu je otvoreno s policom, ispod su vrata od iverala obrubljena ABS trakom 2mm. Iza jednih vrata nalaze se izvlačne plastične kante za smeće ( 2 x 16 l ) a iza drugih polica pomična po visini. Element je na soklu visine 100 mm, presvučen zaštitnim plastičnim U profilom, koji se nalazi i na stranicama elemenata. Stepenice su također izrađene od iverala sa ugrađenim kotačićima visine 17 mm koji su fiksirani na stranici. Stepenice imaju 4 gazišta po visini jednako raspoređena a jedna stranica je podignuta i služi kao rukohvat ( polukružno ). Rubna traka na gazištima je od abs-a 2mm. Stepenice ulaze po širini, dubini i visini u element. Stepenice se također mogu zablokirati kada se izvuku van a izvlače se za jednu malu skrivenu ručku u trećem gazištu. Na elementu je učvršćena ploča presvučena eko kožom i spužvom debljine 30 mm u srednjem dijelu, a okolo je rub također izrađen od spužve presvučen eko kožom izveden pod kosinom sa 30 na 90 mm. Kosina se nalazi sa tri strane, ispred nema kosine. Eko koža je u tonu korpusa. Dimenzija ploče za previjanje 1150 x 50/90 x 750mm. Element može biti lijevi ili desni. | C145: kom | D145: 1 | E145: 692 | F145: =D145*E145 -> 692
A146: II.7.02 | B146: Spremnik za pelene XL 77,5x26,3x29,8 cm za 60 pelena | C146: kom | D146: 1 | E146: 72 | F146: =D146*E146 -> 72
A147: II.7.03 | B147: Ormar na kotačima sa trorednim policama za plastične kutije, 70 x 45.90 x 70 cm, opremljen sa 12 pari vodilica U profila za plastične kutije, izrađen od iverice oplemenjene melaminskom folijom debljine 18mm, u boji po izboru projektanta , otpornom na ogrebotine, obrubljeno keder trakom T-profila u boji po izboru, svi ostali rubovi obrađeni ABS trakom debljine 0.5mm, bočne stranice zaobljenih uglova, strop upušten u odnosu na stranice i leđa, stražnja strana izrađena od istog materijala radi mogućnosti postavljanja elementa u prostor kao samostojeći, element sastavljen bez vidljivih vijaka. | C147: kom | D147: 1 | E147: 185 | F147: =D147*E147 -> 185
A148: II.7.04 | B148: Plastična kutija plitka sa dvostrukim žlijebom na bočnim stranama, te upuštenom ručkom na prednjem dijelu, za ormar na kotačima, dim. (ŠDV) 31.2x42.7x7.5 cm, boja kutije transparentna | C148: kom | D148: 6 | E148: 6.5 | F148: =D148*E148 -> 39
A149: II.7.05 | B149: Plastična kutija duboka sa dvostrukim žlijebom na bočnim stranama, te upuštenom ručkom na prednjem dijelu, za ormar na kotačima, dim. (ŠDV) 31.2x42.7x15 cm, boja kutije transparentna | C149: kom | D149: 3 | E149: 9.5 | F149: =D149*E149 -> 28.5
A150: II.7. | B150: SANITARIJE JASLICE 1 UKUPNO | F150: =SUM(F145:F149) -> 1016.5
A152: II.8. | B152: SOBA DN. BORAVKA JASLICE 2
A153: II.8.01 | B153: Stolić okrugli, R 90 cm, visine 46 cm, konstrukcija od savinutog špera, bezbojni lak, radna ploha oplemenjena iverica 27 mm, obostrano presvučena ultrapasom, rub masiv bukva,gornja ploča boja po izboru. | C153: kom | D153: 3 | E153: 159 | F153: =D153*E153 -> 477
A154: II.8.02 | B154: Stolica dječja s rukonaslonom, visine 26 cm, konstrukcija natur bukov šper, bezbojni lak, naslon i sjedalo anatomski oblikovani šper. | C154: kom | D154: 6 | E154: 42 | F154: =D154*E154 -> 252
A155: II.8.03 | B155: Stolica dječja bez rukonaslona, visine 26 cm, konstrukcija natur bukov šper, bezbojni lak, naslon i sjedalo anatomski oblikovani šper. | C155: kom | D155: 6 | E155: 38 | F155: =D155*E155 -> 228
A156: II.8.04 | B156: Radni stol za odgajatelja sa 3 ladice (metabox + bravica), dim (ŠDV) 120 x 60 x 75 cm, izrađen od iverice oplemenjene melaminskom folijom debljine 18mm, u boji po izboru projektanta , otpornom na ogrebotine, obrubljeno keder trakom T-profila u boji po izboru projektanta, svi ostali rubovi obrađeni ABS trakom debljine 0.5mm, stražnja strana izrađena od istog materijala radi mogućnosti postavljanja elementa u prostor kao samostojeći, elementi sastavljeni bez vidljivih vijaka. | C156: kom | D156: 1 | E156: 323 | F156: =D156*E156 -> 323
A157: II.8.05 | B157: Stolica odgajateljska, konstrukcija natur bukov masiv, naslon i sjedalo anatomski šper. | C157: kom | D157: 2 | E157: 75 | F157: =D157*E157 -> 150
A158: II.8.06 | B158: Stolica odgajateljska strukture od čelika obojanog i sušenog na 200°C. Sjedalo i leđa su u prirodnoj lakiranoj bukvi. Naslon sjedala je podesiv po visini. Stolica je opremljena s pet zaokretnih kotačića. | C158: kom | D158: 1 | E158: 105 | F158: =D158*E158 -> 105
A159: II.8.07 | B159: Ormar odgajateljski s dvoja vrata s 2 bravice, dim. (ŠDV) 100 x 40 x 120 cm s 2 police izrađen od iverice oplemenjene melaminskom folijom debljine 18mm, u boji po izboru projektanta , otpornom na ogrebotine, obrubljeno keder trakom T-profila u boji po izboru projektanta, svi ostali rubovi obrađeni ABS trakom debljine 0.5mm, bočne stranice zaobljenih rubova, metalne petlje (clip mehanizam sa lijevanom podesivom pločicom) stražnja strana izrađena od istog materijala radi mogućnosti postavljanja elementa u prostor kao samostojeći, elementi sastavljeni bez vidljivih vijaka. | C159: kom | D159: 1 | E159: 309 | F159: =D159*E159 -> 309
A160: II.8.08 | B160: Ormar sa 2 police, dim. 100 x 40 x 86 cm, izrađen od iverice oplemenjene melaminskom folijom debljine 18mm,u boji po izboru projektanta , otpornom na ogrebotine, obrubljeno keder trakom T-profila u boji po izboru, svi ostali rubovi obrađeni ABS trakom debljine 0.5mm, bočne stranice zaobljenih uglova, strop upušten u odnosu na stranice i leđa, stražnja strana izrađena od istog materijala radi mogućnosti postavljanja elementa u prostor kao samostojeći, element sastavljen bez vidljivih vijaka | C160: kom | D160: 1 | E160: 162 | F160: =D160*E160 -> 162
A161: II.8.09 | B161: Ormar sa 12 pretinaca, dim. 100 x 40 x 86 cm, izrađen od iverice oplemenjene melaminskom folijom debljine 18mm, u boji po izboru projektanta , otpornom na ogrebotine, obrubljeno keder trakom T-profila u boji po izboru, svi ostali rubovi obrađeni ABS trakom debljine 0.5mm, bočne stranice zaobljenih uglova, strop upušten u odnosu na stranice i leđa,stražnja strana izrađena od istog materijala radi mogućnosti postavljanja elementa u prostor kao samostojeći, element sastavljen bez vidljivih vijaka. Zrcalo sa stražnje strane. | C161: kom | D161: 1 | E161: 323 | F161: =D161*E161 -> 323
A162: II.8.10 | B162: Ormar sa 2 police i dijelom za plastične kutije, opremljen sa 8 pari vodilica U profila u bočnom dijelu, i jedna polica u drugom dijelu,dim. 100 x 40 x 86 cm, izrađen od iverice oplemenjene melaminskom folijom debljine 18mm, u boji po izboru projektanta , otpornom na ogrebotine, obrubljeno keder trakom T-profila u boji po izboru, svi ostali rubovi obrađeni ABS trakom debljine 0.5mm, bočne stranice zaobljenih uglova, strop upušten u odnosu na stranice i leđa, stražnja strana izrađena od istog materijala radi mogućnosti postavljanja elementa u prostor kao samostojeći, element sastavljen bez vidljivih vijaka | C162: kom | D162: 1 | E162: 164 | F162: =D162*E162 -> 164
A163: II.8.11 | B163: Plastična kutija duboka sa dvostrukim žlijebom na bočnim stranama, te upuštenom ručkom na prednjem dijelu, za ormar na kotačima, dim. (ŠDV) 31.2x37.70x15 cm, boja kutije transparentna | C163: kom | D163: 4 | E163: 9.5 | F163: =D163*E163 -> 38
A164: II.8.12 | B164: Ormar na kotačima s dvorednim policama za plastične kutije, opremljen sa 12 pari vodilica U profila, dim 70x45,90x70 izrađen od iverice oplemenjene melaninskom folijom debljine 18 mm u boji po izboru projektanta , otpornom na ogrebotine , obrubljen keder trakom T-profila u boji po izboru, svi ostali rubovi obrađeni ABS trakom debljine 0,5mm, bočne stranice zaobljenih uglova, strop upušten u odnosu na stranice i leđa, stražnja strana izrađena od istog materijala radi mogućnosti postavljanja elementa u prostor kao samostojeći, element sastavljen bez vidljivih vijaka. | C164: kom | D164: 1 | E164: 179 | F164: =D164*E164 -> 179
... A216: II.8.64 | B216: Zidni nosači za izlaganje likovnih radova, sastoji se od užadi, kvačica i 2 držača s motivom puž i mak. Svaka figura ima dimenzije 38 x 88 cm, izrađena od mediapana, a međusobno su povezane s četiri užeta, svako duljine 5 metra. Užad služi za vješanje/izlaganje likovnih radova.Moguće izvjesiti 32 komada papira formata A4 . | C216: kom | D216: 1 | E216: 495 | F216: =D216*E216 -> 495
A217: II.8. | B217: SOBA DN. BORAVKA JASLICE 2 UKUPNO: | F217: =SUM(F153:F216) -> 10465.5
A219: II.9. | B219: SANITARIJE JASLICE 2
A220: II.9.01 | B220: Element za previjanje - 1 kom Element od iverala ( š, v, d ) 1150x800x700 mm, na bočnom dijelu nalazi se otvor širine 320 mm za pomične stepenice. 1/3 visine, u dornjem dijelu je otvoreno s policom, ispod su vrata od iverala obrubljena ABS trakom 2mm. Iza jednih vrata nalaze se izvlačne plastične kante za smeće ( 2 x 16 l ) a iza drugih polica pomična po visini. Element je na soklu visine 100 mm, presvučen zaštitnim plastičnim U profilom, koji se nalazi i na stranicama elemenata. Stepenice su također izrađene od iverala sa ugrađenim kotačićima visine 17 mm koji su fiksirani na stranici. Stepenice imaju 4 gazišta po visini jednako raspoređena a jedna stranica je podignuta i služi kao rukohvat ( polukružno ). Rubna traka na gazištima je od abs-a 2mm. Stepenice ulaze po širini, dubini i visini u element. Stepenice se također mogu zablokirati kada se izvuku van a izvlače se za jednu malu skrivenu ručku u trećem gazištu. Na elementu je učvršćena ploča presvučena eko kožom i spužvom debljine 30 mm u srednjem dijelu, a okolo je rub također izrađen od spužve presvučen eko kožom izveden pod kosinom sa 30 na 90 mm. Kosina se nalazi sa tri strane, ispred nema kosine. Eko koža je u tonu korpusa. Dimenzija ploče za previjanje 1150 x 50/90 x 750mm. Element može biti lijevi ili desni. | C220: kom | D220: 1 | E220: 692 | F220: =D220*E220 -> 692
A221: II.9.02 | B221: Spremnik za pelene XL 77,5x26,3x29,8 cm za 60 pelena | C221: kom | D221: 1 | E221: 72 | F221: =D221*E221 -> 72
A222: II.9.03 | B222: Ormar na kotačima sa trorednim policama za plastične kutije, 104 x 45.90 x 70 cm, opremljen sa 18 pari vodilica U profila za plastične kutije, izrađen od iverice oplemenjene melaminskom folijom debljine 18mm, u boji po izboru projektanta , otpornom na ogrebotine, obrubljeno keder trakom T-profila u boji po izboru, svi ostali rubovi obrađeni ABS trakom debljine 0.5mm, bočne stranice zaobljenih uglova, strop upušten u odnosu na stranice i leđa, stražnja strana izrađena od istog materijala radi mogućnosti postavljanja elementa u prostor kao samostojeći, element sastavljen bez vidljivih vijaka. | C222: kom | D222: 1 | E222: 185 | F222: =D222*E222 -> 185
A223: II.9.04 | B223: Plastična kutija plitka sa dvostrukim žlijebom na bočnim stranama, te upuštenom ručkom na prednjem dijelu, za ormar na kotačima, dim. (ŠDV) 31.2x42.7x7.5 cm, boja kutije transparentna | C223: kom | D223: 12 | E223: 6.5 | F223: =D223*E223 -> 78
A224: II.9.05 | B224: Plastična kutija duboka sa dvostrukim žlijebom na bočnim stranama, te upuštenom ručkom na prednjem dijelu, za ormar na kotačima, dim. (ŠDV) 31.2x42.7x15 cm, boja kutije transparentna | C224: kom | D224: 3 | E224: 9.5 | F224: =D224*E224 -> 28.5
A225: II.9. | B225: SANITARIJE JASLICE 2 UKUPNO: | F225: =SUM(F220:F224) -> 1055.5
A227: II.10. | B227: SOBA DN. BORAVKA JASLICE 3
...

Sheet III. VODOOPSKRBA I ODVODNJA
A1: Redni broj: | B1: OPIS STAVKE: | C1: Jedinica mjere: | D1: Količina: | E1: Jedinična cijena: | F1: Ukupno:
A4: III. | B4: RADOVI VODOOPSKRBE I ODVODNJE
A6: III.01. | B6: VANJSKA VODOVODNA INSTALACIJA
A7: III.01.01 | B7: Iskolčenje trase cjevovoda.
B8: Iskolčenje osi projektirane trase vodovoda. Rad obuhvaća iskolčenje prema projektu, i sva geodetska mjerenja kojima se podaci sa projekta prenose na teren, osiguranje osi iskolčene trase i održavanje iskolčenih oznaka na terenu za sve vrijeme građenja, odnosno do predaje radova Investitoru.Obračun se vrši po m' iskolčene osi prema projektnoj dokumentaciji. | C8: m' | D8: 146 | E8: 2 | F8: =D8*E8 -> 292
A9: III.01.02 | B9: Iskop jarka na dionici vodovoda.
B10: na dionici vodovoda. Strojni odnosno ručni iskop zemlje III-V kategorije za izradu jarka prosječne širine 80 cm i prosječne dubine 80 cm u koji se polažu vodovodne cijevi. U jediničnoj cijeni obuhvaćene su sve potrebne aktivnosti (iskop, utovar i odvoz viška materijala na privremenu deponiju). Obračun se vrši po m3 iskopa u sraslom stanju. Jediničnom cijenom obuhvaćene su slijedeće aktivnosti: • iskop (strojni i prema potrebi ručni) zemlje III-V kategorije • iskopani materijal odložit će se na privremeni deponij kako bi s mogao koristiti za zasipanje cjevovoda, a sve prema odluci nadzornog inženjera • iskop (strojni i prema potrebi ručni) zemlje III-V kategorije - sve ostalo potrebno za funkcionalnu izvedbu. Obračun po m3 iskopanog materijala.
B11: ručni iskop | C11: m3 | D11: 26 | E11: 50 | F11: =D11*E11 -> 1300
B12: strojni iskop | C12: m3 | D12: 60 | E12: 30 | F12: =D12*E12 -> 1800
B13: strojni iskopa rova u nasipu ceste s odlaganjem na privremenu deponiju | C13: m3 | D13: 8 | E13: 100 | F13: =D13*E13 -> 800
A14: III.01.03 | B14: Planiranje i valjanje posteljice za polaganje cjevovoda
B15: od miješanih materijala prosječne širine 60 cm na dionici trase vodovoda. Normativ U.B1.010, U.B1.012, U.B1.014, U.B1.016, U.B1.018, U.B1.020, U.B1.022, U.B1.024, U.B1.038, U.B1.042, U.B1.046, U.E8.010. Poprečni nagib i kote posteljice definirane su projektom. Rad obuhvaća uređenje posteljice, nasipavanje i razastiranje izravnavajućeg sloja od čistog sitnijeg materijala, obračunatog u drugoj stavci, grubo i fino planiranje. Posteljicu treba zbiti tako da bez oštećenja može preuzeti opterećenja od konstrukcije prema kotama definiranim projektom. Obračun se vrši po m2 potpuno uređene i zbijene posteljice. | C15: m2 | D15: 70 | E15: 2 | F15: =D15*E15 -> 140
B16: Normativ U.B1.010, U.B1.012, U.B1.014, U.B1.016, U.B1.018, U.B1.020, U.B1.022, U.B1.024, U.B1.038, U.B1.042, U.B1.046, U.E8.010. ili jednakovrijedno______________________________
A17: III.01.04 | B17: Izvedba posteljice
B18: Izvedba posteljice debljine 10 cm i nasipa debljine 15 cm iznad PP vodovodnih cijevi kamenim materijalom 4-8 mm. Obračun po m3 uključujući sav potrebni rad , dobavu i ugradnju materijala. Varijanta ako se vodovod izvodi od PEHD cijevi, ukoliko se izvodi od PEHD cijevi sa zaštitnom ovojnicom stavka se ne izvodi. Obračun po m3 ugrađenog materijala. | C18: m3 | D18: 35 | E18: 40 | F18: =D18*E18 -> 1400
A19: III.01.05 | B19: Zatrpavanje rovova
B20: materijalom iz iskopa u sloju 30 cm sa nabijanjem. Prosječna dubina nasipa je 24 cm i širina 0,80 cm. Najprije upotrijebiti sitni materijal. U cijenu uračunato nabijanje i kvašenje. Obračun po m3 ugrađenog materijala. | C20: m3 | D20: 37 | E20: 25 | F20: =D20*E20 -> 925
A21: III.01.06 | B21: Izrada/popravak tampona
B22: Izrada/popravak sloja tampona cestovne konstrukcije na mjestima iskopa rovova materijalom iz iskopa. IZRADA NOSIVOG SLOJA OD ZRNATOG KAMENOG MATERIJALA Nabava, dovoz i ugradnja kamenog agregata s privremene deponije, tampona 0-31.5 mm s finim planiranjem i valjanjem do potrebne zbijenosti od Ms=100 MN/m2. Debljina tampona je 30 cm. Normativ U.B1.012, U.B1.016, U.B1.018, U.B1.024, U.B1.038, U.B1.042, U.B1.046, U.B8.039, U.E9.020. Rad obuhvaća dobavu i ugradnju zrnatog kamenog materijala u nosivi sloj kolničke konstrukcije. Ovaj sloj se može izvoditi tek nakon što je nadzorni inženjer primio posteljicu. | C22: m3 | D22: 39 | E22: 50 | F22: =D22*E22 -> 1950
B23: Normativ U.B1.012, U.B1.016, U.B1.018, U.B1.024, U.B1.038, U.B1.042, U.B1.046, U.B8.039, U.E9.020. ili jednakovrijedno ________________________________
A24: III.01.07 | B24: Odvoz viška materijala
B25: kamionom na deponij sa utovarom, odvozom , istovarom i taksama za odlaganje. Obračun po m3 odvezenog i zbrinutog materijala. | C25: m3 | D25: 18 | E25: 20 | F25: =D25*E25 -> 360
A26: III.01.08 | B26: Vanjske trase vodovoda od polietilenskih cijevi sa zaštitnom ovojnicom
B27: Dobava i ugradnja vodovodnih polietilenskih cijevi sa zaštitnom ovojnicom, prema DIN 8074/8075, DIN EN 12201, izrađen od PE 100-RC prema PAS 1075, SDR 17, s najvećom otpornosti na spor rast pukotine; ovjereno u skladu s DIN 8075 kao i DIN Certco u skladu s ZP 14.3.1, obilježen s DIN Certco DINplus oznakom sukladnosti, s kontinuiranim ekstrudiranim zaštitnim slojem izrađenim od modificiranog polietilena PEplus, sa plavom prugom. Cijev je kalibrirana i označena prema EN 12201-2. Izvedba cjevovoda prema PAS 1075 Tip 3, cijev s dimenzijama prema DIN 8074 s vanjskim zaštitnim slojem. Sučeono zavarivanje bez uklanjanja zaštitnog sloja, zavarivanje prema relevantnim uputama. Koljena i fazonske komade uračunati u m1 postavljene trase cijevi, ne obračunavaju se zasebno. Obračun se vrši po m' funkcionalno ugrađenih cijevi.
B28: DN 40 | C28: m' | D28: 92 | E28: 15 | F28: =D28*E28 -> 1380
B29: DN 50 | C29: m' | D29: 114 | E29: 21 | F29: =D29*E29 -> 2394
B30: DN 110 | C30: m' | D30: 13 | E30: 40 | F30: =D30*E30 -> 520
B31: - cijevi sa zaštitnom ovojnicom, prema DIN 8074/8075, DIN EN 12201 izrađen od PE 100-RC prema PAS 1075, SDR 17, s najvećom otpornosti na spor rast pukotine; ovjereno u skladu s DIN 8075 ili jednakovrijedno ____________________________________________
B32: DIN Certco u skladu s. s ZP 14.3.1, obilježen s DIN Certco DINplus oznakom sukladnosti ili jednakovrijedno ______________________________
B33: Cijev je kalibrirana i označena prema EN 12201-2 ili jednakovrijedno ________________________________________
B34: Izvedba cjevovoda prema PAS 1075 Tip 3, cijev s dimenzijama prema DIN 8074 s vanjskim zaštitnim slojem ili jednakovrijedno ______________________________
A35: III.01.09 | B35: Vodomjerno okno
B36: Dobava materijala i izvedba kompletnog betonskog vodomjernog okna unutarnjih dimenzija 180x360x180 cm. Okno izvedeno od betona sa dodacima za vodonepropusnost VDP 2, beton C30/37, razred izloženost XA 2, debljine stijenki i dna 25 cm. Na dnu okna izvodi se vodolovno grlo 40x40x40cm. Okno je pokriveno s tipskim ljevano željeznom poklopcem 60/60cm nosivosti 150 kN . Ispod poklopca u stijenke okna ugraditi penjalice na razmaku od 30 cm. Spoj cijevi sa betonskim stijenkama okna izvesti vodonepropusno - KGF komad. Cijevi se oslanjaju na betonski oslonac od betona C16/20. Obračun po kompletno izvedenom vodomjernom oknu uključujući i opremu koja se sastoji od dva nova vodomjera (MDK komad, zatvarača povratnog toka, hvatač nečistoća) uključujući i svu ostalu potrebnu opremu sukladno uputi komunalnog poduzeća. U stavku je uključeno: - strojni iskop zemlje III-V kategorije - podložni betonC12/15 - beton C30/37 , V2 - unutarnja hidroizolacija fleksibilnim jedno komponentnim zaštitnim premazom ojačanim vlaknima na bazi bitumen emulzije - vanjska hidroizolacija pd PVC sintetičke hidro izolacijske folije, debljine 1.5mm - vodonepropusna obrada prodora cijevi - lj.ž. poklopac nosivosti 150 kN - zatrpavanje rova kamenim materijalom 16-62 mm - utovar , odvoz i zbrinjavanje viška iskopanog materijala Obračun po komadu funkcionalano izvedenog vodomjernog okna prema uputi komunalnog poduzeća. | C36: kom | D36: 1 | E36: 2500 | F36: =D36*E36 -> 2500
A37: III.01.10 | B37: Izvedba spoja na javnu vodoopskrbu.
B38: U stavku su uključeni svi potrebni radovi za izvedbu funkcionalnog priključka prema uputama komunalnog poduzeća, sa ZOPT ventilima. Obračun za komplet funkcionalno izvedeni priključak na javni vodovod. | C38: kom | D38: 1 | E38: 2500
A39: III.01.11 | B39: Nadzemni LJŽ hidrant
B40: Nabava, dobava i montaža lijevano-željeznog nadzemnog hidranta s automatskim ispustom prema HRN EN 1074-6 i HRN EN 14384. Za priključak vatrogasnih cijevi ugrađene su dvije gornje B-spojke (65 mm) i jednom donjom A-spojkom (100 mm). Uračunat pregled prije ugradnje, dotjerivanje zaštitom protiv korozije nakon ugradnje, izrada i montaža na hidrant pločice s brojčanom oznakom hidranta u skladu s normom Sektora vodoopskrbe, te sav brtveni i spojni materijal. Uključeni svi potrebni prijenosi. - prirubnice PN 10 za spoj po HRN EN 1092-2 i HRN EN 1333 - gumena brtva s prokronskim prstenom za pitku vodu, za radni tlak 10 do 40 bara, prema HRN EN 681 i HRN EN 1514. Obavezno stezanje s moment ključem prema preporuci proizvođača. - prokromski vijak odgovarajućih dimenzija po HRN EN ISO 4016 sa maticom po HRN EN ISO 4034 s podloškom. Obračun za komplet ugrađeni hidrant. | C40: kom | D40: 1 | E40: 1890 | F40: =D40*E40 -> 1890
B41: željezni nadzemni hidranta s automatskim ispustom prema HRN EN 1074-6 ili jednakovrijedno ____________________________ i HRN EN 14384 ili jednakovrijedno _______________________________
B42: - prirubnice PN 10 za spoj po HRN EN 1092-2 ili jednakovrijedno_______________________________ i HRN EN 1333 ili jednakovrijedno_____________________________________ - gumena brtva s prokronskim prstenom za pitku vodu, za radni tlak 10 do 40 bara, prema HRN EN 681 ili jednakovrijedno ___________________________________i HRN EN 1514 ili jednakovrijedno _________________________________________Obavezno stezanje s moment ključem prema preporuci proizvođača. - prokromski vijak odgovarajućih dimenzija po HRN EN ISO 4016 ili jednakovrijedno __________________________________________ sa maticom po HRN EN ISO 4034 ili jednakovrijedno ___________________________________ s podloškom.
A43: III.01.12 | B43: Podgrada hidranata opekom
B44: Podgrada hidranata i ugradbenih garnitura zidom od pune opeke. Obračun po komadu funkcionalno izvedene podgrade. | C44: kom | D44: 1 | E44: 200 | F44: =D44*E44 -> 200
A45: III.01.13 | B45: Vanjski hidrantski ormarić
B46: Dobava i ugradba vanjskog hidrantskog ormarića sa priborom (trevira crijevo ø52, dužine 15 m, kom 2; mlaznica kom 2; ključ za spojnice; ključ za hidrant; dvokraki hidrantski nastavak) uključujući betonsko postolje, nosaće te pomoćni materijal za montažu i rad. Obračun po komadu funkcionalno izvedenog hidrantskog ormara. | C46: kom | D46: 1 | E46: 1450 | F46: =D46*E46 -> 1450
A47: III.01.14 | B47: Betonski oslonci
B48: Dobava i ugradnja betonskih oslonaca na lomovima trase hidrantske i vodovodne mreže. Oslonci se izvode od betona C16/20. Obračun se vodi po m3 ugrađenog betona dimenzija prema projektnom rješenju. | C48: m3 | D48: 2 | E48: 200 | F48: =D48*E48 -> 400
A49: III.01.15 | B49: Tlačna proba cjevovoda
B50: Nakon polaganja i djelomično zatrpanog cjevovoda, potrebno je pristupiti tlačnom ispitivanju cjevovoda. Tlačno ispitivanje i zapisnik o glavnoj tlačnoj probi se vrši prema normi HRN EN 805:2005 i izvođač ju je dužan povjeriti pravnoj osobi akreditiranoj prema normi HRN EN ISO/IEC 17025 za obavljanje predmetnih poslova. Cijenom obuhvaćena dobava potrebne vode te sav alat, strojevi, pomoćni materijal i rad. Na glavnoj tlačnoj probi obavezno mora biti prisutan nadzorni inženjer koji po izvršenoj glavnoj tlačnoj probi ovjerava zapisnik o valjanosti iste, te predstavnik investitora pa je o planiranom početku probe potrebno obavijestiti distributera. Obračun po m' ispitanog cjevovoda. | C50: m' | D50: 146 | E50: 3 | F50: =D50*E50 -> 438
B51: Tlačno ispitivanje se vrši prema normi HRN EN 805:2005 ili jednakovrijedno___________________________________, ispitivanje vrši pravna osoba akreditiran prema normi HRN EN ISO/IEC 17025 ili jednakovrijedno ___________________________________________
A52: III.01.16 | B52: Ispiranje cjevovoda
B53: Nakon komplet zatrpanog cjevovoda i ispitanog treba pristupiti ispiranju cjevovoda prema opisu u posebnim tehničkim uvjetima izvedbe cjevovoda. Cijenom obuhvaćena dobava potrebne vode - trosktruki volumen cjevovoda, te sav alat, strojevi, pomoćni materijal i rad. Ispiranje cjevovoda provodi se tako dugo dok se ne postigne kvaliteta propisana Zakonom o vodi za ljudsku potrošnju (NN 56/16,64/15), te Pravilnikom o parametrima sukladnosti i metodama analize vode za ljudsku potrošnju (NN 64/23 i 88/23) Obračun po m' ispranog cjevovoda. | C53: m' | D53: 146 | E53: 3 | F53: =D53*E53 -> 438
A54: III.01.17 | B54: Dezinfekcija cjevovoda
B55: Dezinfekcija i ispiranje montiranog i ispitanog cjevovoda. Provođenje dezinfekcije se vrši prema tehničkom opisu, odn. po uputi nadležnog sanitarnog inspektora koji je prisustvuje postupku, odobrava dezificijens, te izdaje atest po provedenom zapisniku. Obračun sve kompletno po dužnom metru dezifinciranog cjevovoda. | C55: m' | D55: 146 | E55: 4 | F55: =D55*E55 -> 584
A56: III.01.18 | B56: Uzimanje uzoraka
B57: Uzimanja uzoraka za ispitivanje fizikalno, kemijsko, bioloških značajki vode iz vodovodne mreže, te sva potrebna ispitivanja od ovlaštene ustanove za potrebe tehničkog pregleda kao i izdavanja pismenih uvjerenja o ispravnosti vode. U jediničnu cijenu je uključen sav potreban rad, oprema i materijal za funkcionalnu izvedbu. Obračun se vrši po komadu uzetih, ispitanih uzoraka te dobivenim potvrdama. | C57: kom | D57: 2 | E57: 150 | F57: =D57*E57 -> 300
A58: III.01.19 | B58: Ispitivanje hidranata na količinu
B59: Ispitivanje vanjskih hidranata na količinu i tlak te izdavanje pozitivnog dokaza kvalitete. Obračun po komadu izvršenog ispitivanja sukladno "Pravilniku o hidrantskoj mreži za gašenje požara ili jednakovrijedno. | C59: kom | D59: 1 | E59: 500 | F59: =D59*E59 -> 500
A60: III.01. | B60: VANJSKA VODOVODNA INSTALACIJA | C60: UKUPNO | F60: =SUM(F8:F59) -> 21961
A61: III.02. | B61: UNUTARNJA VODOVODNA INSTALACIJA
A62: III.02.01 | B62: Sanitarna hladna i topla voda
B63: Dobava i montaža troslojnih aluminijsko-plastičnih PE-RT TypeII/Al/PE-RT TypeII) cijevi izrađenih sukladno HRN EN ISO 21003-2:2008 i HRN EN ISO 21003-3:2008 sa spajanjem ˝press˝ spojnicama iz PVDF-a ili bronce ili jednakovrijedno, za glavni razvod sanitarne hladne i tople vode. Stavka obuhvaća sve potrebne spojnice, redukcije, T-komade i potrebni pričvrsni i ovjesni materijal. Cijevi se isporučuju u palicama bez izolacije. Izolacija izolacijom 23 mm, klase B, koljena i T komadi tvornički predpripremljeni. Koljena i fazonske komade uračunati u m1 postavljene trase cijevi, ne obračunavaju se zasebno. Obračun po m' funkcionalno ugrađene cijevi.
B64: DN 15 | C64: m' | D64: 308 | E64: 18 | F64: =D64*E64 -> 5544
B65: DN 20 | C65: m' | D65: 290 | E65: 20 | F65: =D65*E65 -> 5800
B66: DN 25 | C66: m' | D66: 674 | E66: 24 | F66: =D66*E66 -> 16176
B67: DN 32 | C67: m' | D67: 114 | E67: 35 | F67: =D67*E67 -> 3990
B68: DN 40 | C68: m' | D68: 23 | E68: 38 | F68: =D68*E68 -> 874
B69: cijevi izrađeniesukladno HRN EN ISO 21003-2:2008 i HRN EN ISO 21003-3:2008 ili jednakovrijedno _________________________________
A70: III.02.02 | B70: Protupožarna voda
B71: Dobava i montaža metalnih cijevi sa spajanjem ˝press˝ spojnim komadima iz galvanski pocinčanog čelika za glavni hidrantski razvod - mokri. Stavka obuhvaća sve potrebne spojnice, redukcije, T-komade i potrebni pričvrsni i ovjesni materijal. Cijevi se isporučuju u palicama bez izolacije. Izolacija 23 mm, klase B, koljena i T komadi tvornički predpripremljeni, uračunati u m1 cijevi. Obračun po m' funkcionalno ugrađene cijevi.
B72: DN 50 | C72: m' | D72: 167 | E72: 40 | F72: =D72*E72 -> 6680
A73: III.02.03 | B73: Ventili s ispustom
B74: Dobava i montaža mjedenih ravnih ventila sa kotačem i ispusnim ventilom ugrađenih na početku vertikala. Ventili su zatvoreni u zidu limenim vratašcima. Obračun kompletno ventil i vratašca. Obračun po komadu funkcionalno ugrađenog ventila i vratašca.
B75: DN 40 | C75: kom | D75: 1 | E75: 45 | F75: =D75*E75 -> 45
B76: DN 32 | C76: kom | D76: 3 | E76: 40 | F76: =D76*E76 -> 120
B77: DN 25 | C77: kom | D77: 5 | E77: 38 | F77: =D77*E77 -> 190
B78: DN 20 | C78: kom | D78: 30 | E78: 35 | F78: =D78*E78 -> 1050
B79: DN 15 | C79: kom | D79: 14 | E79: 30 | F79: =D79*E79 -> 420
A80: III.02.04 | B80: Zaporni podžbukni ventil
B81: Dobava i ugradnja zapornog podžbuknog ventila iz mjedi za reguliranje na ključ, kromiran, sa kromiranom kapicom i rozetom uključivo brtvilo (na toploj vodi fiber, a na hladnoj gumena brtva). Obračun po komadu funkcionalno ugrađenog ventila.
B82: DN 15 | C82: kom | D82: 258 | E82: 36 | F82: =D82*E82 -> 9288
A83: III.02.05 | B83: Spoj na pripremu tople vode
B84: Dobava materijala i izvedba priključka na pripremu tople vode. Obračun obuvaća kompletan montažni materijal. U stavku uključiti sav potreban rad i materijal, osim opreme koji je u troškovniku strojarskih radova. Obračun po komadu funkcionalno ugrađenog spoja na pripremu tople vode. | C84: kom | D84: 1 | E84: 800 | F84: =D84*E84 -> 800
A85: III.02.06 | B85: Zidni hidranti
B86: Dobava i ugradnja unutarnjih zidnih hidranata sa opremom za gašenje požara, dimenzija 500x500x140 mm, cijev 15 metara, mlaznicom Ø25, ključem i ventilom. U jediničnu cijenu treba uključiti sve potrebno za funkcionalnu izvedbu. Obračun se vrši po komadu funkcionalnog zidnog hidranta. | C86: kom | D86: 9 | E86: 280 | F86: =D86*E86 -> 2520
A87: III.02.07 | B87: Ispitivanje hidranata
B88: Ispitivanje svih zidnih protupožarnih hidranata na količinu i tlak te izdavanje dokaza kvalitete. Obračun po komadu izvršenog ispitivanja. | C88: kom | D88: 1 | E88: 500 | F88: =D88*E88 -> 500
A89: III.02.08 | B89: Tlačno ispitivanje instalacije
B90: Ispitivanje instalacije na nepropusnost pod tlakom od 10 bara u trajanju od minimalno 2 sata. Ispitivanje se vrši bez montiranih armatura. Krajevi cijevi zatvaraju se čepovima. U jediničnu cijenu je uključen sav potreban rad, čepovi, oprema i materijal te radne platforme do dovođenja u funkcionalnu izvedbu, a sve prema uputama proizvođača. Obračun po komadu izvršenog ispitivanja. | C90: kom | D90: 1 | E90: 600 | F90: =D90*E90 -> 600
A91: III.02.09 | B91: Dezinfekcija cjevovoda
B92: Dezinfekcija kompletne vodovodne instalacije, vodenom otopinom klora koncentracije 10 g Cl/m³ vode u instalaciji s prethodnom i naknadnim ispitivanjem instalacije uz protok vode jednak peterostrukom obujmu vode u instalaciji. U jediničnu cijenu je uključen sav potreban rad, oprema i materijal te radne platforme do dovođenja u funkcionalnu izvedbu, a sve prema uputama proizvođača. Obračun po komadu izvršene dezinfekcije. | C92: kom | D92: 1 | E92: 800 | F92: =D92*E92 -> 800
A93: III.02.10 | B93: Uzimanja uzoraka za ispitivanje fizikalno, kemijsko, bioloških značajki vode iz vodovodne mreže,
B94: Uzimanja uzoraka za ispitivanje fizikalno, kemijsko, bioloških značajki vode iz vodovodne mreže, te sva potrebna ispitivanja od ovlaštene ustanove za potrebe tehničkog pregleda kao i izdavanja pismenih uvjerenja o ispravnosti vode. U jediničnu cijenu je uključen sav potreban rad, oprema i materijal za funkcionalnu izvedbu. Obračun po komadu izvršenog ispitivanja. | C94: kom | D94: 1 | E94: 150 | F94: =D94*E94 -> 150
A95: III.02.11 | B95: Obrada prodora kroz požarne sektore
B96: Dobava materijala i izrada vatrootpornog prodora na mjestu prodora cijevi hidrantske mreže kroz požarne sektore. Linijsku izolaciju postaviti u sredinu prodora kako bi se kroz istu provukla cijev. Linijsku izolaciju od mineralne vune postaviti u duljini od 1 m (0,5 metra sa svake strane prodora). Za popunjavanje otvora oko linijske izolacije upotrijebiti mineralnu vunu s talištem >1000° C, A1 prema HRN RN 1350-1. Tako obrađeni prodor premazati protupožarnim premazom na vodenoj bazi koji na visokoj temperaturi stvara izolacijski sloj. Obračun po komadu obrađenog prodora. | C96: kom | D96: 2 | E96: 300 | F96: =D96*E96 -> 600
B97: opunjavanje otvora oko linijske izolacije , reakcije na požar A1 prema HRN RN 1350-1 ili jednakovrijedno _______________________________________
A98: III.02. | B98: UNUTARNJA VODOVODNA INSTALACIJA | C98: UKUPNO: | F98: =SUM(F63:F96) -> 56147
A99: III.03. | B99: VANJSKA MREŽA ODVODNJE
A100: III.03.01 | B100: Iskolčenje trase cjevovoda.
B101: Iskolčenje osi projektirane trase odvodnje. Rad obuhvaća iskolčenje prema projektu, i sva geodetska mjerenja kojima se podaci sa projekta prenose na teren, osiguranje osi iskolčene trase i održavanje iskolčenih oznaka na terenu za sve vrijeme građenja, odnosno do predaje radova Investitoru.Obračun se vrši po m' iskolčene osi prema projektnoj dokumentaciji. | C101: m' | D101: 542 | E101: 1 | F101: =D101*E101 -> 542
A102: III.03.02 | B102: Iskop jarka na dionici kanalizacije
B103: Strojni odnosno ručni iskop zemlje III-V kategorije za izradu jarka prosječne širine 80 cm i prosječne dubine 120 cm u koji se polažu vodovodne cijevi. U jediničnoj cijeni obuhvaćene su sve potrebne aktivnosti (iskop, utovar i odvoz viška materijala na privremenu deponiju). Obračun se vrši po m3 iskopa u sraslom stanju. Jediničnom cijenom obuhvaćene su slijedeće aktivnosti: • iskop (strojni i prema potrebi ručni) zemlje III-V kategorije • iskopani materijal odložit će se na privremeni deponij kako bi s mogao koristiti za zasipanje cjevovoda, a sve prema odluci nadzornog inženjera • iskop (strojni i prema potrebi ručni) zemlje III-V kategorije - sve ostalo potrebno za funkcionalnu izvedbu. Obračun po m3 iskopanog materijala.
...

Sheet IV.A. ETP - VANSKA INSTALACIJA
A1: Redni broj: | B1: OPIS STAVKE: | C1: Jedinica mjere: | D1: Količina: | E1: Jedinična cijena: | F1: Ukupno:
A4: IV.A | B4: VANJSKI RADOVI ELEKTRIČNIH INSTALACIJA
A6: 1. | B6: VANJSKI RADOVI
B8: Napomene:
A9: - | B9: Građevinski dio radova specificiranih u sklopu troškovnika električnih instalacija obavlja za to registrirana i ovlaštena pravna osoba, prema programu kontrole i osiguranja kvalitete iz građevinskog projekta te pod stručnim nadzorom građevinskog inženjera kome treba dostaviti tražene dokaze kvalitete.
B11: NN PRIKLJUČCI
A13: 1 | B13: Geodetski radovi za iskolčenje trase kabela i instalacijskih cijevi za priključni vod od glavnog razvodnog ormara (GRO) do svih vanjskih trošila koja se napajaju iz glavnog razvodnog ormara. | C13: m | D13: 400 | E13: 1 | F13: =D13*E13 -> 400
A15: 2 | B15: Geodetski snimak novo položenih instalacijskih cijevi. Geodetska snimka je podloga za dokumentaciju izvedenog stanja. | C15: m | D15: 400 | E15: 1 | F15: =D15*E15 -> 400
A17: 3 | B17: Izrada prodora u zidu ili podu građevine za polaganje instalacijskih cijevi za provlačenje kabela:
A18: - | B18: prodor za savitljivu rebrastu, dvostruku i zaštitnu cijev D-160 mm | C18: kom | D18: 5 | E18: 100 | F18: =D18*E18 -> 500
A19: - | B19: prodor za savitljivu rebrastu, dvostruku i zaštitnu cijev D-110 mm | C19: kom | D19: 2 | E19: 100 | F19: =D19*E19 -> 200
A20: - | B20: prodor za savitljivu rebrastu, dvostruku i zaštitnu cijev D-50 mm | C20: kom | D20: 3 | E20: 100 | F20: =D20*E20 -> 300
A22: 4 | B22: Vodotijesno brtvljenje prodora za polaganje instalacijskih cijevi odgovarajućom uvodnicom, nakon provlačenja kabela:
A23: - | B23: brtvljenje prodora za savitljivu rebrastu, dvostruku i zaštitnu cijev D-160 mm | C23: kom | D23: 5 | E23: 100 | F23: =D23*E23 -> 500
A24: - | B24: brtvljenje prodora za savitljivu rebrastu, dvostruku i zaštitnu cijev D-110 mm | C24: kom | D24: 2 | E24: 100 | F24: =D24*E24 -> 200
A25: - | B25: brtvljenje prodora za savitljivu rebrastu, dvostruku i zaštitnu cijev D-50 mm | C25: kom | D25: 3 | E25: 100 | F25: =D25*E25 -> 300
B27: ISKOP ISPOD TEMELJNE PLOČE GRAĐEVINE
A29: 5 | B29: Iskop rova za polaganje podzemnih instalacijskih cijevi za provlačenje NN kabela i trake uzemljenja:
A30: - | B30: Iskop rova širine 160 cm, dubine 90 cm ispod građevine za polaganje podzemnih instalacijskih cijevi za provlačenje NN kabela i trake uzemljenja. Ukupna dužina rova je 6 m. Nakon polaganja instalacijskih cijevi ponovno zatrpavanje rova uz nabijanje u slojevima uz uporabu motornog nabijača. | C30: m3 | D30: 8.64 | E30: 50 | F30: =D30*E30 -> 432
A31: - | B31: dobava, isporuka i nasipavanje betona u rov koji će u konačnici biti ispod temeljnje ploče građevine u dva sloja ukupno 30 cm (ispod i iznad položenih cijevi) po cijeloj dužini trase. | C31: m3 | D31: 2.88 | E31: 200 | F31: =D31*E31 -> 576
A32: - | B32: dobava, isporuka i nasipavanje šljunka u rov ispod temeljnje ploče građevine (45 cm) po cijeloj dužini trase. | C32: m3 | D32: 4.32 | E32: 50 | F32: =D32*E32 -> 216
A33: - | B33: dobava, isporuka i nasipavanje betona u rov ispod temeljnje ploče građevine ukupno 15 cm iznad nabijenog šljunka, a ispod buduće temeljnje ploče građevine po cijeloj dužini trase. | C33: m3 | D33: 1.44 | E33: 200 | F33: =D33*E33 -> 288
A34: - | B34: odvoz viška zemlje iz rova za polaganje instalacijskih cijevi za NN kabele i traku uzemljenja | C34: m3 | D34: 8.64 | E34: 10 | F34: =D34*E34 -> 86.4
B36: ISKOP ISPOD PROMETNICE / PARKINGA
A38: 6 | B38: Iskop rova za polaganje podzemnih instalacijskih cijevi za provlačenje NN kabela i trake uzemljenja:
A39: - | B39: Iskop rova širine 160 cm, dubine 90 cm ispod prometnice za polaganje podzemnih instalacijskih cijevi za provlačenje NN kabela i trake uzemljenja. Ukupna dužina rova je 5 m. Nakon polaganja instalacijskih cijevi ponovno zatrpavanje rova uz nabijanje u slojevima uz uporabu motornog nabijača. | C39: m3 | D39: 7.2 | E39: 40 | F39: =D39*E39 -> 288
A40: - | B40: dobava, isporuka i nasipavanje betona u rov koji će u konačnici biti ispod prometnih površina u dva sloja ukupno 30 cm (ispod i iznad položenih cijevi) po cijeloj dužini trase. | C40: m3 | D40: 2.4 | E40: 200 | F40: =D40*E40 -> 480
A41: - | B41: dobava, isporuka i nasipavanje šljunka u rov ispod prometnih površina (45 cm) po cijeloj dužini trase. | C41: m3 | D41: 3.6 | E41: 50 | F41: =D41*E41 -> 180
A42: - | B42: dobava, isporuka i nasipavanje betona u rov ispod kolnika ukupno 15 cm iznad nabijenog šljunka, a ispod budućeg asfalta ili betona po cijeloj dužini trase. | C42: m3 | D42: 0.9 | E42: 200 | F42: =D42*E42 -> 180
A43: - | B43: odvoz viška zemlje iz rova za polaganje instalacijskih cijevi za NN kabele i traku uzemljenja | C43: m3 | D43: 7.2 | E43: 10 | F43: =D43*E43 -> 72
A45: 7 | B45: Iskop rova za polaganje podzemnih instalacijskih cijevi za provlačenje NN kabela i trake uzemljenja:
A46: - | B46: Iskop rova širine 120 cm, dubine 90 cm ispod prometnice za polaganje podzemnih instalacijskih cijevi za provlačenje NN kabela i trake uzemljenja. Ukupna dužina rova je 59 m. Nakon polaganja instalacijskih cijevi ponovno zatrpavanje rova uz nabijanje u slojevima uz uporabu motornog nabijača. | C46: m3 | D46: 63.72 | E46: 20 | F46: =D46*E46 -> 1274.4
A47: - | B47: dobava, isporuka i nasipavanje betona u rov koji će u konačnici biti ispod prometnih površina u dva sloja ukupno 30 cm (ispod i iznad položenih cijevi) po cijeloj dužini trase. | C47: m3 | D47: 21.24 | E47: 200 | F47: =D47*E47 -> 4248
A48: - | B48: dobava, isporuka i nasipavanje šljunka u rov ispod prometnih površina (45 cm) po cijeloj dužini trase. | C48: m3 | D48: 31.86 | E48: 50 | F48: =D48*E48 -> 1593
A49: - | B49: dobava, isporuka i nasipavanje betona u rov ispod kolnika ukupno 15 cm iznad nabijenog šljunka, a ispod budućeg asfalta ili betona po cijeloj dužini trase. | C49: m3 | D49: 10.62 | E49: 200 | F49: =D49*E49 -> 2124
A50: - | B50: odvoz viška zemlje iz rova za polaganje instalacijskih cijevi za NN kabele i traku uzemljenja | C50: m3 | D50: 63.72 | E50: 10 | F50: =D50*E50 -> 637.2
A52: 8 | B52: Iskop rova za polaganje podzemnih instalacijskih cijevi za provlačenje NN kabela i trake uzemljenja:
A53: - | B53: Iskop rova širine 80 cm, dubine 90 cm ispod prometnice za polaganje podzemnih instalacijskih cijevi za provlačenje NN kabela i trake uzemljenja. Ukupna dužina rova je 8 m. Nakon polaganja instalacijskih cijevi ponovno zatrpavanje rova uz nabijanje u slojevima uz uporabu motornog nabijača. | C53: m3 | D53: 5.76 | E53: 40 | F53: =D53*E53 -> 230.4
A54: - | B54: dobava, isporuka i nasipavanje betona u rov koji će u konačnici biti ispod prometnih površina u dva sloja ukupno 30 cm (ispod i iznad položenih cijevi) po cijeloj dužini trase. | C54: m3 | D54: 1.92 | E54: 200 | F54: =D54*E54 -> 384
A55: - | B55: dobava, isporuka i nasipavanje šljunka u rov ispod prometnih površina (45 cm) po cijeloj dužini trase. | C55: m3 | D55: 2.88 | E55: 50 | F55: =D55*E55 -> 144
A56: - | B56: dobava, isporuka i nasipavanje betona u rov ispod kolnika ukupno 15 cm iznad nabijenog šljunka, a ispod budućeg asfalta ili betona po cijeloj dužini trase. | C56: m3 | D56: 0.96 | E56: 200 | F56: =D56*E56 -> 192
A57: - | B57: odvoz viška zemlje iz rova za polaganje instalacijskih cijevi za NN kabele i traku uzemljenja | C57: m3 | D57: 5.76 | E57: 10 | F57: =D57*E57 -> 57.6
A59: 9 | B59: Iskop rova za polaganje podzemnih instalacijskih cijevi za provlačenje NN kabela i trake uzemljenja:
A60: - | B60: Iskop rova širine 40 cm, dubine 90 cm ispod prometnice za polaganje podzemnih instalacijskih cijevi za provlačenje NN kabela i trake uzemljenja. Ukupna dužina rova je 38 m. Nakon polaganja instalacijskih cijevi ponovno zatrpavanje rova uz nabijanje u slojevima uz uporabu motornog nabijača. | C60: m3 | D60: 13.68 | E60: 40 | F60: =D60*E60 -> 547.2
A61: - | B61: dobava, isporuka i nasipavanje betona u rov koji će u konačnici biti ispod prometnih površina u dva sloja ukupno 30 cm (ispod i iznad položenih cijevi) po cijeloj dužini trase. | C61: m3 | D61: 4.56 | E61: 200 | F61: =D61*E61 -> 912
A62: - | B62: dobava, isporuka i nasipavanje šljunka u rov ispod prometnih površina (45 cm) po cijeloj dužini trase. | C62: m3 | D62: 6.84 | E62: 50 | F62: =D62*E62 -> 342
A63: - | B63: dobava, isporuka i nasipavanje betona u rov ispod kolnika ukupno 15 cm iznad nabijenog šljunka, a ispod budućeg asfalta ili betona po cijeloj dužini trase. | C63: m3 | D63: 2.28 | E63: 200 | F63: =D63*E63 -> 456
A64: - | B64: odvoz viška zemlje iz rova za polaganje instalacijskih cijevi za NN kabele i traku uzemljenja | C64: m3 | D64: 13.68 | E64: 10 | F64: =D64*E64 -> 136.8
B66: ISKOP ISPOD ZELENE POVRŠINE
A68: 10 | B68: Iskop rova za polaganje podzemnih instalacijskih cijevi za provlačenje NN kabela i trake uzemljenja:
A69: - | B69: Iskop rova širine 120 cm, dubine 60 cm ispod zelenih površina za polaganje podzemnih instalacijskih cijevi za provlačenje NN kabela i trake uzemljenja. Ukupna dužina rova je 52 m. Nakon polaganja instalacijskih cijevi ponovno zatrpavanje rova uz nabijanje u slojevima uz uporabu motornog nabijača. | C69: m3 | D69: 37.44 | E69: 40 | F69: =D69*E69 -> 1497.6
A70: - | B70: dobava, isporuka i nasipavanje posteljice od finog pijeska u dva sloja ukupno 30 cm (ispod i iznad položenih podzemnih instalacijskih cijevi) po cijeloj dužini trase. | C70: m3 | D70: 18.72 | E70: 40 | F70: =D70*E70 -> 748.8
A71: - | B71: odvoz viška zemlje iz rova za polaganje instalacijskih cijevi za NN kabele i traku uzemljenja | C71: m3 | D71: 18.72 | E71: 10 | F71: =D71*E71 -> 187.2
A73: 11 | B73: Iskop rova za polaganje podzemnih instalacijskih cijevi za provlačenje NN kabela i trake uzemljenja:
A74: - | B74: Iskop rova širine 40 cm, dubine 60 cm ispod zelenih površina za polaganje podzemnih instalacijskih cijevi za provlačenje NN kabela i trake uzemljenja. Ukupna dužina rova je 285 m. Nakon polaganja instalacijskih cijevi ponovno zatrpavanje rova uz nabijanje u slojevima uz uporabu motornog nabijača. | C74: m3 | D74: 44.4 | E74: 40 | F74: =D74*E74 -> 1776
A75: - | B75: dobava, isporuka i nasipavanje posteljice od finog pijeska u dva sloja ukupno 30 cm (ispod i iznad položenih podzemnih instalacijskih cijevi) po cijeloj dužini trase. | C75: m3 | D75: 22.2 | E75: 40 | F75: =D75*E75 -> 888
A76: - | B76: odvoz viška zemlje iz rova za polaganje instalacijskih cijevi za NN kabele i traku uzemljenja | C76: m3 | D76: 22.2 | E76: 10 | F76: =D76*E76 -> 222
B78: PRISTUPNA KABELSKA KANALIZACIJA
A80: 12 | B80: Geodetski radovi za iskolčenje trase EKI instalacijskih cijevi za priključni vod od glavnog komunikacijskog ormara u glavnoj zgradi do svih komunikacijskih ormara. | C80: m | D80: 60 | E80: 1 | F80: =D80*E80 -> 60
A82: 13 | B82: Geodetski snimak novo položenih instalacijskih cijevi. Geodetska snimka je podloga za dokumentaciju izvedenog stanja. | C82: m | D82: 60 | E82: 1 | F82: =D82*E82 -> 60
A84: 14 | B84: Izrada prodora u zidu ili podu građevine za polaganje instalacijskih cijevi za provlačenje kabela:
A85: - | B85: prodor za savitljivu rebrastu, dvostruku i zaštitnu cijev D-110 mm | C85: kom | D85: 2 | E85: 100 | F85: =D85*E85 -> 200
A87: 15 | B87: Vodotijesno brtvljenje prodora za polaganje instalacijskih cijevi odgovarajućom uvodnicom, nakon provlačenja kabela:
A88: - | B88: prodor za savitljivu rebrastu, dvostruku i zaštitnu cijev D-110 mm | C88: kom | D88: 2 | E88: 100 | F88: =D88*E88 -> 200
B90: ISKOP ISPOD TEMELJNE PLOČE GRAĐEVINE
A92: 16 | B92: Iskop rova za polaganje podzemnih instalacijskih cijevi za provlačenje EKI priključka:
A93: - | B93: Iskop rova širine 40 cm, dubine 90 cm ispod građevine za polaganje podzemnih instalacijskih cijevi za provlačenje EKI kabela. Ukupna dužina rova je 8 m. Nakon polaganja instalacijskih cijevi ponovno zatrpavanje rova uz nabijanje u slojevima uz uporabu motornog nabijača. | C93: m3 | D93: 2.88 | E93: 40 | F93: =D93*E93 -> 115.2
A94: - | B94: dobava, isporuka i nasipavanje betona u rov koji će u konačnici biti ispod temeljnje ploče građevine u dva sloja ukupno 30 cm (ispod i iznad položenih cijevi) po cijeloj dužini trase. | C94: m3 | D94: 0.96 | E94: 200 | F94: =D94*E94 -> 192
A95: - | B95: dobava, isporuka i nasipavanje šljunka u rov ispod temeljnje ploče građevine (45 cm) po cijeloj dužini trase. | C95: m3 | D95: 1.44 | E95: 50 | F95: =D95*E95 -> 72
A96: - | B96: dobava, isporuka i nasipavanje betona u rov ispod temeljnje ploče građevine ukupno 15 cm iznad nabijenog šljunka, a ispod buduće temeljnje ploče građevine po cijeloj dužini trase. | C96: m3 | D96: 0.48 | E96: 200 | F96: =D96*E96 -> 96
A97: - | B97: odvoz viška zemlje iz rova za polaganje instalacijskih cijevi za EKI kabela | C97: m3 | D97: 2.88 | E97: 10 | F97: =D97*E97 -> 28.8
B99: ISKOP ISPOD PROMETNICE / PARKINGA
A101: 17 | B101: Iskop rova za polaganje podzemnih instalacijskih cijevi za provlačenje EKI priključka:
A102: - | B102: Iskop rova širine 40 cm, dubine 90 cm ispod prometnice za polaganje podzemnih instalacijskih cijevi za provlačenje EKI kabela. Ukupna dužina rova je 51 m. Nakon polaganja instalacijskih cijevi ponovno zatrpavanje rova uz nabijanje u slojevima uz uporabu motornog nabijača. | C102: m3 | D102: 18.36 | E102: 40 | F102: =D102*E102 -> 734.4
A103: - | B103: dobava, isporuka i nasipavanje betona u rov koji će u konačnici biti ispod prometnih površina u dva sloja ukupno 30 cm (ispod i iznad položenih cijevi) po cijeloj dužini trase. | C103: m3 | D103: 6.12 | E103: 200 | F103: =D103*E103 -> 1224
A104: - | B104: dobava, isporuka i nasipavanje šljunka u rov ispod prometnih površina (45 cm) po cijeloj dužini trase. | C104: m3 | D104: 9.18 | E104: 50 | F104: =D104*E104 -> 459
A105: - | B105: dobava, isporuka i nasipavanje betona u rov ispod kolnika ukupno 15 cm iznad nabijenog šljunka, a ispod budućeg asfalta ili betona po cijeloj dužini trase. | C105: m3 | D105: 3.3 | E105: 200 | F105: =D105*E105 -> 660
A106: - | B106: odvoz viška zemlje iz rova za polaganje instalacijskih cijevi za EKI kabela | C106: m3 | D106: 18.36 | E106: 10 | F106: =D106*E106 -> 183.6
B108: RASVJETNI STUPOVI
A110: 18 | B110: Strojni ili ručni iskop rupe za temelj vruće cinčanog stupa visine H = 4,0 m u tvrdo nabijenom tlu dimenzija: Dužina: 0,85 m, Širina: 0,85 m, Dubina: 0,90 m. Volumen iskopa: 0,65 m3. Nakon izrade temelja tlo nabiti motornim nabijačem, i odvesti višak zemlje. | C110: kom | D110: 14 | E110: 100 | F110: =D110*E110 -> 1400
A112: 19 | B112: Izrada temelja za vruće cinčani stup visine H = 4,0 m iz betona kvalitete C12/15 prema statičkom proračunu. Ugradnja sidrenih vijaka pomoću šablone i šablona, ugradnja 2 komada PVC cijevi Ø50 dužine 1,5 m u temelj, te niveliranje gornje plohe temelja cementnim mortom. Temelj treba izvesti iz jednog dijela. Dimenzije temelja: 0,65 x 0,65 x 0,80 m Volumen temelja: 0,34 m3 | C112: kom | D112: 14 | E112: 200 | F112: =D112*E112 -> 2800
B114: MONTAŽNI ZDENCI
A116: 20 | B116: Strojni ili ručni iskop rupe cca dimenzija (dxšxv) 80x80x110 cm za ugradnju kabelskog zdenca D0, uključuje ručnu doradu rova gdje je potrebno. Nakon polaganja MZ-D0 ponovno zatrpavanje rova uz nabijanje u slojevima uz uporabu motornog nabijača. Ukupan volumen iskopa i zatrpavanja 0,71 m3. | C116: kompl | D116: 2 | E116: 1500 | F116: =D116*E116 -> 3000
A118: 21 | B118: Dobava i ugradnja u zemlju montažnog kabelskog zdenca MZD0 dimenzija (šxdxv) 60x60x100cm (minimalna nosivost 400 kN). Stavka uključuje:
A119: - | B119: postavu zdenca uz pomoć autodizalice,
A120: - | B120: zatrpavanje oko zdenca,
A121: - | B121: propisno zbrinjavanje viška iskopane zemlje na deponiji u krugu od 20 km,
A122: - | B122: postava uvodnih ploča i poklopca,
A123: - | B123: obrada oko ulaza cijevi i brtvljenje cijevi koje neće biti zauzete.
C124: kompl | D124: 2 | E124: 1000 | F124: =D124*E124 -> 2000
A126: 22 | B126: Strojni ili ručni iskop rupe cca dimenzija (dxšxv) 140x130x110 cm za ugradnju kabelskog zdenca D2, uključuje ručnu doradu rova gdje je potrebno. Nakon polaganja MZ-D2 ponovno zatrpavanje rova uz nabijanje u slojevima uz uporabu motornog nabijača. Ukupan volumen iskopa i zatrpavanja 2,0 m3. | C126: kompl | D126: 3 | E126: 100 | F126: =D126*E126 -> 300
A128: 23. | B128: Dobava i ugradnja u zemlju montažnog kabelskog zdenca MZD2 dimenzija (šxdxv) 118x108x101cm (minimalna nosivost 400 kN). Stavka uključuje:
A129: - | B129: postavu zdenca uz pomoć autodizalice,
A130: - | B130: zatrpavanje oko zdenca,
A131: - | B131: propisno zbrinjavanje viška iskopane zemlje na deponiji u krugu od 20 km,
A132: - | B132: postava uvodnih ploča i poklopca,
A133: - | B133: obrada oko ulaza cijevi i brtvljenje cijevi koje neće biti zauzete.
C134: kompl | D134: 3 | E134: 100 | F134: =D134*E134 -> 300
B136: POLAGANJE U ROV
A138: 24. | B138: Dobava i polaganje podzemnih instalacijskih cijevi za provlačenje NN kabela i za EKI priključak u prethodno iskopan kabelski rov:
...

Sheet IV.B. ETP - UNUTARNJA INSTALACI
A1: Redni broj: | B1: OPIS STAVKE: | C1: Jedinica mjere: | D1: Količina: | E1: Jedinična cijena: | F1: Ukupno:
A4: IV.B | B4: UNUTARNJI RADOVI ELEKTRIČNIH INSTALACIJA
A6: B) | B6: ELEKTRIČNA INSTALACIJA ZGRADE
A8: 6. | B8: RAZVODNI ORMARI
A10: 1. | B10: GLAVNI RAZVODNI ORMAR (poz. GRO)
B11: Dobava, ugradnja i spajanje glavnog razvodnog ormara s ugrađenom sklopnom opremom kako slijedi:
B12: ORMAR
A13: - | B13: NN razvodni ormar, 1-vrata, 2000x600x600 mm (vxšxd), | C13: kom | D13: 4 | E13: 410
A14: - | B14: podnožje prema širini ormara, 100x600 mm | C14: kom | D14: 16 | E14: 410
A15: - | B15: bočne stranice (par) za ormare, 2000x600 mm (vxd) | C15: pak | D15: 1 | E15: 410
A16: - | B16: set za povezivanje ormara iznutra (6 kom.) | C16: pak | D16: 4 | E16: 410
A17: - | B17: spremnik za dokumentaciju, samoljepljivi, A4 | C17: kom | D17: 3 | E17: 410
A18: - | B18: ostali spojni i montažni materijal | C18: kompl. | D18: 1 | E18: 410
B19: PRIKLJUČNO POLJE (HEP-ODS) | E19: 410
A20: - | B20: NV rastavna sklopka vel. 01|250A, 3P, M8, stez. 70mm2, na ploču | C20: kom | D20: 4 | E20: 427
A21: - | B21: NV osigurač vel. 01, 160A/400V AC | C21: kom | D21: 12 | E21: 410
A22: - | B22: rastavna sklopka za cilindrične osigurače 10x38mm, 3P/32A, gG, 500V AC | C22: kom | D22: 1 | E22: 410
A23: - | B23: cilindrični osigurač, 10x38, 6A, gG, 500V AC | C23: kom | D23: 3 | E23: 410
A24: - | B24: strujni mjerni transformator 800/5A, klasa 0,5 | C24: kom | D24: 3 | E24: 410
A25: - | B25: mjerni uređaj i analizator mreže Napomena: dobavlja i ugrađuje HEP-ODS | C25: kom | D25: 1 | E25: 410
B26: PRIKLJUČNO POLJE (KORISNIK)
A27: - | B27: kompaktni prekidač snage, 3P/630A/50kA s termo-magnetskom zaštitom kabela, | C27: kom | D27: 1 | E27: 410
A28: - | B28: pomoćni kontakt 1C/O za CNUS, spojen na kompaktni prekidač | C28: kom | D28: 1 | E28: 410
A29: - | B29: NV rastavna sklopka vel.00|160A, 3P, M8, stez. 70 mm2, na ploču | C29: kom | D29: 1 | E29: 410
A30: - | B30: NV osigurač vel. 00, 80A/400V AC | C30: kom | D30: 3 | E30: 410
A31: - | B31: odvodnik prenapona tip I+II TNS 400/50kA | C31: kom | D31: 1 | E31: 410
A32: - | B32: rastavna sklopka za cilindrične osigurače 10x38mm, 3P/32A, gG, 500V AC | C32: kom | D32: 1 | E32: 410
A33: - | B33: cilindrični osigurač, 10x38, 6A, gG, 500V AC | C33: kom | D33: 3 | E33: 410
A34: - | B34: strujni mjerni transformator 800/5A, klasa 0,5 | C34: kom | D34: 4 | E34: 410
A35: - | B35: mjerni uređaj i analizator mreže s prikazom na ekranu na vratima GRO ormara (display dimenzija cca 96x96 mm): • mjerenje u 4 kvadranta • napon - linijski i fazni • min. napon po fazi • maks. napon po fazi • sadržaj viših harmonika po fazi • struja vodiča (faze) i nul-vodiča, srednja vrijednost po fazi, maks. srednja vrijednost po fazi, ukupna struja, sadržaj viših harmonika po fazi • ukupna snaga - radna, jalova i prividna snaga, snaga po fazi - radna, jalova i prividna snaga, srednja vrijednost, maks. srednja vrijednost • faktor snage - ukupni, po fazi • frekvencija • pogonski sati • radna energija - pozitivna ukupna, pozitivna po fazi • jalova energija - pozit. ukupna, pozit. po fazi • radna energija - negativna ukupna • jalova energija - negativna ukupna | C35: kom | D35: 1 | E35: 410
A36: - | B36: minijaturni zaštitni prekidač, B karakteristika, 2A, 2-polni, 10kA | C36: kom | D36: 2 | E36: 410
A37: - | B37: transformator, 1-fazni | 230/024V | 60VA, IP00 | C37: kom | D37: 1 | E37: 410
A38: - | B38: udarno tipkalo (gljiva) za ručni isklop u nuždi, deblokada povlačenjem, sprežni element, sklopni element, N/O (radni), prednja montaža, zaštitna kragna za gljivasta tipkala | C38: kom | D38: 1 | E38: 410
... A49: - | B49: kompaktni prekidač snage, 3P/160A/50kA s termo-magnetskom zaštitom kabela | C49: kom | D49: 1 | E49: 410
B50: SIGURNOSNI SUSTAVI (ZAOBILAZNI VOD)
A51: - | B51: kompaktni prekidač snage 3P, nazivne struje tijela prekidača 125A/25kA s termo-magnetskom zaštitom jedinicom In=80A, podesiva Ir=(0.7-1.0) x In | C51: kom | D51: 1 | E51: 410
B52: POLJE POTROŠNJE
A53: - | B53: kompaktni prekidač snage, 4P/200A/25kA s termo-magnetskom zaštitom kabela, sa funkcijom mjerenja E ( I, U, P, S, Q, f, PF, cos (fi), E, THDu, THDi, min/max snaga potrošnje u zadanom kliznom periodu...) te prijenosom mjerenih veličina komunikacijskim protokolom | C53: kom | D53: 1 | E53: 410
A54: - | B54: kompaktni prekidač snage, 3P/400A/50kA s termo-magnetskom zaštitom kabela, sa funkcijom mjerenja E ( I, U, P, S, Q, f, PF, cos (fi), E, THDu, THDi, min/max snaga potrošnje u zadanom kliznom periodu...) te prijenosom mjerenih veličina komunikacijskim protokolom | C54: kom | D54: 1 | E54: 410
A55: - | B55: kompaktni prekidač snage, 3P/160A/50kA s termo-magnetskom zaštitom kabela, sa funkcijom mjerenja E ( I, U, P, S, Q, f, PF, cos (fi), E, THDu, THDi, min/max snaga potrošnje u zadanom kliznom periodu...) te prijenosom mjerenih veličina komunikacijskim protokolom | C55: kom | D55: 1 | E55: 410
A56: - | B56: kompaktni prekidač snage 3P, nazivne struje tijela prekidača 125A/25kA s termo-magnetskom zaštitom jedinicom In=100A, podesiva Ir=(0.7-1.0) x In, sa funkcijom mjerenja E ( I, U, P, S, Q, f, PF, cos (fi), E, THDu, THDi, min/max snaga potrošnje u zadanom kliznom periodu...) te prijenosom mjerenih veličina komunikacijskim protokolom | C56: kom | D56: 1 | E56: 410
A57: - | B57: kompaktni prekidač snage 3P, nazivne struje tijela prekidača 125A/25kA s termo-magnetskom zaštitom jedinicom In=63A, podesiva Ir=(0.7-1.0) x In, sa funkcijom mjerenja E ( I, U, P, S, Q, f, PF, cos (fi), E, THDu, THDi, min/max snaga potrošnje u zadanom kliznom periodu...) te prijenosom mjerenih veličina komunikacijskim protokolom | C57: kom | D57: 1 | E57: 410
A58: - | B58: kompaktni prekidač snage 3P, nazivne struje tijela prekidača 125A/25kA s termo-magnetskom zaštitom jedinicom In=50A, podesiva Ir=(0.7-1.0) x In, sa funkcijom mjerenja E ( I, U, P, S, Q, f, PF, cos (fi), E, THDu, THDi, min/max snaga potrošnje u zadanom kliznom periodu...) te prijenosom mjerenih veličina komunikacijskim protokolom | C58: kom | D58: 1 | E58: 410
A59: - | B59: kompaktni prekidač snage 3P, nazivne struje tijela prekidača 125A/25kA s termo-magnetskom zaštitom jedinicom In=40A, podesiva Ir=(0.7-1.0) x In, sa funkcijom mjerenja E ( I, U, P, S, Q, f, PF, cos (fi), E, THDu, THDi, min/max snaga potrošnje u zadanom kliznom periodu...) te prijenosom mjerenih veličina komunikacijskim protokolom | C59: kom | D59: 3 | E59: 410
A60: - | B60: kompaktni prekidač snage 3P, nazivne struje tijela prekidača 125A/25kA s termo-magnetskom zaštitom jedinicom In=32A, podesiva Ir=(0.7-1.0) x In, sa funkcijom mjerenja E ( I, U, P, S, Q, f, PF, cos (fi), E, THDu, THDi, min/max snaga potrošnje u zadanom kliznom periodu...) te prijenosom mjerenih veličina komunikacijskim protokolom | C60: kom | D60: 3 | E60: 410
A61: - | B61: kompaktni prekidač snage 3P, nazivne struje tijela prekidača 125A/25kA s termo-magnetskom zaštitom jedinicom In=25A, podesiva Ir=(0.7-1.0) x In, sa funkcijom mjerenja E ( I, U, P, S, Q, f, PF, cos (fi), E, THDu, THDi, min/max snaga potrošnje u zadanom kliznom periodu...) te prijenosom mjerenih veličina komunikacijskim protokolom | C61: kom | D61: 1 | E61: 410
A62: - | B62: kompaktni prekidač snage 3P, nazivne struje tijela prekidača 125A/25kA s termo-magnetskom zaštitom jedinicom In=20A, podesiva Ir=(0.7-1.0) x In, sa funkcijom mjerenja E ( I, U, P, S, Q, f, PF, cos (fi), E, THDu, THDi, min/max snaga potrošnje u zadanom kliznom periodu...) te prijenosom mjerenih veličina komunikacijskim protokolom | C62: kom | D62: 2 | E62: 410
A63: - | B63: kompaktni prekidač snage 3P, nazivne struje tijela prekidača 125A/25kA s termo-magnetskom zaštitom jedinicom In=16A, podesiva Ir=(0.7-1.0) x In, sa funkcijom mjerenja E ( I, U, P, S, Q, f, PF, cos (fi), E, THDu, THDi, min/max snaga potrošnje u zadanom kliznom periodu...) te prijenosom mjerenih veličina komunikacijskim protokolom | C63: kom | D63: 1 | E63: 410
A64: - | B64: daljinski isklopnik za gore navedeni kompaktni prekidač snage 3P/25A/25kA, 24VAC/DC, sa ranijim pomoćnim kontaktima | C64: kom | D64: 1 | E64: 410
... A66: - | B66: pomoćni kontakt 1C/O za CNUS, spojen na kompaktni prekidač | C66: kom | D66: 16 | E66: 410
B67: OSTALO
A68: - | B68: sva potrebna montažna i spojna oprema potrebna za ugradnju specificirane opreme u ormare do njegove pune fukcionalnosti; sabirnice, redne stezaljke, sabirnice nule i zemlje, spojni vodovi, plastične kanalice, označavanje, funkcionalno ispitivanje prije isporuke, atesti, ispitni protokol, korisnička dokumentacija te ostali potrebni sitni spojni i montažni materijal i pribor do pune funkcionalnosti ormara | C68: kompl | D68: 1 | E68: 410
A69: - | B69: izrada ožičenja ormara i spajanje na instalaciju građevine, izrada i isporuka ispitnog lista te sheme izvedenog stanja | C69: kompl | D69: 1 | E69: 410
C70: kompl | D70: 1 | E70: 51687 | F70: =D70*E70 -> 51687
A72: 2. | B72: UREĐAJ ZA KOMPENZACIJU JALOVE ENERGIJE
A73: - | B73: Razdjelnik kompenzacije LSFC, nominalnog kapaciteta 87,50 kVAr. Dimenzije zidnog ormara (šxvxd) 600x1200x310 mm. | C73: komp | D73: 1 | E73: 3000
A74: - | B74: izrada ožičenja ormara i spajanje na instalaciju objekta | C74: komp | D74: 1 | E74: 2304
C75: kompl | D75: 1 | E75: 5304 | F75: =D75*E75 -> 5304
A77: 3. | B77: RAZVODNI ORMAR (poz. 0RO-1)
B78: Dobava, ugradnja i spajanje razvodnog ormara s ugrađenom sklopnom opremom kako slijedi:
B79: ORMAR
A80: - | B80: podžbukni razdjelni ormarić sa metalnim vratima, dimenzija cca 588x1070x136mm (šxvxd), 6x24 DIN modula | C80: kom | D80: 1 | E80: 34
A81: - | B81: spremnik za dokumentaciju, samoljepljivi, A4 | C81: kom | D81: 1 | E81: 34
A82: - | B82: ostali spojni i montažni materijal | C82: kompl. | D82: 1 | E82: 34
B83: PRIKLJUČNO POLJE (KORISNIK)
A84: - | B84: kompaktni prekidač snage 3P, nazivne struje tijela prekidača 125A/25kA s termo-magnetskom zaštitom jedinicom In=40A, podesiva Ir=(0.7-1.0) x In | C84: kom | D84: 1 | E84: 38
A85: - | B85: odvodnik prenapona tip II TNS 400/25kA | C85: kom | D85: 1 | E85: 34
A86: - | B86: minijaturni zaštitni prekidač, B karakteristika, 2A, 2-polni, 10kA | C86: kom | D86: 2 | E86: 34
A87: - | B87: transformator, 1-fazni | 230/024V | 60VA, IP00 | C87: kom | D87: 1 | E87: 34
A88: - | B88: daljinski isklopnik za gore navedeni kompaktni prekidač snage 3P/125A/25kA, 24VAC/DC, sa ranijim pomoćnim kontaktima | C88: kom | D88: 1 | E88: 34
B89: POLJE POTROŠNJE PRIKLJUČNICA I PRIKLJUČKA
A90: - | B90: minijaturni zaštitni prekidač, B karakteristika, 40A, 1-polni, 10kA | C90: kom | D90: 7 | E90: 34
A91: - | B91: RCD sklopka, 40-2-003/AC, 10kA | C91: kom | D91: 7 | E91: 34
A92: - | B92: minijaturni zaštitni prekidač, B karakteristika, 10A, 1-polni, 10kA | C92: kom | D92: 12 | E92: 34
A93: - | B93: minijaturni zaštitni prekidač, B karakteristika, 16A, 1-polni, 10kA | C93: kom | D93: 38 | E93: 34
B94: POLJE POTROŠNJE RASVJETE
A95: - | B95: minijaturni zaštitni prekidač, B karakteristika, 40A, 1-polni, 10kA | C95: kom | D95: 1 | E95: 34
A96: - | B96: RCD sklopka, 40-2-003/AC, 10kA | C96: kom | D96: 1 | E96: 34
A97: - | B97: minijaturni zaštitni prekidač, B karakteristika, 10A, 1-polni, 10kA | C97: kom | D97: 7 | E97: 34
A98: - | B98: pomoćni kontakt 1C/O za CSR, spojen na MCB | C98: kom | D98: 8 | E98: 34
A99: - | B99: minijaturni zaštitni prekidač, B karakteristika, 6A, 1-polni, 10kA | C99: kom | D99: 1 | E99: 34
A100: - | B100: jednopolni relej za nadzor prisutnosti i redoslijed faza, s 1 CO kontaktom, 208/440 V AC | C100: kom | D100: 1 | E100: 34
A101: - | B101: Napomena: U ormar se ugrađuje sklopna oprema za upravljanje rasvjetom
B102: OSTALO
A103: - | B103: sva potrebna montažna i spojna oprema potrebna za ugradnju specificirane opreme u ormare do njegove pune fukcionalnosti; sabirnice, redne stezaljke, sabirnice nule i zemlje, spojni vodovi, plastične kanalice, označavanje, funkcionalno ispitivanje prije isporuke, atesti, ispitni protokol, korisnička dokumentacija te ostali potrebni sitni spojni i montažni materijal i pribor do pune funkcionalnosti ormara | C103: kompl | D103: 1 | E103: 34
A104: - | B104: izrada ožićenja ormara i spajanje na instalaciju građevine, izrada i isporuka ispitnog lista te sheme izvedenog stanja | C104: kompl | D104: 1 | E104: 34
C105: kompl | D105: 1 | E105: 3200 | F105: =D105*E105 -> 3200
A107: 4. | B107: RAZVODNI ORMAR (poz. 0RO-2)
B108: Dobava, ugradnja i spajanje razvodnog ormara s ugrađenom sklopnom opremom kako slijedi:
B109: ORMAR
A110: - | B110: podžbukni razdjelni ormarić sa metalnim vratima, dimenzija cca 588x1070x136mm (šxvxd), 6x24 DIN modula | C110: kom | D110: 1 | E110: 37
A111: - | B111: spremnik za dokumentaciju, samoljepljivi, A4 | C111: kom | D111: 1 | E111: 37
A112: - | B112: ostali spojni i montažni materijal | C112: kompl. | D112: 1 | E112: 37
B113: PRIKLJUČNO POLJE (KORISNIK)
A114: - | B114: kompaktni prekidač snage 3P, nazivne struje tijela prekidača 125A/25kA s termo-magnetskom zaštitom jedinicom In=25A, podesiva Ir=(0.7-1.0) x In | C114: kom | D114: 1 | E114: 62
A115: - | B115: odvodnik prenapona tip II TNS 400/25kA | C115: kom | D115: 1 | E115: 37
A116: - | B116: minijaturni zaštitni prekidač, B karakteristika, 2A, 2-polni, 10kA | C116: kom | D116: 2 | E116: 37
A117: - | B117: transformator, 1-fazni | 230/024V | 60VA, IP00 | C117: kom | D117: 1 | E117: 37
A118: - | B118: daljinski isklopnik za gore navedeni kompaktni prekidač snage 3P/125A/25kA, 24VAC/DC, sa ranijim pomoćnim kontaktima | C118: kom | D118: 1 | E118: 37
B119: POLJE POTROŠNJE PRIKLJUČNICA I PRIKLJUČKA
...

Sheet IV.C. ETP - OSTALI RADOVI
A1: Redni broj: | B1: OPIS STAVKE: | C1: Jedinica mjere: | D1: Količina: | E1: Jedinična cijena: | F1: Ukupno:
A4: IV.C | B4: OSTALI RADOVI
A6: C) | B6: OSTALI RADOVI
A8: 19. | B8: ISPITIVANJE ELEKTRIČNE INSTALACIJE I IZRADA DOKUMENTACIJE
A10: 1. | B10: Zapisnik o pregledu i ispitivanju el. instalacije:
A11: - | B11: Otpor izolacije,
A12: - | B12: Otpor petlji kvara svih strujnih krugova,
A13: - | B13: Funkcionalnost zaštite od indirektnog dodira,
A14: - | B14: Povezanost metalnih masa i neprekinutost zaštitnih vodiča,
A15: - | B15: Ispitivanje intenziteta opće rasvjete
A16: - | B16: Ispitivanje intenziteta vanjske rasvjete
A17: - | B17: Funkcionalno ispitivanje i ispitivanje intenziteta nužne rasvjete,
A18: - | B18: Ispitivanje funkcionalnosti daljinskog isključenja el. energije u nuždi
... A20: - | B20: Zapisnik o
B21: - funkcionalnom ispitivanju instalacije slabe struje
B22: - mjerenju gušenja instalacije slabe struje,
B23: - mjerenju otpora izolacije instalacije slabe struje
A24: - | B24: Zapisnik i Uvjerenje o:
B25: - funkcionalnom ispitivanju instalacije sustava odimljavanja
A26: - | B26: Ispitni listovi za elektro ormare i CE naljepnice izdane od strane izrađivača ormara
C27: kompl | D27: 1 | E27: 2100 | F27: =D27*E27 -> 2100
A29: 2. | B29: Izrada nacrta izvedenog stanja s ucrtanim svim izmjenama nastalim tokom izvođenja. Predano investitoru u 3 primjerka (u kvaliteti za tehnički pregled) | C29: kompl | D29: 1 | E29: 2500 | F29: =D29*E29 -> 2500
A31: 3. | B31: Isporuka jednopolnih shema - izvedeno stanje u PVC foliji i umetnuto u vrata razvodnih ormara | C31: kompl | D31: 1 | E31: 1250 | F31: =D31*E31 -> 1250
B33: UKUPNO 19.: | F33: =SUM(F27:F31) -> 5850

Sheet IV.D. ETP - VATRODOJAVA
A1: Redni broj: | B1: OPIS STAVKE: | C1: Jedinica mjere: | D1: Količina: | E1: Jedinična cijena: | F1: Ukupno:
A4: IV.D. | B4: VATRODOJAVA
A6: D) | B6: SUSTAVA ZAŠTITE OD POŽARA
A8: 20. | B8: SUSTAV ZA AUTOMATSKU DOJAVU POŽARA
A10: 1 | B10: Dobava i isporuka adresabilne vatrodojavne centrale s dvije analogno adresabilne petlje, s mogućnosti spajanja do 128 elemenata po petlji i proširenja s dodatne dvije petlje, s intuitivnim grafičkim LCD zaslonom. Karakteristike: - minimalno 2 petlje, proširivo do minimalno 4, uz 512 zona i 300 izlaznih grupa - Ethernet port s TCP/IP protokolom za daljinsku dijagnostiku, održavanje i programiranje - grafički LCD zaslon sukladan normi HRN EN 54 ili jednakovrijednoj, s ikonicama i za prikaz do 256 zona - 3 USB porta s podrškom za memorijske stickove i RS232 sučeljem za pisač - obavještavanje e-mailom izravno s centrale (4 korisnička računa) - struktura izbornika za do 3 operatera (20 korisnika i šifri) - memorija događaja za minimalno 9999 zapisa - mogućnost autonomije minimalno do 72 sata u normalnom radu i 30 minuta u alarmu - izlazi: minimalno 4x 750 mA / 24 VDC s mogućnošću programiranja; 2x 350 mA / 24 VDC za požarni alarm / grešku; 2x relejni izlazi za požarni alarm / grešku; 1x aux 500 mA / 24 VDC - ulazi: minimalno 2 - napajanje: 220/230 VAC, 50/60 Hz, - stupanj zaštite kućišta: minimalno IP30 - sukladno standardima CPD, WEEE, RoHS, normama HRN EN 54-2, HRN EN 54-4, HRN EN 54-21 ili jednakovrijednima - kompatibilna sa softverom za integraciju sustava tehničke zaštite Advisor Management ATS8600 bez dodatnih konvertera signala | C10: kom | D10: 1 | E10: 2850 | F10: =D10*E10 -> 2850
A12: 2 | B12: Dobava i isporuka kartice petlje za vatrodojavnu centralu. Za prihvat dodatne dvije petlje. | C12: kom | D12: 1 | E12: 1100 | F12: =D12*E12 -> 1100
A14: 3 | B14: Dobava i isporuka filtera za uzemljenje vatrodojavne centrale | C14: kom | D14: 1 | E14: 155 | F14: =D14*E14 -> 155
A16: 4 | B16: Dobava i isporuka vatrootpornog ormara za smještaj centrale za dojavu požara, dimenzija 800x800x250 mm, ispitan i certificiran prema normi HRN DIN 4102-5 (obostrana požarna otpornost). Sastoji se od jednokrilnih protupožarnih zaokretnih čeličnih vrata otpornosti na požar razreda T60 i čelične pregradne stijene otpornosti na požar razreda F90-A. | C16: kom | D16: 1 | E16: 1699 | F16: =D16*E16 -> 1699
A18: 5 | B18: Dobava i isporuka telefonskog komunikatora za spoj na dežurnu službu. Komunikator za generiranje rezervne linije i pozivne funkcije preko PSTN-a i GSM/GPRS-a. 5 programabilnih terminala. 15 minuta za glasovnu poruku. U kompletu metalno kućište, step-down modul za napajanje 12 V, rezervna akumulatorska baterija 12 VDC 1,7 Ah. | C18: kom | D18: 1 | E18: 705 | F18: =D18*E18 -> 705
A20: 6 | B20: Dobava i isporuka akumulatorskih baterija 12 VDC, 26 Ah za autonomiju vatrodojavne centrale 72 h. | C20: kom | D20: 2 | E20: 85 | F20: =D20*E20 -> 170
A22: 7 | B22: Dobava i isporuka kućišta za smještaj akumulatorskih baterija | C22: kom | D22: 1 | E22: 55 | F22: =D22*E22 -> 55
A24: 8 | B24: Dobava i isporuka adresabilnog optičkog detektora požara s ugrađenim algoritmom za dijagnostički test samog sebe. LED dioda za signalizaciju stanja. Mogućnost programiranja osjetljivosti putem vatrodojavne centrale. Tehničke karakteristike: - radni napon minimalno 17 VDC, maksimalno 28 VDC - potrošnja struje maksimalno 0,35 mA (normalan rad), maksimalno 4 mA (alarm) - stupanj zaštite kućišta minimalno IP43 - radna temperatura minimalno u rasponu od -10°C do +60°C - mogućnost adresiranja od 1 do 128 - mogućnost zamjene optičke komore - uređaj sukladan standardima i normama CE, CPR i HRN EN 54-7 ili jednakovrijednima | C24: kom | D24: 124 | E24: 52 | F24: =D24*E24 -> 6448
B25: uređaj sukladan standardima i normama CE, CPR i HRN EN 54-7 ili jednakovrijednima ____________________________
A26: 9 | B26: Dobava i isporuka adresabilnog višekriterijskog detektora požara s kombiniranim optičkim i termičkim senzorom. Senzore je moguće konfigurirati u pet različitih logičkih načina rada. Mogućnost programiranja osjetljivosti putem vatrodojavne centrale. Tehničke karakteristike: - radni napon minimalno 17 VDC, maksimalno 28 VDC - potrošnja struje maksimalno 0,35 mA (normalan rad), maksimalno 4 mA (alarm) - stupanj zaštite kućišta minimalno IP23 - radna temperatura minimalno u rasponu od -10°C do +60°C - mogućnost adresiranja od 1 do 128 - mogućnost zamjene optičke komore - uređaj sukladan standardima i normama CE, CPR i HRN EN 54-7 ili jednakovrijednima - minimalno 5 načina rada: samo optički; samo termički - fiksna temperatura; samo termički - gradijent porasta temperature; dualno (neovisno optički i termički); multisenzor s dva stupnja osjetljivosti na dim | C26: kom | D26: 1 | E26: 65 | F26: =D26*E26 -> 65
B27: uređaj sukladan standardima i normama CE, CPR i HRN EN 54-7 ili jednakovrijednima _____________________________
A28: 10 | B28: Dobava i isporuka adresabilnog termičkog detektora požara s termičkim senzorom. DT2063N je termički javljač koji reagira na promjenu temperature u prostoru. Zadovoljava europske EN-54 standarde. Tehničke karakteristike: - radni napon minimalno 17 VDC, maksimalno 28 VDC - potrošnja struje maksimalno 0,27 mA (normalan rad), maksimalno 4,7 mA (alarm) - stupanj zaštite kućišta minimalno IP20 - radna temperatura minimalno u rasponu od -10°C do +60°C - mogućnost adresiranja od 1 do 128 - uređaj sukladan standardima i normama CE, CPR i HRN EN 54-5 ili jednakovrijednima - način rada: samo termički - fiksna temperatura; samo termički - gradijent porasta temperature | C28: kom | D28: 9 | E28: 58 | F28: =D28*E28 -> 522
B29: uređaj sukladan standardima i normama CE, CPR i HRN EN 54-5 ili jednakovrijednima ___________________________________
A30: 11 | B30: Dobava i isporuka podnožja detektora požara sa 4 kontakta. Mora biti kompatibilan sa specificiranim automatskim javljačima požara. | C30: kom | D30: =D24+D26+D28-D33 -> 123 | E30: 6 | F30: =D30*E30 -> 738
A33: 12 | B33: Dobava i isporuka podnožja detektora požara s integriranim izolatorom petlje. Tehničke karakteristike: - stupanj zaštite kućišta minimalno IP30 - radna temperatura u minimalnom rasponu od -10°C do +50°C - mora biti sukladan normi HRN EN 54-17 ili jednakovrijednoj - mora biti kompatibilan sa specificiranim automatskim javljačima požara | C33: kom | D33: 11 | E33: 6 | F33: =D33*E33 -> 66
B34: sukladan normi HRN EN 54-17 ili jednakovrijednoj ____________________
A35: 13 | B35: Dobava i isporuka crvenog, adresabilnog ručnog javljača požara. Sa LED indikatorom za signalizaciju stanja. Tehničke karakteristike: - napajanje minimalno u rasponu od 17 do 38 VDC - potrošnja struje: maksimalno do 0,18 mA (normalan rad), maksimalno do 2,8 mA (alarm) - stupanj zaštite kućišta: minimalno IP41 - radna temperatura: minimalno u rasponu od -25°C do +72°C - sukladan sa standardima CE i CPD, normama HRN EN 54-11 ili jednakovrijednima | C35: kom | D35: 10 | E35: 79 | F35: =D35*E35 -> 790
B36: sukladan sa standardima CE i CPD, normama HRN EN 54-11 ili jednakovrijednima __________________________
A37: 14 | B37: Dobava i isporuka podnožija za adresabilni ručni javljač požara | C37: kom | D37: =D35 -> 10 | E37: 15 | F37: =D37*E37 -> 150
A39: 15 | B39: Dobava i isporuka crvenog, adresabilnog ručnog javljača požara u IP67 zaštiti. Sa LED indikatorom za signalizaciju stanja. Tehničke karakteristike: - napajanje minimalno u rasponu od 17 do 38 VDC - potrošnja struje: maksimalno do 0,18 mA (normalan rad), maksimalno do 2,8 mA (alarm) - stupanj zaštite kućišta: minimalno IP67 - radna temperatura: minimalno u rasponu od -25°C do +72°C - sukladan sa standardima CE i CPD, normama HRN EN 54-11 ili jednakovrijednima | C39: kom | D39: 10 | E39: 215 | F39: =D39*E39 -> 2150
B40: sukladan sa standardima CE i CPD, normama HRN EN 54-11 ili jednakovrijednima _____________________
A41: 16 | B41: Dobava i isporuka podnožija za adresabilni ručni javljač požara u IP67 zaštiti | C41: kom | D41: =D39 -> 10 | E41: 15 | F41: =D41*E41 -> 150
A43: 17 | B43: Dobava i isporuka paralelnog indikatora prorade automatskih javljača požara u spuštenom stropu. | C43: kom | D43: 53 | E43: 17 | F43: =D43*E43 -> 901
A45: 18 | B45: Dobava i isporuka "L" nosača za montažu automatskih javljače u voznom oknu lifta | C45: kom | D45: 1 | E45: 35 | F45: =D45*E45 -> 35
A47: 19 | B47: Dobava i isporuka adresabilnog ulazno-izlaznog modula sa četiri selektabilno nadzirana ulaza i četiri magnestki zapirana izlazna kontakta. Tehničke karakteristike: - minimalno 4 izlaza (nenadzirani) 2 A / 30 VDC - minimalno 4 ulaza - radni napon: minimalno u rasponu 17-39 VDC - potrošnja struje: maksimalno do 0,30 mA (normalan rad), do 0,350 mA (alarm) - radna temperatura: minimalno u rasponu od -5°C do +40°C - stupanj zaštite kućišta minimalno IP40 - sukladan sa normom HRN EN 54-17 ili jednakovrijednom | C47: kom | D47: 11 | E47: 179 | F47: =D47*E47 -> 1969
B48: sukladan sa normom HRN EN 54-17 ili jednakovrijednom ____________________
A49: 20 | B49: Dobava i isporuka adresabilnog modula za prihvat konvencionalnih elemenata. Tehničke karakteristike: - prihvat do 30 detektora - radni napon: minimalno u rasponu 21-28 VDC - potrošnja struje: maksimalno do 15 mA (normalan rad), do 40 mA (alarm) - radna temperatura: minimalno u rasponu od -10°C do +55°C - stupanj zaštite kućišta minimalno IP40 - sukladan sa normom HRN EN 54-18 ili jednakovrijednom | C49: kom | D49: 1 | E49: 55 | F49: =D49*E49 -> 55
B50: sukladan sa normom HRN EN 54-18 ili jednakovrijednom________________________
A51: 21 | B51: Dobava i isporuka konvencionalnog optičkog detektora požara. Optički javljač koji reagira na nastanak dima u prostoru. Zadovoljava europske EN-54 standarde. Tehničke karakteristike: - radni napon minimalno 8,5 VDC, maksimalno 33DC - potrošnja struje maksimalno 0,01 mA (normalan rad), maksimalno 60 mA (alarm) - stupanj zaštite kućišta minimalno IP43 - radna temperatura minimalno u rasponu od -10°C do +60°C - uređaj sukladan standardima i normama CE i HRN EN 45 ili jednakovrijednima | C51: kom | D51: 3 | E51: 55 | F51: =D51*E51 -> 165
B52: uređaj sukladan standardima i normama CE i HRN EN 45 ili jednakovrijednima ____________________
A53: 22 | B53: Dobava i isporuka podnožja detektora požara sa 6 kontakta. Mora biti kompatibilan sa specificiranim konvencionalnim automatskim javljačima požara. | C53: kom | D53: =D51 -> 3 | E53: 17 | F53: =D53*E53 -> 51
A55: 23 | B55: Dobava i isporuka unutarnje adresabilne crvene vatrodojavne sirene s bljeskalicom napajane iz linije. Tehničke karakteristike: - crvena boja kućišta i crvena bljeskalica - radni napon u minimalnom rasponu od 17 do 32 VDC - potrošnja struje u alarmu: maksimalno 31 mA - glasnoća zvuka: minimalno u rasponu od 97 dB - mogućnost odabira minimalno 32 različita tona - radna temperatura: minimalno u rasponu od -10°C do +55°C - stupanj zaštite kućišta minimalno IP65 - sukladna normi HRN EN 54-3 ili jednakovrijednoj | C55: kom | D55: 8 | E55: 130 | F55: =D55*E55 -> 1040
B56: - sukladn normi HRN EN 54-3 ili jednakovrijednoj _____________________
A57: 24 | B57: Dobava i isporuka vanjske adresabilne crvene vatrodojavne sirene s bljeskalicom napajane iz linije. Tehničke karakteristike: - crvena boja kućišta i crvena bljeskalica - radni napon u minimalnom rasponu od 17 do 32 VDC - potrošnja struje u alarmu: maksimalno 31 mA - glasnoća zvuka: minimalno u rasponu od 97 dB - mogućnost odabira minimalno 32 različita tona - radna temperatura: minimalno u rasponu od -10°C do +55°C - stupanj zaštite kućišta minimalno IP65 - sukladna normi HRN EN 54-3 ili jednakovrijednoj | C57: kom | D57: 8 | E57: 158 | F57: =D57*E57 -> 1264
B58: - sukladno normi HRN EN 54-3 ili jednakovrijednoj _____________________
A59: 25 | B59: Dobava i isporuka prespojne kutije za prihvat termoosjetljivig kabela. Tehničke karakteristike: - dimenzije 94 x 94x 57 mm - stupanj zaštite kućišta minimalno IP65/66 | C59: kom | D59: 1 | E59: 179 | F59: =D59*E59 -> 179
A61: 26 | B61: Dobava i isporuka termoosjetljivog kabela (68°C). Tehničke karakteristike: - detekcija po cijeloj duljini kabela - boja: crvena - za vanjsku i unutarnju upotrebu - temperatura okoline 45°C - duljina 10m | C61: kompl | D61: 1 | E61: 65 | F61: =D61*E61 -> 65
A63: 27 | B63: Dobava i isporuka nosača za termoosjetljivi kabel. Tehničke karakteristike: - "T" nosač - dimenzije 30 x 12 x 31 mm - za unutarnju upotrebu - sa silikonskim rukavom - pakiranje 25 kom | C63: kompl | D63: 1 | E63: 67 | F63: =D63*E63 -> 67
A65: 28 | B65: Dobava i isporuka vezica za termoosjetljivi kabel - 110°C - pakiranje: 25 komada | C65: kompl | D65: 1 | E65: 180 | F65: =D65*E65 -> 180
A67: 29 | B67: Dobava i isporuka kućišta za ugradnju optičkih detektora na ventilacijske cijevi Tehničke karakteristike: - Specijalno dizajnirana venturijeva cijev koja osigurava optimalne performanse - Za prihvat konvecionalnih ili adreasabilnih detektora - Brzina strujanja zraka: 0,2 m/s - 20 m/s - Duljina cijevi za uzorkovanje zraka: 600 mm - Dimenzije 180 x 235 x 183 mm - Kućište: sivo, ABS - Stupanj zaštite kućišta: IP54 - Radna temperatura: -20°C do +50°C - Nadgradna montaža - Ispitna rupa na poklopcu | C67: kom | D67: 4 | E67: 210 | F67: =D67*E67 -> 840
A69: 30 | B69: Podnožije kućišta za ugradnju detektora na ventilacijske cijevi | C69: kom | D69: 4 | E69: 99 | F69: =D69*E69 -> 396
A71: 31 | B71: Dobava i isporuka zaštite od vremenskih uvjeta za kućište optičkih detektora na ventilacijskim cijevima. Tehničke karakteristike: - Dimenzije: 280 x 280 - Težina: 2,2kg | C71: kom | D71: 4 | E71: 560 | F71: =D71*E71 -> 2240
A73: 32 | B73: Dobava i isporuka vatrodojavnog bezhalogenog kabela JB-H(St)H 2x2x0,8 mm2 - sve komplet | C73: m | D73: 1600 | E73: 3.89 | F73: =D73*E73 -> 6224
A75: 33 | B75: Polaganje vatrodojavnog bezhalogenog kabela JB-H(St)H 2x2x0,8 mm2 - sve komplet | C75: m | D75: =D73 -> 1600 | E75: 3.89 | F75: =D75*E75 -> 6224
A77: 34 | B77: Dobava i isporuka vatrodojavnog bezhalogenog kabela JB-Y(St)Y 2x2x0,8 mm2 - sve komplet | C77: m | D77: 200 | E77: 3.89 | F77: =D77*E77 -> 778
A79: 35 | B79: Polaganje vatrodojavnog bezhalogenog kabela JB-Y(St)Y 2x2x0,8 mm2 - sve komplet | C79: m | D79: =D77 -> 200 | E79: 3.89 | F79: =D79*E79 -> 778
A81: 36 | B81: Dobava i isporuka vatrodojavnog bezhalogenog kabela JEB-H(St)H FE180 E30 2x2x0,8 mm2 - sve komplet | C81: m | D81: 20 | E81: 4.1 | F81: =D81*E81 -> 82
A83: 37 | B83: Polaganje vatrodojavnog bezhalogenog kabela JEB-H(St)H FE180 E30 2x2x0,8 mm2 E30- sve komplet | C83: m | D83: =D81 -> 20 | E83: 4.1 | F83: =D83*E83 -> 82
A85: 38 | B85: Dobava i isporuka halogen free kabela NHXH (E30) 3x1,5 mm2 | C85: m | D85: 40 | E85: 5 | F85: =D85*E85 -> 200
A87: 39 | B87: Polaganje halogen free kabela NHXH (E30) 3x1,5 mm2 | C87: m | D87: 40 | E87: 4.55 | F87: =D87*E87 -> 182
A89: 40 | B89: Dobava i isporuka kabela UTP kat. 6 za spoj na telefonsku liniju | C89: m | D89: 20 | E89: 2.89 | F89: =D89*E89 -> 57.8
A91: 41 | B91: Polaganje kabela UTP kat. 6 za spoj na telefonsku liniju | C91: m | D91: =D89 -> 20 | E91: 2.89 | F91: =D91*E91 -> 57.8
A93: 42 | B93: Dobava i isporuka rebraste cijev - samogasiva - CSPS25/20 uključujući sav potreban dodatni materijal i pribor (vezice, obujmice,...) | C93: m | D93: 800 | E93: 2.9 | F93: =D93*E93 -> 2320
A95: 43 | B95: Ugradnja rebraste cijev - samogasiva - CSPS25/20 uključujući sav potreban dodatni materijal i pribor (vezice, obujmice,...) | C95: m | D95: =D93 -> 800 | E95: 2.9 | F95: =D95*E95 -> 2320
A97: 44 | B97: Dobava i isporuka PNT cijevi 23, uključujući sav potreban dodatni materijal i pribor (vezice, obujmice, spojnice...) | C97: m | D97: 300 | E97: 6.9 | F97: =D97*E97 -> 2070
A99: 45 | B99: Ugradnja PNT cijevi 23, uključujući sav potreban dodatni materijal i pribor (vezice, obujmice, spojnice...) | C99: m | D99: =D97 -> 300 | E99: 6.9 | F99: =D99*E99 -> 2070
A101: 46 | B101: Sitni potrošni materijal | C101: kompl | D101: 1 | E101: 280 | F101: =D101*E101 -> 280
A103: 47 | B103: Montaža i spajanje vatrodojavne centrale sa svim modulima, baterijama i vatrootpornim ormarom | C103: kom | D103: 1 | E103: 1100 | F103: =D103*E103 -> 1100
A105: 48 | B105: Montaža i spajanje s adresiranjem automatskih javljača požara zajedno s podnožjima, ručnih javljača požara, vatrodojavnih sirena, ulazno-izlaznih modula, paralelnih indikatora | C105: kom | D105: =SUM(D24,D26,D28,D35,D43,D47,D55,D49) -> 217 | E105: 10 | F105: =D105*E105 -> 2170
A107: 49 | B107: Montaža konvencionalnih elemenata | C107: kom | D107: =SUM(D51,) -> 3 | E107: 55 | F107: =D107*E107 -> 165
A109: 50 | B109: Montaža i spajanje vanjskih sirena | C109: kom | D109: =SUM(D57) -> 8 | E109: 25 | F109: =D109*E109 -> 200
A111: 51 | B111: Montaža, ugradnja i spajanje kućišta za ugradnju optičkih detektora na ventilacijsku cijev | C111: kom | D111: 4 | E111: 69 | F111: =D111*E111 -> 276
A113: 52 | B113: Montaža i spajanje elemenata vatrodojave (podnožja javljača i javljača) u kućište za ugradnju optičkih detektora na ventilacijske cijevi. | C113: kom | D113: 4 | E113: 55 | F113: =D113*E113 -> 220
A115: 53 | B115: Dobava i isporuka metalnog revizionog otvora za spušteni strop dimenzija 60x60 cm | C115: kom | D115: 52 | E115: 100 | F115: =D115*E115 -> 5200
A117: 54 | B117: Montaža metalnog revizionog otvora u spuštenom stropu dimenzija 60x60 cm za dostupnost javljača vatrodojave | C117: kom | D117: =D115 -> 52 | E117: 100 | F117: =D117*E117 -> 5200
A119: 55 | B119: Dobava i isporuka naljepnica za označavenje elemenata sustava za dojavu požara | C119: kompl | D119: 1 | E119: 250 | F119: =D119*E119 -> 250
A121: 56 | B121: Izrada proboja fi 25mm u betonskom zidu debljine do 40 cm | C121: kom | D121: 30 | E121: 35 | F121: =D121*E121 -> 1050
A123: 57 | B123: Gruba sanacija proboja sa svim potrebnim materijalom | C123: kompl | D123: 1 | E123: 1000 | F123: =D123*E123 -> 1000
A125: 58 | B125: Protupožarno brtvljenje između požarnih sektora provrta fi 25mm | C125: kom | D125: 12 | E125: 100 | F125: =D125*E125 -> 1200
A127: 59 | B127: Montaža termosojetljivog kabela | C127: m | D127: 10 | E127: 4 | F127: =D127*E127 -> 40
A129: 60 | B129: Šlicanje i izrada utora za polaganje negorive plastične CS cijevi promjera 25 mm u zidu od betona. | C129: m | D129: 150 | E129: 5.5 | F129: =D129*E129 -> 825
A131: 61 | B131: Građevinsko zatvaranje žlijebova cementno-vapnenim mortom nakon izvedenih instalaterskih radova. U stavku uključen sav osnovni i pomoćni rad i materijal i upotreba skele izvedeno do potpune gotovosti. Prosječna širina žlijeba je 15 cm. Rad na visini do 3 m. | C131: m | D131: 150 | E131: 20 | F131: =D131*E131 -> 3000
A133: 62 | B133: Pripremni i završni radovi uređenja elektroinstalacija: - čišćenje cjelokupnog prostora u zahvatu po završetku pojedine faze radova sa iznošenjem šute i otpadnog materijala na privremenu deponiju gradilišta, uključivo svi potrebni horizontalni i vertikalni transporti | C133: kompl | D133: 1 | E133: 345 | F133: =D133*E133 -> 345
A135: 63 | B135: Dobava i isporuka vodootporne kutije za smještaj modula za prihvat konvencionalnih elemenata. Dimenzijski sukladan gaberitima modula, IP67 zaštita | C135: kom | D135: 3 | E135: 35 | F135: =D135*E135 -> 105
A137: 64 | B137: Dobava i isporuka računala za konfiguriranje i integraciju sustava vatrodojave. Tehničke karakteristike: Intel Core i5-2500K ili jednako vrijedan, GeForce GTX 670 ili jednako vrijedna, 2x Kingstone Fury Beast 8GB ili jednako vrijedan, napajanje 600W ili jednako vrijedno, Monitor 19'', periferija. | C137: kompl | D137: 1 | E137: 1800 | F137: =D137*E137 -> 1800
B138: jednakovrijedne tehničke karakteristike _______________
A139: 65 | B139: Dobava i isporuka grafičkog programskog paketa za nadzor i upravljanje - osnovna klijentska licenca. Grafički programski paket za nadzor, kontrolu, programiranje i integraciju sustava vatrodojave, protuprovale, kontrole pristupa i videonadzora. Prikaz alarma na grafičkoj mapi. | C139: kom | D139: 1 | E139: 950 | F139: =D139*E139 -> 950
A141: 66 | B141: Spajanje i konfiguriranje računala sustava vatrodojave | C141: kom | D141: 1 | E141: 550 | F141: =D141*E141 -> 550
A143: 67 | B143: Izrada grafičkih mapa sustava za dojavu požara | C143: kom | D143: 1 | E143: 600 | F143: =D143*E143 -> 600
A145: 68 | B145: Ispitivanje instalacije sustava za dojavu požara prije puštanja sustava u rad sa otklanjanjem grešaka, kratkih spojeva i ostalih poteškoća za rad vatrodojavnih petlji | C145: kompl | D145: 1 | E145: 1800 | F145: =D145*E145 -> 1800
A147: 69 | B147: Programiranje i parametriranje vatrodojavne centrale i unošenje podataka sa usklađivanjem izvršnih funkcija sustava. | C147: kompl | D147: 1 | E147: 890 | F147: =D147*E147 -> 890
A149: 70 | B149: Obuka korisnika za rad sa sustavom uz dostavu korisničkih uputa na hrvatskom jeziku. | C149: kompl | D149: 1 | E149: 150 | F149: =D149*E149 -> 150
A151: 71 | B151: Izrada projekta izvedenog stanja sustava s ovjerom ovlaštenog inženjera | C151: kompl | D151: 1 | E151: 980 | F151: =D151*E151 -> 980
A153: 72 | B153: Prvo ispitivanje sustava za dojavu požara od strane ovlaštene ustanove uz prethodno dobiven projekat ovjeren od strane MUP-a ili nadležne institucije za cijeli objekt | C153: kompl | D153: 1 | E153: 850 | F153: =D153*E153 -> 850
A155: 73 | B155: Primopredaja sustava za dojavu požara investitoru (predaja tehničke dokumentacije, certifikata ugrađene opreme, programske dokumentacije te projekta izvedenog stanja) | C155: kompl | D155: 1 | E155: 650 | F155: =D155*E155 -> 650
A157: 74 | B157: Dobava i isporuka naljepnica D1 i D2 (prema normi HRN DIN 4066 ili jednakovrijednoj ____________________) za označavanje puta od prijelaznog mjesta vatrogasne tehnike do centrale za dojavu požara. | C157: kompl | D157: 1 | E157: 350 | F157: =D157*E157 -> 350
B159: UKUPNO 20: | F159: =SUM(F10:F158) -> 82901.6

Sheet IV.E. ETP - SUNCANA ELEKTRANA
A1: Redni broj: | B1: OPIS STAVKE: | C1: Jedinica mjere: | D1: Količina: | E1: Jedinična cijena: | F1: Ukupno:
A4: IV.E. | B4: SUNČANA ELEKTRANA
A6: E) | B6: SUNČANA ELEKTRANA
B8: Napomena:
A9: - | B9: Na krovu građevine je planirana ugradnja sunčane elektrane vršne snage 100 kW.
A10: - | B10: Cijena za svaku stavku mora uključivati dobavu, ugradnju, spajanje, polaganje/instalaciju i spajanje do potpune funkcionalnosti kako stavke tako i sustava u cjelini.
A12: 21. | B12: OPREMA SUNČANE ELEKTRANE
B14: KROVNA KONSTRUKCIJA
A15: 1. | B15: Dobava, ugradnja i spajanje aluminijske krovne konstrukcije / montažnog sustava za 278 FN modula na ravnom neprohodnom krovu, nagiba od maksimalno 7 stupnja, konstrukcija se montira na krov:
A16: - | B16: bazna konstrukcija - Al podprofil | C16: m | D16: 360 | E16: 7 | F16: =D16*E16 -> 2520
A17: - | B17: bazna konstrukcija - Al nadprofil | C17: m | D17: 530 | E17: 7 | F17: =D17*E17 -> 3710
A18: - | B18: montažni elementi za spoj bazne konstrukcije na ravni krov | C18: komplet | D18: 1 | E18: 1500 | F18: =D18*E18 -> 1500
A19: - | B19: motažni elementi za spoj podprofila i nadprofila | C19: komplet | D19: 1 | E19: 1500 | F19: =D19*E19 -> 1500
A20: - | B20: montažni elementi za spoj FN modula na baznu konstrukciju | C20: komplet | D20: 1 | E20: 1500 | F20: =D20*E20 -> 1500
A21: - | B21: podprofilne i nadprofilne produžnice, pričvrsnice, inox vijci (obični i samobušeći), matice, podloške, brtve i sl. | C21: komplet | D21: 1 | E21: 500 | F21: =D21*E21 -> 500
B24: FN PANELI, KONEKTORI I PRIBOR
A25: 2. | B25: Dobava, ugradnja/montaža FN panela na prethodno pripremljenu nosivu podkonstrukciju i spajanje:
B26: - snaga 450 Wp, - otpornost na opterećenje vjetra/snijega min. 4000/5400 Pa, - dimenzije: max 1762x1134x30 mm, - težina: max. 21.0 kg, - broj ćelija 144, - toplinski ojačano staklo s visokom propusnosti / 1.6 mm, - razvodna kutija IP68,
B27: - odlična požarna sigurnost i otpornost na vanjske uvjete, - priključak MC4 kompatibilan, - priključni kabel 4 mm2, - tip ćelija Monokristalne 166x83 mm, - jamstvo na materijal i tehnologiju 25 godina, - linearno jamstvo na izlaznu snagu min 84.95% snage 30 godina, - minimalne performanse panela pri standardnim uvjetima ispitivanja (STC 1000W/m2, 25°C, AM 1,5): - snaga u točki maksimalne snage: 450 W (+5%/-0%), - napon u točki max. snage, Umpp: 44,6 V, - struja u točki max. snage, Impp: 10,09 A, - napon otvorenog kruga, Uoc: 52,9 V, - struja kratkog spoja, Isc: 10,74 A,
B28: - max. napon sustava DC1500V, - max. struja sustava 20 A, - temperaturni koeficijenti panela: - temp. koeficijent struje kratkog spoja minimalno + 0,04 % / °C, - temp. koeficijent napona otvorenog kruga maksimalno – 0,24 % / °C, - temp. koeficijent maksimalne snage maksimalno 0,30 % / °C, - temperatura za trajni pogon panela: 43 ± 2 °C, - dozvoljeni raspon temperatura za trajni pogon panela: -40 °C do +85 °C | C28: kom | D28: 278 | E28: 128 | F28: =D28*E28 -> 35584
F29: =D29*E29 -> 0
A30: - | B30: Spojnica MC4 muška, za kabel 4-6 mm2, maks. promjer 5,5-9 mm | C30: kom | D30: 278 | E30: 4 | F30: =D30*E30 -> 1112
A31: - | B31: Spojnica MC4 ženska, za kabel 4-6 mm2, maks. promjer 5,5-9 mm | C31: kom | D31: 278 | E31: 4 | F31: =D31*E31 -> 1112
A32: - | B32: Kabel SOLAR XLR (PV1-F), 4 mm² plave boje | C32: m | D32: 1000 | E32: 2 | F32: =D32*E32 -> 2000
A33: - | B33: Kabel SOLAR XLR (PV1-F), 4 mm² crvene boje | C33: m | D33: 1000 | E33: 2 | F33: =D33*E33 -> 2000
A34: - | B34: Kabelske vezice UV stabilne | C34: kom | D34: 600 | E34: 0.3 | F34: =D34*E34 -> 180
A35: - | B35: Kabelski kanal min. 55x200 mm, vruće pocinčan | C35: m | D35: 115 | E35: 30 | F35: =D35*E35 -> 3450
A36: - | B36: Neperforirani poklopac, za kabelski kanal, 200mm | C36: m | D36: 115 | E36: 10 | F36: =D36*E36 -> 1150
A37: - | B37: Izrada prodora i vodotjesno brtvljenje otvora na krovu nakon polaganja svih kabela za napajanje FN opreme na krovu zgrade. Otvor cca 150/100 mm | C37: komplet | D37: 1 | E37: 150 | F37: =D37*E37 -> 150
B40: FN PRETVARAČ - INVERTER
A41: 3. | B41: Dobava, ugradnja/montaža i spajanje izmjenjivača (FN pretvarač - inverter), 100 kW, 3f, IP65:
B42: - dimenzije max (vxšxd) 700/1035/365 mm, - težina max. 93 kg, - IP 66 min., - dozvoljena temperatura za trajni pogon: - 25 °C do 60 °C
B43: - ulazne karakteristike izmjenjivača (DC strana): - broj MPP trackera 10, - broj string-ova po MPP trackeru: 2 ili 1, - opseg ulaznog DC napona (U_DC_min - U_DC_max): 200 - 1000 V - startna vrijednost DC napona: 200 V - nazivni ulazni napon: 600 V - maksimalna struja po MPPT-u: 30,0 A - maksimalna struja kratkog spoja po string-u: 40A
B44: -izlazne karakteristike izmjenjivača (AC strana): - nazivna snaga: 100 kW, - maksimalna izlazna snaga: 110 kVA, - mrežni priključak: 3~ NPE 400V, - frekvencija mreže: 50/60 Hz, - ukupna harmonička distorzija maksimalno ≤3%, - faktor snage: približno 1 (podesivo 0.8-0.8 ind./kap.), - maksimalna efikasnost (FN-mreža) min. 98,8%, - europska efikasnost (ηEU) min. 98,6%. | C44: kom | D44: 1 | E44: 6000 | F44: =D44*E44 -> 6000
B46: UKUPNO 21.: | F46: =SUM(F16:F45) -> 63968
A49: 22. | B49: KABELI I INSTALACIJSKI PRIBOR I MATERIJAL
B51: Napomena:
A52: - | B52: Sunčana elektrana spaja se na glavni razvodni ormar GRO u prizemlju predmetne zgrade.
A54: 1. | B54: Dobava ugradnja (uvlačenje u odgovarajuće instalacijske cijevi i/ili polaganje po postojećim kabelskim trasama) od NN razvodnih ormara do pojedinog trošila, komplet sa svim potrebnim spojnim priborom te svim sitnim montažnim materijalom kabela kako slijedi:
B55: PRIKLJUČNI KABEL
A56: - | B56: kabel 4x(FG16OR16 1x120 mm²) + 1xFG16R16 1x70 mm² | C56: m | D56: 35 | E56: 165 | F56: =D56*E56 -> 5775
B57: OSTALO
A58: - | B58: kabel NHXH E-90 2x1,5 mm² | C58: m | D58: 200 | E58: 4 | F58: =D58*E58 -> 800
A60: 2. | B60: Dobava i ugradnja, komplet sa svim potrebnim spojnim priborom te svim sitnim montažnim materijalom instalacijskih cijevi kako slijedi:
A61: - | B61: cijev PNT 32 | C61: m | D61: 20 | E61: 4 | F61: =D61*E61 -> 80
A62: - | B62: cijev PNT 23 | C62: m | D62: 20 | E62: 4 | F62: =D62*E62 -> 80
A64: 3. | B64: Dobava, ugradnja na pročelja i spajanje (na prethodno položen kabel) tipkala za daljinsko isključenje napajanja u slučaju nužde, tip JPR, IP65, otporan na sve vanjske utjecaje i UV zračenje | C64: kom | D64: 5 | E64: 120 | F64: =D64*E64 -> 600
B66: UKUPNO 22.: | F66: =SUM(F56:F64) -> 7335
A69: 3. | B69: RAZDJELNICI
B71: RAZDJELNIK SE-DC
A73: 1. | B73: Dobava, ugradnja i spajanje razdjelnika - istomjerne strane SE
A74: - | B74: Zidni metalni ormar, IP54, dimenzija (šxvxd) 800x1200x400, komplet sa nosačima za ugradnju ormara na zid, DIN šinama i/ili montažnom pločom za ugradnju sklopne opreme, uvodnicama i sl. - 1 kom
A75: - | B75: Odvodnik prenapona s pomoćnim kontaktima, 2P/1100VDC/20kA klasa II - 16 kom
A76: - | B76: Rastavna sklopka za cilindrični osigurač 10x38mm, 2P/20A za fotonapon - 16 kom
A77: - | B77: Cilindrični osigurač za fotonapon, 10x38, 20A, gPV, 1000V DC - 32 kom
A78: - | B78: Dvopolna grebenasta sklopka 0-1 25A, 2P, 1000VDC - 16 kom
A79: - | B79: stezaljke, kanali, nosači, pokrovi, sabirnice - 1 kompl
A80: - | B80: izrada ožićenja ormara i spajanje na instalaciju građevine, izrada - 1 kompl
A81: - | B81: isporuka sheme izvedenog stanja - 1 kompl
C82: kompl | D82: 1 | E82: 5700 | F82: =D82*E82 -> 5700
B85: RAZDJELNIK SE-AC
A87: 23. | B87: Dobava, ugradnja i spajanje razdjelnika - izmjenične strane SE
A88: - | B88: Zidni metalni ormar, IP54, dimenzija (šxvxd) 1000x600x260, komplet sa nosačima za ugradnju ormara na zid, DIN šinama i/ili montažnom pločom za ugradnju sklopne opreme i sl. - 1 kom
A89: - | B89: NV rastavna sklopka vel.1|250A, 4P, M10, ugradnja na montažnu ploču - 1 kom
A90: - | B90: NV rastavna sklopka vel.00|160A, 3P, M8, ugradnja na montažnu ploču - 1 kom
A91: - | B91: NV osigurač vel. 1, 160A/400V AC - 4 kom
A92: - | B92: NV osigurač vel. 00, 80A/400V AC - 3 kom
A93: - | B93: Odvodnik prenapona kl.B/C TNS 3+N 275/25 - 1 kom
A94: - | B94: kompaktni prekidač snage, 4P/200A/50kA s termomagnetskom zaštitom kabela i pomoćnim kontaktima - 1 kom
A95: - | B95: minijaturni zaštitni prekidač, B karakteristika, 6A, 2-polni, 10kA - 2 kom
A96: - | B96: transformator, 1-fazni | 230/024V | 60VA, IP00 - 1 kom
A97: - | B97: udarno tipkalo (gljiva) za ručni isklop u nuždi, deblokada povlačenjem, sprežni element, sklopni element, N/O (radni), prednja montaža, zaštitna kragna za gljivasta tipkala - 1 kom
A98: - | B98: daljinski isklopnik za gore navedeni kompaktni prekidač 4P/200A/50kA, 24VAC/DC, sa ranijim pomoćnim kontaktima - 1 kom
... A100: - | B100: izrada ožićenja ormara i spajanje na instalaciju građevine, izrada i isporuka ispitnog lista te sheme izvedenog stanja - 1 kompl
C101: kompl | D101: 1 | E101: 6900 | F101: =D101*E101 -> 6900
B103: UKUPNO 23.: | F103: =SUM(F82:F102) -> 12600
A106: 24. | B106: IZJEDNAČENJE POTENCIJALA
A108: 1. | B108: Dobava Cu sabirnice 500x50x5mm za izradu tračnice za izjednačenje potencijala sa 8 vijčanih priključaka (M8). Sabirnicu montirati u limeni ormarić zaštićen odgovarajućom temeljnom i lak bojom u nijansi ostalih razdjelnika. Ormarić se pričvršćuje odgovarajućim nosačima na zid. | C108: kompl | D108: 1 | E108: 250 | F108: =D108*E108 -> 250
A110: 2. | B110: Dobava, polaganje i spajanje vodiča za izjednačenje potencijala:
A111: - | B111: Vodič H07V-K 1G16 mm2 za spoj na sabirnicu za izjednačanje potencijala (ormar DC-SE, AC-SE, inverter, sabirnice na krovu) | C111: m | D111: 40 | E111: 4.5 | F111: =D111*E111 -> 180
A112: - | B112: Vodič H07V-K 1G6 mm2 za spoj metalnih masa sunčane elektrane na sabirnicu za izjednačanje potencijala na krovu | C112: m | D112: 100 | E112: 3 | F112: =D112*E112 -> 300
A113: - | B113: Sitni materijal kao stopice, vijci i sl. | C113: komplet | D113: 1 | E113: 50 | F113: =D113*E113 -> 50
B115: UKUPNO 24.: | F115: =SUM(F108:F114) -> 780
A118: 25. | B118: ISPITIVANJE ELEKTRIČNE INSTALACIJE
A120: 5.1. | B120: Zapisnik o pregledu i ispitivanju el. instalacije:
A121: - | B121: Otpor izolacije,
A122: - | B122: Otpor petlji kvara svih strujnih krugova,
A123: - | B123: Funkcionalnost zaštite od indirektnog dodira,
A124: - | B124: Povezanost metalnih masa i neprekinutost zaštitnih vodiča,
A125: - | B125: Ispitivanje funkcionalosti daljinskog isključenje el. energije u nuždi
A126: - | B126: Pregled i ispitivanje LPS-a - otpor uzemljivača, - izrada revizione knjige
A127: - | B127: Ispitni listovi za elektro ormare i CE naljepnice izdane od strane izrađivača ormara
C128: kompl | D128: 1 | E128: 2000 | F128: =D128*E128 -> 2000
A130: 5.2. | B130: Izrada i usuglašavanje sa HEP ODS-om plana i programa ispitivanja sunčane elektrane u probnom pogonu (OPIP) te ispitivanje sukladno istom.
A131: 5.3. | B131: Izrada mjerenja kvalitete isporučene električne energije (KKE) sukladno propisima i zahtjevima HEP ODS-a.
A132: 5.4. | B132: Sudjelovanje u puštanju u pogon na mrežu s HEP-om
C133: kompl | D133: 1 | E133: 2500 | F133: =D133*E133 -> 2500
A135: 5.5. | B135: Izrada Elaborata utjecaja elektrane na mrežu (EUEM) sukladno zahtjevima u elektroenergetskoj suglasnosti | C135: kompl | D135: 1 | E135: 1200 | F135: =D135*E135 -> 1200
A137: 5.6. | B137: Izrada elaborata podešenja zaštite (EPZ) suglasno zahtjevima u elektroenergetskoj suglasnosti | C137: kompl | D137: 1 | E137: 1500 | F137: =D137*E137 -> 1500
A139: 5.7. | B139: Izrada tehničke dokumentacije izvedenog stanja SE 125,10 kWp s ucrtanim svim izmjenama nastalim tokom izvođenja. Predaje se investitoru u tri uvezena primjerka i jedan elektronski, uključujući svu potrebnu dokumentaciju za tehnički pregled sustava. | C139: kompl | D139: 1 | E139: 1500 | F139: =D139*E139 -> 1500
...

Sheet IV.F. ETP - REKAPITULACIJA
A1: Redni broj: | B1: OPIS STAVKE: | C1: Jedinica mjere: | D1: Količina: | E1: Jedinična cijena: | F1: Ukupno:
A4: IV.F. | B4: ELEKTROTEHNIČKI RADOVI - REKAPITULACIJA
A6: F) | B6: REKAPITULACIJA
A8: A) | B8: VANJSKI RADOVI I ELEKTRIČNA INSTALACIJA
B10: 1. - VANJSKI RADOVI | F10: ='IV.A. ETP - VANSKA INSTALACIJA'!F150 -> 53881.2
B11: 2. - KABELI I INSTALACIJSKI PRIBOR I MATERIJAL | F11: ='IV.A. ETP - VANSKA INSTALACIJA'!F175 -> 9849.5
B12: 3. - INSTALACIJA PRIKLJUČAKA I PRIKLJUČNICA | F12: ='IV.A. ETP - VANSKA INSTALACIJA'!F187 -> 4700
B13: 4. - ELEKTRIČNA RASVJETA | F13: ='IV.A. ETP - VANSKA INSTALACIJA'!F216 -> 13670
B14: 5. - UZEMLJENJE OGRADE | F14: ='IV.A. ETP - VANSKA INSTALACIJA'!F229 -> 2325
A16: A) | B16: REKAPITULACIJA VANJSKI RADOVI I ELEKTRIČNA INSTALACIJA: | F16: =SUM(F10:F14) -> 84425.7
A19: B) | B19: UNUTARNJI RADOVI I ELEKTRIČNA INSTALACIJA
B21: 6. - RAZVODNI ORMARI | F21: ='IV.B. ETP - UNUTARNJA INSTALACI'!F344 -> 89741
B22: 7. - KABELI I INSTALACIJSKI PRIBOR I MATERIJAL | F22: ='IV.B. ETP - UNUTARNJA INSTALACI'!E425:F425 -> 102359.72
B23: 8. - INSTALACIJA PRIKLJUČAKA I PRIKLJUČNICA | F23: ='IV.B. ETP - UNUTARNJA INSTALACI'!F544 -> 17462
B24: 9. - ELEKTRIČNA RASVJETA | F24: ='IV.B. ETP - UNUTARNJA INSTALACI'!F754 -> 107454.4
B25: 10. - IZJEDNAČENJE POTENCIJALA | F25: ='IV.B. ETP - UNUTARNJA INSTALACI'!F779 -> 6249
B26: 11. - ELEKTRONIČKA KOMUNIKACIJSKA MREŽA (EKM) | F26: ='IV.B. ETP - UNUTARNJA INSTALACI'!F861 -> 31810
B27: 12. - RTV INSTALACIJA | F27: ='IV.B. ETP - UNUTARNJA INSTALACI'!F902 -> 8916
B28: 13. - SUSTAV ODIMLJAVANJA | F28: ='IV.B. ETP - UNUTARNJA INSTALACI'!F944 -> 6808
B29: 14. - SOS SIGNALIZACIJA | F29: ='IV.B. ETP - UNUTARNJA INSTALACI'!F966 -> 1049
B30: 15. - SUSTAV DVOSMJERNE KOMUNIKACIJE | F30: ='IV.B. ETP - UNUTARNJA INSTALACI'!F988 -> 3675.7
B31: 16. - SUSTAV VIDEOPORTAFONA | F31: ='IV.B. ETP - UNUTARNJA INSTALACI'!F1018 -> 2941
B32: 17. - INSTALACIJA SUSTAVA MULTIMEDIJA | F32: ='IV.B. ETP - UNUTARNJA INSTALACI'!F1085 -> 12999
B33: 18. - SUSTAV ZA ZAŠTITU OD DJELOVANJA MUNJE | F33: ='IV.B. ETP - UNUTARNJA INSTALACI'!F1109 -> 10780
A35: B) | B35: REKAPITULACIJA UNUTARNJI RADOVI I ELEKTRIČNA INSTALACIJA: | F35: =SUM(F21:F33) -> 402244.82
A37: C) | B37: OSTALI RADOVI
B39: 19. - ISPITIVANJE ELEKTRIČNE IINSTALACIJE I IZRADA DOKUMENTACIJE | F39: ='IV.C. ETP - OSTALI RADOVI'!F33 -> 5850
A41: C) | B41: REKAPITULACIJA OSTALIH RADOVA: | F41: =SUM(F38:F39) -> 5850
A43: D) | B43: SUSTAV ZAŠTITE OD POŽARA
B45: 20. - SUSTAV ZA AUTOMATSKU DOJAVU POŽARA | F45: ='IV.D. ETP - VATRODOJAVA'!F159 -> 82901.6
A47: D) | B47: REKAPITULACIJA SUSTAVA ZAŠTITE OD POŽARA: | F47: =SUM(F44:F45) -> 82901.6
A49: E) | B49: SUNČANA ELEKTRANA
B51: 21. - OPREMA SUNČANE ELEKTRANE | F51: ='IV.E. ETP - SUNCANA ELEKTRANA'!F46 -> 63968
B52: 22. - KABELI I INSTALACIJSKI PRIBOR I MATERIJAL | F52: ='IV.E. ETP - SUNCANA ELEKTRANA'!F66 -> 7335
B53: 22. - RAZDJELNICI SUNČANE ELEKTRANE | F53: ='IV.E. ETP - SUNCANA ELEKTRANA'!F103 -> 12600
B54: 23. - IZJEDNAČENJE POTENCIJALA | F54: ='IV.E. ETP - SUNCANA ELEKTRANA'!F115 -> 780
B55: 24. - ISPITIVANJE INSTALACIJE SUNČANE ELEKTRANE | F55: ='IV.E. ETP - SUNCANA ELEKTRANA'!F143 -> 8800
A57: E) | B57: REKAPITULACIJA SUSTAVA SUNČANE ELEKTRANE: | F57: =SUM(F50:F55) -> 93483
A59: F) | B59: REKAPITULACIJA SVEUKUPNO: | F59: =F16+F35+F41+F47+F57 -> 668905.11

Sheet V. STROJARSKI RADOVI
A1: Redni broj: | B1: OPIS STAVKE: | C1: Jedinica mjere: | D1: Količina: | E1: Jedinična cijena: | F1: Ukupno:
A4: V. | B4: STROJARSKI RADOVI
A7: V.A. | B7: VENTILACIJA
B9: Kriteriji mjerodavni za jednakovrijednost: Za bitne tehničke karakteristike, opreme za ventilaciju, koje trebaju biti zadovoljene, kako bi se ostvario cilj projekta i postigli traženi parametri propisani projektnim zadatkom i projektnom dokumentacijom, nazivni protoci zraka, eksternog tlaka uređaja, moraju odgovarati projektom propisanima.
B10: Učini grijača, hladnjaka i angažirana električna snaga, uređaja za ventilaciju, ukoliko odstupaju ±10% smatraju se jednakovrijednim. Ostali elementi sustava ventilacije moraju svojom veličinom i principom rada odgovarati projektom predviđenima.
A12: V.A.1. | B12: OPREMA
A14: V.A.1.01. | B14: Klima komora | C14: kompl. | D14: 1 | E14: 40100 | F14: =D14*E14 -> 40100
B15: Dobava i montaža klima komore, položene izvedbe, za vanjsku ugradnju. Uređaj je sukladan Uredbi EU 1253/2014 ili jednakovrijedne _______________________ te zadovoljava ErP 2018 ili jednakovrijedno _______________________ (obavezan za sve uređaje koji se proizvode i ugrađuju u EU).Komora je zvučno i toplinski izolirana sa izolacijom od kamene vune u plaštu od pocinčanog lima debljine panela s = 50 mm, pocinčana i plastificirana sa vanjske strane, i pocinčana sa unutarnje strane. Uključivo: podni pocinčani nosivi okvir visine 200 mm, pocinčano plastificiran krov, gumene antivibracijske podloške, i transportni elementi.
B16: Opis sekcija s tehničkim karakteristikama kako slijedi:
B18: DOBAVNI DIO KOMORE
B20: Sekcija za zahvat zraka sa fleksibilnim priključkom na cjelokupnoj usisnoj čeonoj strani sekcije, u kompletu sa unutarnjom regulacijskom zaklopkom s polužjem i priključkom za ugradnju EM pogona. U kompletu sa trakom za uzemljenje i ožičenjem elemenata do priključne kutije.
B22: Filterska sekcija s filterom klase F7 duljine vreće 380 mm (EN779 ili jednakovrijedne _____________________), ePM1 50% (Class ISO16890 ili jednakovrijedne _____________________), materijal filtra stakleno vlakno.
B23: V [m3/h] = 10200
B24: dpčisti [Pa]=75
B25: dptotal [Pa]=175
B27: Sekcija prigušivača zvuka, sa kulisom 230x1830x670, ukupne duljine L=800 mm.
B28: prigušenje buke dB@250Hz=18,0
B29: pad tlaka [Pa] =4
B31: Sekcija pločastog rekuperatora s okvirom i lamelama iz aluminija, s tavom za sakupljanje kondenzata s odgovarajućim priključkom i sifonom. Rekuperator opremljen by-pass zaklopkom na svježem zraku, sa polugom i pripremom za unutarnji EM pogon, 2 puta vrata sa kvakom.
... B141: Ponuđeno (proizvođač/model/tip):
A143: V.A.1.02. | B143: Klima komora | C143: kompl. | D143: 1 | E143: 38000 | F143: =D143*E143 -> 38000
B144: Dobava i montaža klima komore kao, položene izvedbe, za vanjsku ugradnju. Komora je zvučno i toplinski izolirana sa izolacijom od kamene vune u plaštu od pocinčanog lima debljine panela s = 50 mm, pocinčana i plastificirana sa vanjske strane, i pocinčana sa unutarnje strane. Uključivo: podni pocinčani nosivi okvir visine 200 mm,pocinčano plastificiran krov , gumene antivibracijske podloške, i transportni elementi.
B145: Opis sekcija s tehničkim karakteristikama kako slijedi:
B147: DOBAVNI DIO KOMORE
B149: Sekcija za zahvat zraka sa fleksibilnim priključkom na cjelokupnoj usisnoj čeonoj strani sekcije, u kompletu sa unutarnjom regulacijskom zaklopkom s polužjem i priključkom za ugradnju EM pogona. U kompletu sa trakom za uzemljenje i ožičenjem elemenata do priključne kutije.
B151: Filterska sekcija s filterom klase F7 duljine 380 mm (EN779 ili jednakovrijedna ________________________________), ePM1 50% (Class ISO16890 ili jednakovrijedna _______________________), materijal filtra stakleno vlakno.
B152: V [m3/h] = 6400
B153: dpčisti [Pa]=70
B154: dptotal [Pa]=170
B156: Sekcija prigušivača zvuka tip PZ 2, sa kulisom 230x1220x670, ukupne duljine L=800 mm.
B157: prigušenje buke dB@250Hz=18,0
B158: pad tlaka [Pa] =4
B160: Sekcija pločastog rekuperatora s okvirom i lamelama iz aluminija, s tavom za sakupljanje kondenzata s odgovarajućim priključkom i sifonom. Rekuperator opremljen by-pass zaklopkom na svježem zraku, sa polugom i pripremom za unutarnji EM pogon, 2 puta vrata sa kvakom.
... B273: Ponuđeno (proizvođač/model/tip):
A275: V.A.1.03. | B275: Odsisni ventilator | C275: kompl. | D275: 1 | E275: 300 | F275: =D275*E275 -> 300
B276: Dobava i montaža cijevnog radijalnog ventilatora s unatrag zakrivljenim lopaticama za montažu na okrugli kanal. Kućište ventilatora je metalno i plastificirano u RAL 7035. Isporuka uz ventilator uključuje brzomontažne spojnice, montažni nosač, regulator brzine MTP 20, te servisnu sklopku GS 03. Mogućnost regulacije brzine vrtnje, integrirani termički kontakt. Sljedećih tehničkih karakteristika:
B277: V [m3/h] = 200
B278: Hextern [Pa] = 225
B279: Lw [dB(A)] =71
B280: NM [W] = 100
B281: [V/Hz] = 230/50
B282: Oznaka u dokumentaciji: OV-1
B284: Ponuđeno (proizvođač/model/tip):
A286: V.A.1.04. | B286: Odsisni ventilator | C286: kompl. | D286: 1 | E286: 4000 | F286: =D286*E286 -> 4000
B287: Dobava i montaža usisnog krovnog ventilatora s mješovitim protokom posebno dizajniranih za ekstrakciju potencijalno opasnih i eksplozivnih plinova, proizvedenih od čeličnog lima zaštićenog crnom poliesterskom bojom. Isporuka uz ventilator uključuje fleksibilne priključke, akustično postolje, servisnu sklopku, fleksibilne oslonce i upravljački uređaj. Ventilator je sljedećih tehničkih karakteristika:
B288: V [m3/h] = 450
B289: Hextern [Pa] = 238
B290: Lw [dB(A)] = 83
B291: NM [W] = 120
B292: [V/Hz] = 230/50
B293: Oznaka u dokumentaciji: OV-2
B295: Ponuđeno (proizvođač/model/tip):
A297: V.A.1.05. | B297: Troškovi ovlaštenog servisera | C297: kompl. | D297: 1 | E297: 2000 | F297: =D297*E297 -> 2000
B298: Troškovi od strane ovlaštenog servisa prilikom montaže, nadzora nad montažom i puštanja u rad uređaja prema stavkci 1.01. do 1.04. uz prethodnu kontrolu svih izvedenih radova relevantnih za funkciju.
B299: Stavkom su obuhvaćeni svi radovi i sav eventualno potreban dopunski materijal za dovođenje uređaja do potpune pogonske sposobnosti (podešavanje uređaja, umjerivanje, balansiranje, potrebno punjenje uređaja, probni pogon i dr.).
B300: Uključivo projektna i ostala dokumentacija neophodna uz predviđenu opremu, a sastoji se od crteža opreme s deklariranim tvorničkim karakteristikama, atestna dokumentacija kao i upute za rad i rukovanje na hrvatskom jeziku. Troškovi pogonske energije nisu uključeni.
A302: V.A.1.06. | B302: Montažerski radovi opreme u polju | C302: komplet | D302: 1 | E302: 2500 | F302: =D302*E302 -> 2500
B303: Montažerski radovi opreme u polju
B304: Radovi montaže i spajanja opreme u polju i elektrokomandnog ormara iz prethodnih stavki na prethodno položene i ispitane kabele.
B305: Napomena: dobava i polaganje kabela zajedno s izradom kabelskih završetaka nije uključena u stavci. Radovi se odnose samo na gore specificirane elemente automatske regulacije
A307: V.A.1.07. | B307: Specijalistički radovi
B308: Specijalistički radovi radovi na nivou oprem u polju | C308: komplet | D308: 1 | E308: 3000 | F308: =D308*E308 -> 3000
B309: Specijalistički radovi na nivou opreme u polju: nadzor nad ugradnjom opreme u polju, ugađanje opreme u polju, puštanje u rad, izrada uputstava za rad, obuka osoblja krajnjeg korisnika.
B311: Specijalistički radovi programiranja i puštanja u rad | C311: komplet | D311: 1 | E311: 1500 | F311: =D311*E311 -> 1500
B312: Specijalistički radovi programiranja i puštanja u rad nivou DDC regulacije koji uključuju: izrada strujnih shema elektroupravljačkog ormara, programiranje DDC regulatora, puštanje u rad, statička i dinamička simulacija cjelogodišnjeg rada sustava, izrada funkcionalnih testiranja svih komponenti sustava (OQ test), izrada potrebnih ispitnih listova, izrada uputstava za rad, obuka osoblja krajnjeg korisnika.
B314: Specijalistički radovi integracije | C314: komplet | D314: 1 | E314: 2500 | F314: =D314*E314 -> 2500
B315: Specijalistički radovi integracije koji uključuju: integracija 4 rekuperacijske jedinica po modbus RTU protokolu, integracija dizalica topline po modbus TCP protokolu, integracija sustava temeljnog grijanja i hlađenja.
B317: Specijalistički radovi daljinskog praćenja | C317: komplet | D317: 1 | E317: 3000 | F317: =D317*E317 -> 3000
B318: Specijalistički radovi daljinskog praćenja rada sustava putem Internet konekcije s ciljem optimizacije rada, podešavanja parametara, otkrivanja skrivenih grešaka i pomoć službi održavanja za rukovanje sustavom u trajanju jedne godine od finalnog puštanja u rad i primopredaje.
A320: V.A.1.08. | B320: Centralni nadzorni i upravljački sustav (CNUS) | C320: komplet | D320: 1 | E320: 3500 | F320: =D320*E320 -> 3500
B321: Dobava opreme softwarea, instalacija i programiranje centralnog nadzorno upravljačkog sustava (CNUS) za centralni nadzor i upravljanje radom sustava grijanja, hlađenja i ventilacije, slijedećih karakteristika:
B322: Software za CNUS uključivo potreban broj licenci za spajanje uređaja na isti.
B323: Server računalo za potrebe CNUS-a, opremljeno komponentama zadnje aktivne generacija za server računala uključivo licenca za operativni sustav.
B324: 24" flat panel monitor, rezolucije 1920x1080 s odgovarajućim priključcima
B325: UPS za napajanje servera CNUS-a, snaga 800VA/480W.
A327: V.A.1.09. | B327: Specijalistički radovi programiranja CNUS-a | C327: komplet | D327: 1 | E327: 2000 | F327: =D327*E327 -> 2000
B328: Specijalistički radovi programiranja na nivou grafičkih prikaza CNUS-a i to: spajanje na računalnu mrežu, izrada i programiranje grafičkih prikaza, programiranje alarmnih prikaza, programiranje history prikaza, programiranje e-mail i SMS alarmiranja, izrada potrebnih ispitnih listova i funkcionalnih proba, izrada uputstava za rad, obuka osoblja krajnjeg korisnika.
A330: V.A.1.10. | B330: Sitni potrošni materijal | C330: kompl. | D330: 1 | E330: 5000 | F330: =D330*E330 -> 5000
B331: Dobava i montaža sitnog potrošnog i pomoćnog materijala nužnog za montažu opreme: jedreno platno za spajanje opreme na kanalski razvod, boce s kisikom, disu plin, elektrode, vijci, matice, tipli, obuhvatnice, sitniji ovjesi, konzole, profilno željezo, silikonski kit, protupožarni brtveni kit i slično. Uključivo naljepnice za označavanje elemenata postrojenja.
A333: V.A.1.11. | B333: Prijevoz | C333: kompl. | D333: 1 | E333: 5000 | F333: =D333*E333 -> 5000
B334: Transport alata, materijala i opreme na gradilište, te povrat preostalog materijala i alata i opreme. Stavka uključuje i troškove dizalice te sve ostale troškove horizontalnog i vertikalnog transporta na gradilištu za unos i montažu opreme i instalacija na projektom predviđenu poziciju.
A336: V.A.1. | B336: OPREMA UKUPNO | F336: =SUM(F14:F335) -> 112400
A338: V.A.2. | B338: RAZVOD ZRAKA
A340: V.A.2.01. | B340: Protupožarna zaklopka
B341: Dobava i montaža pravokutne i kružne protupožarne zaklopke, predviđena za ugradnju na limeni kanal sustava ventilacije na granici požarnih sektora, koja se sastoji iz kućišta izrađenog iz pocinčanog lima i lopatice izrađene iz vatrootpornog materijala, opremljena toplinsko-električnim prekidačem, indikacijom položaja lopatice (otvoreno-zatvoreno), elektromotornim pogonom 230V, automatskim zatavranjem pri prekidu napajanja, prigrađenim elastičnim priključcima za montažu na kanalski razvod (na oba kraja) te potrebnim priborom za montažu. Vatrootpornost protupožarne zaklopke je 90 minuta. Glavne karakteristike protupožarnih zaklopki su:
B342: Kućište je izrađeno iz pocinčanog čeličnog lima, zaporna lamela iz specijalnog izolacijskog materijala, osovine koje nose lamelu iz pocinčanog čeličnog lima, ležajevi iz mjedi, brtve iz poliuretana i elastomera
B343: Propusnost zatvorene lamele prema EN 1751, klasa 2 ili jednakovrijedno_ __________________________________
B344: Propusnost na kućištu prema EN 1751, klasa C ili jednakovrijedno ______________________________________________
B345: Protupožarna zaklopka je opremljena sa termičkim okidačem na 72°C
B346: Slijedećih dimenzija pravokutnih zaklopki š x v [mm]:
B347: ɸ125 | C347: kom | D347: 1 | E347: 300 | F347: =D347*E347 -> 300
B348: ɸ160 | C348: kom | D348: 2 | E348: 350 | F348: =D348*E348 -> 700
B349: ɸ200 | C349: kom | D349: 1 | E349: 380 | F349: =D349*E349 -> 380
B350: ɸ250 | C350: kom | D350: 6 | E350: 420 | F350: =D350*E350 -> 2520
B351: 750/400 | C351: kom | D351: 3 | E351: 500 | F351: =D351*E351 -> 1500
A353: V.A.2.02. | B353: Zaštitna rešetka (protukišna žaluzina)
B354: Dobava i montaža zaštitne rešetke (protukišne žaluzije), sa zaštitnom mrežicom i okvirom za ugradnju. Slijedećih dimenzija š x v [mm]:
B355: 997x197 | C355: kom | D355: 1 | E355: 43 | F355: =D355*E355 -> 43
A357: V.A.2.03. | B357: Istrujni stropni distributer
B358: Dobava i montaža stropnog istrujnog vrtložnog distributera, u priključnoj kutiji horizontalnog priključka s dograđenim regulatorom za podešavanje količine zraka, slijedeće veličine:
...

Sheet VI. VERTIKALNI TRANSPORT
A1: Redni broj: | B1: OPIS STAVKE: | C1: Jedinica mjere: | D1: Količina: | E1: Jedinična cijena: | F1: Ukupno:
A4: VI. | B4: VERTIKALNI TRANSPORT
A6: VI.A. | B6: PREDOPISI RADOVA VERTIKALNOG TRANSPORTA
B8: OPĆI UVJETI UZ TROŠKOVNIK RADOVA VERTIKALNOG TRANSPORTA
B9: Opće napomene Sve radove izvesti prema opisima pojedinih stavki troškovnika i opisa pojedinih grupa radova. Ako neke stavke imaju nejasan i nedovoljan opis, onda svaki započeti opis pojedine stavke znači cjelokupnu izradu te stavke, to jest nabavu, dopremu materijala, sve prenose i prijevoze, izradu, skidanje oplate, zaštitu, njegovanje pojedinih elemenata po izradi i nakon ugradbe, kao i ostalo. Jediničnom cijenom potrebno je obuhvatiti sve elemente navedene kako slijedi: a) izvođač radova dužan je prije početka radova provjeriti kote postojeċeg stanja terena u odnosu na relativnu kotu (0,00) kod svih ulaza i kod svih nutarnjih podnih ploča kao i za ulazne instalacije. b) ukoliko se ukažu eventualne nejednakosti između projekta i stanja na gradilišta izvođač radova dužan je pravovremeno o tome pismeno izvjestiti investitora, projektanta i nadzornog inženjera te shodno s tim zatražiti potrebna objašnjenja. c) sve mjere u projektima provjeriti na gradilištu, d) svu potrebnu provjeru točnosti količina u dokaznici mjera i troškovniku vršiti bez posebne naplate to jest o trošku izvođača radova. Ove opće napomene odnose se na radove dobave, dopreme i montaže dizala, a sve u cilju ostvarenja što lakših, bržih i efikasnijih vertikalnih transporta. Ovi radovi izvode se prema posebnom projektu za dizala. Tehnički opis iz projektne dokumentacije koji se odnosi na ovu vrstu radova, smatra se sastavnim dijelom ovih općih napomena, odnosno sastavnim dijelom ovog troškovnika.
B10: Radove iz ovog poglavlja izvesti stručno, solidno i isključivo prema opisu iz ovog troškovnika, tehničkoj dokumentaciji kao i isključivo po odabiru, uputstvima i odobrenjima glavnog projektanta. Svi radovi trebaju biti izvedeni u potpunosti u skladu sa tehničkim propisima za ovu vrstu radova i dobrim uzancama struke. Svi materijali koji se upotrebljavaju moraju odgovarati hrvatskim standardima i normama ili jednakovrijednim, važećim normama u RH ili jednakovrijednim, te prije početka izvođenja njihove ateste, certifikate i izjave o sukladnosti predočiti nadzornom inženjeru. Oni materijali koji nisu obuhvaćeni hrvatskim standardima i normama moraju biti atestirani od strane drugih ovlaštenih ustanova za namjenu za koju se koriste, te također rezultate ispitivanja istih predočiti nadzornom inženjeru prije početka izvođenja radova. Nije dozvoljen početak ugradbe materijala prije predočenja važećih atesta i certifikata.
B11: Izvoditelj radova iz ovog poglavlja dužan je permanentno primjenjivati sve mjere zaštite na radu u smislu hrvatskih zakona i propisa. Svaka stavka ovog troškovnika smatra se završenom isključivo ako je kompletno izvedena i dovedena do pune funkcionalnosti, pa u smislu toga jedinačna i ukupna cijena trebaju sadržavati sljedeće: - kompletna mobilizacija i demobilizacija gradilišta - pregled gradilišta odnosno objekta, te eventualno uzimanje mjera - izrada potrebne radioničke i tehničke dokumentacije - sve transporte izvan gradilišta - sve horizontalne i vertikalne transporte unutar gradilišta do mjesta ugradbe - troškove skladištenja - sav potreban rad i materijal bilo pomoćni ili osnovni - potrebne skele ili montažne dizalice za montažu dizala - troškove svih potrebnih energenata (struja, voda, plin i sl.) - svi vezani posredni i neposredni troškovi (doprinosi, porezi, prirezi, takse i sl.) - troškovi osiguranja i čuvanja materijala, opreme i izvedenih radova do primopredaje - čišćenje radnog prostora nakon završetka svake faze rada te prijenos otpadnog materijala na gradsku deponiju - svi troškovi vezani za primjenu mjera zaštite na radu
B12: Materijali Pod tim se podrazumijeva sama cijena materijala to jest dobavna cijena i to glavnih i pomočnih materijala, tako i veznog materijala i ostalo. U tu cijenu potrebno je uključiti cijenu prijevoza bez obzira na vrstu prijevoznog sredstva, udaljenost sa svim potrebnim utovarima, istovarima i prenosom do skladišta te prenosa do mjesta ugradnje. Nadalje uključiti cijenu čuvanja, zaštite i skladištenja materijala do ugradnje. Rad U kalkulaciji rada treba uključiti sav potreban rad, kako glavni tako i pomoćni, te sav vanjski i unutarnji prijenos bilo ručni bilo pomoću strojeva. Skele ili dizalica za montažu opreme u bez obzira na visinu, ulaze u jediničnu cijenu dotične stavke troškovnika. Izmjere Ukoliko u pojedinoj stavci troškovnika nije dat način obračuna radova, isti se obračunava prema važečim građevinskim normama u upotrebi u Republici Hrvatskoj. Kod paušala izvođač mora sam procijeniti vrijednost pojedinih stavaka koje se obračunavaju u paušalu, te isti izvesti bez prava na dodatne iznose za te stavke. Ukoliko je u troškovniku nešto nejasno treba tražiti dodatna pojašnjenja od naručitelja prije davanja ponude, jer se kasniji prigovori neće uzeti u obzir, kao niti priznati bilo kakvi dodatni troškovi.
B13: Radovi sa pripadajućom opremom se smatraju završenim i predanim investitoru tek nakon izvršenog tehničkog pregleda i potpisanog adekvatnog zapisnika u tom smislu. Ukoliko je u troškovniku nešto nejasno treba tražiti dodatna pojašnjenja od glavnog projektanta prije davanja ponude, jer se kasniji prigovori neće uzeti u obzir, kao niti priznati bilo kakvi dodatni troškovi.
B14: Svi ponuditelji prije davanja ponude moraju obići mjesto rada, te sagledati mogućnost i način izvođenja radova. Također svi ponuditelji prije davanja ponude detaljno proučiti tehničku dokumentaciju i izvršiti konzultacije sa glavnim projektantom u smislu pojašnjenja svih tehničkih detalja.
B15: OBVEZA IZVODITELJA GRAĐEVINSKO-OBRTNIČKIH RADOVA: Prednju stijenu voznog okna dizala izvesti u visak (dozvoljena tolerancija ±0,5 cm), kako bi se vatrootporna vrata pri ugradnji prislonila na prednju stijenu voznog okna, bez pojave zazora (fuga). Ukoliko se prednja stijena NE izvede kako je navedeno i nakon ugradnje se pojave zazori (fuge) prema voznom oknu, Izvoditelj radova će izvesti vatrootporno brtvljenje zazora (fuga) sukladno odredbama Prikaza mjera/Elaborata zaštite od požara. Izvesti vatrootporno brtvljenje prodora el. instalacija u vozno okno dizala oko el. instalacije za pozivne kutije, pokazivače položaja i sl. Dimenzije i pozicija otvora za odimljavanje/ventilaciju izvodi se sukladno Prikazu mjera/Elaboratu zaštite od požara.
A17: VI.B. | B17: TROŠKOVNIK VERTIKALNOG TRANSPORTA
A19: VI.B.01. | B19: Izrada radioničko-tehničke dokumentacije dizala prema stvarnim izmjerama na građevini, prema ponuđenoj i ugovorenoj opremi i zatraženoj suglasnosti od glavnog projektanta i projektanta dizala u 4 mape : | C19: kom | D19: 1 | E19: 1000 | F19: =D19*E19 -> 1000
A21: VI.B.02. | B21: Izrada i dobava dijelova dizala prema glavnom projektu, ponudi, ugovoru i izmjerama na građevini i slijedećem opisu : | C21: kom | D21: 1 | E21: 24700 | F21: =D21*E21 -> 24700
B23: Vrsta dizala: osobno prema HRN EN 81-20 + EN 81-70 + EN 81-73 ili jednakovrijedno Vrsta pogona dizala: sinkroni električni bezreduktorski motor s permanentnim magnetima, snage 5,1 kW ±5%, minimalno 180 uključivanja/sat Tip dizala: električno dizalo na užad bez posebne strojarnice Nosivost dizala: 800 kg / 10 osoba ±5% Brzina vožnje: min. 0,9 - max. 1,1 m/s, frekvencijska regulacija Visina dizanja: 3,95 m ±3% Broj postaja: 2 Broj ulaza: 2 – ulazi sa iste strane Vrsta upravljanja: mikroprocesorsko, simpleks – sabirno Signalizacija na glavnoj postaji: optički signal potvrde prijema poziva, digitalni optički pokazivač položaja kabine i strelice smjera daljnje vožnje, zvučni signal dolaska kabine u stanicu Signalizacija na ostalim postajama: optički signal potvrde prijema poziva digitalni optički pokazivač položaja kabine i strelice smjera daljnje vožnje, zvučni signal dolaska kabine u stanicu Signalizacija u kabini: optički signal potvrde prijema naredbe, digitalni optički pokazivač položaja kabine i strelice smjera daljnje vožnje, govorna veza, zvučni signal preopterećenja kabine, zvučni signal “alarm”, dvosmjerna komunikacija sa spasilačkom službom (telealarm – GSM uređaj putem SIM kartice) Instalacija: za unutarnji/suhi prostor Napon pogonskog el. motora: 3 x 400 / 230 V , 50 Hz Napon upravljanja: 24 V
B24: prema HRN EN 81-20 + EN 81-70 + EN 81-73 ili jednakovrijedno _________________________________________________________
B25: Vozno okno: - izvedba armiranobetonsko - širina 1750 mm ±3% - dubina 1850 mm ±3% - dubina jame 1200 mm ±3% - nadvišenje 3580 mm ±3% Vrata voznog okna: - vrsta dvokrilna automatska teleskopska - širina 900 mm ±3% - visina 2100 mm ±3% - materijal čelični lim - završna obrada brušeni nehrđajući čelični lim - vatrootpornost nisu izvedena kao vatrootporna Kabina dizala: - širina 1200 mm ±3% - dubina 1500 mm ±3% - visina 2200 mm ±3% - izvedba čelična konstrukcija - završna obrada - stranice: brušeni nehrđajući čelični lim - prednja stijena: brušeni nehrđajući čelični lim - stražnja stijena: brušeni nehrđajući čelični lim - strop: brušeni nehrđajući čelični lim - parapet: brušeni nehrđajući čelični lim - pod: lokalno, izvodi Naručitelj - oprema rukohvat, ogledalo, ventilator - rasvjeta fluorescentna ili LED - nužna rasvjeta iz nezavisnog izvora - okvir kabine za ovjes 2:1, nosivost dizala 800 kg ±5% i brzinu vožnje 1,0 m/s - zahvatna naprava s postupnim djelovanjem
B26: Vrata kabine: - vrsta dvokrilna automatska teleskopska - širina 900 mm ±3% - visina 2100 mm ±3% - materijal čelični lim - završna obrada brušeni nehrđajući čelični lim - osiguranje svjetlosna zavjesa Okvir kabine: komplet za dizalo na užad Ovjes kabine: 2 : 1 Protuuteg: čelična konstrukcija s elementima za ispunu Vodilice kabine: svijetlo vučeni “ T “ profil T89/B Vodilice protuutega: “ HT “ profil HT60 Konzole i pribor za učvršćenje vodilica kabine i protuutega: specijalna izvedba za prihvat horizontalnih sila Smještaj strojarnice dizala: dizalo bez strojarnice Smještaj pogonskog stroja: na vodilici u vrhu voznog okna Čelična užad: 5 užadi promjera 8 mm Grupa upravljanja za simpleks – sabirno upravljanje, požarni režim rada
A28: VI.B.03. | B28: Montaža i ugradnja dijelova dizala u funkcionalnu cjelinu prema glavnom i izvedbenom projektu na građevini : | C28: kom | D28: 1 | E28: 1000 | F28: =D28*E28 -> 1000
A30: VI.B.04. | B30: Tehničko ispitivanje ugrađenog dizala i predaja dizala sa kompletnom zakonima definiranom dokumentacijom korisniku : | C30: kom | D30: 1 | E30: 1000 | F30: =D30*E30 -> 1000
A32: VI. | B32: UKUPNO RADOVI VERTIKALNOG TRANSPORTA DIZALA D : | F32: =SUM(F19:F30) -> 27700

Sheet VII. NISKOGRADNJA
A1: Redni broj: | B1: OPIS STAVKE: | C1: Jedinica mjere: | D1: Količina: | E1: Jedinična cijena: | F1: Ukupno:
A4: VII. | B4: GRAĐEVINSKI RADOVI IZGRADNJE CESTE I INFRASTRUKTURE
A6: VII.01. | B6: PRIPREMNI RADOVI
A7: VII.01.01 | B7: Izrada elaborata privremene prometne regulacije s dobivanem pozitivnog mišljenja nadležne policijeske postaje . | C7: komplet | D7: 1 | E7: 300 | F7: =D7*E7 -> 300
A8: VII.01.02 | B8: Postavljanje privremene prometne regulacije te osiguranja istih za vrijeme izvođenja radova uključujući i potrebna osiguranja za nesmetan prolaz pješaka, vozila i sl. te ograde. | C8: komplet | D8: 1 | E8: 500 | F8: =D8*E8 -> 500
A9: VII.01.03 | B9: Ručni iskop (šlic) pomoću kojeg će se utvrditi stanje postojećih instalacija na mjestima gdje nema za to podatakVII. Mjesta izrade šliceva definirat će nadzorni inženjer ili predstavnik InvestitorVII. Prosječna dužina iskopa šlica iznosit će 2 m, širine 60 cm i dubine 200 cm. U jediničnoj cijeni uključene su sve aktivnosti izvršenog snimanja podzemnih vodova (iskop, ucrtavanje vodova u građevni dnevnik, zatrpavanje i izrada pješčane posteljice i nadsloja pijeska oko pronađenih vodova i zatrpavanje). Obračun se vrši po m' iskopVII. | C9: m' | D9: 20 | E9: 100 | F9: =D9*E9 -> 2000
A10: VII.01.04 | B10: Strojno isjecanje postojećih asfaltnih slojeva radi omogućavanja uredne izvedbe spoja starog i novog asfalta (kao i spoja s novim rubnjacima) na mjestima određenim projektom. Isjecanje se vrši odgovarajućom mehanizacijom. Obračun se vrši po m’ isječene postojeće kolničke konstrukcije. | C10: m' | D10: 28 | E10: 100 | F10: =D10*E10 -> 2800
A11: VII.01.05 | B11: Razbijanje, utovar i odvoz postojećeg asfaltnog zastora . Obračun po m2 razbijenog asfalta. | C11: m² | D11: 14 | E11: 100 | F11: =D11*E11 -> 1400
A12: VII.01.06 | B12: Strojni iskop kolničke konstrukcije nakon razbijanja postojećeg asfaltnog zastora. Debljina tampona, nosivog sloja prosječno iznosi 40 cm. Obračun po m3 strojnog iskopVII. | C12: m³ | D12: 6 | E12: 50 | F12: =D12*E12 -> 300
A13: VII.01.07 | B13: UKLANJANJE UMJETNIH OBJEKATA, BETONSKIH RUBNJAKA I SLIČNO Stavka obuhvaća vađenje i rušenje postojećih betonskih rubnjakVII. Radove treba obaviti bez nanošenja štete na ostalim objektima i posjedima uz cestu. Stavka obuhvaća vađenje i rušenje postojećih betonskih rubnjakVII. Rad se mjeri po m' porušenih, utovarenih, odveženih i deponiranih rubnjakVII. | C13: m' | D13: 28 | E13: 50 | F13: =D13*E13 -> 1400
A14: VII.01.08 | B14: Košenje trave, čišćenje i sječa raslinja i stabala u granicama radnog pojasa trase. Stavka obuhvaća sječu niskog i visokog raslinja, stabala promjera do 10 cm, te vađenje korijenja i panjeva, utovar i odvoz na gradsku deponiju. Prije davanja ponude izvršiti izvid na licu mjestVII. Obračun po m² očišćene površine. | C14: m² | D14: 8323 | E14: 1 | F14: =D14*E14 -> 8323
A15: VII.01. | B15: PRIPREMNI RADOVI | C15: UKUPNO: | F15: =SUM(F7:F14) -> 17023
A17: VII.02. | B17: ZEMLJANI RADOVI
A18: VII.02.01. | B18: ISKOP POVRŠINSKOG SLOJA HUMUSA Strojni površinski iskop humusa prema uputama nadzornog inženjera, s prebacivanjem (guranjem ili utovarom i prijevozom), razastiranjem i planiranjem iskopanog humusa na privremenom ili stalnom odlagalištu, na prosječnoj udaljenosti do 300m. U stavku je uključen utovar i prijevoz do mjesta ugradnje, te prijevoz viška materijala na deponiju, pronalazak deponije i svi troškovi deponiranjVII. Rad se mjeri u m3 stvarno iskopanog tla u sraslom stanju.
B19: iskop humusa na trasi promento - manipulativnih površina | C19: m3 | D19: 349 | E19: 20 | F19: =D19*E19 -> 6980
A20: VII.02.02. | B20: Razastiranje humusa na dijelovima trase koja prolazi travnatim površinamVII. Stavka obuhvaća nabavu s privremene deponije odloženog materijala, dovoz, razastiranje u sloju od 20 cm i fino planiranje humusVII. Obračun po m3 uređene površine. | C20: m3 | D20: 349 | E20: 10 | F20: =D20*E20 -> 3490
A21: VII.02.03. | B21: Obnova zelenih površina. Stavka obuhvaća nabavu, prijevoz i razastiranje humusa . Obračun po m3 obnovljene površine novim humusom. | C21: m3 | D21: 20 | E21: 20 | F21: =D21*E21 -> 400
A22: VII.02.04. | B22: Zatravljivanje zelenih površina. Stavka obuhvaća nabavu, prijevoz i sijanje trave, uključujući prozračivanje travnjaka i prva dva košenja cijele površine, sve potrebno za formiranje travnjakVII. Obračun po m² zatravljene . | C22: m² | D22: 5078 | E22: 1.5 | F22: =D22*E22 -> 7617
A23: VII.02.05. | B23: Izrada nasipa zelenih površina materijalom iz iskopa. Obračun se vrši u m3 ugrađenog i preuzetog nasipnog materijala sa gradilišne deponije, uključuje sve potrebne radnje i prijevoze. | C23: m3 | D23: 159 | E23: 10 | F23: =D23*E23 -> 1590
A24: VII.02.06. | B24: Strojni iskop . Rad obuhvaća iskope predviđene projektom ili zahtjevom nadzornog inženjera s utovarom iskopanog materijala u kamion, te planiranje iskopanih površinVII. Pri izradi iskopa treba provesti sve mjere sigurnosti na radu i sva potrebna osiguranja postojećih objekata i komunikacijVII. Iskop treba obavljati upotrebom odgovarajuće mehanizacije, a eventualni ručni rad ograničiti na minimum. Sve iskope treba urediti prema karakterističnim profilima, predviđenim kotama i predviđenim nagibima iz projekta, odnosno prema zahtjevu nadzornog inženjerVII. Mjesta iskopa odredit će nadzorni inženjer. Obračun se vrši u m3 iskopanog materijala u sraslom stanju.
B25: na trasi prometnih i pješačkih površina u “C” kategoriji materijala | C25: m3 | D25: 200 | E25: 20 | F25: =D25*E25 -> 4000
A26: VII.02.07. | B26: Uređenje temeljnog tla na prometnim površinama mehaničkim zbijanjem. Rad obuhvaća sve radove koje je potrebno obaviti kako bi se sraslo tlo osposobilo da bez štetnih posljedica preuzme opterećenja od konstrukcije prometnice i pješačkih površinVII. Zbijanje temeljnog tla u nekoherentnim i miješanim materijalima treba izvršiti tako da se postigne stupanj zbijenosti u odnosu na standardni Proctorov postupak Sz=95-100% od maksimalne laboratorijske zbijenosti, odnosno modul stišljivost Ms>20 MN/m2. U rad je uračunato čišćenje, planiranje, eventualno rijanje tla zbog sušenja, kvašenje i zbijanje, tj. potpuno uređenje temeljnog tlVII. Obračun se vrši po m2 uređenog temeljnog tlVII. | C26: m2 | D26: 1230 | E26: 2 | F26: =D26*E26 -> 2460
A27: VII.02.08. | B27: UREĐENJE TEMELJNOG TLA I POSTELJICE GEOTEKSTILOM . Planiranje i poravnanje eventualnih neravnina na temeljnom tlu i nabava, dobava i polaganje geotekstila kvalitete prema općim tehničkim uvjetimVII. Geotekstil tip 300g/m2. Rad obuhvaća polaganje geotekstila na pripremljeno temeljno tlo s preklapanjem i šivanjem. Preklapanje treba izvesti u smjeru nasipanja materijalVII. Obračun radova: Prema kvadratnom metru ugrađenog geotekstilVII. | C27: m2 | D27: 1230 | E27: 2 | F27: =D27*E27 -> 2460
A28: VII.02.11. | B28: PRIJEVOZ VIŠKA UTOVARENOG I ISKOPANOG MATERIJALA NA DEPONIJU Prijevoz viška iskopanog i utovarenog materijala do mjesta istovara s razastiranjem, te potrebnim osiguranjem na gradilištu i javnim prometnicamVII. Prijevoz na dužinu do 15 km . Rad se mjeri u kubičnim metrima prevezenog materijala. - odvoz materijala na udaljenost do 15 km | C28: m3 | D28: 41 | E28: 100 | F28: =D28*E28 -> 4100
A29: VII.02.12 | B29: Izrada probnih polja za izradu prometnice a u svrhu utvrđivanja najoptimalnijeg rješenja postizanja potrebne zbijenosti temeljnog tlVII. Probna polja izvode se veličine 50 m2. Stvaka uključuje sve potrebne radove radi za izradu probnog poljVII. | C29: komplet | D29: 1 | E29: 200 | F29: =D29*E29 -> 200
A30: VII.02. | B30: ZEMLJANI RADOVI | C30: UKUPNO: | F30: =SUM(F18:F29) -> 33297
A32: VII.03. | B32: KOLNIČKA KONSTRUKCIJA
A33: VII.03.01 | B33: Nabava, dovoz i ugradnja kamenog agregata, tampona 0-31.5 mm s finim planiranjem i valjanjem do potrebne zbijenosti od Ms=100 MN/m2. Debljina tampona je 30 cm. Rad obuhvaća dobavu i ugradnju zrnatog kamenog materijala u nosivi sloj kolničke konstrukcije. Ovaj sloj se može izvoditi tek nakon što je nadzorni inženjer primio posteljicu. Za izradu ovog sloja mogu se koristiti, drobljeni kameni materijal, mješavina prirodnog šljunka i mješavina sastavljena iz više frakcijVII. Svaki od ovih materijala mora zadovoljavati određene zahtjeve prema odredbama standardVII. Nosivost materijala ocjenjuje se laboratorijski određenim kalifornijskim indexom nosivosti CBR. Za prirodni šljunak ili mješavinu šljunka s manje od 50% drobljenog kamenog materijala, treba postići vrijednost CBR-a min. 40%, a za drobljeni kameni materijal i mješavinu prirodnog šljunka s više od 50% drobljenog kamenog materijala treba postići vrijednost CBR-a najmanje 80%. Prije zbijanja i tijekom zbijanja treba regulirati vlažnost materijala tako da bude u optimalnim granicamVII. Ravnost mjerena letvom duljine 4 m smije odstupati za najviše 2 cm. Jediničnom cijenom obuhvaćeni su svi radovi, materijal i prijevoz, potrebni za izradu nosivog slojVII. Obračun se vrši po m3 ugrađenog materijala u zbijenom stanju. | C33: m3 | D33: 517 | E33: 50 | F33: =D33*E33 -> 25850
A34: VII.03.02 | B34: HRN EN 13108-1 IZRADA HABAJUĆEG SLOJA (AC SURF) Strojna izrada asfaltnog habajućeg sloja (AC E 11 surf 50/70), debljine 4 cm, proizvedenog i ugrađenog po vrućem postupku, vrste bitumena i agregata prema potvrđenom radnom sastavu, za teško prometno opterećene. U cijenu je uključena nabava i prijevoz prethodno strojno proizvedene mješavine od agregata i bitumena kao veziva, nazivne veličine najvećeg zrna, vrste kamenog materijala i granulometrijskog sastava prema odredbama u projektu i u skladu prema: HRN EN 13043:2003 (agregati); HRN EN 12591:2009 (cestograđevni bitumen) i HRN EN 13108-1:2007 (asfaltbeton), te utovar, prijevoz, i strojna ugradba (razastiranje i zbijanje). Izvedba, kontrola kakvoće i obračun prema HRN EN 13108-1 za srednje prometno opterećenje. U cijenu izvedbe habajućeg sloja uključeno je čišćenje podloge. Obračun se vrši po m2 gornje površine habajućeg slojVII. | C34: m² | D34: 825 | E34: 16 | F34: =D34*E34 -> 13200
B35: Izvedba, kontrola kakvoće i obračun prema HRN EN 13108-1 ili jednakovrijednoj normi ________________________ i u skladu prema: HRN EN 13043:2003 (agregati) ili jednakovrijednoj normi _______________________________; HRN EN 12591:2009 (cestograđevni bitumen) ili jednakovrijednoj normi __________________________ i HRN EN 13108-1:2007 (asfaltbeton) ili jednaokvorijednoj normi ___________________________________
A36: VII.03.03 | B36: HRN EN 13108-1 IZRADA NOSIVOG SLOJA (AC BASE) Strojna izrada asfaltnog nosivog sloja (AC 22 s base 50/70),debljine 7 cm, proizvedenog i ugrađenog po vrućem postupku, vrste bitumena i agregata prema potvrđenom radnom sastavu, za teško prometno opterećenje. U cijenu je uključena nabava i prijevoz prethodno strojno proizvedene mješavine od agregata i bitumena kao veziva, nazivne veličine najvećeg zrna, vrste kamenog materijala i granulometrijskog sastava prema odredbama u projektu i u skladu prema: HRN EN 13043:2003 (agregati); HRN EN 12591:2009 (cestograđevni bitumen) i HRN EN 13108-1:2007 (asfaltbeton), te utovar, prijevoz, i strojna ugradnja (razastiranje i zbijanje). Izvedba, kontrola kakvoće i obračun prema HRN EN 13108-1. Obračun se vrši po m2 gornje površine projektiranog slojVII. | C36: m² | D36: 825 | E36: 16 | F36: =D36*E36 -> 13200
B37: Izvedba, kontrola kakvoće i obračun prema HRN EN 13108-1 ili jednakovrijednoj normi ________________________ i u skladu prema: HRN EN 13043:2003 (agregati) ili jednakovrijednoj normi _______________________________; HRN EN 12591:2009 (cestograđevni bitumen) ili jednakovrijednoj normi __________________________ i HRN EN 13108-1:2007 (asfaltbeton) ili jednaokvorijednoj normi ___________________________________
A38: VII.03.05. | B38: Dobava potrebnog materijala i izrada prometnih pvoršina od Travntih reštki 2000 kN/m2 (pristup za vatrogasna vozila). Ispuna travnatim supstratom Na podlozi od kamenog materijala debljine 5-10 cm , granulacije 2-8 mm. Obračun po m2 funkcionalno izvedene travnate kocke uključujući i završno humusiranje. | C38: m2 | D38: 463 | E38: 80 | F38: =D38*E38 -> 37040
B39: Dobava potrebnog materijala i izrada rubnjaka na prometnm pvoršinama od Travntih reštki . Obračun po funkcionalno izvedenog rubnjaka. | C39: m | D39: 147 | E39: 20 | F39: =D39*E39 -> 2940
A40: VII.03.06 | B40: Kontrolna ispitivanja zbijenosti nasipa od strane ovlaštene tvrtke te izdavanje izvješća o rezultatima zbijenosti. U cijenu uračunati sva potrebna ispitivanja za sve predviđene podloge. | C40: komplet | D40: 1 | E40: 1200 | F40: =D40*E40 -> 1200
A41: VII.03.07 | B41: Izrada strmih betonskih rubnjaka dimenzija 18x24 cm, od betona C30/37 (MB-40). Normativ U.N2.060, U.E3.050, B.B8.015, U.M1.004, U.M1.016, U.M1.055 ili jednako vrijedno. Ovom stavkom obuhvaćena je dobava i ugradnja gotovih betonskih rubnjaka presjeka 18x24 cm (prema normativu grupa A, strmi rubnjaci). Rubnjaci se postavljaju na betonski temelj od betona C12/15 (MB-15) presjeka približno 35x15 cm. Nadvišenje rubnjaka iznad kolnika uz koji se postavljaju treba iznositi 12 do 14 cm što je definirano projektom. U jediničnu cijenu je uključen sav potreban materijal i rad kao i potreban alat, eventualni iskopi i njega betona kao i zapunjavanje fuga širine 1 cm cementnim mortom. Izvedba prema projektu djelomično i u radijusimVII. Obračun se vrši po m’ ugrađenog rubnjaka, a u jediničnoj cijeni je uključena i izrada upuštenih rubnjakVII. | C41: m' | D41: 226 | E41: 20 | F41: =D41*E41 -> 4520
B42: Izrada strmih betonskih rubnjaka prema Normativ U.N2.060, U.E3.050, B.B8.015, U.M1.004, U.M1.016, U.M1.055 ili jednako vrijedno __________________________
A43: VII.03.08 | B43: Izrada strmih betonskih rubnjaka dimenzija 8x20 cm, od betona C30/37 (MB-40). Normativ U.N2.060, U.E3.050, B.B8.015, U.M1.004, U.M1.016, U.M1.055 ili jednako vrijedno. Ovom stavkom obuhvaćena je dobava i ugradnja gotovih betonskih rubnjaka presjeka 8x20 cm (prema normativu grupa A, strmi rubnjaci). Rubnjaci se postavljaju na betonski temelj od betona C12/15 (MB-15) presjeka približno 35x15 cm. U jediničnu cijenu je uključen sav potreban materijal i rad kao i potreban alat, eventualni iskopi i njega betona kao i zapunjavanje fuga širine 1 cm cementnim mortom. Izvedba prema projektu djelomično i u radijusimVII. Obračun se vrši po m’ ugrađenog rubnjaka, a u jediničnoj cijeni je uključena i izrada upuštenih rubnjakVII. | C43: m' | D43: 168 | E43: 20 | F43: =D43*E43 -> 3360
B44: Izrada strmih betonskih rubnjaka prema Normativ U.N2.060, U.E3.050, B.B8.015, U.M1.004, U.M1.016, U.M1.055 ili jednakovrijedno __________________________
A45: VII.03.09 | B45: Nabava, dobava i ugradba potrebnog materijala za izradu rampe za invalide na mjestima pješačkih prijelazVII. Rampu izraditi od betonskih opločnika u betonskoj oblozi. Radovi obuhvaćaju: denivelaciju i sabijanje podloge na mjestu rampe i upuštanje cestovnih rubnjaka u betonsku podlogu (MB 15) C12/15, izvedba završnog sloja rampe je od Taktilnog polja upozorenja površine 3 m2 i opločnika sive boje, na pješčanu posteljicu (drobljenac vulkanskog porijekla veličine zrna 2-4 mm), debljine sloja cca 5 cm. Stavka obuhvaća sav materijal i rad Obračun po kompletno izvedenoj rampi. - bet. mali rubnjak 10x20x100 cm l uk = 3,40 m - beton C 12/15 m3 0,15 - drobljenac 2-4 mm, d=5 cm m3 0,1 - bet. opločnici 15x15x8 cm F uk = 1,5 m2 | C45: komplet | D45: 1 | E45: 1000 | F45: =D45*E45 -> 1000
A46: VII.03. | B46: KOLNIČKA KONSTRUKCIJA | C46: UKUPNO: | F46: =SUM(F33:F45) -> 102310
A48: VII.04. | B48: PJEŠAČKE POVRŠINE
A49: VII.04.01. | B49: NOSIVI SLOJEVI OD NEVEZANOG GRANULIRANOG KAMENOG MATERIJALA Izrada nosivog sloja od mehanički stabiliziranog drobljenog kamenog materijalVII. Ovaj sloj ugrađuje se na mjestima izvedbe novog kolnika, proširenja kolnika, autobusnih stajališta, parkirališta i sl. Rad obuhvaća dobavu i ugradnju drobljenog kamenog materijala veličine zrna 0/63 mm. Zahtjevi kvalitete su: stupanj zbijenosti Sz.100%, Ms≥40 MN/m2. Obračun radova: Rad se mjeri u kubičnim metrima za svaku debljinu slojVII. | C49: m3 | D49: 113 | E49: 50 | F49: =D49*E49 -> 5650
A50: VII.04.02. | B50: Dobava i izvedba popločenja s protukliznim betonskim opločnicima otpornim na smrzavanje sistemom fuga na fugu na podložnom sloju pijeska 2-8 mm, d= 6 cm. Opločnici su dimenzija raznih formata. Završna obrada opločnika je ojeskarenje u boji siva granit. Ploče moraju biti atestirane, a ispitivanje se provodi prema DIN 485, HRN B.B8.015, HRN B.B8.010 i HRN B.B8.001 ili jednako vrijedno. Fuge su širine 0.2 cm, ispunjavaju se suhim pijeskom granulacije 0-1 mm. Obračun se vrši po m2 popločenjVII. U jediničnu cijenu uključen je sav potreban materijal i rad za funkcionalnu izvedbu. | C50: m2 | D50: 453 | E50: 60 | F50: =D50*E50 -> 27180
B51: Ploče moraju biti atestirane, a ispitivanje se provodi prema DIN 485, HRN B.B8.015, HRN B.B8.010 i HRN B.B8.001 ili jednakovrijednim normama/normativima _____________________________________
A52: VII.04.03. | B52: Dobva i ugradnja betona C 25/30 za izradu betosnkog opločenja , armiranih mrežama Q 283. Površina pješačkih površina treba imati metlanu završnu obradu. Ispod pješačkih površina izvodi se podložni beton C 12/15 debljine 10 cm. Obračun po m3 funkcionalno izvedenih pješačkih stuba na tlu. | C52: m3 | D52: 1 | E52: 300 | F52: =D52*E52 -> 300
A53: VII.04. | B53: PJEŠAČKE POVRŠINE | C53: UKUPNO | F53: =SUM(F49:F52) -> 33130
A55: VII.05. | B55: UREĐENJE OGRADE
A56: VII.05.01. | B56: Dobava potrebnog materijala i izrada AB zida sa uključenim svim potrebnim , radom , materijalom i opremom koji se sastoji
B57: beton C 30/37 | C57: m3 | D57: 34 | E57: 200 | F57: =D57*E57 -> 6800
B58: beton C 12/15 | C58: m3 | D58: 7 | E58: 200 | F58: =D58*E58 -> 1400
B59: armatura | C59: kg | D59: 2662 | E59: 2 | F59: =D59*E59 -> 5324
B60: oplata | C60: m2 | D60: 393 | E60: 40 | F60: =D60*E60 -> 15720
B61: Iskop rova, m3 | C61: m3 | D61: 70 | E61: 20 | F61: =D61*E61 -> 1400
B62: Zatrpavanje rova, m3 | C62: m3 | D62: 36 | E62: 10 | F62: =D62*E62 -> 360
B63: Odvoz viška metrijala, m3 | C63: m3 | D63: 34 | E63: 10 | F63: =D63*E63 -> 340
A64: VII.05.02. | B64: Dobava potrebnog materijala i izrada ograde od panela visine 1,2 m. Širina panela iznosi 2,5 m. Paneli trebaju biti izrađeni od profila definiranih u nacrtima, na koju se nanosi temeljni i završni sloj boje. U stavku su uključeni potrebni supovi kao i sve ostalo potrebno za funkcionalnu izvedbu . Obračun po m` | C64: m´ | D64: 40 | E64: 60 | F64: =D64*E64 -> 2400
A65: VII.05.03. | B65: Dobava potrebnog materijala i izrada ograde od panela visine 1,5 m. Širina panela iznosi 2,5 m. Paneli trebaju biti izrađeni od profila definiranih u nacrtima, na koju se nanosi temeljni i završni sloj boje.. Panali i stupovi trebaju biti za demontažnu ugradnju na betosnkim nosačima. U stavku su uključeni potrebni supovi kao i sve ostalo potrebno za funkcionalnu izvedbu . Obračun po m` | C65: m´ | D65: 365 | E65: 70 | F65: =D65*E65 -> 25550
A66: VII.05.04. | B66: Dobava potrebnog materijala i izrada ograde od panela visine 0,8 m. Širina panela iznosi 2,5 m. Paneli trebaju biti izrađeni od profila definiranih u nacrtima, na koju se nanosi temeljni i završni sloj boje. U stavku su uključeni potrebni supovi kao i sve ostalo potrebno za funkcionalnu izvedbu . Obračun po m` | C66: m´ | D66: 31 | E66: 50 | F66: =D66*E66 -> 1550
A67: VII.05.05. | B67: Dobava potrebnog matrijala i montaža kliznih kolnih vrata širine 6,0 m i visine 1,5 m s uključenom opremom za otvaranje na daljinsko upravljanje i uređaj za otvaranjena ručno preko šifre. Obračun za kompelt montiranih vrata uključujući potrebne temelje, vodilice i sve ostalo za funkcionalnu izvedbu. | C67: kom | D67: 1 | E67: 2500 | F67: =D67*E67 -> 2500
A68: VII.05.06. | B68: Dobava potrebnog materijal i funkcionalna ugardnja pješačkih vrata sa svom potrebnom opremom uključujući i i uređaj za otvaranjena ručno preko šifre i dvije brave za kontrolu prolaza postveljene na sredinu i na vrh vrata. Obračun za komplet ugrađena vrata širine 1,2 m i visine 1,5 m. | C68: kom | D68: 1 | E68: 1500 | F68: =D68*E68 -> 1500
A69: VII.05.07. | B69: Dobava potrebnog materijal i funkcionalna ugardnja pješačkih vrata sa svom potrebnom opremom uključujući i i uređaj za otvaranjena ručno preko šifre i dvije brave za kontrolu prolaza postveljene na sredinu i na vrh vrata. Obračun za komplet ugrađena vrata širine 1,2 m i visine 0,8 m. | C69: kom | D69: 1 | E69: 1500 | F69: =D69*E69 -> 1500
A70: VII.05. | B70: UREĐENJE OGRADE | C70: UKUPNO | F70: =SUM(F57:F69) -> 66344
A72: VII.06. | B72: PROMETNA SIGNALIZACIJA
B73: PROMETNI ZNAKOVI
A74: VII.06.01 | B74: Dobava, isporuka i ugradnja prometnog znaka B02, oblika osmerokuta, izrađenog s pojačanim okvirom i vodoravnim ojačanjem uz korištenje retroreflektivne folije klase RA2 stabilne na "U.V." zračenje i aplicirane na Al. podlogu debljine 2 mm. Prometni znak se montira na FeZn stup 60,3 mm. U cijenu je uključena dobava i montaža, svi prijevozi, prijenosi i skladištenje, sav rad i materijal, te pričvrsni elementi i pribor za ugradnju prema uvjetima iz elaboratVII.
B75: Obračun po komadu pričvršćenih znakova. | C75: kom | D75: 1 | E75: 500 | F75: =D75*E75 -> 500
A76: VII.06.02 | B76: Dobava, isporuka i ugradnja prometnog znaka (60x60 cm), oblika kvadrata, izrađenog s pojačanim okvirom i vodoravnim ojačanjem uz korištenje retroreflektivne folije klase RA2 stabilne na "U.V." zračenje i aplicirane na Al. podlogu debljine 2 mm. Prometni znak se montira na FeZn stup 60,3 mm. U cijenu je uključena dobava i montaža, svi prijevozi, prijenosi i skladištenje, sav rad i materijal, te pričvrsni elementi i pribor za ugradnju prema uvjetima iz elaboratVII.
B77: Obračun po komadu pričvršćenih znakova C39. | C77: kom | D77: 1 | E77: 500 | F77: =D77*E77 -> 500
A78: VII.06.03 | B78: Dobava, isporuka i ugradnja znaka na stupu, oblika kruga (Ø60 cm). Znakovi su izrađeni s pojačanim okvirom i vodoravnim ojačanjem uz korištenje retroreflektivne folije klase RA2 stabilne na "U.V." zračenje i aplicirane na Al. podlogu debljine 2 mm. Prometni znakovi se montiraju na FeZn stup 60,3 mm. U cijenu je uključena dobava i montaža, svi prijevozi, prijenosi i skladištenje, sav rad i materijal, te pričvrsni elementi i pribor za ugradnju prema uvjetima iz elaboratVII.
B79: Obračun po komadu pričvršćenih znakova B36. | C79: kom | D79: 1 | E79: 500 | F79: =D79*E79 -> 500
A80: VII.06.04 | B80: Dobava, isporuka i ugradnja dopunskih ploča , oblika pravokutnika (600x30 cm), izrađenog s pojačanim okvirom i vodoravnim ojačanjem uz korištenje retroreflektivne folije klase RA2 stabilne na "U.V." zračenje i aplicirane na Al. podlogu debljine 2 mm. Prometni znak se montira na betonsku ogradu New Jersey. U cijenu je uključena dobava i montaža, svi prijevozi, prijenosi i skladištenje, sav rad i materijal, te pričvrsni elementi i pribor za ugradnju prema uvjetima iz elaboratVII.
B81: Obračun po komadu pričvršćenih znakova E05. | C81: kom | D81: 2 | E81: 200 | F81: =D81*E81 -> 400
B82: Obračun po komadu pričvršćenih znakova E11. | C82: kom | D82: 1 | E82: 200 | F82: =D82*E82 -> 200
A83: VII.06.05 | B83: Nabava, prijevoz i postavljanje stupova od FeZn cijevi, ɸ60,3 mm. U cijenu je uključena dobava i postava stupova prema elaboratu, svi prijevozi i prijenosi sa skladištenjem te sav rad i materijal za ugradnju po uvjetima iz elaboratVII. Izvedba i kontrola kakvoće prema OTU 9-01.
B84: Obračun po m' ugrađenih stupovVII. | C84: m' | D84: 36 | E84: 100 | F84: =D84*E84 -> 3600
A85: VII.06.06 | B85: Izrada temelja stupa od betona klase C 20/25 s iskopom u materijalu "C" kategorije, oblika krnje piramide čije su stranice donjeg kvadrata 30 cm, gornjeg 20 cm, a visine 80 cm. Stavka obuhvaća iskop za temelje; dobavu, ugradbu i njegu betona; dobavu i ugradbu ankera i podložnih pločica za pričvršćenje stupa; zatrpavanje temelja; utovar viška materijala u prijevozno sredstvo i prijevoz do odlagališta, odnosno sav rad, opremu i materijal potreban za potpuno dovršenje stavke.
B86: Obračun po m3 | C86: m3 | D86: 3 | E86: 300 | F86: =D86*E86 -> 900
B87: OZNAKE NA KOLNIKU
A88: VII.06.08 | B88: Izvedba punih linija za označavanje okomitih parkirnih mjesta , bijele boje, oznake H61-1, prema prema važećim propisimVII. Izvodi se bojanjem gustom bojom bijelog tona standardne kakvoće. Način izvedbe u svemu prema standardu, a na osnovi prometnog rješenjVII. U cijenu su uključeni svi pripremni i pomoćni radovi, alati i materijali. Obračun po m'. | C88: m' | D88: 120 | E88: 12 | F88: =D88*E88 -> 1440
A89: VII.06.10 | B89: Izvedba oznake za obilježavanje mjesta namjenjenih isključivo invalidima , žute boje, oznake H57-1, prema važećim propisimVII. Izvodi se bojanjem gustom bojom žutog tona standardne kakvoće. Način izvedbe u svemu prema standardu, a na osnovi prometnog rješenjVII. U cijenu su uključeni svi pripremni i pomoćni radovi, alati i materijali. Obračun za komplet označeno mijesto. | C89: kom | D89: 2 | E89: 100 | F89: =D89*E89 -> 200
A91: VII.06. | B91: PROMETNA SIGNALIZACIJA | C91: UKUPNO: | F91: =SUM(F74:F90) -> 8240
A93: VII.07. | B93: GEODETSKI RADOVI
B94: Geodetski radovi obuhvaćaju:
A95: VII.07.01 | B95: Izrada elaborata iskolčenja prije početka radova. Obračun za komplet izrađen elaborat iskolčenja. | C95: komplet | D95: 1 | E95: 500 | F95: =D95*E95 -> 500
A96: VII.07.02 | B96: Iskolčenje građevine prema elaboratu iskolčenjVII. Rad obuhvaća iskolčenje prema projektu, i sva geodetska mjerenja kojima se podaci sa projekta prenose na teren, iskolčenje potrebnih osiguranje, osi iskolčene trase i održavanje iskolčenih oznaka na terenu za sve vrijeme građenja, odnosno do predaje radova Investitoru. U stvaku je uključeno snimanje potrebnih elementa za izradu dokaznice mjerVII. U stavku je uključeno i snimanje svih potojećih instalacija na tarsi planirane odvodnje. U stavku je uključeno iskolčenje prometnice i komunlane infrastrukture. Prije početka radova obavezno je iskolčenje kolnih ulaza radi provjere usklađenosti s projektom. Obračun za komplet iskolčenje. | C96: komplet | D96: 1 | E96: 500 | F96: =D96*E96 -> 500
A97: VII.07.03 | B97: Geodetski nadzor tijekom izvođenja radova s provjerom elementa sukladno projetku i kontrolom iskopa i nasipa. | C97: komplet | D97: 1 | E97: 500 | F97: =D97*E97 -> 500
A98: VII.07.04 | B98: Održavanje iskolčenih oznaka na terenu od početka radova do predaje svih radova investitoru. | C98: komplet | D98: 1 | E98: 500 | F98: =D98*E98 -> 500
A99: VII.07.05 | B99: Geodetska izmjera instalacija i izrada elaborata za katastar vodova. U stavku je uključen i i gedoetska snimka izvedenog stanja koja se predaje na CD-u u dwg formatu sa svim bazama točaka i svim visinamVII. | C99: komplet | D99: 1 | E99: 500 | F99: =D99*E99 -> 500
A100: VII.07. | B100: GEODETSKI RADOVI | C100: UKUPNO: | F100: =SUM(F95:F99) -> 2500
B104: REKAPITULACIJA
A106: VII. | B106: IZGRADNJA DJEČJEG VRTIĆA POKUPSKA GRAĐEVINSKI RADOVI IZGRADNJE CESTE I INFRASTRUKTURE
A108: VII.01. | B108: PRIPREMNI RADOVI | F108: =F15 -> 17023
A109: VII.02. | B109: ZEMLJANI RADOVI | F109: =F30 -> 33297
A110: VII.03. | B110: KOLNIČKA KONSTRUKCIJA | F110: =F46 -> 102310
A111: VII.04. | B111: PJEŠAČKE POVRŠINE | F111: =F53 -> 33130
A112: VII.05. | B112: UREĐENJE OGRADE | F112: =F70 -> 66344
A113: VII.06. | B113: PROMETNA SIGNALIZACIJA | F113: =F91 -> 8240
A114: VII.07. | B114: GEODETSKI RADOVI | F114: =F100 -> 2500
B115: UKUPNO | F115: =SUM(F108:F114) -> 262844

Sheet VIII. KUHINJA
A1: Redni broj: | B1: OPIS STAVKE: | C1: Jedinica mjere: | D1: Količina: | E1: Jedinična cijena: | F1: Ukupno:
A4: VIII. | B4: KUHINJA
B6: OPĆI UVJETI OPREMANJA KUHINJSKOM OPREMOM
B7: Izvodi priključaka kuhinjske opreme (topla i hladna voda, odvodi, parovodi, plinska instalacija,
B8: elektro instalacija i instalacija ventilacije), biti će izvedeni i dobavljači ih
B9: se moraju pridržavati ili prije izvedbe priložiti teh. dokumentaciju za njihovu prilagodbu.
B10: Dobavljač je dužan upoznati se s izvedenim stanjem prije isporuke opreme te radove na opremanju
B11: izvesti u skladu s projektno-tehničkom dokumentacijom a ukoliko dođe do neusklađenosti
B12: između projektno-tehničke dokumentacije i stvarno izvedenog stanja na građevini dobavljač je dužan izvest
B13: i eventualne prilagodbe za potrebe spajanja opreme što je obuhvaćeno jediničnom cijenom pojedine stavke.
B14: Spojevi na uređaje ne smiju se izvesti tako da ometaju čišćenje podova već jedinične cijene
B15: moraju sadržavati potrebne prilagodbe ili na opremi ili na objektu.
B16: U slučaju da se spojevi izvedu suprotno navedenom pod ad.2, nadzorni organ ispravit će ih na teret dobavljača.
B17: Projektom predviđena profesionalna ugostiteljska oprema izrađena od nehrđajućeg čelika na gornjim
... B89: gotovosti i funkcionalnosti stavke te čišćenje.
A91: VIII.A. | B91: SPECIFIKACIJA OPREME - KUHINJA I POMOĆNI PROSTORI
A93: VIII. A. 01. | B93: GARDEROBA OSOBLJA
A95: VIII.A.01.01. | B95: Metalni garderobni ormarić - dvodijelni
B96: dim. 35x50x180 cm
B97: Obavezna provjera dimenzija izmjerom na objektu. | C97: kom | D97: 4 | E97: 140 | F97: =D97*E97 -> 560
A99: VIII.A.01.02. | B99: Garderobna klupa
B100: dim. 140x40x45 cm | C100: kom | D100: 1 | E100: 150 | F100: =D100*E100 -> 150
A102: VIII.A.01.03. | B102: Garderobna klupa
B103: dim. 90x40x45 cm | C103: kom | D103: 1 | E103: 138 | F103: =D103*E103 -> 138
A105: VIII. A. 02. | B105: URED ŠEFA KUHINJE
A107: VIII.A.02.01. | B107: Pisaći stol
B108: dim. 120x70x72 cm
B109: tip: spec. po izboru projektanta | C109: u troškovniku namještaja
A111: VIII.A.02.02. | B111: Radni stolac (okretni), sjedalo: štof
B112: tip: po izboru projektanta | C112: u troškovniku namještaja
A114: VIII.A.02.03. | B114: Stalaža sa četiri police. Izvedba: inox AISI 304
B115: Minimalne nosivosti po polici 150kg.
B116: dim. 80x40x180 cm (Dozvoljeno odstupanje u dimenzijama: ± 5%) | C116: kom | D116: 2 | E116: 395 | F116: =D116*E116 -> 790
A118: VIII. A. 03. | B118: ODMOR OSOBLJA
A120: VIII.A.03.01. | B120: Blagovaonski stol
B121: dim. 120x80x72 cm
B122: tip: spec. po izboru projektanta (u troškovniku namještaja)
A124: VIII.A.03.02. | B124: Blagovaonski stolac
