Workbook

Sheet 1. naslov
A5: Osnovna škola Klinča Sela
A7: Rekonstrukcija školskog sportskog igrališta PŠ repišće
A14: Troškovnik građevinskih i obrtničkih radova uređenja igrališta i okoliša

Sheet 2. rekapitulacija
B3: Rekapitulacija - troškovnik rekonstrukcija igrališta u PŠ Repišće
A6: II. REKAPITULACIJA TROŠKOVA - RAZRADA
A9: I: | B9: PRIPREMNI RADOVI | G9: bez PDV-a
B11: UKUPNO PRIPREMNI RADOVI | G11: ='3. troškovnik'!G138 -> 2200
A13: II: | B13: RUŠENJE I DEMONTAŽA | G13: bez PDV-a
B15: UKUPNO RUŠENJE I DEMONTAŽA | G15: ='3. troškovnik'!G142 -> 12252
A17: III. | B17: ZEMLJANI RADOVI | G17: bez PDV-a
B19: UKUPNO ZEMLJANI RADOVI | G19: ='3. troškovnik'!G146 -> 14231.5
A21: IV: | B21: BETONSKI I ARMIRANOBETONSKI RADOVI | G21: bez PDV-a
G23: ='3. troškovnik'!G150 -> 45430
A25: V. | B25: KONSTRUKCIJA IGRALIŠTA | G25: bez PDV-a
B27: UKUPNO KONSTRUKCIJA IGRALIŠTA | G27: ='3. troškovnik'!G154 -> 38794
A29: VI. | B29: ZAŠTITNA OGRADA IGRALIŠTA | G29: bez PDV-a
B31: ZAŠTITNA OGRADA IGRALIŠTA | G31: ='3. troškovnik'!G158 -> 20320
A33: VII. | B33: DOBAVA I UGRADNJA OPREME
B35: DOBAVA I UGRADNJA OPREME | G35: ='3. troškovnik'!G162 -> 14120
A37: VIII. | B37: ODVODNJA | G37: bez PDV-a
B39: ODVODNJA | G39: ='3. troškovnik'!G166 -> 1612
A41: IX. | B41: ELEKTROINSTALACIJE I VANJSKA RASVJETA | G41: bez PDV-a
B43: ELEKTROINSTALACIJE I VANJSKA RASVJETA | G43: ='3. troškovnik'!G170 -> 15525
A45: X. | B45: HORTIKULTURNO UREĐENJE
B47: HORTIKULTURNO UREĐENJE | G47: ='3. troškovnik'!G174 -> 2400
A49: II. REKAPITULACIJA TROŠKOVA - SVEUKUPNO
B52: SVEUKUPNO BEZ PDV-a | G52: ='3. troškovnik'!G179 -> 166884.5
B53: PDV 25% | F53: 0.25 | G53: =G52*F53 -> 41721.125
B54: SVEUKUPNO S PDV-om | G54: =G52+G53 -> 208605.62

Sheet 3. troškovnik
A1: 0
A3: 1 | B3: REKONSTRUKCIJA ŠKOLSKOG SPORTSKOG IGRALIŠTA PŠ REPIŠĆE
B6: GRAĐEVINSKO OBRTNIČKI RADOVI UREĐENJA IGRALIŠTA I OKOLIŠA | C6: jed.mj. | D6: kol. | E6: jed. cijena
A8: 1.A | B8: PRIPREMNI RADOVI
A10: 1.A.01./a | B10: Elaborat iskolčenja i geodetska mjerenja | C10: kom | D10: 1 | E10: 1200 | G10: =D10*E10 -> 1200
A11: 1.B.01./a | B11: Projekt elektroinstalacije | C11: kom | D11: 1 | E11: 1000 | G11: =D11*E11 -> 1000
B12: UKUPNO PRIPREMNI RADOVI | G12: =SUM(E10:E11) -> 2200
A14: 2.B | B14: RUŠENJE I DEMONTAŽA
A16: 1.B.01 | B16: Iskapčanje postojeće elektroinstalacije za rad na rasvjetnim stupovima igrališta | C16: kom | D16: 1 | E16: 200 | G16: =D16*E16 -> 200
A17: 1.B.02 | B17: Strojno rušenje armirano betonskih potpornih zidova zajedno sa stopama i zidova ograde | C17: m3 | D17: 28 | E17: 120 | G17: =D17*E17 -> 3360
A18: 1.B.03 | B18: Strojno uklanjanje asfaltne površine igrališta do zrnate podloge. Debljina asfalta je cca 12 cm. Uklonjeni asfalt se usitnjava, utovaruje u kamion i odvozi na zbrinjavanje, prema Pravilniku o vrstama otpada. | C18: m2 | D18: 880 | E18: 6 | G18: =D18*E18 -> 5280
A19: 1.B.03 | B19: Pregled nasipa kamenog i šljunčanog materijala ispod asfaltne površine igrališta. Strojno uklanjanje nestabilnog dijela nasipa debljine cca 20 cm. Odlaganje na gradilišnu deponiju | C19: m2 | D19: 176 | E19: 2 | G19: =D19*E19 -> 352
A20: 1.B.03 | B20: Utovar i odvoz građevinske šute i naknada za zbrinjavanje građevinskog otpada | C20: m3 | D20: 204 | E20: 15 | G20: =D20*E20 -> 3060
B21: UKUPNO RUŠENJE I DEMONTAŽA | G21: =SUM(G16:G20) -> 12252
A23: 3.C | B23: ZEMLJANI RADOVI
A25: 3.C.01 | B25: Kontrola temeljnog tla i dodatni nadzor ovlaštenih geomehaničara prilikom iskopa. Predviđa se 5 obilazaka | C25: kom | D25: 5 | E25: 150 | G25: =D25*E25 -> 750
A26: 3.C.02 | B26: Strojni iskop humusa sa šljunčanim materijalom, debljine 30 cm. | C26: m3 | D26: 30 | E26: 10 | G26: =D26*E26 -> 300
A27: 3.C.03 | B27: Strojni široki iskop za potporne zidove u materijalu C kategorije prema GN 200 iskop u kategoriji 3 /II do 4/III | C27: m3 | D27: 160 | E27: 10 | G27: =D27*E27 -> 1600
A28: 3.C.04 | B28: Razni iskopi za temelje i kanale u materijalu C kategorije prema GN 200 iskop u kategoriji 3/II do 4/III s pravilnom obradom profila iskopa. Dubina iskopa do 1 m. | C28: m3 | D28: 48 | E28: 10 | G28: =D28*E28 -> 480
A29: 3.C.05 | B29: Izrada pokosa na dijelu uz cestu i prema školi. Rad uključuje formiranje pravilnog pokosa 3/1 od postojeće zemlje | C29: m3 | D29: 60 | E29: 10 | G29: =D29*E29 -> 600
A30: 3.C.06 | B30: Dobava i razastiranja sloja tampon šljunka, debljine 10 cm ispod temeljnih traka, stopa i stepenica | C30: m3 | D30: 18 | E30: 40 | G30: =D30*E30 -> 720
A31: 3.C.07 | B31: Nasipavanje uz potporne i rubne arm. bet. zidove sa zemljom dobivenom iz iskopa do visine prema projektu | C31: m3 | D31: 30 | E31: 10 | G31: =D31*E31 -> 300
A32: 3.C.08 | B32: Uređenje temeljnog nasipa na igralištu nakon iskopa planiranjem te dobavom i ugradnjom geotekstila | C32: m2 | D32: 881 | E32: 1.5 | G32: =D32*E32 -> 1321.5
A33: 3.C.09 | B33: Izrada nasipa od mehanički sabijenog zrnastog kamenog materijala, debljina sloja do 20 cm. | C33: m3 | D33: 180 | E33: 28 | G33: =D33*E33 -> 5040
A34: 3.C.10 | B34: Izrada plitke drenaže od perforiranih dvoslojnih drenažnih PVC cijevi profila DN 160 mm, iskop rova, dobava cijevi | C34: m1 | D34: 44 | E34: 30 | G34: =D34*E34 -> 1320
A35: 3.C.11 | B35: Utovar odvoz i zbrinjavanje viška zemlje na trajnu deponiju udaljenosti do 25 km | C35: m3 | D35: 180 | E35: 10 | G35: =D35*E35 -> 1800
B36: UKUPNO ZEMLJANI RADOVI | G36: =SUM(G25:G35) -> 14231.5
B38: BETONSKI I ARMIRANOBETONSKI RADOVI
A39: 4D.01 | B39: Dobava mrežaste armature Q 166 i betona, ugradba i zaštita. | C39: kg | D39: 520 | E39: 1.5 | G39: =D39*E39 -> 780
A40: 4.D.02 | B40: Izvedba betonske podloge za nadstrešnice, u zemlji. Mali presjek, beton tlačne čvrstoće C 25/30 (MB-30). Debljina podloge 20 cm. | C40: m3 | D40: 5.2 | E40: 200 | G40: =D40*E40 -> 1040
A41: 4D.03 | B41: Izrada podložnog betona ispod trakastih temelja, stopa i vanjskih AB površina, prije polaganja | C41: m3 | D41: 15 | E41: 100 | G41: =D41*E41 -> 1500
A42: 4D.04 | B42: Izrada arm. bet. trakastih temelja i razdjelnih zidova u zemlji. Dobava betona, ugradba i zaštita. - beton | C42: m3 | D42: 42 | E42: 130 | G42: =D42*E42 -> 5460
B43: oplata | C43: m2 | D43: 220 | E43: 25 | G43: =D43*E43 -> 5500
A44: 4D.05 | B44: Izrada arm. bet. Potpornih zidova u zemlji, i djelomično u oplati - beton | C44: m3 | D44: 40 | E44: 130 | G44: =D44*E44 -> 5200
B45: oplata | C45: m2 | D45: 210 | E45: 25 | G45: =D45*E45 -> 5250
A46: 4D.06 | B46: Izrada arm. bet. vanjskih ravnih stepenica, dobava betona, ugradba i zaštita. - beton | C46: m3 | D46: 7.2 | E46: 150 | G46: =D46*E46 -> 1080
B47: oplata | C47: m2 | D47: 32 | E47: 40 | G47: =D47*E47 -> 1280
A48: 4D.07 | B48: Izrada zamjenskog betonskog materijala u slučaju promjene temeljnog tla. Dobava betona i ugradba. | C48: m3 | D48: 10 | E48: 100 | G48: =D48*E48 -> 1000
B49: Armatura | C49: kg | D49: 1100 | E49: 1.5 | G49: =D49*E49 -> 1650
A50: 4D.08 | B50: Izrada armirano betonskih zidova, dna i ploče šahta za drenažnu pumpu. Dobava betona, ugradba i zaštita. | C50: m3 | D50: 4 | E50: 120 | G50: =D50*E50 -> 480
B51: Oplata | C51: m2 | D51: 18 | E51: 25 | G51: =D51*E51 -> 450
B52: Armatura | C52: kg | D52: 400 | E52: 1.5 | G52: =D52*E52 -> 600
B53: Poklopac | C53: kom | D53: 1 | E53: 200 | G53: =D53*E53 -> 200
A54: 4D.09 | B54: Izrada projekta arm.bet. konstrukcije - armaturnih nacrta prema statičkom proračunu | C54: kom | D54: 1 | E54: 1000 | G54: =D54*E54 -> 1000
A55: 4D.10 | B55: Izvedba i ugradnja armature za armirano betonske konstrukcije - RA B 500 B | C55: kg | D55: 5400 | E55: 1.2 | G55: =D55*E55 -> 6480
B56: MAG B 500 B | C56: kg | D56: 5400 | E56: 1.2 | G56: =D56*E56 -> 6480
B58: UKUPNO BETONSKI I ARMIRANOBETONSKI RADOVI | G58: =SUM(G39:G57) -> 45430
B61: KONSTRUKCIJA IGRALIŠTA
A62: 5E.01 | B62: Izrada nosivog sloja površina sportskog igrališta od mehanički sabijenog zrnatog materijala. Debljina nosivog sloja iznosi 20 cm. | C62: m3 | D62: 178 | E62: 2 | G62: =D62*E62 -> 356
A63: 5E.02 | B63: Izrada nosivog sloja sportskog igrališta od bitumeniziranog kamenog materijala BNS-22 debljine 5 cm. | C63: m2 | D63: 881 | E63: 14 | G63: =D63*E63 -> 12334
A64: 5E.03 | B64: Izrada habajućeg sloja sportskog igrališta od asfaltbetona AB - 11, debljine 4 cm. | C64: m2 | D64: 881 | E64: 24 | G64: =D64*E64 -> 21144
A65: 5E.04 | B65: Dobava i ugradnja tipskih betonskih rubnjaka dimenzije 10/22 cm za rub igrališta. | C65: m1 | D65: 10 | E65: 20 | G65: =D65*E65 -> 200
A66: 5E.05 | B66: Dobava i ugradnja tipskih betonskih rigola dimenzije 40/50/12 cm za rub igrališta. Polažu se na pripremljenu betonsku podlogu C 10/15. - rigoli | C66: m1 | D66: 23 | E66: 20 | G66: =D66*E66 -> 460
B67: Spoj na cestovnu kanalizaciju | C67: m1 | D67: 5 | E67: 100 | G67: =D67*E67 -> 500
A68: 5E.06 | B68: Dobava i polaganje betonskog nearmiranog opločnika d = 8 cm. Opločnici su u formi kvadrata u dvije različite veličine i boje. Polažu se na sloj kamenog agregata granulacije 2-4 mm debljine 3-5 cm. | C68: m2 | D68: 60 | E68: 50 | G68: =D68*E68 -> 3000
B69: Uzdužne oznake na sportskom igralištu. To su pune crte široke 8 cm, bijele boje | C69: m1 | D69: 80 | E69: 10 | G69: =D69*E69 -> 800
B71: UKUPNO KONSTRUKCIJA IGRALIŠTA | G71: =SUM(G62:G69) -> 38794
B74: ZAŠTITNA OGRADA IGRALIŠTA
A76: 6F.01 | B76: Izrada i ugradba ograde vanjskih stepenica. Izrađena je od dva uzdužna čelična profila Ø 50 mm na visini 60 i 90 cm. Vertikalni nosači 30/30 mm na svakih 2 m. Visina ograde je 90 + 10 cm. Pričvrščenje sa vanjske strane armirano bet. zida stepenica. Završna obrada plastificiranje. | C76: m1 | D76: 24 | E76: 220 | G76: =D76*E76 -> 5280
A77: 6F.02 | B77: Izrada zaštitne ograde igrališta. Visina ograde 1,2 m. Izrađena je od metalne mreže, rastegnuta između čeličnih stupova Ø 5 cm na razmaku od 3 m. Stupovi se ugrađuju u arm.bet. Temeljne stope 40/40 cm dubine 60 cm. | C77: m1 | D77: 38 | E77: 80 | G77: =D77*E77 -> 3040
B78: Dvokrilna vrata s bravom i ključem dimenzija 180/120 | C78: kom | D78: 1 | E78: 1000 | G78: =D78*E78 -> 1000
B79: Jednokrilna kolna posmična vrata s bravom i ključem dim 320 / 160cm | C79: kom | D79: 1 | E79: 1500 | G79: =D79*E79 -> 1500
A80: 6F.03 | B80: Izrada ograde igrališta. Visina ograde 1,6 i 3,6 m. Izrađena je od metalne mreže, rastegnuta između čeličnih stupova Ø 6 cm na razmaku od 3 m. Sve u kompletu, dobava i montaža | G80: =D80*E80 -> 0
B81: Ograda visine 1,6 m | C81: m1 | D81: 60 | E81: 80 | G81: =D81*E81 -> 4800
B82: Ograda visine 3,6 m | C82: m1 | D82: 20 | E82: 160 | G82: =D82*E82 -> 3200
B83: Jednokrilna kolna posmična vrata s bravom i ključem dim 320 / 160cm | C83: kom | D83: 1 | E83: 1500 | G83: =D83*E83 -> 1500
B85: UKUPNO ZAŠTITNA OGRADA IGRALIŠTA | G85: =SUM(G76:G83) -> 20320
B88: DOBAVA I UGRADNJA OPREME
A90: 7G.01 | B90: Nabava, prijevoz i montaža zaštićene nadstrešnice za rezervne igrače, model standardni, cca 500 cm, PVC sjedalice za 9 igrača. Montira se na AB podlogu koja nije u stavci. | C90: kom | D90: 2 | E90: 3000 | G90: =D90*E90 -> 6000
A91: 7G.02 | B91: Nabava, prijevoz i montaža zaštićene nadstrešnice za delegate, model standardni, cca 300 cm, PVC sjedalice za 4 osobe. Montira se na AB podlogu koja nije u stavci. | C91: kom | D91: 1 | E91: 2000 | G91: =D91*E91 -> 2000
A92: 7G.03 | B92: Dobava i ugradba na tribinu sjedalica za gledatelje. Sjedalica je od polipropilena ili poliamida, veličine min 40/35 cm, bez naslona. Montira se na armirano betonsku podlogu tribina. | C92: kom | D92: 156 | E92: 20 | G92: =D92*E92 -> 3120
A93: 7G.04 | B93: Dobava i montaža rukometnog gola - natjecateljski. Rukometni gol sa sklopivom vruče cičanom konstrukcijom s glavnom mrežom, zavjesom i podnim pričvršćenjem. | C93: kom | D93: 2 | E93: 1500 | G93: =D93*E93 -> 3000
B95: UKUPNO DOBAVA I GRADNJA OPREME | G95: =SUM(G90:G93) -> 14120
B98: ODVODNJA
A99: 8H.01 | B99: Dobava i ugradba linijske rešetke na kanalu iz polimer betona s integriranim brtvama. Presjek kanala 300 cm2. Rešetka od nehrđajućeg čelika. Element se polaže na sloj AB podloge i sloj šljunka u već iskopane rovove. | G99: =D99*E99 -> 0
B100: Rešetka | C100: m1 | D100: 50 | E100: 10 | G100: =D100*E100 -> 500
B101: Spojni element s bočnim izvodom | C101: kom | D101: 6 | E101: 2 | G101: =D101*E101 -> 12
B102: Podložni beton 10 cm | C102: m1 | D102: 50 | E102: 2 | G102: =D102*E102 -> 100
B103: Sloj šljunka 10 cm | C103: m1 | D103: 50 | E103: 2 | G103: =D103*E103 -> 100
A104: 8H.02 | B104: Dobava i ugradba PE cijevi s odgovarajućim spojnim i fazonskim komadima za izvedbu vanjakog cijevovoda za oborinsku vodu. U stavku ulaze svi potrebni komadi za međusobno spajanje, potrebne brtve i vijci, spojnice za elektrofuzijsko zavarivanje, slobodne prirubnice i ostali pribor. | G104: =D104*E104 -> 0
B105: PE 160 m1 | C105: m1 | D105: 36 | E105: 25 | G105: =D105*E105 -> 900
B107: UKUPNO ODVODNJA | G107: =SUM(G99:G105) -> 1612
B109: ELEKTRO INSTALACIJE I VANJSKA RASVJETA
A110: 9I.01 | B110: Dobava, montaža i spajanje čeličnog višekutnog stupa visine H = 10m, nosivosti do 70kg, stup mora imati antikorozivnu zaštitu izvana i iznutra, mora biti opremljen vratima, letvicom za ovjes stupne razdjelnice, naglavak stupa fi 60 mm | C110: kom | D110: 2 | E110: 1500 | G110: =D110*E110 -> 3000
A111: 9I.02 | B111: Dobava, montaža i niveliranje čelične vruće pocinčane stupne konzole za montažu četiri reflektora. Konzola je predviđena za montažu na metalni stup | C111: kom | D111: 2 | E111: 500 | G111: =D111*E111 -> 1000
A112: 9I.03 | B112: Dobava montaža i spajanje na stup visine 10 m LED reflektora, sljedećih karakteristika: | G112: =D112*E112 -> 0
B113: aluminijsko kućište, pokrov optike od stakla ili polikarbonata, snaga reflektora maksimalno 164 W, svjetlosni tok reflektora minimalno 17000 lm, simetrične optike, indeks uzvrata boje minimalno 80 , korelirana temperatura nijanse bijelog svjetla 3000K, zaštite IP66, IK08, električna klasa I, temperaturno područje rada od -40˚C do +50 ˚C | C113: kom | D113: 8 | E113: 450 | G113: =D113*E113 -> 3600
A114: 9I.04 | B114: Nabava, dobava,montaža i spajanje razdjelnika u rasvjetni stup za prihvat dva kabela presjeka 5 x 4 mm². U stavku uključiti jedan tropolni osigurača karakteristike C6, 10kA, 230V, 50 Hz. U stavku uključiti montažni i spojni pribor za montažu osigurača, kabela i montažu razdjelnika u stup. | C114: kom | D114: 2 | E114: 200 | G114: =D114*E114 -> 400
A115: 9I.05 | B115: Nabava, dobava i montaža i spajanje kabela tipa NYY-J 3x1,5 mm² u svaki stup rasvjete po reflektoru. Prosječno treba postaviti 12 m po reflektoru. | C115: kom | D115: 2 | E115: 300 | G115: =D115*E115 -> 600
A116: 9I.06 | B116: Dobava i polaganje u iskopani rov kabela NYY-J 5x10 mm2 | C116: m | D116: 75 | E116: 25 | G116: =D116*E116 -> 1875
A117: 9I.07 | B117: Dobava i polaganje PEHD cijevi f 50 mm | C117: m | D117: 50 | E117: 20 | G117: =D117*E117 -> 1000
A118: 9I.08 | B118: Dobava materijala i izvedba temelja od betona kvalitete MB 20, dim. 90x90x100 cm te ugraditi cijevi za kabele i temeljne vijke | C118: kom | D118: 2 | E118: 600 | G118: =D118*E118 -> 1200
A119: 9I.09 | B119: Demontaža postojećih rasvjetnih stupova i temelja | C119: kom | D119: 2 | E119: 400 | G119: =D119*E119 -> 800
A120: 9I.10 | B120: Dobava i polaganje u iskopani rov čelične pocinčane trake Fe/Zn 40x4 mm | C120: m1 | D120: 50 | E120: 20 | G120: =D120*E120 -> 1000
A121: 9I.11 | B121: Dobava i polaganje u rov plastične upozoravajuće trake | C121: m1 | D121: 50 | E121: 5 | G121: =D121*E121 -> 250
A122: 9I.12 | B122: Ispitivanje instalacije, mjerenje nivoa osvjetljenosti i puštanje u rad | C122: kom | D122: 1 | E122: 800 | G122: =D122*E122 -> 800
B124: UKUPNO ELEKRO INSTALACIJE I VANJSKA RASVJETA | G124: =SUM(G110:G122) -> 15525
B126: HORTIKULTURNO UREĐENJE
A127: 10J.01 | B127: Uređenje zelenih površina humusiranjem i zatravljivanje. Humusiranje se radi usloju od 30 cm, nakon humusiranja obavlja se zatravljivanje. Humusiranje se obavlja razastiranjem humusa iz iskopa. Prije ugradnje obavlja se kemijska analiza tla u ovlaštenom laboratoriju. Tlo mora sadržavati 2 - 3% organske tvari, dobre opskrbljenosti s fiziološki aktivnim fosforom i kalijem, pH 6-7. Izrada travnjaka. Plitko prekopavanje navežene plodne zemlje, ugradnja organskih hranila. Travna smjesa standardna. | C127: m2 | D127: 300 | E127: 8 | G127: =D127*E127 -> 2400
B129: UKUPNO HORTIKULTURNO UREĐENJE | G129: =SUM(G127:G128) -> 2400
...
