Workbook

Sheet NASLOVNICA
A2: PLANINARSKI DOM ŽITNICA, OKOLNI OBJEKTI I OBJEKTI NA VRHU JAPETIĆA
A4: TROŠKOVNIK GRĐEVINSKO-OBRTNIČKIH I INSTALATERSKIH RADOVA

Sheet REKAPITULACIJA
B2: PLANINARSKI DOM ŽITNICA, OKOLNI OBJEKTI I OBJEKTI NA VRHU JAPETIĆA
B4: REKAPITULACIJA
A6: 1. | B6: ARHITEKTURA
A8: 1.A. | B8: PLANINARSKI DOM ŽITNICA
A9: A. | B9: GRAĐEVINSKI RADOVI
A10: A.1. | B10: PRIPREMNI RADOVI | C10: =SUM('1. ARHITEKTURA'!F35) -> 5850
A11: A.2. | B11: UKLANJANJE | C11: =SUM('1. ARHITEKTURA'!F50) -> 26000
A12: A.3. | B12: ZEMLJANI RADOVI | C12: =SUM('1. ARHITEKTURA'!F94) -> 41487
A13: A.4. | B13: BETONSKI I ARMIRANO-BETONSKI RADOVI | C13: =SUM('1. ARHITEKTURA'!F276) -> 325057.4
A14: A.5. | B14: ZIDARSKI RADOVI | C14: =SUM('1. ARHITEKTURA'!F346) -> 44484
A15: A.6. | B15: TESARSKI RADOVI | C15: =SUM('1. ARHITEKTURA'!F411) -> 148775
A16: B. | B16: OBRTNIČKI RADOVI
A17: B.1. | B17: IZOLATERSKI RADOVI | C17: =SUM('1. ARHITEKTURA'!F456) -> 61510.7
A18: B.2. | B18: LIMARSKI RADOVI | C18: =SUM('1. ARHITEKTURA'!F514) -> 40305.5
A19: B.3. | B19: FASADERSKI RADOVI | C19: =SUM('1. ARHITEKTURA'!F532) -> 23735
A20: B.4. | B20: ALUMINIJSKA I BRAVARSKA STOLARIJA | C20: =SUM('1. ARHITEKTURA'!F724) -> 128162.12
A21: B.5. | B21: STOLARSKI RADOVI | C21: =SUM('1. ARHITEKTURA'!F755) -> 34750
A22: B.6. | B22: PROTUPOŽARNA STOLARIJA | C22: =SUM('1. ARHITEKTURA'!F766) -> 4450
A23: B.7. | B23: UNUTARNJA STOLARIJA | C23: =SUM('1. ARHITEKTURA'!F838) -> 65719
A24: B.8. | B24: PROTUPOŽARNA UNUTARNJA STOLARIJA | C24: =SUM('1. ARHITEKTURA'!F864) -> 9563
A25: B.9. | B25: BRAVARSKI RADOVI | C25: =SUM('1. ARHITEKTURA'!F924) -> 50159
A26: B.10. | B26: PROTUPOŽARNA INSTALACIJSKA VRATA | C26: =SUM('1. ARHITEKTURA'!F932) -> 2380
A27: B.11. | B27: PODOPOLAGAČKI RADOVI | C27: =SUM('1. ARHITEKTURA'!F953) -> 35959.5
A28: B.12. | B28: KERAMIČARSKI RADOVI | C28: =SUM('1. ARHITEKTURA'!F987) -> 50415
A29: B.13. | B29: KAMENARSKI RADOVI | C29: =SUM('1. ARHITEKTURA'!F1006) -> 14500
A30: B.14. | B30: GIPSARSKI RADOVI | C30: =SUM('1. ARHITEKTURA'!F1065) -> 15385
A31: B.15. | B31: POŽARNE GIPSANE OBLOGE | C31: =SUM('1. ARHITEKTURA'!F1113) -> 30289
A32: B.16. | B32: SOBOSLIKARSKI I LIČILAČKI RADOVI | C32: =SUM('1. ARHITEKTURA'!F1138) -> 21827.5
A33: B.17. | B33: RAZNE UGRADNJE | C33: =SUM('1. ARHITEKTURA'!F1162) -> 4500
A34: B.18. | B34: PROTUPOŽARNA BRTVLJENJA | C34: =SUM('1. ARHITEKTURA'!F1208) -> 32610
A35: B.19. | B35: KUHINJSKA OPREMA | C35: =SUM('1. ARHITEKTURA'!F1369) -> 113787
A36: 1.A. | B36: PLANINARSKI DOM ŽITNICA UKUPNO | C36: =SUM(C10:C35) -> 1331660.7
A38: 1.B. | B38: OSTALI OBJEKTI / VIDIKOVAC, STIJENA ZA BOULDER, VODOSPREMA
A39: A.B. | B39: GRAĐEVINSKI RADOVI
A40: A.B.2. | B40: ZEMLJANI RADOVI | C40: =SUM('1. ARHITEKTURA'!F1453) -> 21035.2
A41: A.B.3. | B41: BETONSKI I ARMIRANO BETONSKI RADOVI | C41: =SUM('1. ARHITEKTURA'!F1548) -> 87242
A42: A.B.4. | B42: ZIDARSKI RADOVI | C42: =SUM('1. ARHITEKTURA'!F1579) -> 5324
A43: A.B.5. | B43: TESARSKI RADOVI | C43: =SUM('1. ARHITEKTURA'!F1632) -> 61260
A44: B.B. | B44: OBRTNIČKI RADOVI
A45: B.B.1. | B45: IZOLATERSKI RADOVI | C45: =SUM('1. ARHITEKTURA'!F1664) -> 19101.4
A46: B.B.2. | B46: LIMARSKI RADOVI | C46: =SUM('1. ARHITEKTURA'!F1693) -> 7774.7
A47: B.B.3. | B47: FASADERSKI RADOVI | C47: =SUM('1. ARHITEKTURA'!F1705) -> 3899
A48: B.B.4. | B48: BRAVARSKI RADOVI | C48: =SUM('1. ARHITEKTURA'!F1733) -> 95810
A49: B.B.5. | B49: KAMENARSKI RADOVI | C49: =SUM('1. ARHITEKTURA'!F1749) -> 18561
A50: B.B.6. | B50: RAZNE UGRADNJE | C50: =SUM('1. ARHITEKTURA'!F1768) -> 45600
A51: 1.B. | B51: OSTALI OBJEKTI / VIDIKOVAC, STIJENA ZA BOULDER, VODOSPREMA UKUPNO | C51: =SUM(C40:C50) -> 365607.3
A53: 1.C. | B53: VRH / PIRAMIDA I AMFITEATAR
A54: A.C. | B54: GRAĐEVINSKI RADOVI
A55: A.C.1. | B55: PRIPREMNI RADOVI | C55: =SUM('1. ARHITEKTURA'!F1801) -> 2840
A56: A.C.2. | B56: ZEMLJANI RADOVI | C56: =SUM('1. ARHITEKTURA'!F1829) -> 14137.5
A57: A.C.3. | B57: BETONSKI I ARMIRANO BETONSKI RADOVI | C57: =SUM('1. ARHITEKTURA'!F1858) -> 12320
A58: B.C. | B58: OBRTNIČKI RADOVI
A59: B.C.1. | B59: BRAVARSKI RADOVI | C59: =SUM('1. ARHITEKTURA'!F1874) -> 10000
A60: 1.C. | B60: VRH / PIRAMIDA I AMFITEATAR UKUPNO | C60: =SUM(C55:C59) -> 39297.5
A62: 1. | B62: ARHITEKTURA UKUPNO | C62: =SUM(C60,C51,C36) -> 1736565.5
A65: 2. | B65: ELEKTRO
A67: 2.A. | B67: KROVNA FOTONAPONSKA ELEKTRANA
A68: 2.A.1. | B68: FOTONAPONSKA ELEKTRANA | C68: =SUM('2. ELEKTRO'!F121) -> 6699.39
A69: 2.A.2. | B69: MJERENJE, ISPITIVANJE, PODEŠAVANJE I PUŠTANJE U POGON | C69: =SUM('2. ELEKTRO'!F138) -> 8742
A70: 2.A.3. | B70: PROJEKT IZVEDENOG STANJA | C70: =SUM('2. ELEKTRO'!F145) -> 330
A72: 2.a | B72: KROVNA FOTONAPONSKA ELEKTRANA UKUPNO | C72: =SUM(C68:C71) -> 15771.39
A74: 2.B. | B74: ELEKTROINSTALACIJE
A75: 2.B.1. | B75: KABELSKA KANALIZACIJA JAKE I SLABE STRUJE | C75: =SUM('2. ELEKTRO'!F591) -> 95770.95
A76: 2.B.2. | B76: IZJEDNAČENJE POTENCIJALA | C76: =SUM('2. ELEKTRO'!F624) -> 5433.55
A77: 2.B.3. | B77: INSTALACIJA PRIKLJUČNICA I EMP-A | C77: =SUM('2. ELEKTRO'!F660) -> 5906.21
A78: 2.B.4. | B78: INSTALACIJA ELEKTRIČNE RASVJETE | C78: =SUM('2. ELEKTRO'!F786) -> 40868.12
A79: 2.B.5. | B79: INSTALACIJA ZA ZAŠTITU OD UDARA MUNJE I UZEMLJENJE | C79: =SUM('2. ELEKTRO'!F836) -> 6862
A80: 2.B.6. | B80: INSTALACIJA ODIMLJAVANJA | C80: =SUM('2. ELEKTRO'!F865) -> 9510.6
A81: 2.B.7. | B81: ISPITIVANJE I IZDAVANJE ATESTA | C81: =SUM('2. ELEKTRO'!F881) -> 2700
A82: 2.B.8. | B82: OSTALI RADOVI | C82: =SUM('2. ELEKTRO'!F887) -> 500
A83: 2.B.9. | B83: INSTALACIJA TELEFONA I RAČUNALNE MREŽE | C83: =SUM('2. ELEKTRO'!F954) -> 18033
A84: 2.B.10. | B84: ANTENSKA INSTALACIJA | C84: =SUM('2. ELEKTRO'!F1008) -> 4145
B86: ELEKTROINSTALACIJE UKUPNO | C86: =SUM(C75:C85) -> 189729.43
A88: 2.C. | B88: VATRODOJAVA
A89: 2.C.1.. | B89: SUSTAV ZA DOJAVU POŽARA | C89: =SUM('2. ELEKTRO'!F1088) -> 15052.25
B91: VATRODOJAVA UKUPNO | C91: =SUM(C89:C90) -> 15052.25
A93: 2. | B93: ELEKTRO (ELEKTROINSTALACIJE + VATRODOJAVA) | C93: =SUM(C91,C86) -> 204781.68
A96: 3. | B96: STROJARSKE INSTALACIJE
A98: 3.1. | B98: DIZALICA TOPLINE | C98: =SUM('3. STROJARSKI'!F51) -> 48870
A99: 3.2. | B99: STROJARNICA | C99: =SUM('3. STROJARSKI'!F122) -> 17915
A100: 3.3. | B100: ELEKTRIČNI RADIJATORI | C100: =SUM('3. STROJARSKI'!F128) -> 5600
A101: 3.4. | B101: PODNO GRIJANJE | C101: =SUM('3. STROJARSKI'!F186) -> 8672
A102: 3.5. | B102: VENTILOKONVEKTORI | C102: =SUM('3. STROJARSKI'!F257) -> 40400
A103: 3.6. | B103: VENTILACIJA SANITARIJA I REKUPERACIJA | C103: =SUM('3. STROJARSKI'!F301) -> 15130
A104: 3.7. | B104: VENTILACIJA | C104: =SUM('3. STROJARSKI'!F377) -> 38315
A105: 3.8. | B105: VENTILACIJA KUHINJE | C105: =SUM('3. STROJARSKI'!F436) -> 21290
A106: 3.9. | B106: SPLIT SUSTAV | C106: =SUM('3. STROJARSKI'!F469) -> 2470
A107: 3.10. | B107: PROTUPOŽARNE ZAKLOPKE I BRTVLJENJA | C107: =SUM('3. STROJARSKI'!F496) -> 9167
A108: 3.11. | B108: AUTOMATIKA | C108: =SUM('3. STROJARSKI'!F529) -> 15950
A109: 3.12. | B109: OSTALO | C109: =SUM('3. STROJARSKI'!F549) -> 1800
A111: 3. | B111: STROJARSKE INSTALACIJE UKUPNO | C111: =SUM(C98:C110) -> 225579
A114: 4. | B114: VODOVOD I KANALIZACIJA
A116: 4.A. | B116: VANJSKI VODOVOD I KANALIZACIJA
A117: 4.A.1. | B117: ZEMLJANI RADOVI - VODOVOD | C117: =SUM('4. VODOVOD I KANALIZACIJA'!F30) -> 12026
A118: 4.A.2. | B118: ZEMLJANI RADOVI - KANALIZACIJA | C118: =SUM('4. VODOVOD I KANALIZACIJA'!F54) -> 6775
A119: 4.A.3. | B119: BETONSKI RADOVI - VODOVOD | C119: =SUM('4. VODOVOD I KANALIZACIJA'!F71) -> 4400
A120: 4.A.4. | B120: BETONSKI RADOVI - KANALIZACIJA | C120: =SUM('4. VODOVOD I KANALIZACIJA'!F82) -> 10100
A121: 4.A.5. | B121: VODOVODNI RADOVI | C121: =SUM('4. VODOVOD I KANALIZACIJA'!F112) -> 12550
A122: 4.A.6. | B122: KANALIZACIJSKI RADOVI - MONTAŽNI | C122: =SUM('4. VODOVOD I KANALIZACIJA'!F138) -> 20845
A123: 4.A.7. | B123: OSTALI TROŠKOVI | C123: =SUM('4. VODOVOD I KANALIZACIJA'!F144) -> 500
...

Sheet OPĆI UVJETI
B1: PLANINARSKI DOM ŽITNICA, OKOLNI OBJEKTI I OBJEKTI NA VRHU JAPETIĆA
B3: OPĆI UVJETI
B5: Ovaj projekt se člankom 14. stavak 2. podstavak 6. Zakona o autorskom pravu i srodnim pravima (NN 111/21) smatra autorskim djelom.
B6: Prilikom razrade onih dijelova projekta koji nisu definirani izvedbenom dokumentacijom pridržavati se svega iz glavnog i izvedbenog projekta. U slučaju neophodnih promjena, prilikom razrade glavnog/izvedbenog projekta, tražiti suglasnost u pisanom obliku koje izrađivaču glavnog i izvedbenog projekta daje Autor projekta, sukladno 115. st. 4 . Zakonu o autorskom pravu i srodnim pravima.
B7: Izrađivač razrade izvedbenog projekta (izvedbeni nacrti, detalji, radionički nacrti) je dužan poštovati moralna autorska prava autora projekta i ponašati se u skladu s propisima koji uređuju autorska prava.
B9: Izvođač je dužan izraditi kompozitne nacrte instalacija (tlocrt stropova), te predočiti ih glavnom projektantu na ovjeru.
B10: Detalji, planovi i nacrti koji nisu definirani izvedbenim projektom, a potrebni su za funkcioniranje gradilišta, izvođač izrađuje i predočava ih glavnom projektantu na ovjeru.
B12: Nacrti, tehnički opis i ovaj troškovnik čine cijelinu projekta.
B13: Izvođač je dužan proučiti sve gore navedene dijelove projekta, te u slučaju nejasnoća tražiti objašnjenje od projektanta, odnosno iznijeti svoje primjedbe.
B14: Nepoznavanje crtanog dijela projekta i tehničkog opisa neće se prihvatiti kao razlog za povišenje jediničnih cijena ili greške u izvedbi.
B15: Izvođač je dužan pridržavati se svih važećih zakona i propisa.
B16: Izvođač je prilikom uvođenja u posao dužan, u okviru ugovorene cijene, preuzeti parcelu, te obavjestiti nadležne službe o otvaranju gradilišta.
... B35: Svi proizvodi koji su u Troškovniku opisani uz navođenje trgovačke marke/oznake popraćeni su formulacijom "ili jednakovrijedan". Dokaz jednakovrijednosti u vidu tehničke specifikacije, tehničkih listova, certifikata koji potvrđuju kvalitetu i sl. dužan je ponuditelj dostaviti uz ponudu, u svrhu ocjene sukladnosti tražene po projektu.

Sheet 1. ARHITEKTURA
A1: 1. | B1: ARHITEKTURA
A3: RB | B3: STAVKA | C3: JEDINICA MJERE | D3: KOLIČINA | E3: JEDINIČNA CIJENA | F3: UKUPNA CIJENA
A5: 1.A. | B5: PLANINARSKI DOM NA ŽITNICI
B7: GRAĐEVINSKO-OBRTNIČKI RADOVI
A9: A | B9: GRAĐEVINSKI RADOVI
B11: OPĆE NAPOMENE:
B13: Svi radovi navedeni u ovom troškovniku moraju biti izvedeni stručno i solidno, prema projektu,važećim zakonima , tehničkim propisima i uputama nadzorne službe. Osim toga , izvođač je obavezan pridržavati se uputa projektanta/nadzora u svim pitanjima koja se odnose na izbor i obradu materijala i način izvedbe pojedinih detalja, ukoliko to nije već opisano troškovnikom. U slučaju da opis pojedine stavke nije dovoljno jasan, mjerodavan je Projekt uklanjanja, ili uputa i tumačenje projektanta/nadzora. O tome se izvođač treba informirati već prilikom sastavljanja jedinične cijene. Izvođač je dužan prilikom sastavljana ponude proučiti sve potrebne projekte radi potpunog uvida u objekt. U jediničnim cijenama moraju biti obuhvaćeni svi troškovi potrebni za dovršenje predviđenog rada, tj. materijal s prevozima i prenosima, troškovi mehanizacije, radna snaga sa svim dodacima, svi režijski troškovi izvođača, obveze, porezi, dobit i ostalo, tako da je ponuđena cijena konačna. U ponuđenim jediničnim cijenama moraju također biti obuhvaćeni svi pripremni radovi potrebni za izgradnju zgrade, kao što je izvedba svih pomoćnih objekta i instalacijskih priključaka gradilišta, ograde gradilišta itd. Svi upotrebljeni i ugrađeni materijali moraju odgovarati Hrvatskim normama, a atesti ne smiju biti stariji od godine dana. Atesti za betone se moraju odnositi na uzorke betona uzete na mjestu i u vrijeme ugradnje pojedine tehnološke faze betoniranja.
B14: Izvođač je dužan prije izvedbe, a nakon uklanjanja objekta izraditi elaborat geomehaničkih radova, kako bi se utvrdila nosivost tla, koja je sada pretpostavljena. Empirijski je ona kategorizirana kao A (stijenovito), no moguća su djelomična odstupanja. Eventualne izmjene moraju se dokumentirati i u Glavnom projektu izmijeniti, ukoliko se zadire u temeljna svojstva građevine.
A17: A.1. | B17: PRIPREMNI RADOVI
A19: A.1.1 | B19: Postavljanje ograde gradilišta po rubu parcele
B20: Ograda visine cca 2,0 m. Na ogradu postaviti potrebne oznake (zabrana pristupa neovlaštenim osobama, obavezno korištenje HTZ opreme i dr. prema Zakonu o gradnji) | C20: m | D20: 350 | E20: 5 | F20: =ROUND(D20*E20,2) -> 1750
A22: A.1.2. | B22: Dvokrilna vrata na ulazu u gradilište
B23: Vrata veličine 4,0 x 2,0 m. | C23: komad | D23: 1 | E23: 500 | F23: =ROUND(D23*E23,2) -> 500
A25: A.1.3. | B25: Gradilišna ploča
B26: Izrada i postavljanje gradilišne ploče veličine 1,0x1,4 m. | C26: komad | D26: 1 | E26: 500 | F26: =ROUND(D26*E26,2) -> 500
A28: A.1.4. | B28: Geodetski radovi koji obuhvaćaju geodetska mjerenja, izradu elaborata iskolčenja objekta (OBAVEZA IZVOĐAČA) s određivanjem svih poprečnih i uzdužnih profila, sva geodetska mjerenja kojima se podaci s projekta prenose na teren (vertikalno i horizontalno), osiguranje pojedinih točaka koje služe za rekonstrukciju osovine i visine objekta. Prema stanju na licu mjesta predstavnici izvođača, naručioca, nadzorni inženjer i geodeta odrediti će profile. Opseg tih radova mora zadovoljavati potrebe gradnje, kontrole radova i obračuna. Svi podaci trebaju biti evidentirani u građevinskom dnevniku. | C28: paušal | D28: 1 | E28: 2000 | F28: =ROUND(D28*E28,2) -> 2000
A30: A.1.5. | B30: Postavljanje signalizacije za potrebe gradilišta
B31: Dobava i izvedba signalizacije za potrebe gradilišta, prema Zakonu o sigurnosti prometa na cestama (NN 67/08, 48/10, 74/11, 80/13, 158/13, 92/14, 64/15, 108/17, 70/19, 42/20, 85/22, 114/22, 133/23) i Pravilniku o prometnim znakovima, signalizaciji i opremi na cestama (NN 92/19), regulacija na ulici te uklanjanje nakon završetka svih radova. Predviđeno vrijeme trajanja privremene regulacije prometa je za vrijeme trajanja svih radova. Cijenu treba ponuditi prema elaboratu privremene regulacije prometa, a po računu ovlaštenog poduzeća. | C31: paušal | D31: 1 | E31: 500 | F31: =ROUND(D31*E31,2) -> 500
A33: A.1.6. | B33: Izrada nanosne skele. | C33: m | D33: 200 | E33: 3 | F33: =ROUND(D33*E33,2) -> 600
A35: A.1. | B35: PRIPREMNI RADOVI UKUPNO: | F35: =SUM(F20:F33) -> 5850
A38: A.2. | B38: UKLANJANJE
A40: A.2.1. | B40: Uklanjanje planinarskog doma
B41: Pažljivo uklanjanje cijelog planinarskog doma, u skladu s projektom uklanjanja. Prethodno je potrebno kuću očistiti od svog inventara, koji se može dalje koristiti. Uklanjanje se vrši tako da se što više mateirjala ponovno koristi u izgradnji novog doma, poput drvene građe ili kamena. Stoga je potrebno pažljivo ukloniti sav materijal, a ono što će se ponovno koristiti deponirati na gradilištu. Pažljivo treba ukloniti: * limeni crijep / deponiranje na gradilištu * krovna potkonstrukcija / deponiranje na gradilištu * krovna konstrukcija / deponiranje na gradilištu * dimnjak po cijeloj visini / utovar i odvoz na gradilišnu deponiju * drvena građa međukatnih konstrukcija / sortirati i dobre dijelove deponirati na gradilištu * drvena konstrukcija kata / sortirati i dobre dijelove deponirati na gradilištu * ziđe stare (izvorne) zgrade u prizemlju od kamenih blokova / sortirati, očistiti od morta i vezivnog materijala i sortirati na gradilištu * kameni temelji izvorne zgrade / sortirati, očistiti od morta i vezivnog materijala i sortirati na gradilištu Posebnu pažnju treba posvetiti kaljevoj peći (rastaviti i deponirati na gradilištu), te policama s vješalicama u blagovaonici, koje isto treba pažljivo demontirati staviti na sigurno mjesto. Ostatak doma treba pažljivo ukloniti, utovariti i odvesti na gradilišnu deponiju udaljenu do 30 km. Uračunati utovar u kamion, odvoz i odlaganje materijala na gradilišnom deponiju udaljenom do 30 km. U cijenu treba uključiti i pristojbu za odlaganje otpada na gradilišnom deponiju. Prije davanja ponude postojeću građevinu je potrebno pregledati. | C41: komplet | D41: 1 | E41: 20000 | F41: =ROUND(D41*E41,2) -> 20000
A43: A.2.2. | B43: Uklanjanje objekta uz planinarski dom
B44: Uklanjanje objekta uz planinarski dom - kiosk, veličine GBP= cca 20,00, m2, pravokutnog tlocrta, s jednostrešnim krovom, koji se sastoji od drvene konstrukcije, s vratima i prozorom, zajedno s temeljem objekta. Uklanjanje se vrši tako da se što više mateirjala ponovno koristi u izgradnji novog doma, poput drvene građe ili kamena. Stoga je potrebno pažljivo ukloniti sav materijal, a ono što će se ponovno koristiti deponirati na gradilištu. Pažljivo treba ukloniti: * limeni crijep / deponiranje na gradilištu * drvenu građu / sortirati i deponirati na gradilištu Ostatak treba pažljivo ukloniti, utovariti i odvesti na gradilišnu deponiju udaljenu do 30 km. Uračunati utovar u kamion, odvoz i odlaganje materijala na gradilišnom deponiju udaljenom do 30 km. U cijenu treba uključiti i pristojbu za odlaganje otpada na gradilišnom deponiju. Prije davanja ponude postojeću građevinu je potrebno pregledati. | C44: komplet | D44: 1 | E44: 3000 | F44: =ROUND(D44*E44,2) -> 3000
A46: A.2.3. | B46: Uklanjanje stepenica u terenu
B47: Pažljivo uklanjanje stepenica u terenu, te čišćenje kamena i njegovo deponiranje na gradilištu, za kasniju ponovnu upotrebu.
B48: Površina zahvata = 10,00 m2. | C48: komad | D48: 1 | E48: 3000 | F48: =ROUND(D48*E48,2) -> 3000
A50: A.2. | B50: UKLANJANJE UKUPNO: | F50: =SUM(F41:F48) -> 26000
A53: A.3. | B53: ZEMLJANI RADOVI
B55: OPĆI UVJETI
B57: OPĆI UVJETI ZEMLJANIH RADOVA Tlocrtno iskolčenje zgrade i određivanje kote ±0,00) provesti prema planu Situacija koristeći i geodetsku snimku . Iskolčenje će prije početka radova pregledati i eventualno korigirati projektant. Prije početka zemljanih radova, teren treba očistiti od šiblja i korova ili manjih stabala. Stabla vaditi sa korijenjem. Ti radovi kao i radovi oko razmjeravanja terena i obilježavanja zgrade uračunati su u jedinične cijene. Planiranje dna širokog iskopa i iskopa za temelje izvesti sa točnošću od ±3 cm, što je uključeno u jediničnu cijenu. Iskop kontroliraju i prihvaćaju nadzorni inžinjer i geodet koji je iskolčio zgradu. Ukoliko izvođač prilikom iskopa zemlje naiđe na bilo kakve predmete, objekte ili instalacije, dužan je na tom mjestu obustaviti radove i o tome obavijestiti investitora i nadzornog inženjera. Iskopani materijal treba odlagati na dovoljnom odstojanju od ruba iskopa, da ne dođe do zarušavanja, prema uputi geomehaničara. Ukoliko je izvođač otkopao ispod projektom predviđene temeljne ravnine obavezan je bez naknade popuniti tako nastale šupljine betonom MB10 do projektirane kote.Zabranjeno popunjavanje šljunkom. Količine iskopa, transporta i nasipa zemlje obračunavaju se prema sraslom stanju tla. Ukoliko troškovničkom stavkom nije drugačije navedeno odvoz zemlje uključuje transport na gradilišnu deponiju udaljenu do 30 km. Napomena: Kod odvoza materijala od iskopa ne uzima se posebno u obzir koeficijent rastresitosti.
A60: A.3.1. | B60: Čišćenje građevinske parcele od nepotrebnog sadržaja (raslinja, smeća i dr.) s utovarom, odvozom i odlaganjem smeća na gradilišnu deponiju na udaljenosti do 30 km. U cijenu treba biti ukljućena i naknada za odlaganje smeća na gradilišnoj deponiji. | C60: m² | D60: 200 | E60: 5 | F60: =ROUND(D60*E60,2) -> 1000
A62: A.3.2. | B62: Strojni iskop površinskog humusnog sloja zatravnjenog tla i tla oko doma debljine 30 cm sa utovarom u kamion, odvozom i odlaganjem humusa na gradilišnom deponiju udaljenom do 30 km. Obračun po m3 stvarno iskopanih količina u sraslom stanju. | C62: m³ | D62: 60 | E62: 20 | F62: =ROUND(D62*E62,2) -> 1200
A64: A.3.3. | B64: Široki strojni iskop tla A kategorije za dovođenje terena na projektirane visine sa pravilnim profiliranjem stranica iskopa. Iskopani materijal se utovara u kamion, odvozi i odlaže na gradilišnu deponiju udaljenu do 30 km. Obračun po m3 stvarno iskopanih količina u sraslom stanju. | C64: m³ | D64: 1150 | E64: 18 | F64: =ROUND(D64*E64,2) -> 20700
A66: A.3.4. | B66: Produbljenje iskopa u tlu A kategorije za okna dizala i sprinkler-bazena. Strojni iskop sa pravilnim profiliranjem stranica iskopa. Iskopani materijal se odlaže na gradilištu i koristi za kasnija zatrpavanja i nasipavanja. Obračun po m3 stvarno iskopanih količina u sraslom stanju. | C66: m³ | D66: 16.15 | E66: 50 | F66: =ROUND(D66*E66,2) -> 807.5
A68: A.3.5. | B68: Strojni iskop tla A kategorije za temeljne trake ispod potpornih i upornih zidova sa pravilnim profiliranjem stranica iskopa. Iskopani materijal se odlaže na gradilištu i koristi za kasnija zatrpavanja i nasipavanja. Obračun po m3 stvarno iskopanih količina u sraslom stanju. | C68: m³ | D68: 36 | E68: 30 | F68: =ROUND(D68*E68,2) -> 1080
A70: A.3.6. | B70: Ručno planiranje dna širokog iskopa i iskopa za temeljne trake na +- 3 cm točnosti. | C70: m² | D70: 350 | E70: 2 | F70: =ROUND(D70*E70,2) -> 700
A72: A.3.7. | B72: Dobava, razastiranje i zbijanje tamponskog sloja šljunka (cakumpak) u sloju debljine 20 cm ispod temeljne ploče. Sloj treba biti zbijen do stupnja ispitane zbijenosti izražen kao modul stišljivosti Mv = 30 MPa i isplaniran na 2 cm točnosti. Obračun po m3 idealnog obujma. | C72: m³ | D72: 65 | E72: 45 | F72: =ROUND(D72*E72,2) -> 2925
A74: A.3.8. | B74: Dobava, razastiranje i zbijanje tamponskog sloja šljunka (cakumpak) u sloju debljine 10 cm ispod temeljnih traka potpornih i upornih zidova. Sloj treba biti zbijen do stupnja ispitane zbijenosti izražen kao modul stišljivosti Mv = 30 MPa i isplaniran na 2 cm točnosti. Obračun po m3 idealnog obujma. | C74: m³ | D74: 5.7 | E74: 45 | F74: =ROUND(D74*E74,2) -> 256.5
A76: A.3.9. | B76: Dobava, razastiranje i zbijanje sloja prane batude za drenažu oko ukopanih zidova objekta. Batuda se nasipava do visine cca 0,3 m od površine konačno zaravnatog terena. | C76: m³ | D76: 60.9 | E76: 45 | F76: =ROUND(D76*E76,2) -> 2740.5
A78: A.3.10. | B78: Dobava i postava geotekstila 300 g/m2 na kontaktnu plohu zemlje i batude. | C78: m² | D78: 115.5 | E78: 5 | F78: =ROUND(D78*E78,2) -> 577.5
A80: A.3.11. | B80: Dobava i postava cestovnog geotekstila 300 g/m2 na kontaktnu plohu posteljice i nosivog sloja na terasama na terenu. | C80: m² | D80: 220 | E80: 5 | F80: =ROUND(D80*E80,2) -> 1100
A82: A.3.12 | B82: Utovar u kamion i odvoz na gradilišnu deponiju udaljenu do 30 km, viška zemlje od iskopa. Obračun po m3 uzimajući u obzir koeficijent rastresitosti. | C82: m³ | D82: 20 | E82: 50 | F82: =ROUND(D82*E82,2) -> 1000
... A92: A.3.17. | B92: Dobava i razastiranje parkovnog šljunka na velikoj i okolnim terasama, uz dobro zbijanje. Debljina sloja cca. 10 cm. | C92: m³ | D92: 35 | E92: 45 | F92: =ROUND(D92*E92,2) -> 1575
A94: A.3. | B94: ZEMLJANI RADOVI UKUPNO: | F94: =SUM(F57:F92) -> 41487
A97: A.4. | B97: BETONSKI I ARMIRANO-BETONSKI RADOVI
B99: OPĆI UVJETI
B101: Svi betonski i armiranobetonski radovi imaju se izvesti prema Tehničkom propisu za građevinske konstrukcije (NN 17/17). Jedinična cijena mora sadržavati : - izradu, dopremu i ugradbu betona, te zaštitu betonskih konstrukcija - postavu i skidanje radne skele -sve posredne i neposredne troškove za rad, materijal, alat i građevinske strojeve - njegu betona - uzimanje labaratorijskih uzoraka na mjestu i u vrijeme ugradnje betona za svaku tehn. fazu Klasa betona mora biti prema projektu konstrukcije i troškovniku, sa dodacima za vodonepropusnost, ako je zahtjevano. U toku ugradnje AB konstrukcije potrebno je uzimati uzorke betona koji se dostavljaju u ovlašteni laboratorij radi atestiranja. Uzorci betona uzeti u tvornici betona nisu relevantni zbog mogućnosti da se naknadnim dodavanjem vode zbog potrebe transporta smanji čvrstoća. Skela i oplata moraju imati takvu sigurnost i krutost da bez štetnih deformacija mogu primati opterećenje i uticaje koji nastaju tijekom izvedbe radova, te ostvariti punu sigurnost radnika, sredstava za rad kao i prolaznika. U cijenu oplate uključena su i podupiranja, uklještenja, te postava i skidanje sa čišćenjem i slaganjem na deponij udaljen do 80m. Beton treba ugrađivati upotrebom vibratora. Oplata se smije skinuti tek pošto ugrađeni beton dobije odgovarajuću čvrstoću, po nalogu nadzornog inženjera. Skidanje oplata treba raditi pažljivo da ne bi došlo do oštećenja konstrukcije, a naročito tankih armirano-betonskih elemenata. U iskazu količina oplate su izražene razvijene površine. Betonske podloge obračunavaju se u m3. Izvedba rupa i otvora u AB pločama i zidovima, do 3 m2, uključena je u cijenu. Armaturu ugrađivati prema projektu savijanja željeza, ugrađivati samo očišćenu armaturu (bez hrđe), postavljenu na mjestu prema projektu konstrukcije, pomoću PVC podložaka Izvođač je dužan izraditi projekt betona. Sve nedoumice riješiti prema planu oplate i planu armature, ili u dogovoru s projektantom i nadzorom.
B102: Napomena: Količina armature je aproksimativna. Točna količina prema planu armature. Izrada plana armature je obaveza izvođača, prema priloženom planom oplate!
B103: Potrebna je provjera plana oplate obzirom na ugrađenu opremu. Sve izmjene u planu oplate treba ovjeriti glavni projektant.
A106: A.4.1. | B106: Izrada, dostava i ugradnja betona kvalitete C25/30.
B107: Betonska podloga debljine 10 cm sa finim zaribavanjem površine kao podloge za hidroizolaciju.
B108: a-beton | C108: m³ | D108: 30 | E108: 150 | F108: =ROUND(D108*E108,2) -> 4500
A110: A.4.2. | B110: Izrada, dostava i ugradnja mikrobetona.
B111: Zaštita horizontalne hidroizolacije podruma slojem mikrobetona debljine 5 cm.
B112: a-beton | C112: m² | D112: 290 | E112: 10 | F112: =ROUND(D112*E112,2) -> 2900
A114: A.4.3. | B114: Izrada, dostava i ugradnja betona kvalitete C25/30.
B115: Armirano betonska temeljna ploča dizala debljine 40 cm, vodonepropusnim betonom (potrebna rubna oplata). Beton spravljen u betonari od agregata do 32 mm. Rad obuhvaća: izradu jednostrane oplate, dobavu i postavljanje armature, kvašenje oplate, ubacivanje betona i zbijanje (vibriranje) sve dok se voda ne pojavi na površini. Na mjestima prekida betoniranja ugraditi streh-metal što treba uključiti u cijenu. Površina betona treba biti dobro zaglađena. U cijenu uključiti izvedbu potrebnih otvora, usjeka, proboja i sl.
B116: a-beton | C116: m³ | D116: 2 | E116: 180 | F116: =ROUND(D116*E116,2) -> 360
B117: b-oplata | C117: m² | D117: 5 | E117: 40 | F117: =ROUND(D117*E117,2) -> 200
B118: c-armatura | C118: kg | D118: 260 | E118: 1.6 | F118: =ROUND(D118*E118,2) -> 416
A120: A.4.4. | B120: Izrada, dostava i ugradnja betona kvalitete C25/30.
B121: Armiranobetonski zidovi uljne jame debljine 20 cm, vodonepropusnim betonom u glatkoj dvostranoj oplati. Beton spravljen u betonari od agregata do 16 mm. Rad obuhvaća: izradu oplate, dobavu i postavljanje armature, kvašenje oplate, ubacivanje betona i zbijanje (vibriranje) sve dok se voda ne pojavi na površini. U cijenu uključiti izvedbu potrebnih otvora, usjeka, proboja i sl.
B122: a-beton | C122: m³ | D122: 1.8 | E122: 180 | F122: =ROUND(D122*E122,2) -> 324
B123: b-oplata | C123: m² | D123: 15 | E123: 40 | F123: =ROUND(D123*E123,2) -> 600
B124: c-armatura | C124: kg | D124: 234 | E124: 1.6 | F124: =ROUND(D124*E124,2) -> 374.4
A126: A.4.5. | B126: Izrada, dostava i ugradnja betona kvalitete C25/30.
B127: Armirano betonska temeljna ploča debljine 40 cm, vodonepropusnim betonom (potrebna rubna oplata). Beton spravljen u betonari od agregata do 32 mm. Rad obuhvaća: izradu jednostrane oplate, dobavu i postavljanje armature, kvašenje oplate, ubacivanje betona i zbijanje (vibriranje) sve dok se voda ne pojavi na površini. Na mjestima prekida betoniranja ugraditi streh-metal što treba uključiti u cijenu. Površina betona treba biti dobro zaglađena. U cijenu uključiti izvedbu potrebnih otvora, usjeka, proboja i sl.
B128: a-beton | C128: m³ | D128: 85 | E128: 360 | F128: =ROUND(D128*E128,2) -> 30600
B129: b-oplata | C129: m² | D129: 32 | E129: 40 | F129: =ROUND(D129*E129,2) -> 1280
B130: c-armatura | C130: kg | D130: 11050 | E130: 0.1 | F130: =ROUND(D130*E130,2) -> 1105
A132: A.4.6. | B132: Izrada, dostava i ugradnja betona kvalitete C25/30.
B133: Vanjski i unutarnji armiranobetonski zidovi podruma debljine 20 cm, vodonepropusnim betonom u glatkoj dvostranoj oplati. Beton spravljen u betonari od agregata do 16 mm. Rad obuhvaća: izradu oplate, dobavu i postavljanje armature, kvašenje oplate, ubacivanje betona i zbijanje (vibriranje) sve dok se voda ne pojavi na površini. U cijenu uključiti izvedbu potrebnih otvora, usjeka, proboja i sl.
B134: a-beton | C134: m³ | D134: 79 | E134: 360 | F134: =ROUND(D134*E134,2) -> 28440
B135: b-oplata | C135: m² | D135: 760 | E135: 50 | F135: =ROUND(D135*E135,2) -> 38000
B136: c-armatura | C136: kg | D136: 11850 | E136: 0.1 | F136: =ROUND(D136*E136,2) -> 1185
A138: A.4.7. | B138: Izrada, dostava i ugradnja betona kvalitete C25/30.
B139: Armiranobetonski stupovi 30x30 cm, betonom u glatkoj četverostranoj oplati. Beton spravljen u betonari od agregata do 16 mm. Rad obuhvaća: izradu oplate, dobavu i postavljanje armature, kvašenje oplate, ubacivanje betona i zbijanje (vibriranje) sve dok se voda ne pojavi na površini. U cijenu uključiti izvedbu potrebnih otvora, usjeka, proboja i sl.
B140: a-beton | C140: m³ | D140: 0.5 | E140: 500 | F140: =ROUND(D140*E140,2) -> 250
B141: b-oplata | C141: m² | D141: 6.5 | E141: 100 | F141: =ROUND(D141*E141,2) -> 650
B142: c-armatura | C142: kg | D142: 75 | E142: 1.6 | F142: =ROUND(D142*E142,2) -> 120
A144: A.4.8. | B144: Izrada, dostava i ugradnja betona kvalitete C25/30.
B145: Armirano betonska stropna ploča iznad podruma debljine 20 cm betonom u potrebnoj oplati. Beton spravljen u betonari od agregata do 32 mm. Rad obuhvaća: izradu oplate, dobavu i postavljanje armature, kvašenje oplate, ubacivanje betona i zbijanje (vibriranje) sve dok se voda ne pojavi na površini. U cijenu uključiti izvedbu potrebnih otvora, usjeka, proboja i sl.
B146: a-beton | C146: m³ | D146: 55 | E146: 180 | F146: =ROUND(D146*E146,2) -> 9900
B147: b-oplata | C147: m² | D147: 280 | E147: 60 | F147: =ROUND(D147*E147,2) -> 16800
B148: c-armatura | C148: kg | D148: 4800 | E148: 1.6 | F148: =ROUND(D148*E148,2) -> 7680
A150: A.4.9. | B150: Izrada, dostava i ugradnja betona kvalitete C25/30.
B151: Armirano betonska stropna ploča iznad prizemlja debljine 12 cm u potrebnoj oplati. Beton spravljen u betonari od agregata do 32 mm. Rad obuhvaća: izradu oplate, dobavu i postavljanje armature, kvašenje oplate, ubacivanje betona i zbijanje (vibriranje) sve dok se voda ne pojavi na površini. U cijenu uključiti izvedbu potrebnih otvora, usjeka, proboja i sl. Postava na lamelirane drvene nosače.
B152: a-beton | C152: m³ | D152: 8 | E152: 200 | F152: =ROUND(D152*E152,2) -> 1600
B153: b-oplata | C153: m² | D153: 50 | E153: 60 | F153: =ROUND(D153*E153,2) -> 3000
B154: c-armatura | C154: kg | D154: 750 | E154: 1.6 | F154: =ROUND(D154*E154,2) -> 1200
A156: A.4.10. | B156: Izrada, dostava i ugradnja betona kvalitete C25/30.
B157: Armirano betonska stropna ploča u šahtu (nosač za dimnjak, površine za invalide) debljine 20 cm u potrebnoj oplati. Beton spravljen u betonari od agregata do 32 mm. Rad obuhvaća: izradu oplate, dobavu i postavljanje armature, kvašenje oplate, ubacivanje betona i zbijanje (vibriranje) sve dok se voda ne pojavi na površini. U cijenu uključiti izvedbu potrebnih otvora, usjeka, proboja i sl.
B158: a-beton | C158: m³ | D158: 1 | E158: 300 | F158: =ROUND(D158*E158,2) -> 300
B159: b-oplata | C159: m² | D159: 5 | E159: 80 | F159: =ROUND(D159*E159,2) -> 400
B160: c-armatura | C160: kg | D160: 75 | E160: 1.6 | F160: =ROUND(D160*E160,2) -> 120
A162: A.4.11. | B162: Izrada, dostava i ugradnja betona kvalitete C25/30.
B163: Armirano betonsko trookrako stubište s međupodestom od podruma do prizemlja, u potrebnoj glatkoj oplati. Beton spravljen u betonari od agregata do 32 mm. Rad obuhvaća: izradu oplate, dobavu i postavljanje armature, kvašenje oplate, ubacivanje betona i zbijanje (vibriranje) sve dok se voda ne pojavi na površini. U cijenu uključiti izvedbu potrebnih otvora, usjeka, proboja i sl.
B164: a-beton | C164: m³ | D164: 2 | E164: 300 | F164: =ROUND(D164*E164,2) -> 600
...

Sheet 2. ELEKTRO
A1: 2. | B1: ELEKTRO
A3: RB | B3: STAVKA | C3: JEDINICA MJERE | D3: KOLIČINA | E3: JEDINIČNA CIJENA | F3: UKUPNA CIJENA
A5: 2.A. | B5: KROVNA FOTONAPONSKA ELEKTRANA
B7: OPĆI UVJETI
B9: U jediničnim cijenama za sve stavke troškovnika, ponuda mora sadržavati ukupne troškove materijala i rada do potpunog dovršenja cjelokupnog posla, uključujući:
B10: * nabavu i transport na gradilište, utovare, istovare, skladištenje i čuvanje,
B11: * sav rad, glavni i pomoćni, uporabu lakih pokretnih skela, sva potrebna podupiranja, sav unutrašnji transport i potrebnu zaštitu izvedenih radova,
B12: * spajanje i montažu, uključujući sav potreban spojni, montažni, pričvrsni i ostali materijal potreban za potpuno funkcioniranje,
B13: * po potrebi uzemljenje,
B14: * izradu utora po zidovima i prodora kroz zidove i podove (stropove) kompletno sa zbinjavanjem istih,
B15: * sva prateća čišćenja tijekom izvođenja radova,
B16: * troškove zbrinjavanja otpada,
B17: * izradu prateće radioničke dokumentacije za sve razvodne ormare, izradu natpisnih pločica, oznaka kabela i rednih stezaljki,
B18: * nabavu i transport na radilište, utovare, istovare, skladištenje i čuvanje,
B19: * građevinsku pripomoć u vidu izrada niša, ugradbom i obzidavanjem razvodnih polja te sve ostale građevinske radove koji se odnose na elektroinstalaterske radove,
... B30: Za eventualne štete uzrokovane neodgovornim ili nestručnim radom, odgovara Izvoditelj radova te ih je obavezan nadoknaditi Investitoru.
A33: 2.A.1. | B33: FOTONAPONSKA ELEKTRANA
B35: NAPOMENA:
B36: Za potkonstrukciju solarnog sustava i fotonaponske module vijdeti ARHITEKTURA - stavka B.18.9.
A38: 2.A.1.1. | B38: Dobava, montaža i spajanje invertera izlazne snage AC 10.000 W, maksimalna ulazna snaga DC 15.000 Wp STC, maksimalni ulazni napon 1.100 Vdc, nazivni napon mreže 3 ~ N-PE 400 Vac, maksimalna izlazna struja 16,9 Aac, frekvencija 50 Hz, 60 Hz / - 5Hz … +5 Hz, faktor distiorzije THD < 3%, stupanj mehaničke zaštite IP65. | C38: komad | D38: 1 | E38: 3000 | F38: =ROUND(D38*E38,2) -> 3000
A40: 2.A.1.2. | B40: Dobava, montaža i spajanje konektora za solarne module, set muški + ženski, 4mm2 / 6mm2 | C40: komad | D40: 8 | E40: 5.88 | F40: =ROUND(D40*E40,2) -> 47.04
A42: 2.A.1.3. | B42: Razdjelnici
B43: Dobava montaža i spajanje razvodnog ormara elektrane "RO-AC (AC BOX)" koji se sastoji od slijedeće ugrađene opreme:
B44: Podžbukni razdjelnik, 2x12 modula, IP30 | C44: komad | D44: 1 | E44: 146 | F44: =ROUND(D44*E44,2) -> 146
B45: Džep za dokumentaciju A5 | C45: komad | D45: 1 | E45: 20 | F45: =ROUND(D45*E45,2) -> 20
B46: FID sklopka 25A, 4 polna, 300 mA, 6kA | C46: komad | D46: 1 | E46: 20 | F46: =ROUND(D46*E46,2) -> 20
B47: Naponski okidač za FID sklopku 230 VAC | C47: komad | D47: 1 | E47: 20 | F47: =ROUND(D47*E47,2) -> 20
B48: Tropolna rastavna osiguračka sklopka veličine 10x38 mm, nazivni napon 500VAC | C48: komad | D48: 2 | E48: 20 | F48: =ROUND(D48*E48,2) -> 40
B49: Izolirani rastalni ulošci veličine 10x38 mm gG sa indikatorom - udaračem, nazivna struja 25 A, nazivni naponi 500VAC | C49: komad | D49: 3 | E49: 20 | F49: =ROUND(D49*E49,2) -> 60
B50: Izolirani rastalni ulošci veličine 10x38 mm gG sa indikatorom - udaračem, nazivna struja 20 A, nazivni naponi 500VAC | C50: komad | D50: 3 | E50: 20 | F50: =ROUND(D50*E50,2) -> 60
B51: Odvodnik prenapona klasa B+C, 4P, 25kA | C51: komad | D51: 1 | E51: 39 | F51: =ROUND(D51*E51,2) -> 39
B52: Automatski osigurač B6, 1 polni, 6 kA | C52: komad | D52: 1 | E52: 20 | F52: =ROUND(D52*E52,2) -> 20
B53: Kontrolno brojilo 3F 1T 80A, za montažu na šinu | C53: komad | D53: 1 | E53: 20 | F53: =ROUND(D53*E53,2) -> 20
B54: Ispitni list razvodnog ormara elektrane "RO-AC" | C54: komad | D54: 1 | E54: 20 | F54: =ROUND(D54*E54,2) -> 20
B55: Izjava o sukladnosti i oznaka o sukladnosti u ormaru za razvodni ormar elektrane "RO-AC" | C55: komad | D55: 1 | E55: 20 | F55: =ROUND(D55*E55,2) -> 20
B56: Ostali sitni nespecificirani materijal (L, N i PE sabirnice, nosači, kanalice, stopice, vijci i sl.). Cjena komplet izvedenog ormara sa montažom i spajanjem na objektu, te isporukom sheme spajanja stvarno izvedenog stanja | C56: komad | D56: 1 | E56: 20 | F56: =ROUND(D56*E56,2) -> 20
A58: 2.A.1.4. | B58: Dobava montaža i spajanje razvodnog ormara elektrane "RO-DC (DC BOX)" koji se sastoji od slijedeće ugrađene opreme:
B59: Nadžbukni razdjelnik, 1x12 modula, IP30 | C59: komad | D59: 1 | E59: 100 | F59: =ROUND(D59*E59,2) -> 100
B60: Džep za dokumentaciju A5 | C60: komad | D60: 1 | E60: 10 | F60: =ROUND(D60*E60,2) -> 10
B61: Dvopolna rastavna osiguračka sklopka veličine 10x38 mm, nazivni napon 1000VDC | C61: komad | D61: 2 | E61: 50 | F61: =ROUND(D61*E61,2) -> 100
B62: Izolirani rastalni ulošci veličine 10x38 mm gG sa indikatorom - udaračem, nazivna struja 16 A, nazivni naponi 1000VDC | C62: komad | D62: 4 | E62: 50 | F62: =ROUND(D62*E62,2) -> 200
B63: Odvodnik prenapona, fiksne izvedbe, 2P, klasa C, 30KA/1000VDC | C63: komad | D63: 2 | E63: 50 | F63: =ROUND(D63*E63,2) -> 100
B64: Ispitni list razvodnog ormara elektrane "RO-DC" | C64: komad | D64: 1 | E64: 40 | F64: =ROUND(D64*E64,2) -> 40
B65: Izjava o sukladnosti i oznaka o sukladnosti u ormaru za razvodni ormar elektrane "RO-DC" | C65: komad | D65: 1 | E65: 40 | F65: =ROUND(D65*E65,2) -> 40
B66: Ostali sitni nespecificirani materijal (PE sabirnica, nosači, kanalice, stopice, vijci i sl.). Cjena komplet izvedenog ormara sa montažom i spajanjem na objektu, te isporukom sheme spajanja stvarno izvedenog stanja | C66: komad | D66: 1 | E66: 40 | F66: =ROUND(D66*E66,2) -> 40
A68: 2.A.1.5. | B68: Električna instalacija (kabeli)
B69: Dobava, polaganje i spajanje fotonaponskog kabela od stringova fotonaponskih panela na krovu objekta do razvodnog ormara elektrane "RO-DC (DC BOX)", kabel se polaže u mrežne police i PVC kanalice, uključivo:
B70: Fotonaponski kabel PV1-F 1x6 mm2 - crni | C70: m | D70: 60 | E70: 2.2 | F70: =ROUND(D70*E70,2) -> 132
B71: Fotonaponski kabel PV1-F 1x6 mm2 - crveni | C71: m | D71: 60 | E71: 2.2 | F71: =ROUND(D71*E71,2) -> 132
B72: PVC cijev CSΦ25mm | C72: m | D72: 100 | E72: 2.2 | F72: =ROUND(D72*E72,2) -> 220
A74: 2.A.1.6. | B74: Dobava, polaganje i spajanje fotonaponskog kabela od razvodnog ormara elektrane "RO-DC (DC BOX)" do invertera, kabel se polaže u PVC kanalicu, uključivo:
B75: Fotonaponski kabel PV1-F 1x6 mm2 - crni | C75: m | D75: 10 | E75: 2.2 | F75: =ROUND(D75*E75,2) -> 22
B76: Fotonaponski kabel PV1-F 1x6 mm2 - crveni | C76: m | D76: 10 | E76: 2.2 | F76: =ROUND(D76*E76,2) -> 22
B77: PVC cijev CSΦ25mm | C77: m | D77: 18 | E77: 2.2 | F77: =ROUND(D77*E77,2) -> 39.6
A79: 2.A.1.7. | B79: Dobava, polaganje i spajanje napojnog kabela od invertera do razvodnog ormara elektrane "RO-AC (AC BOX)", kabel se polaže u PVC kanalicu, uključivo:
B80: Kabel FG16OR16 5x6 mm2 | C80: m | D80: 5 | E80: 9.35 | F80: =ROUND(D80*E80,2) -> 46.75
B81: PVC cijev CSΦ25mm | C81: m | D81: 4 | E81: 2.2 | F81: =ROUND(D81*E81,2) -> 8.8
A83: 2.A.1.8. | B83: Dobava, polaganje i spajanje napojnog kabela od razvodnog ormara elektrane "RO-AC (AC BOX)" do razvodnog ormara objekta "R1", kabel se polaže u PVC kanalicu, uključivo:
B84: Kabel FG16OR16 5x6 mm2 | C84: m | D84: 10 | E84: 9.35 | F84: =ROUND(D84*E84,2) -> 93.5
B85: PVC cijev CSΦ25mm | C85: m | D85: 8 | E85: 2.2 | F85: =ROUND(D85*E85,2) -> 17.6
A87: 2.A.1.9. | B87: Dobava, polaganje i spajanje napojnog kabela od razvodnog ormara elektrane "RO-AC (AC BOX)" do JPR tipkala, kabel se polaže u PVC kanalicu, uključivo:
B88: NHXH E90 3x1,5mm2 | C88: m | D88: 35 | E88: 4.4 | F88: =ROUND(D88*E88,2) -> 154
B89: PVC cijev CSΦ25mm | C89: m | D89: 32 | E89: 2.2 | F89: =ROUND(D89*E89,2) -> 70.4
A91: 2.A.1.10. | B91: Instalacija sklopki i ostali materijal
B92: Dobava, montaža i spajanje protupožarnog tipkala žute boje za isključivanje napajanja fotonaponske elektrane, za vanjsku montažu IP55 | C92: komad | D92: 1 | E92: 60.5 | F92: =ROUND(D92*E92,2) -> 60.5
A94: 2,A,1.11. | B94: Dobava i montaža plastificirane table dimenzija 25x25 cm, oznaka objekta sa PV (solarnim) modulima | C94: komad | D94: 2 | E94: 11 | F94: =ROUND(D94*E94,2) -> 22
A96: 2.A.1.12. | B96: Instalacija mrežnih polica
B97: Dobava i montaža na krovu objekta kabelskih mrežnih polica dimenzija 50x55 mm, kompletno sa krovnim nosačima mrežnih polica na krovu objekta | C97: m | D97: 18 | E97: 19.8 | F97: =ROUND(D97*E97,2) -> 356.4
A99: 2.A.1.13. | B99: Izjednačenje potencijala
B100: Dobava, polaganje i spajanje kabela za izjednačenje potencijala od razvodnog ormara "R1" do metale mase podkonstrukcije fotonaponskih panela, kabel se polaže u mrežne police, uključivo:
B101: Vodič H07V-K 1G 16 mm2 (ž/z) | C101: m | D101: 60 | E101: 4.4 | F101: =ROUND(D101*E101,2) -> 264
B102: Izrada spoja na metalnu masu kompletno sa svim spojnim i montažnim priborom i materijalom | C102: komad | D102: 28 | E102: 5.5 | F102: =ROUND(D102*E102,2) -> 154
A104: 2.A.1.14. | B104: Dobava, polaganje i spajanje kabela za izjednačenje potencijala od razvodnog ormara "R1" do razvodnog ormara elektrane "RO-AC (AC BOX)", kabel se polaže u PVC kanalicu, uključivo:
B105: Vodič H07V-K 1G 16 mm2 (ž/z) | C105: m | D105: 5 | E105: 4.4 | F105: =ROUND(D105*E105,2) -> 22
B106: PVC kanalica 15x15mm kompletno sa svim spojnim i montažnim priborom i materijalom | C106: m | D106: 4 | E106: 4.4 | F106: =ROUND(D106*E106,2) -> 17.6
A108: 2.A.1.15. | B108: Dobava, polaganje i spajanje kabela za izjednačenje potencijala od razvodnog ormara "R1" do razvodnog ormara elektrane "RO-DC (DC BOX)", kabel se polaže u PVC kanalicu, uključivo:
B109: Vodič H07V-K 1G 16 mm2 (ž/z) | C109: m | D109: 7 | E109: 4.4 | F109: =ROUND(D109*E109,2) -> 30.8
B110: PVC kanalica 15x15mm kompletno sa svim spojnim i montažnim priborom i materijalom | C110: m | D110: 6 | E110: 4.4 | F110: =ROUND(D110*E110,2) -> 26.4
A112: 2.A.1.16. | B112: Proboji i brtvljenja
B113: Izrada proboja na prolazu kabela na sljedećim pozicijama:
B114: Izrada proboja krovne obloge | C114: komad | D114: 1 | E114: 33 | F114: =ROUND(D114*E114,2) -> 33
B115: Izrada proboja zida ili stropa | C115: komad | D115: 5 | E115: 33 | F115: =ROUND(D115*E115,2) -> 165
A117: 2.A.1.17. | B117: Brtvljenje kabelskih prodora na sljedećim pozicijama:
B118: Vodonepropusno brtvljenje i obrada prodora krovne obloge kompletno sa svim potrebnim radovima i materijalom | C118: komad | D118: 1 | E118: 132 | F118: =ROUND(D118*E118,2) -> 132
B119: Protupožarno brtvljene prodora kroz zid ili strop protupožarnom smjesom vatrootpornosti EI90 | C119: komad | D119: 5 | E119: 55 | F119: =ROUND(D119*E119,2) -> 275
B121: FOTONAPONSKA ELEKTRANA UKUPNO: | F121: =SUM(F38:F119) -> 6699.39
A124: 2.A.2. | B124: MJERENJE, ISPITIVANJE, PODEŠAVANJE I PUŠTANJE U POGON
A126: 2.A.2.1. | B126: Kontrola montaže, spajanja i napona DC krugova do pretvarača | C126: komad | D126: 1 | E126: 332 | F126: =ROUND(D126*E126,2) -> 332
A128: 2.A.2.2. | B128: Postavljanje parametara pretvarača | C128: komad | D128: 1 | E128: 210 | F128: =ROUND(D128*E128,2) -> 210
A130: 2.A.2.3. | B130: Ispitivanje kvalitete električne energije po normi HR EN 50160 ili jednakovrijedno, te izrada elaborata, izvezenog u jednom tiskanom primjerku i u PDF formatu na prijenosnom mediju. | C130: komplet | D130: 1 | E130: 1000 | F130: =ROUND(D130*E130,2) -> 1000
A132: 2.A.2.4. | B132: Izrada Elaborata utjecaja elektrane na mrežu (EUEM), tiskanog u jednom primjerku i u PDF formatu, na prijenosnom mediju. Elaborat mora dobiti suglasnost HEP-ODS, prema Pravilima o priključenju na distribucijsku mreža, izdanje HEP. | C132: komplet | D132: 1 | E132: 5000 | F132: =ROUND(D132*E132,2) -> 5000
A134: 2.A.2.5. | B134: Izrada Elaborata podešenja zaštite (EPZ), tiskanog u jednom primjerku i u PDF formatu, na prijenosnom mediju. Elaborat mora dobiti suglasnost HEP-ODS, prema Pravilima o priključenju na distribucijsku mreža, izdanje HEP. | C134: komplet | D134: 1 | E134: 2000 | F134: =ROUND(D134*E134,2) -> 2000
A136: 2.A.2.6. | B136: Provedba kontrola, mjerenja i ispitivanja električne instalacije prema planu kontrole iz projekta prije priključenja na NN razvod. Za sva ispitivanja priložiti ispitne izvještaje, zapisnik i izjave. | C136: komplet | D136: 1 | E136: 200 | F136: =ROUND(D136*E136,2) -> 200
A138: 2.A.2. | B138: MJERENJE, ISPITIVANJE, PODEŠAVANJE I PUŠTANJE U POGON UKUPNO: | F138: =SUM(F126:F136) -> 8742
A141: 2.A.3. | B141: PROJEKT IZVEDENOG STANJA
A143: 2.A.3.1. | B143: Izrada dokumentacije izvedenog stanja u 3 primjerka papirnato + 1 primjerak na CD-u | C143: komplet | D143: 1 | E143: 330 | F143: =ROUND(D143*E143,2) -> 330
A145: 2.A.3. | B145: PROJEKT IZVEDENOG STANJA UKUPNO: | F145: =SUM(F143:F144) -> 330
A148: 2.A. | B148: KROVNA FOTONAPONSKA ELEKTRANA UKUPNO: | F148: =SUM(F145,F138,F121) -> 15771.39
A151: 2.B. | B151: ELEKTROINSTALACIJE
B153: OPĆI UVJETI
...

Sheet 3. STROJARSKI
A1: 3. | B1: STROJARSKE INSTALACIJE
A3: RB | B3: STAVKA | C3: JEDINICA MJERE | D3: KOLIČINA | E3: JEDINIČNA CIJENA | F3: UKUPNA CIJENA
A5: 3.1. | B5: DIZALICA TOPLINE
B7: NAPOMENA:
B8: Sitni potrošni materijal koji nije posebno specificiran, a potreban je za montažu navedenog materijala i opreme žica za varenje, plin, pile za željezo i sl. uključen je u cijenu ponude.
B9: Građevinska pripomoć na uspostavi prodora potrebnih za polaganje cjevovoda iz trošovnika, zaštita cjevovoda u podu i križanja sa ostalim instalacijama obuhvaća sve potrebne radove na izradi prodora u zidovima, podovima i stropovima u kojima se otvori ne moraju izvoditi strojno te se isto obračunavaju u ponudi.
B10: Oprema se montira do pune pogonske gotovosti.
A13: 3.1.1. | B13: Dobava i montaža dizalice topline sa zrakom hlađenim kondenzatorom (aksijalnim ventilatorima) i hidrauličkim modulom kao kompaktna jedinica sa scroll rashladnim kompresorom, sve u izvedbi za vanjsku ugradnju Kompresor je DC inverter sa promjenjivim učinom što omogučava da jedinica radi bez hidrauličkog spremika (uz zadovoljen uvjet minimalne količine radnog medija). U sklopu uređaja nalazi se elektrokomandni ormar sa mikroprocesorskim regulatorom za upravljanje radom uređaja uz mogućnosti klizanja prema vanjskoj temperaturi, nadzor radnih parametara, dijagnozu greške, mogućnost izbora postavne vrijednosti i prikaz parametara. Hidraulički modul se satoji od cirkulacijske crpke (promjenjivog protoka), ekspanzijske posude i sigurnosnog ventila. Za zaštitu hidrauličkog modula od smrzavanja isporučuje se sa ugrađenim elektrogrijačem
B14: Uređaj se ispručuje s kaskadnim ragulatorom za vođenje tri vjedinice i pripremu PTV-a Uz uređaj se isporučuju protočna sklopka (flow switch), ožićeni daljinski upravljač i antivibracijska postolja kriterij za nuđenje: učin grijanja pri -15°C i 40/45°C ne manji od traženog, energetski razred A +++ u grijanju i buka( zvučna snaga) ne veća od tražene Qh=14,5 kW pri 7/12°C, Tok=35°C Qg= 16kW pri 40/45°C, Tok=-15° Qg= 16kW pri 30/35°C, Tok=7° SCOP: 4,46 Lw= 66dB(A) | C14: komplet | D14: 3 | E14: 12000 | F14: =ROUND(D14*E14,2) -> 36000
A16: 3.1.2. | B16: Dobava i montaža zaporne kuglaste slaviea sa ispustom u kompletu sa holenderima i brtvama
B17: NO40 | C17: komad | D17: 6 | E17: 50 | F17: =ROUND(D17*E17,2) -> 300
A19: 3.1.3. | B19: Dobava i montaža hvatača nečistoća u kompletu sa holenderima i brtvama
B20: NO40 | C20: komad | D20: 3 | E20: 300 | F20: =ROUND(D20*E20,2) -> 900
A22: 3.1.4. | B22: Dobava i montaža Fleksibilnog spoja dizalice topline na cijevnu instalaciju grijanja i hlađenja, uključivo holendere i brtve
B23: NO40 | C23: komad | D23: 6 | E23: 100 | F23: =ROUND(D23*E23,2) -> 600
A25: 3.1.5. | B25: Dobava i montaža bakrene cijevi za razvod medija, u kompletu sa koljenima, prelaznim komadima i račvama, dimenzija:
B26: Ø42 mm | C26: m | D26: 45 | E26: 60 | F26: =ROUND(D26*E26,2) -> 2700
B27: Ø54 mm | C27: m | D27: 20 | E27: 70 | F27: =ROUND(D27*E27,2) -> 1400
A29: 3.1.6. | B29: Dobava i montaža izolacija cjevovoda od pjenastog polimera (PEEF) sa parnom branom, za sustave klimatizacije, u kompletu sa ljepilom i trakom Toplinska vodljivost izolacije λ (0°C) ≤ 0,35 W/mK, koeficijent otpora difuziji vodene pare μ ≥ 10.000 Razred reakcije na požar prema HRN EN13501.1: B-s3d0 ili jednakovrijedno. kriterij za nuđenje: toplinska vodljivost izolacije ne manja od tražene i odgovarajući razred reakcije na požar
B30: 9x42 mm | C30: m | D30: 45 | E30: 8 | F30: =ROUND(D30*E30,2) -> 360
B31: 9x54 mm | C31: m | D31: 25 | E31: 10 | F31: =ROUND(D31*E31,2) -> 250
A33: 3.1.7. | B33: Punjenje sustava dizalice topline smjesom propilen glikola točke smrzavanja -25°C | C33: l | D33: 150 | E33: 8 | F33: =ROUND(D33*E33,2) -> 1200
A35: 3.1.8. | B35: Dobava i montaža automatskog odzračnog lončića u kompletu sa nepovratnim ventilom radi mogućnost izmjene lončića pod tlakom | C35: komad | D35: 6 | E35: 50 | F35: =ROUND(D35*E35,2) -> 300
A37: 3.1.9. | B37: Čelični profili, navojne šipke i obujmice za ovješenje cjevovoda i opreme, u kompletu sa antikorozivnom zaštitom | C37: kg | D37: 80 | E37: 7 | F37: =ROUND(D37*E37,2) -> 560
A39: 3.1.10. | B39: Izrada građevinskog postolja za dizalicu topline Postolje se izrađuje od pocinčanih čeličnih profila, stavka obuhvaća izradu radioničkih nacrta, statički proračun, dopremu, antikorozivnu zaštitu, ličenje i ugradnju materijala Okvirna težina: 150kg | C39: komplet | D39: 3 | E39: 500 | F39: =ROUND(D39*E39,2) -> 1500
A41: 3.1.11. | B41: Korištenje auto dizalice za postavljanje opreme u podrum objekta Visina dizanja sa okolnog terena H= 2m | C41: komplet | D41: 1 | E41: 300 | F41: =ROUND(D41*E41,2) -> 300
A43: 3.1.12. | B43: Tlačna proba izvedenog dijela instalacije | C43: komplet | D43: 1 | E43: 100 | F43: =ROUND(D43*E43,2) -> 100
A45: 3.1.13. | B45: Ispiranje instalacija grijanja vodom do postizanja zadovoljavajuće čistoće | C45: komplet | D45: 1 | E45: 100 | F45: =ROUND(D45*E45,2) -> 100
A47: 3.1.14. | B47: Elektro povezivanje dizalice topline | C47: komplet | D47: 3 | E47: 100 | F47: =ROUND(D47*E47,2) -> 300
A49: 3.1.15. | B49: Puštanje u pogon opreme, programiranje parametara, ovjera garancije od strane ovlaštenog servisera, obuka korisnika, dostava uputa na hrvatskom jeziku | C49: komplet | D49: 1 | E49: 2000 | F49: =ROUND(D49*E49,2) -> 2000
A51: 3.1. | B51: DIZALICA TOPLINE UKUPNO: | F51: =SUM(F14:F49) -> 48870
A53: 3.2. | B53: STROJARNICA
B55: NAPOMENA:
B56: Sitni potrošni materijal koji nije posebno specificiran, a potreban je za montažu navedenog materijala i opreme žica za varenje, plin, pile za željezo i sl. uključen je u cijenu ponude.
B57: Građevinska pripomoć na uspostavi prodora u zidovima i podovima za prolaz cjevovoda uključena je u cijenu ponude.
B58: Oprema se montira do pune pogonske gotovosti.
A61: 3.2.1. | B61: Dobava i montaža samostojćeg izoliraog spremnika za pripremu PTV pomoću dizalica topline. Spiralni izmjenivač ugrađen u spremnik je povećane površine za rad sa dizalicama topline. Spremnik je izrađen od čeličnog lima zaštičenog dvokomponentni premazom za pitku vodu, anodnom zaštitom od korozije u kompletu sa termometrima i priključcima za: hladnu vodu, PTV, recirkulaciju i dizalicu topline kriterij za nuđenje: volumen, učin i snaga el grijača ne manji od V= 750 litara, Qg=40 kW, 10/45°C, polaz dizalice 50°C dimenzija: Ø855xH2050 dodatni el. grijač Nel= 3 kW, 230V | C61: komad | D61: 1 | E61: 2000 | F61: =ROUND(D61*E61,2) -> 2000
A63: 3.2.2. | B63: Dobava i montaža akumulacijskog spremnika od čeličnog lima, samostojeći, odložen izolacijom za sustave klimatizacije i grijanja u kompletu sa priključcima, ispusnom slavinom i odzrakom Koristi se i kao hidraulička skretnica kriterij za nuđenje: volumen ne manji od V= 100 lit | C63: komad | D63: 1 | E63: 500 | F63: =ROUND(D63*E63,2) -> 500
A65: 3.2.3. | B65: Dobava i montaža elektronski regulirane cirkulacijske crpke za podno grijanje, u kompletu sa holenderima i brtvama ili sa prirubnicama, brtvama, vijcima i maticama kriterij za nuđenje: protok i visina dobave ne manji od tražene V= 3,53m3/h H= 7 mVS N= 150 W /230 V | C65: komad | D65: 1 | E65: 800 | F65: =ROUND(D65*E65,2) -> 800
A67: 3.2.4. | B67: Dobava i montaža elektronski regulirane cirkulacijske crpke za ventilokovektorsko grijanje, u kompletu sa holenderima i brtvama ili sa prirubnicama, brtvama, vijcima i maticama kriterij za nuđenje: protok i visina dobave ne manji od tražene V= 5,8 m3/h H= 7 mVS N= 180 W /230 V | C67: komad | D67: 1 | E67: 1000 | F67: =ROUND(D67*E67,2) -> 1000
A69: 3.2.5. | B69: Dobava i montaža crpke za recirkulaciju PTV-a, u kompletu sa nepovratnim ventilom, holenderima i brtvom kriterij za nuđenje: protok i visina dobave ne manji od tražene V= 250 lit/h, H= 1 mVS N= 7 W / 230 V | C69: komad | D69: 1 | E69: 600 | F69: =ROUND(D69*E69,2) -> 600
A71: 3.2.6. | B71: Dobava i montaža Ionskog omekšivača vode za pripremu vode, automatski upravljan s jednim ionskim filterom, kućna izvedba Kompaktna izvedba sastavljena od ionskoga filtera, posude za sol, cjevovoda, armature, regulacijskog ventila te punjenja ionskom masom Uz omekšivač se isporučuje indikator za ispitivanje ostatne tvrdoće omekšane vode kriterij za nuđenje: kapacitet ne manji od traženog Kapacitet: 1,0 m3/h pri dp=1 bar Količina ionske mase: 15 lit Količina soli: 50 kg | C71: komplet | D71: 1 | E71: 1500 | F71: =ROUND(D71*E71,2) -> 1500
A73: 3.2.7. | B73: Dobava i montaža sabirnika/razdjelnik sustava grijanja u kompletu sa nogarama i ovjesnim materijalom, izrađen od čelične cijevi NO100 dužine 1,5 m, priključci: 1 x NO50 spoj 1x NO32 1x NO50 1 x NO15 pp slavina i manometar 1/2" | C73: komad | D73: 2 | E73: 1000 | F73: =ROUND(D73*E73,2) -> 2000
A75: 3.2.8. | B75: Dobava i montaža membranske ekspanzijske posude sustava grijanja kriterij za nuđenje: radni tlak i volumen ne manji od Volumen posude: V=50 lit, 6 bar | C75: komad | D75: 1 | E75: 100 | F75: =ROUND(D75*E75,2) -> 100
A77: 3.2.9. | B77: Ekspanzijska posuda sustava PTV-a kriterij za nuđenje: volumen ne manji od volumena10 lit, PN 6 | C77: komad | D77: 1 | E77: 100 | F77: =ROUND(D77*E77,2) -> 100
A79: 3.2.10. | B79: Dobava i ugradnja sigurnosni ventil za PTV 10 bara
B80: NO15 | C80: komad | D80: 1 | E80: 50 | F80: =ROUND(D80*E80,2) -> 50
A82: 3.2.11. | B82: Dobava i montaža troputog prekretnog ventila elektromotornim pogonom u kompletu sa protuprirubnicama, brtvama, vijcima i maticama, te svim potrebnim montažnim i potrošnim materijalom
B83: NO40 | C83: komad | D83: 1 | E83: 250 | F83: =ROUND(D83*E83,2) -> 250
A85: 3.2.12. | B85: Dobava i montaža elektronski regulirane cirkulacijske crpke buffera, u kompletu sa holenderima i brtvama ili sa prirubnicama, brtvama, vijcima i maticama kriterij za nuđenje: protok i visina dobave ne manji od tražene V= 8,3 m3/h H= 3,5 mVS N= 140 W /230 V | C85: komad | D85: 1 | E85: 800 | F85: =ROUND(D85*E85,2) -> 800
A87: 3.2.13. | B87: Dobava i montaža pločastog izmjenjivača u kompletu sa izolacijom, montažnom konzolom, brtvama, holenderima ili protuprirubnicama, brtvama, spojnim i montažnim materijalom kriterij za nuđenje:učin ne manji od i pad tlaka ne veći od tražeog Q=48 kW Primar: propilen glikol 35%, 50/45°C, dp=20Pa Sekundar: voda, 45/40°C, dp=20 Pa | C87: komad | D87: 1 | E87: 1500 | F87: =ROUND(D87*E87,2) -> 1500
A89: 3.2.14. | B89: Dobava i montaža zaporne kuglaste slavine u kompletu sa holenderima i brtvama ili sa prirubnicama, brtvama, vijcima i maticama, te svim potrebnim montažnim i potrošnim materijalom
B90: NO15 | C90: komad | D90: 4 | E90: 20 | F90: =ROUND(D90*E90,2) -> 80
B91: NO25 | C91: komad | D91: 2 | E91: 25 | F91: =ROUND(D91*E91,2) -> 50
B92: NO32 | C92: komad | D92: 6 | E92: 30 | F92: =ROUND(D92*E92,2) -> 180
B93: NO40 | C93: komad | D93: 2 | E93: 35 | F93: =ROUND(D93*E93,2) -> 70
B94: NO50 | C94: komad | D94: 12 | E94: 40 | F94: =ROUND(D94*E94,2) -> 480
B95: NO65 | C95: komad | D95: 2 | E95: 50 | F95: =ROUND(D95*E95,2) -> 100
A97: 3.2.15. | B97: Dobava i montaža hvatača nečistoća u kompletu sa holenderima i brtvama ili sa prirubnicama, brtvama, vijcima i maticama, te svim potrebnim montažnim i potrošnim materijalom
B98: NO32 | C98: komad | D98: 3 | E98: 30 | F98: =ROUND(D98*E98,2) -> 90
B99: NO50 | C99: komad | D99: 1 | E99: 50 | F99: =ROUND(D99*E99,2) -> 50
A101: 3.2.16. | B101: Dobava i montaža nepovratnog ventila u kompletu sa holenderima i brtvama ili sa prirubnicama, brtvama, vijcima i maticama, te svim potrebnim montažnim i potrošnim materijalom
B102: NO32 | C102: komad | D102: 1 | E102: 30 | F102: =ROUND(D102*E102,2) -> 30
A104: 3.2.17. | B104: Dobava i montaža bakrene cijevi za razvod medija, u kompletu sa koljenima, T komadima, redukcijama, prelaznim komadima i spojnicama, dimenzija:
B105: Ø28 mm | C105: m | D105: 10 | E105: 30 | F105: =ROUND(D105*E105,2) -> 300
B106: Ø35 mm | C106: m | D106: 15 | E106: 40 | F106: =ROUND(D106*E106,2) -> 600
B107: Ø54 mm | C107: m | D107: 30 | E107: 50 | F107: =ROUND(D107*E107,2) -> 1500
B108: Ø64 mm | C108: m | D108: 10 | E108: 60 | F108: =ROUND(D108*E108,2) -> 600
A110: 3.2.18. | B110: Dobava i montaža izolacija cjevovoda od pjenastog polimera (PEEF) sa parnom branom, za sustave klimatizacije, u kompletu sa ljepilom i trakom Toplinska vodljivost izolacije λ (0°C) ≤ 0,35 W/mK, koeficijent otpora difuziji vodene pare μ ≥ 10.000 Razred reakcije na požar prema HRN EN13501.1: B-s3d0 kriterij za nuđenje toplinska vodljivost izolacije ne manja od tražene i odgovarajući razred reakcije na požar
B111: 9x28 mm | C111: m | D111: 10 | E111: 6 | F111: =ROUND(D111*E111,2) -> 60
B112: 9x35 mm | C112: m | D112: 15 | E112: 7 | F112: =ROUND(D112*E112,2) -> 105
B113: 9x54 mm | C113: m | D113: 30 | E113: 10 | F113: =ROUND(D113*E113,2) -> 300
B114: 9x64 mm | C114: m | D114: 10 | E114: 12 | F114: =ROUND(D114*E114,2) -> 120
A116: 3.2.19. | B116: Automatski odzračni lončić u kompletu sa nepovratnim ventilom radi mogućnost izmjene lončića pod tlakom | C116: komad | D116: 4 | E116: 50 | F116: =ROUND(D116*E116,2) -> 200
A118: 3.2.20. | B118: Punjenje instalacije ogrjevnim medijem, hladna i topla proba | C118: komplet | D118: 1 | E118: 1500 | F118: =ROUND(D118*E118,2) -> 1500
A120: 3.2.21. | B120: Elektropovezivanje opreme dizalice topline, regulacije, cirkulacijskih crpki i temperaturnih osjetnika | C120: komplet | D120: 1 | E120: 300 | F120: =ROUND(D120*E120,2) -> 300
A122: 3.2. | B122: STROJARNICA UKUPNO: | F122: =SUM(F61:F120) -> 17915
A124: 3.3. | B124: ELEKTRIČNI RADIJATORI
A126: 3.3.1. | B126: Dobava i montaža kupaonskiog cijevnog radijatoar sa ugrađenim elektrogrijačem sa termostatom i priključnim kabelom, montažnim i sitnim potrošnim materijalom kriterij za nuđenje: učin ne manji od tražeog H1275x400 Qgr = 398 W Nel = 400 W / 230 V Elektrospajanje opreme do pune pogonske gotovosti | C126: komad | D126: 7 | E126: 800 | F126: =ROUND(D126*E126,2) -> 5600
A128: 3.3. | B128: ELEKTRIČNI RADIJATORI UKUPNO: | F128: =SUM(F126:F126) -> 5600
A130: 3.4. | B130: PODNO GRIJANJE
B132: NAPOMENA:
B133: Sitni potrošni materijal koji nije posebno specificiran, a potreban je za montažu navedenog materijala i opreme žica za varenje, plin, pile za željezo i sl. uključen je u cijenu ponude.
B134: Građevinska pripomoć na uspostavi prodora potrebnih za polaganje cjevovoda iz trošovnika, zaštita cjevovoda u podu i križanja sa ostalim instalacijama obuhvaća sve potrebne radove na izradi prodora u zidovima, podovima i stropovima u kojima se otvori ne moraju izvoditi strojno te se ista obračunavaju u ponudi.
B135: Oprema se montira do pune pogonske gotovosti.
A138: 3.4.1. | B138: Dobava i montaža cijevi za podno grijanje izrađena od polietilena PE-Xc
B139: Ø17 x 2,0 mm | C139: m | D139: 800 | E139: 1.8 | F139: =ROUND(D139*E139,2) -> 1440
A141: 3.4.2. | B141: Držači za montažu cijevi za podno grijanje na toplinsku izolaciju od kaširanog ekspandiranog polistirena (EPS) | C141: komplet | D141: 1 | E141: 50 | F141: =ROUND(D141*E141,2) -> 50
A143: 3.4.3. | B143: Navojne spojnice za priključak cijevi na razdjelnike i lukovi za vođenje cijevi | C143: komplet | D143: 1 | E143: 150 | F143: =ROUND(D143*E143,2) -> 150
A145: 3.4.4. | B145: Dobava i montaža toplinske i zvučna izolacije u preklopnim pločama dimenzija 1,0 m x 0,5 m sa utisnutim rasterom za polaganje, koja se polaže na pod ispod cijevi podnog grijanja u kompletu sa ljepljivom trakom za spajanje ploča, izrađena od ekpandiranog polistrirena (EPS), kaširana čvrstom folijom otpornom na kidanje, debljine 30 mm | C145: m² | D145: 110 | E145: 12 | F145: =ROUND(D145*E145,2) -> 1320
A147: 3.4.5. | B147: Dobava i montaža PVC folija za razdvajanje EPS izolacije od bitumenske podloge, debljine 0,1 mm | C147: m² | D147: 110 | E147: 2 | F147: =ROUND(D147*E147,2) -> 220
A149: 3.4.6. | B149: Dobava i montaža dodatna toplinska izolacija u pločama dimenzija 1,2 m x 0,6 m, postavlja se na podove prema zemlji ispod izolacije podnog grijanja izrađena od ekspandiranog poliuretana (PUR), obostrano spojiva, debljine 30 mm | C149: m² | D149: 110 | E149: 12 | F149: =ROUND(D149*E149,2) -> 1320
A151: 3.4.7. | B151: Dobava i montaža rubna izolacijska traka od PE pjene za cementne estrihe visine 150 mm, debljine 8 mm | C151: m | D151: 440 | E151: 2 | F151: =ROUND(D151*E151,2) -> 880
A153: 3.4.8. | B153: Aditiv za poboljšavanje toplinske vodljivosti, savitljivosti i čvrstoće cementnog estriha na mjestima gdje se polažu cijevi podnog grijanja | C153: kg | D153: 22 | E153: 8 | F153: =ROUND(D153*E153,2) -> 176
A155: 3.4.9. | B155: Dobava i montaža kompaktni razdjelnik i sabirnik za polazne i povratne vode krugova podnog grijanja opremljen sa indikatorima protoka, ventilima za podešavanje protoka, zapornim ventilima sa adapterom za montažu elektromotornog pogona, čepovima, odzračnim ventilma, konzolama za montažu u ormarić i zapornim ventilima za cijeli razdjelnik, u kompletu sa spojnim i montažnim matertijalom
B156: 6 kruga | C156: komplet | D156: 1 | E156: 250 | F156: =ROUND(D156*E156,2) -> 250
A158: 3.4.10. | B158: Dobava i montaža ormarića za ugradnju razdjelnika podnog grijanja izrađen od plastificiranog pocinčanog čeličnog lima, odgovarajuće veličine i oblika sa svom potrebnom montažnom opremom, za ugradnju razdjelnika i sabirnika, u kompletu sa montažnim i spojnim materijalom
B159: 6 kruga | C159: komplet | D159: 1 | E159: 250 | F159: =ROUND(D159*E159,2) -> 250
A161: 3.4.11. | B161: Dobava i montaža elektrotermički pogon za ugradnju na ventil razdjelnika, prije isporuke uskladiti sa termostatima (24 ili 230 V) | C161: komad | D161: 6 | E161: 15 | F161: =ROUND(D161*E161,2) -> 90
A163: 3.4.12. | B163: Dobava i montaža termostat za upravljenje temperaturom prostora grijanje, sa digitalnim displajem, za montažu u zid | C163: komad | D163: 1 | E163: 60 | F163: =ROUND(D163*E163,2) -> 60
...

Sheet 4. VODOVOD I KANALIZACIJA
A1: 4. | B1: VODOVOD I KANALIZACIJA
A3: RB | B3: STAVKA | C3: JEDINICA MJERE | D3: KOLIČINA | E3: JEDINIČNA CIJENA | F3: UKUPNA CIJENA
A5: 4.A. | B5: VANJSKI VODOVOD I KANALIZACIJA
A7: 4.A.1. | B7: ZEMLJANI RADOVI - VODOVOD
A9: 4.A.1.1. | B9: Geodetsko iskolčenje trase vanjskog vodovoda prije izvođenja radova-dužina 112m | C9: m | D9: 112 | E9: 10 | F9: =ROUND(D9*E9,2) -> 1120
A11: 4.A.1.2. | B11: Iskop kanala u zemljištu tipa A za polaganje vodovodnih cijevi. Dubinu iskopa izvesti do 1,2m. Širina rova 0,6m. Predviđen je ručni iskop 30% i strojni iskop 70%.
B12: - iskop | C12: m³ | D12: 80.7 | E12: 20 | F12: =ROUND(D12*E12,2) -> 1614
A14: 4.A.1.3. | B14: Proširenje dna rova u zemljištu tipa A radi izvedbe vodomjernog okna. Iskopani materijal odbaciti na udaljenost preko 1.0 m od bočne ivice rova, kako bi se spriječilo urušavanje iskopanog materijala u rov. | C14: m³ | D14: 115 | E14: 20 | F14: =ROUND(D14*E14,2) -> 2300
A16: 4.A.1.4. | B16: Planiranje dna rova s odstupanjem ± 2.0 cm. | C16: m² | D16: 67.5 | E16: 5 | F16: =ROUND(D16*E16,2) -> 337.5
A18: 4.A.1.5. | B18: Dobava pijeska, ubacivanje u rov, te izrada pješčane posteljice na dnu rova, u sloju debljine 10 cm. | C18: m³ | D18: 6.75 | E18: 50 | F18: =ROUND(D18*E18,2) -> 337.5
A20: 4.A.1.6. | B20: Dobava pijeska, ubacivanje u rov, te razastiranje s laganim nabijanjem oko i do visine od 15 cm iznad tjemena cijevi. | C20: m³ | D20: 10.1 | E20: 50 | F20: =ROUND(D20*E20,2) -> 505
A22: 4.A.1.7. | B22: Dobava i polaganje u rov iznad vodovodnih cijevi PVC trake sa natpisom "POZOR - VODOVOD" i vodljivom žicom za detekciju trase | C22: m | D22: 112 | E22: 1 | F22: =ROUND(D22*E22,2) -> 112
A24: 4.A.1.8. | B24: Zatrpavanje rova materijalom od iskopa, po slojevima do 30 cm, uz istovremeno obilno močenje i nabijanje materijala ručnim nabijačima. U materijalu ne smije biti kamenja promjera većeg od 12 cm. | C24: m³ | D24: 64 | E24: 20 | F24: =ROUND(D24*E24,2) -> 1280
A26: 4.A.1.9. | B26: Odvoz materijala preostalog od iskopa, nakon zatrpavanja rova na gradsku deponiju (do 30 km), uključivo utovar, istovar i razastiranje. Količina u rastresitom stanju za zemljište III kategorije | C26: m³ | D26: 165 | E26: 20 | F26: =ROUND(D26*E26,2) -> 3300
A28: 4.A.1.10. | B28: Planiranje terena nakon izvršenog zatrpavanja rova. Pretpostavljena širina planiranja je 1,0 m. Obračun po m2 obrađene površine. | C28: m² | D28: 112 | E28: 10 | F28: =ROUND(D28*E28,2) -> 1120
A30: 4.A.1. | B30: ZEMLJANI RADOVI - VODOVOD UKUPNO: | F30: =SUM(F28,F26,F24,F22,F20,F18,F16,F14,F12,F9) -> 12026
A32: 4.A.2. | B32: ZEMLJANI RADOVI - KANALIZACIJA
A34: 4.A.2.1. | B34: Geodetsko iskolčenje trase vanjske kanalizacije prije izvođenja radova-dužina 41m | C34: komplet | D34: 1 | E34: 500 | F34: =ROUND(D34*E34,2) -> 500
A36: 4.A.2.2. | B36: Iskop kanala u zemljištu III. kategorije za polaganje kanalizacijskih cijevi. Dubinu iskopa izvesti prema projektu, a pad kanala u projektiranom nagibu.Širina rova 0,8m. Predviđen je ručni iskop 30% i strojni iskop 70%. NAPOMENA: Točnu kategoriju zemlje utvrditi na licu mjesta. | C36: m³ | D36: 65.6 | E36: 20 | F36: =ROUND(D36*E36,2) -> 1312
B37: - iskop | C37: m³ | D37: 45.2 | E37: 20 | F37: =ROUND(D37*E37,2) -> 904
B38: Proširenje dna rova u zemljištu III. kategorije radi izvedbe revizionog okna, bio pročistača,upojnih bunara. Iskopani materijal odbaciti na udaljenost preko 1.0 m od bočne ivice rova, kako bi se spriječilo urušavanje iskopanog materijala u rov.
A40: 4.A.2.3. | B40: Planiranje dna rova s odstupanjem ± 2.0 cm. | C40: m² | D40: 32.8 | E40: 5 | F40: =ROUND(D40*E40,2) -> 164
A42: 4.A.2.4. | B42: Dobava pijeska i izrada posteljice za kanalizacijske cijevi. Posteljica ispod kanalizacijskih cijevi je debljine 10 cm. Nabija se strojnim i ručnim nabijačima i po potrebi vlaži. Posteljica mora biti ravna, prilagođena obliku cijevi i uzdužnom padu tako da cijevi po cijeloj dužini naliježu na istu. Podmetanje kamena ispod cijevi ili podupiranje najstrože se zabranjuje. Obračun po m3 izvedene posteljice. | C42: m³ | D42: 3.28 | E42: 50 | F42: =ROUND(D42*E42,2) -> 164
A44: 4.A.2.5. | B44: Dobava materijala i izrada obloge za kanalizacijske cijevi. Oko prethodno montiranih kanalizacijskih cijevi izvodi se obloga od sitnog materijala - pijesak ili finiji zamjenski materijal iz pozajmišta (0-40 mm), a do visine 30 cm iznad vrha tjemena cijevi. Obračun po m3 izvedene obloge. | C44: m³ | D44: 15 | E44: 50 | F44: =ROUND(D44*E44,2) -> 750
A46: 4.A.2.6. | B46: Dobava i polaganje u rov iznad kanalizacijski cijevi PVC trake sa natpisom "POZOR - kanalizacija" i vodljivom žicom za detekciju trase | C46: m | D46: 41 | E46: 1 | F46: =ROUND(D46*E46,2) -> 41
A48: 4.A.2.7. | B48: Zatrpavanje rova materijalom od iskopa, po slojevima od 30 cm, uz istovremeno obilno močenje i nabijanje materijala ručnim nabijačima. | C48: m³ | D48: 48 | E48: 20 | F48: =ROUND(D48*E48,2) -> 960
A50: 4.A.2.8. | B50: Odvoz viška materijala na deponiju Sav višak materijala iz iskopa rovova za kanalizacijske kolektore i priključke, građevinskih jama za kontrolna okna i vodolovna grla, a koji je ostao nakon zatrpavanja istih mora se odvesti na deponiju udaljenosti do 30 km. U cijenu je uključen utovar, prijevoz, istovar, te razastiranje materijala. Obračun po m3 materijala, u rastresitom stanju. | C50: m³ | D50: 78.5 | E50: 20 | F50: =ROUND(D50*E50,2) -> 1570
A52: 4.A.2.9. | B52: Planiranje terena nakon izvršenog zatrpavanja rova. Pretpostavljena širina planiranja je 1,0 m. Obračun po m2 obrađene površine. | C52: m² | D52: 41 | E52: 10 | F52: =ROUND(D52*E52,2) -> 410
A54: 4.A.2. | B54: ZEMLJANI RADOVI - KANALIZACIJA UKUPNO: | F54: =SUM(F34:F52) -> 6775
A56: 4.A.3. | B56: BETONSKI RADOVI - VODOVOD
A58: 4.A.3.1. | B58: Izrada betonskih sidrenih blokova na horizontalnim lomovima trase cjevovoda betonom C 15/20. U cijenu uključeno proširenje i produbljenje rova na mijestu bloka te izvedba u odgovarajućoj oplati. | C58: komad | D58: 3 | E58: 100 | F58: =ROUND(D58*E58,2) -> 300
A60: 4.A.3.2. | B60: Vodosprema hidrantske mreže - 108 m3 korisnog volumena - vidi projekt arhitekture (stavka A.B.3.6.) Stavka uključuje kompletnu armaturu za nadopunu vodospreme, uključujući kutni ventil sa plovkom DN40mm, usisnu košaru DN100 te pripadajuči cjevovod. Sve komplet za potpunu funkcionalnost protupožarne vodospreme.
B61: NAPOMENA: Prije izvođenja radova dimenzije kontrukcije i armiranje usuglasiti sa projektom konstrukcije. Točne pozicije proboja utvrditi sa proizvođaćem opreme. | C61: komplet | D61: 1 | E61: 2000 | F61: =ROUND(D61*E61,2) -> 2000
A63: 4.A.3.3. | B63: Sanacija filtera postojećeg spremnika pitke vode, koji uključuje izmjenu šljunka. Podrazumijeva sav rad i materijal, sve prijevoze i prijenose.“ | C63: komplet | D63: 1 | E63: 1000 | F63: =ROUND(D63*E63,2) -> 1000
A65: 4.A.3.4. | B65: Izrada betonskih osiguranja kapa i uporišta vanjskih hidranata betonom C 20. U cijenu uključeno proširenje i produbljenje rova na mjestu uporišta i osiguranja te izvedba u odgovarajučoj oplati. | C65: komad | D65: 1 | E65: 500 | F65: =ROUND(D65*E65,2) -> 500
A67: 4.A.3.5. | B67: Izrada suhozida oko hidranta uključivo ispuna pijeskom. Suhozid izvesti od opeke dimenzija 12x25x6,5cm. | C67: komad | D67: 1 | E67: 300 | F67: =ROUND(D67*E67,2) -> 300
A69: 4.A.3.6. | B69: Dobava i ugradnja betona C15/20 za izradu betonskog postolja hidrantskog ormarića. U cijenu uračunata potrebna oplata, sav materijal i rad. | C69: komad | D69: 1 | E69: 300 | F69: =ROUND(D69*E69,2) -> 300
A71: 4.A.3. | B71: BETONSKI RADOVI - VODOVOD UKUPNO: | F71: =SUM(F58:F69) -> 4400
A73: 4.A.4. | B73: BETONSKI RADOVI - KANALIZACIJA
A75: 4.A.4.1. | B75: Izvedba revizionog okna na kanalizaciji armiranim vodonepropusnim nabijenim betonom C30/37 u dvostranoj oplati, debljine stijenki 20 cm. Stjenke okna ožbukati cementnom žbukom 1:2 zaglađenom do crnog sjaja. Iznad okna na dubini oko 10 cm od kote uređenog terena izvesti armirano-betonsku ploču C25/30, debljine 15 cm s otvorom za silazak u okno. Iznad otvora u ploči montirati poklopac s okvirom veličine poklopca 600x600 mm za opterećenje B125kN na prometnim površinama i A15 na zelenim površinama (uzeti u obzir u ovoj stavci). U cijeni je izvedba, dobava i ugradnja stupaljki u stjenke revizionog okna izrađene iz lijevanog željeza. Prije ugradbe, stupaljke od korozije zaštititi dvostrukim premazom uljane boje.
B76: a) dubine do 1,4m - vel. 80x80 cm | C76: komad | D76: 2 | E76: 1300 | F76: =ROUND(D76*E76,2) -> 2600
B77: a) dubine od 1,4m - vel. 100x100 cm | C77: komad | D77: 2 | E77: 1500 | F77: =ROUND(D77*E77,2) -> 3000
A79: 4.A.4.2. | B79: Iskop i izvedba upojnog bunara perforiranim cijevima (dužina cijevi iznosi 3.0 m), HRN U.N1.050 ili jednakovrijedno za montažu na pero i utor. Najprije će se izvesti donji betonski vijenac u MB 30, debljine 26 cm, te betonsku cijev ubetonirati u isti. Iznad betonskih cijevi izvesti će se armirano-betonska ploča. Ploču izvesti betonom MB 30, debljine 15 cm sa zubom oko cijevi debljine 11 cm. Na ploči će se ostaviti otvor veličine 60x60 cm za silazak u upojni bunar. Iznad otvora u ploči montirati poklopac s okvirom veličine poklopca 600x600 mm (uzeti u obzir u ovoj stavci). Na dnu upojnog bunara nasuti drenažni šljunak u sloju debljine 50 cm. Stavka uključuje i odvoz materijala preostalog od iskopa na gradsku deponiju (do 5 km), uključivo utovar, istovar i razastiranje.
B80: upojni bunar vel. Ø 1200 cm, efektivne dubine 2,0m | C80: komad | D80: 3 | E80: 1500 | F80: =ROUND(D80*E80,2) -> 4500
A82: 4.A.4. | B82: BETONSKI RADOVI - KANALIZACIJA UKUPNO: | F82: =SUM(F75:F80) -> 10100
A84: 4.A.5. | B84: VODOVODNI RADOVI
A86: 4.A.5.1. | B86: Dobava i montaža cijevi iz polietilena za pitku vodu. Cijevi su predviđene za izvedbu priključnog sanitarnog voda sa radnim tlakom do 10 bar u mreži. Serija cijevi u odnosu na radni tlak: S 5. U dužni metar cijevi uračunato je spajanje cijevi, ispitivanje zavarenih dijelova na nepropusnost i čvrstoću te popravak oštećenja. U stavku uračunati i elektrospojnice i sve fazonske komade.
B87: a) PEHD - 125x11,4mm | C87: m | D87: 37 | E87: 40 | F87: =ROUND(D87*E87,2) -> 1480
B88: a) PEHD - 40x3,7mm | C88: m | D88: 32 | E88: 20 | F88: =ROUND(D88*E88,2) -> 640
B89: a) PEHD - 32x3,0mm | C89: m | D89: 52 | E89: 15 | F89: =ROUND(D89*E89,2) -> 780
A91: 4.A.5.2. | B91: Dobava i montaža PVC SN4 tvrdih zaštitnih cijevi za provođenje PEHD vodovodnih cijevi ispod temelja, uz kanalizaciju i na probojima. Na proboje se postavlju zaštitne PVC cijevi te uvodnice. Za cijev DN32 potrebni profil zaštitne cijevi iznosi DN75.
B92: a) PVC DN75 | C92: m | D92: 50 | E92: 20 | F92: =ROUND(D92*E92,2) -> 1000
A94: 4.A.5.3. | B94: Dobava i montaža svih potrebnih elemenata (NP 10 bara) za izradu hidrantskog priključka. U cijenu su uključeni vijci, sav brtveni i spojni materijal te potreban rad. Obračun po montiranom komadu. Sve komplet. Elektrospojnice za PEHD cijevi PEHD 110 - kom 3 Tuljak sa prirubnicom DN 110 mm - kom 1 EV zasun (tip V2-06) DN 100 mm - kom 1 N 90 (DIN 28538) DN 100 mm - kom 1 Zasunska kapa - kom 1 Nadzemni ukrasni hidrant s lomljivim stupom. Oblik i mjere prema HRN EN 1074-6 ili jednakovrijedno. Hidrant s dvije B - spojke Ø 65 i jednom A - spojkom Ø 100. Materijal – sklop. Proizvodi se prema HRN EN 1074-6 ili jednakovrijedno. Potrebna dimenzija:
B95: DN 100 x 2200; PN 10 | C95: komplet | D95: 1 | E95: 1000 | F95: =ROUND(D95*E95,2) -> 1000
A97: 4.A.5.4. | B97: Dobava i montaža protupožarnog ormarića za vanjsku hidrantsku mrežu sa svom opremom. U cijenu su uključeni vijci, sav brtveni i spojni materijal te potreban rad. Ključ za spojnice ABC - kom1 Tlačna trevira cijev ∅ 52 mm l = 20 m sa spojnicama C - kom4 Mlaznica sa zasunom ∅ 52 mm - kom 2 Ormarić Temelj veličine 30 x 50 x 90 cm iz betona C-20 - kom2 | C97: komplet | D97: 1 | E97: 700 | F97: =ROUND(D97*E97,2) -> 700
A99: 4.A.5.5. | B99: Dobava i montaža protupožarne hidrostanice sa dvije paralelno spojene crpke montirane na zajednički okvir, ulaznim i izlaznim kolektorom (sve od nehrđajućeg čelika), armaturom, ormarićem za upravljanje sa ugrađenom mikroprocesorom kontroliranom jedinicom s LCD zaslonom, mogućnošću automatske kaskadne kontrole crpki, automatskom samokontrolom crpki te funkcijama zaštite i monitoringa crpki. Ugrađene crpke su vertikalne, in line crpke s patronskim mehaničkim brtvama, ugrađenom termičkom zaštitom, izrađene iz nehrđajućeg čelika. Nepovratni ventili moraju biti ugrađeni na usisnoj strani svake crpke. Sa hidrostanicom isporučiti membranski spremnik kapaciteta 300 lit, PN10 bar te senzor tlaka za zaštitu od rada na suho, zidnu elektro grijalicu 1kW kao zaštita od smrzavanja, muljnu pumpu Pel=300W te ventilator snage 200W kao zaštita od prevelike vlage u prostoriji hidrostanice.
B100: RADNA TOČKA HIDROSTANICE: Q=15 l/s H=47 m Režim rada: dvije radne crpke | C100: komplet | D100: 1 | E100: 3500 | F100: =ROUND(D100*E100,2) -> 3500
A102: 4.A.5.6. | B102: Dobava i montaža hidrostanice za podizanje tlaka sanitarne vode. Stavka uključuje dvije paralelno spojene crpke Pel.= 2x 1,5 kW Nazivni napon: 3 x 380-415 V -muljna pumpa za slučaj propuštanja Pel.= 300W -ventilacija okna= 200W -zidna el. grijalica= 800W -na spoj hidrostanice ugraditi bypass te 3x kuglasti ventil za zatvaranje u sva 3 smjera Radna točka pumpe: Q=1,5 l/s H=45 m NAPOMENA: izvođač je dužan dovesti stavku do potpune funkcionalnosti. Uz hidrostanicu isporučiti i izjavu o sukladnosti. Puštanje u pogon hidrostanice treba biti izvedeno od strane servisa ovlaštenog od proizvođača. | C102: komplet | D102: 1 | E102: 2500 | F102: =ROUND(D102*E102,2) -> 2500
A104: 4.A.5.7. | B104: Dobava i ugradnja vrtne fontane (slavine). U stavku uključiti sav sitni i potrošni materijal koji je potreban za dovođenje stavke do potpune funkcionalnosti. | C104: komplet | D104: 2 | E104: 50 | F104: =ROUND(D104*E104,2) -> 100
A106: 4.A.5.8. | B106: Ispiranje te ispitivanje kompletne vodovodne mreže pod tlakom 6 i 10 bara | C106: komplet | D106: 1 | E106: 300 | F106: =ROUND(D106*E106,2) -> 300
A108: 4.A.5.9. | B108: Dezinfekcija kompletne vodovodne mreže sredstvom za dezinfekciju prema uputstvu za dezinfekciju | C108: komplet | D108: 1 | E108: 300 | F108: =ROUND(D108*E108,2) -> 300
A110: 4.A.5.10. | B110: Bakteriološka analiza uzoraka vode iz cjevovoda nakon dezinfekcije, ovjerena od ovlaštene institucije | C110: komplet | D110: 1 | E110: 250 | F110: =ROUND(D110*E110,2) -> 250
A112: 4.A.5. | B112: VODOVODNI RADOVI UKUPNO: | F112: =SUM(F87:F110) -> 12550
A114: 4.A.6. | B114: KANALIZACIJSKI RADOVI - MONTAŽNI
A116: 4.A.6.1. | B116: Dobava i montaža tvrdih PVC SN4 i SN8 tvrdih cijevi i fazonskih komada za kanalizaciju. Spajanje cijevi izvoditi gumenim prstenima
B117: DN 150 mm | C117: m | D117: 43 | E117: 40 | F117: =ROUND(D117*E117,2) -> 1720
B118: DN 150 mm | C118: komad | D118: 4 | E118: 40 | F118: =ROUND(D118*E118,2) -> 160
B119: DN 150 mm | C119: m | D119: 28 | E119: 40 | F119: =ROUND(D119*E119,2) -> 1120
B120: DN 125 mm | C120: m | D120: 47 | E120: 30 | F120: =ROUND(D120*E120,2) -> 1410
B121: DN 100 mm | C121: m | D121: 38 | E121: 25 | F121: =ROUND(D121*E121,2) -> 950
B122: DN 150 mm | C122: komad | D122: 9 | E122: 40 | F122: =ROUND(D122*E122,2) -> 360
B123: DN 125 mm | C123: komad | D123: 28 | E123: 30 | F123: =ROUND(D123*E123,2) -> 840
B124: DN 100 mm | C124: komad | D124: 17 | E124: 25 | F124: =ROUND(D124*E124,2) -> 425
A126: 4.A.6.2. | B126: Dobava i ugradnja vodonepropusne brtve - priključka na betonsko reviziono okno za PVC cijevi
B127: a) DN150 | C127: komad | D127: 10 | E127: 80 | F127: =ROUND(D127*E127,2) -> 800
B128: b) DN125 | C128: komad | D128: 1 | E128: 60 | F128: =ROUND(D128*E128,2) -> 60
A130: 4.A.6.3. | B130: Dobava i ugradnja biološkog uređaja za pročišćavanje sanitarno-potrošnih otpadnih voda, za 44 ES (ekvivalentnih stanovnika) sa spremnikom mulja, aeracijskom zonom, razvodom aeracije unutar aeracijske zone tanka, kompresorom za unos zraka, upravljački elektroormar i pripadajuća automatika, kao i sustav završne obrade otpadne vode te sav potreban spojni, montažni i brtveni materijal. Uređaj mora posjedovati otvore za inspekciju i pražnjenje. Na svakom otvoru predvidjeti ugradnju poklopca za zelenu površinu sa natpisom «pročistač». Spoj ulaz/izlaz fi 150 mm (prilagodljivo uvjetima na gradilištu). Uređaj posjeduje Certifikat kvalitete ISO 9001. Izrađen prema HRN EN 12566 ili jednakovrijednoj normi za izradu pročistača. Atestna dokumentacija, Upute za rad i Certifikati kvalitete uključeni u ovu stavku.
B131: Obračun se vrši po komadu kompletno dobavljenog i ugrađenog uređaja | C131: komad | D131: 1 | E131: 8000 | F131: =ROUND(D131*E131,2) -> 8000
A133: 4.A.6.4. | B133: SEPARATOR MASNOĆA Dobava i ugradnja separatora masti biljnog i životinjskog porijekla. Separator mora biti konstruiran, proizveden i testiran prema HRN EN 1825 ili jednakovrijedno, nazivne veličine NS 7 s integriranom taložnicom zapremnine 700 lit. Minimalni kapacitet uskladištene izdvojene masti mora biti 280 lit dok sveukupni volumen ne smije biti veći od 1.500 lit. Uljev i izljev separatora moraju biti DN 150, utični spoj s kliznom brtvom (prema HRN EN 1401 - UKC cijevi). Dubina uljevne cijevi mjereno od kote poklopca do kote dna cijevi uljeva T = 0,7 m do 5,38 m (točnu dubinu treba definirati prije naručivanja separatora). Separator se treba isporučivati s poklopc-em/-ima prema HRN EN 124 ili jednakovrijedno, klase nosivosti D400, svijetlog otvora promjera 600mm s natpisom: "SEPARATOR". Separator mora biti izrađen iz armiranog betona prema HRN EN 206-1 ili jednakovrijedno, razreda čvrstoče C35/45, razreda izloženosti: XA2, XC4, XD2, XF3, XS2.
B134: Separator treba biti siguran od djelovanja sila uzgona do visine podzemne vode do uljeva u separator. Interijer separatora mora biti premazan višeslojnim zaštitnim epoksidnim premazom, a unutarnji elementi separatora trebaju biti izrađeni iz PEHD-a (otpornost na masne kiseline). Kontrola i pražnjenje separatora se vrši preko poklopca. Pristup u separator mora biti u skladu s HRN EN 476 ili jednakovrijedno. | C134: komad | D134: 1 | E134: 3500 | F134: =ROUND(D134*E134,2) -> 3500
A136: 4.A.6.5. | B136: Funkcionalno ispitivanje kanalizacije na vodonepropusnost od strane ovlaštene organizacije uz izdavanje Uvjerenja, izdavanje potvrde u jednom tiskanom primjerku i u PDF formatu, na prijenosnom mediju. | C136: komplet | D136: 1 | E136: 1500 | F136: =ROUND(D136*E136,2) -> 1500
A138: 4.A.6. | B138: KANALIZACIJSKI RADOVI - MONTAŽNI UKUPNO: | F138: =SUM(F117:F136) -> 20845
A140: 4.A.7. | B140: OSTALI TROŠKOVI
A142: 4.A.7.1. | B142: Provjera ispravnosti montaže svih elemenata instalacije vanjskog vodovoda i kanalizacije, provjera funkcionalnosti, pribavljanje dokaza o kvaliteti izvedenih radova na instalaciji, probno puštanje u rad i primopredaja. | C142: komplet | D142: 1 | E142: 500 | F142: =ROUND(D142*E142,2) -> 500
A144: 4.A.7. | B144: OSTALI TROŠKOVI UKUPNO: | F144: =SUM(F142:F143) -> 500
A147: 4.A. | B147: VANJSKI VODOVOD I KANALIZACIJA UKUPNO: | F147: =SUM(F144,F138,F112,F82,F71,F54,F30) -> 67196
A150: 4.B. | B150: UNUTARNJA KANALIZACIJA
A152: 4.B.1. | B152: BETONSKI RADOVI - KANALIZACIJA
A154: 4.B.1.1. | B154: Izvedba šliceva u podu i zidu građevine za polaganje kanalizacijskih cijevi, te zatvaranje istih nakon montaže cijevi, cementnim mortom 1:2 (kod križanja instalacija, spajanje na sanitarne uređaje...)
B155: a) u podu i zidu od betona 15x15 cm | C155: m | D155: 25 | E155: 30 | F155: =ROUND(D155*E155,2) -> 750
A157: 4.B.1. | B157: BETONSKI RADOVI - KANALIZACIJA UKUPNO: | F157: =SUM($F$155) -> 750
A159: 4.B.2. | B159: KANALIZACIJSKI RADOVI
A161: 4.B.2.1. | B161: Dobava i montaža PP niskošumnih kanalizacijskih cijevi (prema EN ISO/IEC 17025 ili jednakovrijedno i DIN 4109 ili jednakovrijedno), te odgovarajućih fazonskih komada za vertikalnu kanalizaciju. Spajanje cijevi izvoditi usađivanjem u naglavke s gumenim prstenima. U jediničnu cijenu uračunati fazonske komade. a) niskošumna cijev PP (sanitarna kanalizacija, vertikale)
B162: DN 75 | C162: m | D162: 3 | E162: 20 | F162: =ROUND(D162*E162,2) -> 60
B163: DN 100 | C163: m | D163: 90 | E163: 30 | F163: =ROUND(D163*E163,2) -> 2700
B164: DN 125 | C164: m | D164: 6 | E164: 40 | F164: =ROUND(D164*E164,2) -> 240
A166: 4.B.2.2. | B166: Dobava i montaža toplinske i zvučne izolacije vertikalno i horizontalno vođene sanitarno fekalne kanalizacije gotovim izolacijskim cijevima ili samoljepivim izolacijskim pločama, debljine 9mm.
B167: a) montaža na cijev DN 75 | C167: m | D167: 3 | E167: 8 | F167: =ROUND(D167*E167,2) -> 24
B168: b) montaža na cijev DN 100 | C168: m | D168: 77 | E168: 10 | F168: =ROUND(D168*E168,2) -> 770
B169: b) montaža na cijev DN 125 | C169: m | D169: 6 | E169: 12 | F169: =ROUND(D169*E169,2) -> 72
...

Sheet 5. SPRINKLER
A1: 5. | B1: SPRINKLER
A3: RB | B3: STAVKA | C3: JEDINICA MJERE | D3: KOLIČINA | E3: JEDINIČNA CIJENA | F3: UKUPNA CIJENA
A5: 5.1. | B5: SPRINKLER STANICA - STROJARSKI DIO
B7: NAPOMENA:
B8: Za svu opremu uključena je tlačna proba, ispiranje cjevovoda i odzračivanje, te čišćenje gradilišta od ostataka montaže.
B9: U cijenu je uključeno i stavljanje instalacije u pripravno radno stanje - punjenje preljevnog spremnika vodom , podešavanje parametara sustava (tlakovi, protoci, signalizacija i sl.) te punjenje cjevovoda komprimiranim zrakom pod tlakom.
B10: U cijenu je uključen sav sitni potrošni materijal.
B11: U cijenu je uključeno prvo ispitivanje sprinkler instalacije od ovlaštene pravne osobe, te dobava zapisnika jednom tiskanom izdanju i PDF formatu na prijenosnom mediju i uvjerenja o funkcionalnosti sprinkler sustava , puštanje u rad kompletnog sustava
A14: 5.1.1. | B14: Dobava i ugradnja Sprinkler alarmne ventilske stanice “mokra” NO100 u kompletu sa sprinkler alarmnim ventilom NO100, tampon bocom, zasunom s indikacijom otvorenosti NO100 (2 kom) ispred i iznad sprinkler ventila, ventilom alarmnog zvona sa indikacijom otvorenosti, svom pripadajućom armaturom, manometrima i alarmnom tlačnom sklopkom, sve s dokazom kvalitete- izjavom o sukladnosti i s VdS certifikatom) | C14: komplet | D14: 1 | E14: 2152.07 | F14: =ROUND(D14*E14,2) -> 2152.07
A16: 5.1.2. | B16: Dobava i ugradnja Sprinkler alarmne ventilske stanice “suha” NO80 u kompletu sa sprinkler alarmnim ventilom NO80, ubrzivačem, zasunom s indikacijom otvorenosti NO80 (2 kom) ispred i iznad sprinkler ventila, ventilom alarmnog zvona sa indikacijom otvorenosti, svom pripadajućom armaturom, manometrima, signalna tlačna sklopka za nadzor tlaka zraka i alarmnom tlačnom sklopkom, sve s dokazom kvalitete- izjavom o sukladnosti i s VdS certifikatom) | C16: komplet | D16: 1 | E16: 3959.18 | F16: =ROUND(D16*E16,2) -> 3959.18
A18: 5.1.3. | B18: Dobava i ugradnja alarmnog zvona - hidrauličkog, u kompletu s hvatačem nečistoća s dokazom kvalitete- izjavom o sukladnosti i s VdS certifikatom) - ulaz 3/4", izlaz 1" | C18: komplet | D18: 2 | E18: 295.94 | F18: =ROUND(D18*E18,2) -> 591.88
A20: 5.1.4. | B20: Dobava i ugradnja elektromotorne sprinkler pumpe na postolju N=7,5kW, 3x400V, vertikalna izvedba , u kompletu s prirubnicama i protuprirubnicama NO100, brtvama i vijčanim spojevima; kompezacijom na usisu; asimetričnom i simetričnom redukcijom, (Pumpa s dokazom kvalitete- hrvatskom izjavom o sukladnosti i izjavom o sukladnosti prema VdS) Q=0,0 l/min; H=4,2 bar Q=420 l/min; H=4,2 bar Q=570 l/min; H=4,0 bar Q=660 l/min; H=3,9 bar Q=840 l/min; H= 3,5 bar Q=1.080 l/min; H= 2,5 bar | C20: komplet | D20: 1 | E20: 3955.43 | F20: =ROUND(D20*E20,2) -> 3955.43
A22: 5.1.5. | B22: Dobava i ugradnja elektromotorne jockey pumpe na postolju, u kompletu s elektromotorom, N=1,5kW, 3x400V, ivertikalna izvedba, u kompletu s prirubnicama, protuprirubnicama, brtvama i vijčanim spojevima; sa svom potrebnom svjetlosnom i zvučnom signalizacijom , sukladno VdS propisima, (s dokazom kvalitete- izjavom o sukladnosti) | C22: komplet | D22: 1 | E22: 1202.14 | F22: =ROUND(D22*E22,2) -> 1202.14
A24: 5.1.6. | B24: Dobava i ugradnja zasuna s indikacijom otvorenosti (sa krajnjom sklopkom - tamper switch) NP16, u kompletu s prirubnicama, protuprirubnicama, brtvama i vijčanim spojevima; s dokazom kvalitete- izjavom o sukladnosti i s VdS certifikatom) slijedeće dimenzije: NO150 | C24: komplet | D24: 1 | E24: 589.37 | F24: =ROUND(D24*E24,2) -> 589.37
A26: 5.1.7. | B26: Dobava i ugradnja zasuna s indikacijom otvorenosti (sa krajnjom sklopkom - tamper switch) NP16, u kompletu s prirubnicama, protuprirubnicama, brtvama i vijčanim spojevima; s dokazom kvalitete- izjavom o sukladnosti i s VdS certifikatom) slijedeće dimenzije: NO100 | C26: komplet | D26: 2 | E26: 194.75 | F26: =ROUND(D26*E26,2) -> 389.5
A28: 5.1.8. | B28: Dobava i ugradnja zasuna s indikacijom otvorenosti (sa krajnjom sklopkom - tamper switch) NP16, u kompletu s prirubnicama, protuprirubnicama, brtvama i vijčanim spojevima; s dokazom kvalitete- izjavom o sukladnosti i s VdS certifikatom) slijedeće dimenzije: NO50 | C28: komplet | D28: 2 | E28: 121.98 | F28: =ROUND(D28*E28,2) -> 243.96
A30: 5.1.9. | B30: Dobava i ugradnja mjerne blende u kompletu s mjernim instrumentom, s dokazom kvalitete- izjavom o sukladnosti i s VdS certifikatom) slijedeće dimenzije: slijedećih dimenzija: NO80 | C30: komplet | D30: 1 | E30: 646.67 | F30: =ROUND(D30*E30,2) -> 646.67
A32: 5.1.10. | B32: Dobava i ugradnja kuglastog ventila, navojni NP16, slijedećih dimenzija: NO25 -1" | C32: komplet | D32: 4 | E32: 33.09 | F32: =ROUND(D32*E32,2) -> 132.36
A34: 5.1.11. | B34: Dobava i ugradnja nepovratnog ventila, NP10, u kompletu sa utornim spojnicama (s VdS certifikatom), slijedeće dimenzije: NO100 | C34: komplet | D34: 2 | E34: 161.7 | F34: =ROUND(D34*E34,2) -> 323.4
A36: 5.1.12. | B36: Dobava i ugradnja nepovratnog ventila, navojni NP16, slijedećih dimenzija: NO25 -1" | C36: komplet | D36: 1 | E36: 31.99 | F36: =ROUND(D36*E36,2) -> 31.99
... A108: 5.1.49. | B108: Dobava i ugradnja materijala za brtvljenje navojnih spojeva. | C108: komplet | D108: 1 | E108: 178.02 | F108: =ROUND(D108*E108,2) -> 178.02
A110: 5.1. | B110: SPRINKLER STANICA - STROJARSKI DIO UKUPNO: | F110: =SUM(F8:F108) -> 31092.74
A112: 5.2. | B112: SPRINKLER STANICA - ELEKTRO DIO
B114: NAPOMENA:
B115: U cijenu ponude je uključena dobava i montaža specifizirane opreme te ožičenje i spajanje vodiča - kabela na sprinker opremu.
A118: 5.2.1. | B118: Dobava i ugradnja napojno-upravljačkog ormara sprinkler pumpe I jockey pumpe , N=9,0 kW , sa svom potrebnom svjetlosnom i zvučnom signalizacijom, sukladno VdS propisima (s dokazom kvalitete- hrvatskom izjavom o sukladnosti i izjavom o sukladnosti prema VdS) | C118: komplet | D118: 1 | E118: 2010 | F118: =ROUND(D118*E118,2) -> 2010
A120: 5.2.2. | B120: Dobava i ugradnja sprinkler centrale 8 zona u kompletu s aku baterijama za potrebnu autonomiju. | C120: komplet | D120: 1 | E120: 458 | F120: =ROUND(D120*E120,2) -> 458
A122: 5.2.3. | B122: Dobava i ugradnja višedijelne kružne brtve za brtvljenje kabela za prodor kabela kroz beton, za brtvljenje pod tlakom, uz bušenje rupe. | C122: komplet | D122: 1 | E122: 90 | F122: =ROUND(D122*E122,2) -> 90
A124: 5.2.4. | B124: Dobava i ugradnja kabela JBY-STY-2X2X0,8MM2 za spajanje indikatora protoka, krajnjih sklopki , tlačnih sklopki, te ostale elektro opreme u sprinkler stanici, te spajanje sprinkler ormara sa sprinkler nadzornom centralom | C124: m | D124: 30 | E124: 2.1 | F124: =ROUND(D124*E124,2) -> 63
A126: 5.2.5. | B126: Dobava i ugradnja kabela PP-Y 3x1,5mm za napajanje nivo sonde u bazenu vode s prespojnom kutijom | C126: komplet | D126: 10 | E126: 3.47 | F126: =ROUND(D126*E126,2) -> 34.7
A128: 5.2.6. | B128: Dobava i ugradnja nivo sonde za nadzor nivoa vode u bazenu s prespojnom kutijom | C128: komplet | D128: 1 | E128: 285 | F128: =ROUND(D128*E128,2) -> 285
A130: 5.2.7. | B130: Dobava i ugradnja temperaturnog osjetnika - termostat s mogućnošću podešavanja | C130: komplet | D130: 1 | E130: 55 | F130: =ROUND(D130*E130,2) -> 55
A132: 5.2.8. | B132: Dobava i ugradnja nadzirane kutije za ključ sprinkler stanice | C132: komplet | D132: 1 | E132: 96 | F132: =ROUND(D132*E132,2) -> 96
A134: 5.2.9. | B134: Dobava i ugradnja detektora vode (senzor poplave) | C134: komplet | D134: 1 | E134: 118 | F134: =ROUND(D134*E134,2) -> 118
A136: 5.2.10. | B136: Dobava i ugradnja "Kauflex" cijevi ili jednakovrijedne fi16 za montažu kabela , u kompletu s nosačima I uvodnicama | C136: m | D136: 30 | E136: 3.65 | F136: =ROUND(D136*E136,2) -> 109.5
A138: 5.2.11. | B138: Dobava i ugradnja "Kauflex" cijevi ili jednakovrijedne fi12 za montažu kabela , u kompletu s nosačima I uvodnicama | C138: m | D138: 20 | E138: 3.24 | F138: =ROUND(D138*E138,2) -> 64.8
A140: 5.2.12. | B140: Dobava i ugradnja metalne perforirane kabelske police s poklopcem i montažnim i spojnim priborom PK-50/30, za razvod kablova | C140: m | D140: 15 | E140: 41.18 | F140: =ROUND(D140*E140,2) -> 617.7
... A148: 5.2.16. | B148: Sva ispitivanja ispravnosti električnih instalacija I elektro opreme sukladno zakonskoj regulativi (mjerenje otpora izolacije, mjerenje prijelaznog otpora I sl.) te obuka korisnika I izrada dokumentacije izvedenog stanja u jednom tiskanom primjerku te u PDF formatu na prijenosnom mediju. | C148: komplet | D148: 1 | E148: 1180 | F148: =ROUND(D148*E148,2) -> 1180
A150: 5.2. | B150: SPRINKLER STANICA - ELEKTRO DIO UKUPNO: | F150: =SUM(F118:F148) -> 7710.95
A152: 5.3. | B152: ŠTIĆENI PROSTOR
B154: NAPOMENA:
B155: Za svu opremu uključena je tlačna proba, ispiranje cjevovoda i odzračivanje, te čišćenje gradilišta od ostataka montaže.
B156: U cijenu je uključen sav sitni potrošni materijal.
A159: 5.3.1. | B159: Dobava i ugradnja sprinkler mlaznice stojeće, 1/2", K80, 68°C, standard response + rezervne sprinkler mlaznice (s dokazom kvalitete-izjavom o sukladnosti i s VdS certifikatom u jednom tiskanom primjerku i u PDF formatu, na prijenosnom mediju) | C159: komad | D159: 75 | E159: 5.94 | F159: =ROUND(D159*E159,2) -> 445.5
A161: 5.3.2. | B161: Dobava i ugradnja sprinkler mlaznice stojeće, 1/2", K80, 93°C, standard response + rezervne sprinkler mlaznice (s dokazom kvalitete- izjavom o sukladnosti i s VdS certifikatom u jednom tiskanom primjerku i u PDF formatu, na prijenosnom mediju) | C161: komad | D161: 12 | E161: 5.94 | F161: =ROUND(D161*E161,2) -> 71.28
A163: 5.3.3. | B163: Dobava i ugradnja sprinkler mlaznice, viseće suhe HTS l=300 mm, standard response (VdS certifikat) s ukrasnom rozetom + rezervne sprinkler mlaznice. U kompletu sa zaštitnom mrežicom | C163: komad | D163: 12 | E163: 104.8 | F163: =ROUND(D163*E163,2) -> 1257.6
A165: 5.3.4. | B165: Dobava i ugradnja sprinkler mlaznice viseće, s poklopcem, mlaznica 1/2'', K=80, 72°C, poklopac 60°C, završna obrada poklopca "hairline finish / brušeni natur čelik" + rezervne sprinkler mlaznice (s dokazom kvalitete- izjavom o sukladnosti i s VdS/LPCB/CE certifikatom u jednom tiskanom primjerku i u PDF formatu, na prijenosnom mediju ) | C165: komad | D165: 28 | E165: 21.95 | F165: =ROUND(D165*E165,2) -> 614.6
A167: 5.3.5. | B167: Dobava i postava ključa za montažu stojećih I visećih sprinkler mlaznica | C167: komplet | D167: 1 | E167: 64.17 | F167: =ROUND(D167*E167,2) -> 64.17
A169: 5.3.6. | B169: Dobava i postava specijalnog ključa s nastavkom za montažu mlaznica visećih s poklopcem | C169: komplet | D169: 1 | E169: 81.77 | F169: =ROUND(D169*E169,2) -> 81.77
A171: 5.3.7. | B171: Dobava i ugradnja savitljive cijevi (i/ili čelične pocinčane cijevi HRN EN 10255 ili jednakovrijedno DN25-1" duljine cca 1,2 m i pocinčanih cijevnih fitinga sukladni HRN EN 10242 ili jednakovrijedno,) za ugradnju sprinkler mlaznice na nivo spuštenog stropa: - duljine 1200 mm, - promjer savitljive cijevi NO25, - priključak na ogranak - priključak na mlaznicu - T komad - u kompletu sa certificiranim ovjesom za savitljivu cijev ( s dokazom kvalitete- izjavom o sukladnosti i s VdS certifikatom) | C171: komplet | D171: 28 | E171: 29.1 | F171: =ROUND(D171*E171,2) -> 814.8
A173: 5.3.8. | B173: Dobava i ugradnja kompleta katne armature , koji se sastoji od: - leptir zasuna, slijedećih karakteristika: - dimenzija: NO65 - spoj na cjevovod: utorni - vrsta: sa električnom i vizualnom kontrolom otvorenosti - s dokazom kvalitete- izjavom o sukladnosti i s VdS certifikatom) - nepovratnog ventila slijedećih karakteristika: - dimenzija: NO65 - spoj na cjevovod: utorni - s dokazom kvalitete- izjavom o sukladnosti i s VdS certifikatom) - indikatora protoka slijedećih karakteristika: - dimenzija: NO65 - s dokazom kvalitete- izjavom o sukladnosti i s VdS certifikatom) - cirkulacione pumpe u obilasku kontrolora protoka , N=200W , 230V , s priključcima 5/4" i holenderima s brtvama za spoj, te priključcima
B174: NO65-5/4" komada 2 . U kompletu sa svim potrebnim fitinzima i ventilima U kompletu sa el. sklopnikom za ispitivanje cirkulacione pumpe . | C174: komplet | D174: 3 | E174: 860.78 | F174: =ROUND(D174*E174,2) -> 2582.34
A176: 5.3.9. | B176: Dobava i ugradnja kompleta za ispust vode s etaže, koji se sastoji od : - kuglasti ventil DN25 -1" - 3 kom U kompletu sa svim potrebnim fitinzima za spoj na katni cjevovod i odvodni cjevovod ispusta | C176: komplet | D176: 3 | E176: 45.2 | F176: =ROUND(D176*E176,2) -> 135.6
A178: 5.3.10. | B178: Dobava i ugradnja priključka za hvatanje kondenzata suhe mreže , izvedba prema detalju iz projekta s tekućinom protiv smrzavanja, 2 dcl. | C178: komplet | D178: 2 | E178: 62 | F178: =ROUND(D178*E178,2) -> 124
A180: 5.3.11. | B180: Dobava i ugradnja priključka za ispiranje cjevovoda NO50, koji se sastoji od: - ventil kuglasti 2" - čep pocinčani 2" - dupla spojnica , pocinčana , 2" | C180: komplet | D180: 7 | E180: 52.33 | F180: =ROUND(D180*E180,2) -> 366.31
A182: 5.3.12. | B182: Dobava i ugradnja priključka za ispitivanje sprinkler instalacije sukladan VdS propisu za montažu na kraj cijevne mreže | C182: komplet | D182: 2 | E182: 62 | F182: =ROUND(D182*E182,2) -> 124
A184: 5.3.13. | B184: Dobava i ugradnja priključka za drenažu sprinkler instalacije: - spoj na cijev -kuglasti ventil 1/2" - čep pocinčani | C184: komplet | D184: 12 | E184: 43.73 | F184: =ROUND(D184*E184,2) -> 524.76
A186: 5.3.14. | B186: Dobava i ugradnja čelične cijevi, crne, HRN EN 10220/10255/10217 ili jednakovrijedno, šavna, tvornički ispitana na 50 bar. U kompletu s cijevnim lukovima, redukcijama, T komadima, te svim raznim spojnim fitinzima i izlaznim priključcima. S dokazom kvalitete- izjavom o sukladnosti. Cijev slijedeće dimenzije: NO25 -1" | C186: m | D186: 60 | E186: 20.81 | F186: =ROUND(D186*E186,2) -> 1248.6
A188: 5.3.15. | B188: Dobava i ugradnja čelične cijevi, crne, HRN EN 10220/10255/10217 ili jednakovrijedno, šavna, tvornički ispitana na 50 bar. U kompletu s cijevnim lukovima, redukcijama, T komadima, te svim raznim spojnim fitinzima i izlaznim priključcima. S dokazom kvalitete- izjavom o sukladnosti. Cijev slijedeće dimenzije: NO32 -1 1/4" | C188: m | D188: 162 | E188: 20.85 | F188: =ROUND(D188*E188,2) -> 3377.7
A190: 5.3.16. | B190: Dobava i ugradnja čelične cijevi, crne, HRN EN 10220/10255/10217 ili jednakovrijedno, šavna, tvornički ispitana na 50 bar. U kompletu s cijevnim lukovima, redukcijama, T komadima, te svim raznim spojnim fitinzima i izlaznim priključcima. S dokazom kvalitete- izjavom o sukladnosti. Cijev slijedeće dimenzije: NO40 -1 1/4" | C190: m | D190: 30 | E190: 26.59 | F190: =ROUND(D190*E190,2) -> 797.7
A192: 5.3.17. | B192: Dobava i ugradnja čelične cijevi, crne, HRN EN 10220/10255/10217 ili jednakovrijedno, šavna, tvornički ispitana na 50 bar. U kompletu s cijevnim lukovima, redukcijama, T komadima, te svim raznim spojnim fitinzima i izlaznim priključcima. S dokazom kvalitete- izjavom o sukladnosti. Cijev slijedeće dimenzije: NO50 -2" | C192: m | D192: 36 | E192: 28.91 | F192: =ROUND(D192*E192,2) -> 1040.76
A194: 5.3.18. | B194: Dobava i ugradnja čelične cijevi, crne, HRN EN 10220/10255/10217 ili jednakovrijedno, šavna, tvornički ispitana na 50 bar. U kompletu s cijevnim lukovima, redukcijama, T komadima, te svim raznim spojnim fitinzima i izlaznim priključcima. S dokazom kvalitete- izjavom o sukladnosti. Cijev slijedeće dimenzije: NO65 -2 1/2" | C194: m | D194: 60 | E194: 33.95 | F194: =ROUND(D194*E194,2) -> 2037
A196: 5.3.19. | B196: Dobava i ugradnja čelične cijevi, crne, HRN EN 10220/10255/10217 ili jednakovrijedno, šavna, tvornički ispitana na 50 bar. U kompletu s cijevnim lukovima, redukcijama, T komadima, te svim raznim spojnim fitinzima i izlaznim priključcima. S dokazom kvalitete- izjavom o sukladnosti. Cijev slijedeće dimenzije: NO80 - 3" | C196: m | D196: 30 | E196: 42.07 | F196: =ROUND(D196*E196,2) -> 1262.1
A198: 5.3.20. | B198: Dobava i ugradnja ovjesnog i konzolnog materijala, pocinčanog, za pričvršćenje cjevovoda (s VdS certifikatom), za cijevi slijedećeg promjera: NO25 | C198: komplet | D198: 25 | E198: 11.28 | F198: =ROUND(D198*E198,2) -> 282
... A226: 5.3.34. | B226: Protupožarno brtvljenje prolaska sprinkler cjevovoda kroz granicu protupožarnog sektora | C226: komplet | D226: 12 | E226: 29 | F226: =ROUND(D226*E226,2) -> 348
A228: 5.3. | B228: ŠTIĆENI PROSTOR UKUPNO: | F228: =SUM(F159:F226) -> 23529.09
A230: 5.4. | B230: KUHINJA
B232: NAPOMENA:
B233: Za svu opremu uključena je tlačna proba i ispiranje cjevovoda.
B234: U cijenu je uključen sav sitni potrošni materijal.
B235: Za ugradnju opreme izvođač mora dostaviti certifikat proizvođača opreme da je ovlašten za ugradnju navedenog sustava. Certfikat se predaje u jednom tiskanom primjerku te u PDF formatu, na prijenosnom mediju.
A238: 5.4.1. | B238: Dobava i ugradnja mehaničkog uređaja za aktiviranje sustava u kučištu od nehrđajućeg čelika s prostorom za smještaj boce sa sredstvom za gašenje i boce s dušikom za aktiviranje u kompletu sa krajnjom sklopkom za daljinsku signalizaciju | C238: komplet | D238: 1 | E238: 1828.55 | F238: =ROUND(D238*E238,2) -> 1828.55
A240: 5.4.2. | B240: Dobava i ugradnja spremnika za sredstvo za gašenje od nehrđajučeg čelika 23 L | C240: komad | D240: 1 | E240: 796.89 | F240: =ROUND(D240*E240,2) -> 796.89
A242: 5.4.3. | B242: Dobava i ugradnja sredstva za gašenje mokro kemijskog sredstva niskog pH 23 L | C242: komad | D242: 1 | E242: 441.95 | F242: =ROUND(D242*E242,2) -> 441.95
A244: 5.4.4. | B244: Dobava i ugradnja plinskog spremnika s dušikom kao pogonskim plinom za gašenje | C244: komad | D244: 1 | E244: 666.89 | F244: =ROUND(D244*E244,2) -> 666.89
A246: 5.4.5. | B246: Dobava i ugradnja mlaznice za zaštitu uređaja i nape tip: 1N | C246: komad | D246: 7 | E246: 84.19 | F246: =ROUND(D246*E246,2) -> 589.33
A248: 5.4.6. | B248: Dobava i ugradnja mlaznice za zaštitu kanala za odvod zraka iz nape tip: 2W | C248: komad | D248: 1 | E248: 84.19 | F248: =ROUND(D248*E248,2) -> 84.19
A250: 5.4.7. | B250: Dobava i ugradnja mlaznice za zaštitu kanala za odvod zraka iz nape tip: 230 | C250: komad | D250: 1 | E250: 84.19 | F250: =ROUND(D250*E250,2) -> 84.19
A252: 5.4.8. | B252: Dobava i ugradnja nastavka za priključenje mlaznice s mogučnošću podešavanja kuta mlaznice 30° | C252: komad | D252: 7 | E252: 51.38 | F252: =ROUND(D252*E252,2) -> 359.66
A254: 5.4.9. | B254: Dobava i ugradnja metalnog poklopca za zaštitu mlaznice od masnoče u kompletu sa sajlom od nehrđajučeg čelika | C254: komplet | D254: 9 | E254: 34.38 | F254: =ROUND(D254*E254,2) -> 309.42
A256: 5.4.10. | B256: Dobava i ugradnja adaptera za prolaz cijevi kroz stjenku nape s mogučnošću prolaza cijevi bez rezanja | C256: komad | D256: 4 | E256: 59.38 | F256: =ROUND(D256*E256,2) -> 237.52
A258: 5.4.11. | B258: Dobava i ugradnja adaptera za prolaz cijevi kroz stjenku nape sa obostranim navojem | C258: komad | D258: 4 | E258: 52.38 | F258: =ROUND(D258*E258,2) -> 209.52
A260: 5.4.12. | B260: Dobava i ugradnja adaptera za prolaz cijevi za vođenje sajle za aktiviranje sustava kroz stjenku nape sa navojem | C260: komad | D260: 2 | E260: 72.38 | F260: =ROUND(D260*E260,2) -> 144.76
... A280: 5.4.25. | B280: Funkcionalno ispitivanje i izdavanje Uvjerenja u jednom tiskaonom primjerku i u PDF formatu, na prijensnom mediju. | C280: komplet | D280: 1 | E280: 795.1 | F280: =ROUND(D280*E280,2) -> 795.1
A282: 5.4. | B282: KUHINJA UKUPNO: | F282: =SUM(F238:F280) -> 14171.53
A285: 5. | B285: SPRINKLER UKUPNO: | F285: =SUM(F282,F228,F150,F110) -> 76504.31

Sheet 6. DIZALA
A1: 6. | B1: DIZALA
A3: RB | B3: STAVKA | C3: JEDINICA MJERE | D3: KOLIČINA | E3: JEDINIČNA CIJENA | F3: UKUPNA CIJENA
B7: Sve radove izvesti prema opisu troškovnika i opisu pojedinih grupa radova. Ako neke stavke imaju nejasan i nedovoljan opis, onda svaki započeti opis pojedine stavke znači cjelokupnu izradu te stavke, to jest nabavu, dopremu materijala, sve prenose i prijevoze, izradu, zaštitu, njegovanje pojedinih elemenata po izradi i nakon ugradnje i sl. Jediničnom cijenom potrebno je obuhvatiti:
B8: a) izvođač radova dužan je prije početka radova provjeriti kote postojeċeg stanja terena u odnosu na relativnu kotu (0,00) kod svih ulaza
B9: b) ukoliko se ukažu eventualne nejednakosti između projekta i stanja na gradilišta izvođač radova dužan je pravovremeno o tome pisano izvjestiti investitora, projektanta i nadzornog inženjera i zatražiti potrebna objašnjenja.
B10: c) izvođač je dužan prije izrade / narudžbe opreme izvršiti kontrolu ugradnih mjera na licu mjesta
B11: d) svu potrebnu provjeru točnosti količina u troškovniku vršiti bez posebne naplate to jest o trošku izvođača radova.
B12: Ovi radovi izvode se prema posebnom projektu za dizala. Tehnički opis iz projektne dokumentacije koji se odnosi na ovu vrstu radova, smatra se sastavnim dijelom ovih općih napomena, odnosno sastavnim dijelom ovog troškovnika. Dizala trebaju biti ugrađena u potpunosti u skladu:
B14: • Sigurnosna pravila za konstrukciju i ugradnju dizala -- Dizala za prijevoz osoba i tereta -- 20. dio: Osobna dizala i teretno osobna dizala (EN 81-20:2014 ili jednakovrijedno)
B15: • Sigurnosna pravila za konstrukciju i ugradnju dizala -- Pregledi i ispitivanja -- 50. dio: Pravila projektiranja, proračuni, pregledi i ispitivanja dijelova dizala (EN 81-50:2014 ili jednakovrijedno)
B16: • Sigurnosna pravila za konstrukciju i ugradnju dizala – 3. dio: Električna i hidraulična maloteretna dizala EN 81-3:2000+A1:2008/AC:2009 ili jednakovrijedno
B17: • Pravilnik o sigurnosti dizala (NN 20/16)
B18: • Pravilnik o sigurnosti strojeva (NN 28/2011)
B20: Dozvoljene su i druge harmonizirane norme iz obitelji EN 81 ili jednakovrijedno ukoliko rješenje dizala zahtijeva pozivanje na iste. Nije dozvoljen početak ugradnje dizala prije predočenja važećih certifikata.
... B41: • Otvor(i) za odimljavanje u atmosferu - pri vrhu voznog okna, prema uvjetima zadanima u tekstu i crtežu projekta ugradnje dizala. • Dozvoljena temperatura u voznom oknu: min. +5 °C, max +40 °C • Napajanje (napojni vod za dizalo) te svi beznaponski kontakti (iz vatrodojave, agregatskog sustava itd.) ukoliko isti postoje i ako dizalo mora imati automatiku rada sukladno primljenim signalima. Svi ostali vodovi (za slanje signala prema CNUSu i sl.) Presjek napojnih vodova odrediti sukladno dizalima u izvedbenoj fazi projekta. Svi vodovi dovedeni su do upravljačkog ormara dizala • Analogna telefonska linija za dvosmjerni komunikacijski uređaj u kabini dizala, dovedena do upravljačkog ormara dizala • Kuke ili profili za montažu, sukladno dizalima u izvedbenoj fazi projekta. • Statika, konstrukcija, materijal i izvedba voznog okna, završno oblaganje voznog okna, ostakljivanje, radovi oko voznog okna i na voznom oknu. • Ispunjavanje zazora između vrata voznog okna i građevinskog otvora za vrata voznog okna vatrootpornim materijalom sukladno vatrootpornosti stijena voznog okna na granici požarnog odjeljka. • Završna obrada građevinskog otvora za vrata voznog okna nakon ugradnje dizala. • Osvjetljenje ispred upravljačkog ormara dizala 200 luxa, mjereno na podu. Osvjetljenje na prilazima voznom oknu min. 50 luxa, mjereno na podu. • Spajanje postrojenja dizala na instalaciju za izjednačavanje potencijala u objektu. • Prebojavanje svih stijena voznog okna (uključivo pod i strop voznog okna) protuprašnom bojom (protuprašnim premazom) gdje je primjenjivo • Ostale napomene navedene u crtežima dizala.
A44: 6.1. | B44: DIZALO D1
B46: Osnovni podaci o dizalu Vrsta osobno dizalo Nazivna nosivost dizala 675 kg Broj osoba 9 osoba Nazivna brzina vožnje 1 m/s Broj stanica/ulaza 4/4 oznake stanica: -1, 0, 1, 2 (stanica 0 = glavna stanica) Broj ulaza u kabinu 2, prolazno pod 180° Instalacija: za suhi zatvoreni prostor temperature od +5°C do +40°C; vlaga ne smije kondenzirati Visina dizanja 9,92 m Vrsta upravljanja simpleks, sabirno u oba smjera Glavno napajanje / napajanje rasvjete i utičnice 400 V 50 Hz / 230V 50 Hz
B47: Pogon električni / trakcijski – bezreduktorski frekvencijski regulirani pogon Smještaj pogona dizalo nema posebnu strojarnicu (MRL); pogonsko postrojenje smješteno je unutar voznog okna dizala Vođenje kabina: klizno vođenje s min 4 papuče po 2 vodilice (po 2 papuče po vodilici) protuuteg: klizno vođenje s min 4 papuče po 2 vodilice (po 2 papuče po vodilici) Vozno okno Izvedba: armiranobetonsko Dimenzije: širina BS: 1625 mm dubina TS: 1800 mm dubina jame HSG: 1100 mm nadvišenje HSK: min 3010 mm Vrata voznog okna: Tip automatska, horizontalno posmična, teleskopska, 2 krila / T2 Dimenzije širina BT: 900 mm visina HT: 2100 mm Izvedba dovratnici: obojani čelični lim krila: obojani čelični lim vatrootpornost: EW30 u stanici 0, EW60 u stanici -1, sve prema HRN EN81-58 Kabina / dimenzije, interijer i oprema Dimenzije širina BK: 1200 mm dubina TK: 1400 mm svijetla visina HKC: 2100 mm Stranice brušeni nehrđajući čelik Pod Lokalna ugradnja, obaveza investitora Strop brušeni nehrđajući čelik
B48: Rasvjeta • LED rasvjeta u stropu • nužna rasvjeta Upravljačka lamela • pokazivač položaja kabine i smjera vožnje; • tipke za kabinski (unutarnji) poziv za sve stanice s Brailleovim oznakama • tipkalo za otvaranje vrata, tipkalo za zatvaranje vrata • tipkalo za alarm (zvono) Ostala oprema • ogledalo • rukohvat • alarm (zvono) • dvosmjerni komunikacijski uređaj iz kabine prema van • tablica s podacima o nosivosti, broju osoba i tvorničkim brojem dizala Zahvatna naprava kabine: s progresivnim (postupnim) djelovanjem, za brzinu od 1 m/s Vrata kabine Tip i dimenzije (identično kao i vrata voznog okna / vidi vrata voznog okna) Izvedba blende/fronte: brušeni nehrđajući čelik krila: brušeni nehrđajući čelik Zaštita putnika svjetlosna zavjesa Količina kabinskih vrata 2
B49: Ostalo Protuuteg dizala: čelični okvir ispunjen blokovima (od betona, čelika i sl.) Vodilice dizala: po dvije vodilice za kabinu i za protuuteg vodilice se izvode kao stojeće, pridržavane po visini koznolama pričvršćenima na zid voznog okna Odbojnici za kabinu i za protuuteg, dimenzionirani i odabrani prema brzini dizala, masi nazivno opterećene kabine i masi protuutega Ovjes kabine i protuutega (u odnosu na pogonski motor) faktor ovjesa KZU=2 (ovjes 2:1) Automatska evakuacija u najbližu stanicu (kod nestanka napajanja električnom energijom)
B50: Privremeni sigurnosni uređaj Uređaj za osiguravanje minimalno potrebnog sigurnosnog prostora na krovu kabine tijekom servisne, odnosno inspekcijske vožnje (nadvišenje dizala smanjeno u odnosu na standardno zahtijevano prema EN81-20 ili jednakovrijedno). Uređaj mora zadovoljavati odredbe EN81-21 ili jednakovrijedno. Uređaj za otvaranje kočnice pogonskog motora dizala Uređaj služi za otvaranje pogonske kočnice u slučaju zastoja dizala i potrebe za evakuacijom putnika iz kabine dizala. Korištenje kočnice opisano je u uputama koje se nalaze u upravljačkom ormaru dizala. Korištenje uređaja dozvoljeno je samo uz strogo pridržavanje uputa, a spašavanje iz kabine smije provoditi samo za to ovlaštena odnosno osposobljena osoba. Uređaj može biti mehanički (na principu poluge) ili električni (napajan baterijski). Upravljanje i elementi upravljanja Signalizacija po stanicama digitalni pokazivač položaja kabine (sve stanice) digitalni pokazivač smjera daljnje vožnje (sve stanice) potvrda zadanog vanjskog poziva (sve stanice) zvučni signal dolaska kabine u stanicu (sve stanice) Vanjski pozivi po stanicama pozivna tipka "vožnja gore" (najniža stanica) pozivna tipka "vožnja dolje" (najviša stanica) pozivna tipka "vožnja dolje", pozivna tipka "vožnja gore"(ostale stanice) Signalizacija u kabini digitalni pokazivač položaja kabine digitalni pokazivač smjera daljnje vožnje zvučni i optički signal prepoterećenja kabine zvučni signal «Alarm» potvrda zadanog kabinskog poziva
B51: Grupa upravljanja (upravljački uređaj) i funkcije upravljanja svi električni i elektronički sklopovi i uređaji potrebni za automatsko upravljanje dizalom, rasvjeta voznog okna i pripadajuće utičnice u postrojenju dizala UKLJUČENE FUNKCIJE: • upravljanje: simpleks, sabirno u oba smjera (kabinski pozivi putem upravljačke lamele za svaku stanicu, vanjski poziv u svakoj stanici) • kontrola otvaranja i zatvaranja vrata u stanici (putem tipkala na upravljačkoj lameli) • požarni program – detaljan opis pogledati pod "Mjere zaštite od požara" • dvosmjerni komunikacijski uređaj iz kabine prema van • povratno upravljanje • servisno upravljanje • alarmni uređaj • signalizacija u kabini i u stanicama • kontrola točnosti pristajanja, poravnavanja i nekontroliranog gibanja • kontrola svjetlosne zavjese (kabinska vrata) • kontrola preopterećenja kabine sa zvučnim i svjetlosnim signalom o preopterećenju u kabini • automatska evakuacija u slučaju nestanka napajanja električnom energijom • privremeni sigurnosni uređaj za slučaj smanjenog nadvišenja Položaj upravljačkog ormara dizala druga najviša stanica, u okviru vrata voznog okna
B52: Izrada i dobava opreme postrojenja dizala prema tehničkom opisu postrojenja dizala. | C52: komplet | D52: 1 | E52: 25000 | F52: =ROUND(D52*E52,2) -> 25000
B53: Montaža postrojenja dizala, priprema za tehnički pregled, tehnički pregled dizala. Izvedbeni projekt dizala u jednom tiskanom primjerku i u PDF formatu, na prijenosnom mediju, puštanje dizala u pogon i primopredaja | C53: komplet | D53: 1 | E53: 2000 | F53: =ROUND(D53*E53,2) -> 2000
B54: Odvoz i zbrinjavanje otpada (ambalaža materijala dizala, nastali otpad prilikom montaže dizala). | C54: komplet | D54: 1 | E54: 2000 | F54: =ROUND(D54*E54,2) -> 2000
A56: 6.1. | B56: DIZALO D1 UKUPNO | F56: =SUM(F52:F55) -> 29000
A58: 6.2. | B58: MALOTERETNO DIZALO MTD1
B60: vrsta dizala: maloteretno dizalo (samo za prijevoz tereta, nije za prijevoz osoba) nazivna nosivost: 100 kg nazivna brzina vožnje: 0,4 m/s visina dizanja: 3,15 m glavno napajanje 3×400V, 50 Hz (3P+PE+N) napajanje rasvjete i utičnice 1×230V, 50 Hz (P+PE+N) broj ulaza u kabinu: 2, pod 180° broj stanica / ulaza: 2/2 vrsta upravljanja: potpuno vanjsko instalacija: za suhi, grijani prostor
B61: signalizacija: signalizacija prijema naredbe na tipkalu za komandu, koje služi bilo za pozivanje kabine ili za slanje kabine u sljedeću stanicu, indikator zauzetosti (dizalo u stanici s otvorenim vratima), indikator kretanja dizala (strelica), indikator stanice (dizalo dostupno i stoji u stanici sa zatvorenim vratima) vozno okno: samonosiva čelična konstrukcija (širina SW=900mm, dubina SD=650 mm, nadvišenje HRmin=2860 mm, poslužna visina SH=800 mm) sa zaštitama na nasuprotnim stranama stanica radi zaštite od ispadanja materijala kod utovaranja (prolazna kabina dizala) okružena armiranim betonom, opekom, gipskartonskim pločama ili sličnim materijalom uz zatvorene sve zazore i otvore preostale nakon ugradnje dizala (nije dio ovog projekta) vrata voznog okna: ručna, vertikalno posmična, 2 krila, metalna izvedba, materijal: čelični lim brušeni nehrđajući čelik, dimenzije DW×DH=600 x 800 mm, vatrootporna EW30 u stanici 0 i EW60 u stanici -1
B62: kabina maloteretnog dizala: metalna izvedba sa stranicama od nehrđajućeg brušenog čeličnog lima i 1 policom; Svijetle dimenzije kabine: širina CW=600 mm, dubina CD=500 mm, visina CH=800 mm;
B63: protuuteg maloteretnog dizala: metalni okvir s metalnim i betonskim elementima vodilice kabine i protuutega: specijalni profili iz čeličnog lima smještaj pogonskog stroja: u vrhu voznog okna, iznad zadnje stanice smještaj upravljačke jedinice: u istom prostoru gdje je i pogonski stroj
B64: vrata prostora pogonskog stroja ručna okretna, s otvaranjem prema van, vatrootporna EW30 pogonski stroj: elektromotor s reduktorom, pogonskom i otklonskom užnicom za ovjesnu užad ovjes 1:1 snaga motora do 0,55 kW, In <= 1,6 A, Ia<= 9,6 A pogonsko uže: čelično pleteno uže, 2 komada
B65: grupa upravljanja: izvedena za potpuno vanjsko upravljanje za dvije postaje; automatika upravljanja elektromotornim pogonom dizala; signalizacija zauzetosti
B66: Izrada i dobava opreme postrojenja maloteretnog dizala prema tehničkom opisu postrojenja dizala. | C66: komplet | D66: 1 | E66: 12000 | F66: =ROUND(D66*E66,2) -> 12000
B67: Montaža postrojenja dizala, priprema za tehnički pregled, tehnički pregled dizala. Izvedbeni projekt dizala u jednom tiskanom primjerku i u PDF formatu, na prijenosnom mediju, puštanje dizala u pogon i primopredaja | C67: komplet | D67: 1 | E67: 2000 | F67: =ROUND(D67*E67,2) -> 2000
B68: Odvoz i zbrinjavanje otpada (ambalaža materijala dizala, nastali otpad prilikom montaže dizala). | C68: komplet | D68: 1 | E68: 2000 | F68: =ROUND(D68*E68,2) -> 2000
A70: 6.2. | B70: MALOTERETNO DIZALO MTD1 | F70: =SUM(F66:F69) -> 16000
A73: 6. | B73: DIZALA UKUPNO: | F73: =SUM(F70,F56) -> 45000

Sheet 7. PRISTUPNI PUT
A1: 7. | B1: PRISTUPNI PUT
A3: RB | B3: STAVKA | C3: JEDINICA MJERE | D3: KOLIČINA | E3: JEDINIČNA CIJENA | F3: UKUPNA CIJENA
A5: 7.1. | B5: PRIPREMNI RADOVI
A7: 7.1.1. | B7: Geodetski radovi
B8: (OTU I st. 1-02.). Geodetski radovi pri iskolčenju, iskolčenje i građenje obuhvaćaju: a) iskolčenje osi prometnica sa čvrstim oznakama na terenu i osiguranje tjemena b) iskolčenje poprečnih profila i iskolčenje kompletne prometne površine c) sva mjerenja koja su u vezi s prijenosom podataka iz projekata na teren i obrnuto, za sve vrijeme građenja d) održavanje iskolčenih oznaka na terenu u cijelom razdoblju od početka radova do predaje radova investitoru e) prije početka radova potrebno je "grubo iskolčiti" cijelu situaciju, sve objekte, instalacije i ceste, da se ustanovi točnost parcele i površine za građenje, f) izradu snimka izvedenog stanja. Rad se mjeri u m2 zahvata u skladu s projektima. Osiguranje osi, održavanje i obnova osi i drugih točaka nužnih za uspješno izvođenje radova za sve vrijeme građenja, te potreban materijal i troškovi prijevoza vezani uz taj radu plaćaju se po m2 zahvata. | C8: m² | D8: 385 | E8: 2 | F8: =ROUND(D8*E8,2) -> 770
A10: 7.1.2. | B10: Radovi na uređenju gradilišta
B11: Pripremni radovi na uređenju gradilišta prema Planu izvođenja radova (sukladno Zakonu o zaštiti na radu i Pravilnika o zaštiti na radu za privremena i pokretna gradilišta). - zaštitna ograda oko gradilišta - izrada sheme gradilišta - postava kontejnera za rad ovlaštenih osoba gradilišta i za rad nadzorne službe sa svim priključcima - priključci na postojeće instalacije struje, vode i odvodnje - izvedba komunikacija i prostora za skladištenje materijala na gradilištu - rasvjeta gradilišta - zajednička zaštitna sredstva - postavljanje, najam, zbrinjavanje sanitarnog čvora (kemijski WC) - trošak za struju i vodu - ostale mjere zaštite na radu i postavljanje oznaka opasnosti i obavijesti
B12: Obračun komplet. | C12: komplet | D12: 1 | E12: 1000 | F12: =ROUND(D12*E12,2) -> 1000
A14: 7.1.3. | B14: Privremena ploča za označavanje ulaganja
B15: Dobava i montaža privremene ploče za označavanje ulaganja (dimenzija prema zahtjevima EU) tijekom provedbe projekta kao privremene informacije o EU financiranju u skladu sa preporukama o označavanju EU. Plakat izvesti na bravarskoj podkonstrukciji sa pripadajućim temeljima u zemlji.
B16: Obračun po kompletno izvedenom plakatu. | C16: komplet | D16: 1 | E16: 500 | F16: =ROUND(D16*E16,2) -> 500
A18: 7.1.4. | B18: Trajna informativna ploča (pano)
B19: Dobava i montaža trajne informativne metalne ploče/panoa (dimenzija prema zahtjevima EU) nakon završetka radova kao trajne informacije o EU financiranju u skladu sa preporukama o označavanju EU. Metalnu ploču izvesti na bravarskoj podkonstrukciji sa pripadajućim temeljima u zemlji.
B20: Obračun po kompletno izvedenoj metalnoj ploči/panou. | C20: komplet | D20: 1 | E20: 1000 | F20: =ROUND(D20*E20,2) -> 1000
A22: 7.1. | B22: PRIPREMNI RADOVI UKUPNO: | F22: =SUM(F8:F20) -> 3270
A24: 7.2. | B24: ZEMLJANI RADOVI
A26: 7.2.1. | B26: Površine za manevriranje - makadamski kolnik
B27: Iskop zemlje na mjestima gdje se izvode projektirane pristupne prometnice do planinarskog doma. Dubina iskopa cca 25 cm od gornje kote planirane površine. Radovi obuhvaćaju iskop materijala u sraslom stanju i prijevoz materijala s potrebnim zbiranjavanjem sukladno važećim propisima. U jediničnu cijenu prijevoza uključeni su i troškovi zbrinjavanja.
B28: 385m2×0,25m | C28: m³ | D28: 97 | E28: 20 | F28: =ROUND(D28*E28,2) -> 1940
A30: 7.2.2. | B30: Uređenje temeljnog tla
B31: (OTU II st. 2-08) Mehaničkim zbijanjem (OTU II st. 2-08.1) Obuhvaća sav prijevoz i materijal, čišćenje, planiranje, izravnavanje usitnjenim kamenim materijalom, sušenje ili vlaženje i zbijanje. Obračun po m² uređenog temeljnog tla.
B32: Makadamski kolnik | C32: m² | D32: 385 | E32: 5 | F32: =ROUND(D32*E32,2) -> 1925
A34: 7.2.3. | B34: Izrada posteljice
B35: (OTU II st. 2-10) Obuhvaća materijal, grubo i fino planiranje i nabijanje do tražene zbijenosti. Zbijanje tako da se postigne zbijenost od 100% prema standardnom Proctorovom postupku, odnosno Ms>25 MN/m2 mjereno kružnom pločom r = 30 cm pri optimalnoj vlažnosti materijala. Obračun po m² uređene i zbijene posteljice nasipa. Izrada posteljice od kamenog materijala (OTU II st. 2-10.2)
B36: Makadamski kolnik | C36: m² | D36: 385 | E36: 5 | F36: =ROUND(D36*E36,2) -> 1925
A38: 7.2.4. | B38: Uređenje temeljnog tla geotekstilom
B39: (grupa: 02.08, oznaka: 00400) Odvajanje nosivog temeljnog tla i posteljice polaganjem geotekstila preklapanjem, na prethodno poravnato tlo. Obračun je prema stvarnoj površini tla na koji je položen geotekstil (preklopi se ne uračunavaju) u četvornim metrima. U cijenu je uključen sav rad, nabava geotekstila i materijala za poravnavanje te ostalog potrebnog materijala, transporti i oprema za pripremu podloge i polaganje geotekstila, kao i ispitivanja. Koristi se 400 g/m² tip geotekstila.
B40: Obračun po m² uređenog temeljnog tla s postavljenim geotekstilom. | C40: m² | D40: 385 | E40: 3 | F40: =ROUND(D40*E40,2) -> 1155
A42: 7.2.5. | B42: Prijevoz na stalno odlagalište iskopanog i utovarenog materijala iz iskopa
B43: Ovaj rad obuhvaća uređenje posteljice u usjecima, nasipima i zasjecima, tj grubo i fino planiranje materijala i zbijanje do tražene zbijenosti. Posteljicu treba izraditi prema kotama iz projekta. Zahtijevi kakvoće su: stupanj zbijenosti Sz ≥ 100%, modul stišljivosti Ms ≥ 40 MN/m².
B44: Obračun po m² izrađene posteljice. | C44: m³ | D44: 100 | E44: 20 | F44: =ROUND(D44*E44,2) -> 2000
A46: 7.2. | B46: ZEMLJANI RADOVI UKUPNO: | F46: =SUM(F44,F40,F36,F32,F28) -> 8945
A48: 7.3. | B48: KOLNIČKA KONSTRUKCIJA
A50: 7.3.1. | B50: Nosivi sloj od kamenog materijala
B51: (OTU III st.5-01) Nosivi sloj izvodi se od mehanički zbijenog zrnatog kamenog materijala. Obuhvaća nabavu materijala, prijevoz, upotrebu opreme te sav rad na izradi i ugradnji sloja. Nakon preuzimanja ispitanog planuma u pogledu zabijenosti, ravnosti projektiranih nagiba, a sve prema važečim normama, pristupa se izradi nosivog sloja od drobljenog kamenog materijala. Za izradu ovog sloja treba upotrijebiti drobljeni kameni materijal za koji je pribavljen atest o njegovoj podobnosti za izradu nosivog sloja. Kameni materijal se mora navoziti (navlačiti) tako da se ne ošteti izvedeni profil posteljice. Zahtjevana zbijenost za makadamski kolnik Ms=50 MN/m2 Sve nepravilnosti utvrđene za vrijeme zbijanja mora izvođač o svom trošku ukloniti. Sva tekuća i kontrolna ispitivanja treba vršiti prema važećim standardima i propisima u toku građenja.
B52: Obračun po m³ ugrađenog kamenog agregata u zbijenom stanju.
B53: d = 15cm, ispod kolnika, Ms≥50 MN/m2 16/32mm | C53: m³ | D53: 58 | E53: 50 | F53: =ROUND(D53*E53,2) -> 2900
B54: d = 10cm makadamski kolnik, Ms≥40 MN/m2 8/16mm | C54: m³ | D54: 39 | E54: 50 | F54: =ROUND(D54*E54,2) -> 1950
A56: 7.3.2. | B56: Izrada rubnjaka od lomljenog granita
B57: Obuhvaća nabavu materijala, prijevoz, upotrebu opreme, te sav rad na izradi i ugradnji rubnjaka uključujući pripremu podloge, njegu i izradu dilatacija.
B58: Obračun po m¹ postavljenog rubnjaka. | C58: m | D58: 170 | E58: 60 | F58: =ROUND(D58*E58,2) -> 10200
A60: 7.3.3. | B60: Granitne kocke za oborinski kanal (opločenje)
B61: Dobava, doprema i ugradnja granitnih kocki dimenzija 10x10x10 cm za popločenje odvodnog oborinskog kanala. Opločnici se postavljaju u podložni stabilizacijski sloj debljine 10 cm od drobljenog eruptivnog pijeska veličine zrna 2-4 mm s dodatkom cementa, 4:1 miješano u suho. Obračun se vrši po m² ugrađenih kocki uključivo sav potreban materijal, pijesak i fugiranje cementom te sav rad.
B62: U cijeni po m² ugrađenog materijala uključeno je i pribavljanje atesta o kvaliteti ugrađenog materijala. | C62: m² | D62: 9 | E62: 500 | F62: =ROUND(D62*E62,2) -> 4500
A64: 7.3.4. | B64: Granitne kocke za stabilizaciju kolničke konstrukcije na padini (opločenje)
B65: Dobava, doprema i ugradnja granitnih kocki dimenzija 20x20x20 cm zastabilizaciju kolničke konstrukcije na padini. Opločnici se postavljaju u podložni stabilizacijski sloj debljine 10 cm od drobljenog eruptivnog pijeska veličine zrna 2-4 mm s dodatkom cementa, 4:1 miješano u suho. Obračun se vrši po m² ugrađenih kocki uključivo sav potreban materijal, pijesak i fugiranje cementom te sav rad.
B66: U cijeni po m² ugrađenog materijala uključeno je i pribavljanje atesta o kvaliteti ugrađenog materijala. | C66: m² | D66: 5 | E66: 500 | F66: =ROUND(D66*E66,2) -> 2500
A68: 7.3. | B68: KOLNIČKA KONSTRUKCIJA UKUPNO: | F68: =SUM(F53:F66) -> 22050
A70: 7.4. | B70: OSTALI RADOVI
A72: 7.4.1. | B72: Mehanička zaštita postojećeg raslinja.
B73: Mehanička zaštita stabala od oštećenja prilikom izvedbe građevinskih radova. Zaštita se postavlja u vidu drvene oplate oko stabala visine do 2 m, u svrhu sprečavanja oštećenja prilikom izvođenja radova mehanizacijom.
B74: Obračun po komadu zaštičenog raslinja | C74: komad | D74: 10 | E74: 50 | F74: =ROUND(D74*E74,2) -> 500
A76: 7.4.2. | B76: Sanacija oštećenog korijena stabala.
B77: Prilikom iskopa voditi računa da se ne prereže korijenje debljine preko 1 cm. U slučaju kada je izvršeno presijecanje korijena , potrebno je izvršiti oštar rez uz sam zdravi neoštećeni dio korijena i odmah ga obraditi sredstvima za obradu rana i koja pospješuju rast. Stavka se obračunava po komadu obrađenog stabla.
B78: Obračun po komadu saniranog korijena stabla | C78: komad | D78: 5 | E78: 100 | F78: =ROUND(D78*E78,2) -> 500
A80: 7.4.3. | B80: Izrada potpornog AB zida
B81: Dobava i doprema materijala, te ručno betoniranje armirano betonskog potpornog zida, debljine 10 cm visine 20-110 cm, u betonu klase C25/30. Beton treba nakon ugradbe pravilno njegovati pokrivanjem i poljevanjem minimalno 3x u roku od 3 dana.
B82: Obračun po m³ ugrađenog betona. | C82: m³ | D82: 2.3 | E82: 300 | F82: =ROUND(D82*E82,2) -> 690
A84: 7.4.4. | B84: Armatura
B85: Stavkom je obuhvaćena nabava i doprema armature i svog pomoćnog materijala, skladištenje, rezanje, savijanje i postavljanje u oplatu. (Q-188)
B86: Obračun po kg ugrađene armature. | C86: kg | D86: 140 | E86: 2 | F86: =ROUND(D86*E86,2) -> 280
A88: 7.4.5. | B88: Oplata
B89: Stavkom je obuhvaćena nabava i doprema oplate i svog pomoćnog materijala i postavljanjeoplatu.
B90: Obračun po m2 ugrađene oplate. | C90: m² | D90: 50 | E90: 50 | F90: =ROUND(D90*E90,2) -> 2500
A92: 7.4.6. | B92: Kanalica s rešetkom za linijsku odvodnju
B93: Dobava i montaža kanala za linijsku odvodnju nosivosti A15 prema HRN EN 124 ili jednakovrijedno. Svjetla širina kanala je 100 mm, a građevinska dužina 500 mm. Kanal se izvodi polaganjem na betonsku podlogu (C 12/15) debljine sloja 15 cm, bočno kanal obložiti betonom (C 25/30). Gornji rub rešetke se izvodi u razini 2 - 5 mm ispod kote gotove završne okolne površine. Sve radove izvesti prema uputama proizvođača.
B94: Obračum po m¹ potpuno izrađene kanalice. | C94: m | D94: 10 | E94: 150 | F94: =ROUND(D94*E94,2) -> 1500
A96: 7.4.7. | B96: Elektro mehanička podizna rampa
B97: Elektro mehanička podizna rampa sa ugradnjom i spojem na postojeću elektroinstalaciju, povišene baze, s monofaznim napajanjem, daljinskim upravljačem za podizanje i spuštanje branika, kurblom, grijačem, kliznom spojkom. Branici po dužini moraju biti presvučeni retroreflektirajućom tvari klase II. Cijena obuhvaća sve potrebne radove.
B98: Automatska hidraulična rampa • letva duljine 3m • vrijeme ciklusa (otvaranje/zatvaranje) 3s • kontakti za prikaz statusa rampe • ugrađen ventilator • elektronsko usporavanje • ručna deblokada u slučaju nestanka struje • namjenjena za kontinuirani rad • napajanje 230VAC (+6%-10%) 50 Hz • termalna zaštita motora do 120°C • radna temperatura -20°C do +55°C • potrošnja maksimalno 220W tip FAAC 620 Rapid ili jednakovrijedan | C98: komad | D98: 1 | E98: 3474 | F98: =ROUND(D98*E98,2) -> 3474
B99: Faac eksterni prijemnik, XR2 433C ili jednakovrijedan | C99: komad | D99: 1 | E99: 98.08 | F99: =ROUND(D99*E99,2) -> 98.08
B100: Faac daljinski upravljač, XT2 433SLH ili jednakovrijedan | C100: komad | D100: 1 | E100: 47.443 | F100: =ROUND(D100*E100,2) -> 47.44
A102: 7.4. | B102: OSTALI RADOVI UKUPNO: | F102: =SUM(F74:F101) -> 9589.52
A105: 7. | B105: PRISTUPNI PUT UKUPNO: | F105: =SUM(F102,F68,F46,F22) -> 43854.52

Sheet 8. GEOMEHANIKA
A1: 8. | B1: GEOMEHANIKA
A3: RB | B3: STAVKA | C3: JEDINICA MJERE | D3: KOLIČINA | E3: JEDINIČNA CIJENA | F3: UKUPNA CIJENA
A7: 8.1 | B7: MOBILIZACIJA I DEMOBILIZACIJA OPREME
A9: 8.1.1. | B9: Pripremanje i raspremanje radnika, garniture i opreme. | C9: pauš | D9: 1 | E9: 300 | F9: =ROUND(D9*E9,2) -> 300
A11: 8.1 | B11: MOBILIZACIJA I DEMOBILIZACIJA OPREME UKUPNO | F11: =SUM(F9:F10) -> 300
A13: 8.2 | B13: GEOMEHANIČKI I GEOFIZIČKI ISTRAŽNI RADOVI
A15: 8.2.1. | B15: Istražno bušenje ukupno 5 istražnih bušotina, ukupno 25 m'. Slaganje izvađene jezgre u sanduke po 1,0 m duljine jezgre. Uzimanje uzoraka tla i stijene. Mjerenje pojave podzemne vode tijekom bušenja kao i utvrđivanje stabilizirane razine podzemne vode. Terensko ispitivanje zbijenosti standardnim penetracijskim testom (SPT).
B16: Obračun prema m' bušenja. | C16: m | D16: 25 | E16: 90 | F16: =ROUND(D16*E16,2) -> 2250
A18: 8.2.2. | B18: Stručno vođenje i nadzor pri izvedbi radova istražnog bušenja. Obuhvaća sve potrebne radnje tijekom geomehaničkih istražnih radova. Provodi se klasifikacija tla s odabirom i uzimanjem neporemećenih i poremećenih uzoraka tla i stijene, te njihovom dostavom u geomehanički laboratorij.
B19: Obračun prema broju bušotina. | C19: kom | D19: 5 | E19: 50 | F19: =ROUND(D19*E19,2) -> 250
A21: 8.2 | B21: GEOMEHANIČKI I GEOFIZIČKI ISTRAŽNI RADOVI UKUPNO | F21: =SUM(F16:F19) -> 2500
A23: 8.3 | B23: LABORATORIJSKA ISPITIVANJA
A25: 8.3.1. | B25: Ispitivanje poremećenih i neporemećenih uzoraka.
B26: Obračun po m' bušenja. | C26: m | D26: 25 | E26: 50 | F26: =ROUND(D26*E26,2) -> 1250
A28: 8.3 | B28: LABORATORIJSKA ISPITIVANJA UKUPNO | F28: =SUM(F26:F27) -> 1250
A30: 8.4. | B30: GEOTEHNIČKI ELABORAT
A32: B.4.1. | B32: Izrada geotehničkog izvještaja koja uključuje obradu i interpretaciju rezultata svih terenskih i laboratorijskih ispitivanja. U jednom tiskanom primjerku i u PDF i u editibilnom digitalnom formatu, na prijenosnom mediju. | C32: komplet | D32: 1 | E32: 1000 | F32: =ROUND(D32*E32,2) -> 1000
A34: 8.4. | B34: GEOTEHNIČKI ELABORAT UKUPNO | F34: =SUM(F32:F33) -> 1000
A37: 8. | B37: GEOMEHANIKA UKUPNO: | F37: =SUM(F34,F28,F21,F11) -> 5050
