Workbook

Sheet Naslovna i opći uvjeti
B2: INVESTITOR: MINISTARSTVO UNUTARNJIH POSLOVA RH
B3: LOKACIJA: JASTREBARSKO, ULICA IVANE BRLIĆ MAŽURANIĆ BB
B4: GRAĐEVINA: SKLADIŠTA BR. 1, 2, 5, 6 I OTVORENI PLATOI BR. 4 I 5
B5: RADOVI: UREĐENJE SKLADIŠTA I OTVORNIH PLATOA
B6: PROJEKTANT: CAPITAL ING d.o.o. ZAGREB
B33: TROŠKOVNIK GRAĐEVINSKO-OBRTNIČKIH I INSTALATERSKIH RADOVA
B62: listopad 2025. godine
A64: stavka | B64: opis stavke | C64: jedin. mjere | D64: količina | E64: jedinična cijena (kn) | F64: ukupno (kn) | G64: jedinična cijena (euro) | H64: ukupno (euro)
B66: OPĆI UVJETI I NAPOMENE
B67: GRAĐEVINSKO-OBRTNIČKI RADOVI
B68: OPĆI UVJETI
B69: Cijena za sve stavke (bez obzira što je eventualno samom stavkom drugačije opisano) mora uključivati: dobavu materijala, transport, montažu (ugradnju) sa svim materijalom i pomoćnim materijalom, radom i horizontalnim i vertikalnim transportom na gradilištu potrebne za dovršenje radova do potpune funkcionalne ili estetske gotovosti.
B70: Cijena izvođenja betonskih i čeličnih konstrukcija mora obuhvatiti i razrede izloženosti konstrukcija koji se mogu pojaviti unutar teritorija Republike Hrvatske. Sva demontirana oprema i svi dijelovi konstrukcije i otpad nastao uklanjanjem građevina ili dijelova građevina se zbrinjava sukladno važećim propisima Republike Hrvatske. Sav materijal, opremu i uređaje kod dopreme na gradilište, a prije ugradnje, izvođač je dužan upisati u dnevnik građenja, te nadzornom organu dostaviti ateste i uvjerenja o kvaliteti, kao i garancijske listove i tehničku dokumentaciju sa podacima o uređajima i opremi. Bez istog materijali, oprema i uređaji ne smiju biti ugrađeni.
B71: Sav demontirani i porušeni materijal zbrinuti kako je propisano prostornim planom, zakonima i pravilnicima o otpadu, a troškove obuhvatiti jediničnom cijenom jer se nikakvi troškovi odvoza, sortiranja i zbrinjavanja neće posebno priznavati. Ovi troškovi naznačit će se opisom - uključivo odvoz i gospodarenje otpadom.
B72: Gospodarenje otpadom obaveza je izvođača i potrebno ga je riješiti u skladu s Prostornim planom uređenja, Planom gospodarenja otpadom, Zakonom o otpadu i Pravilnikom o gospodarenju građevnim otpadom te ostalim važećim propisima.
B73: Radovi se izvode u svemu prema projektu i detaljima projektanta, a sve radnje vezano za stabilnost konstrukcije potrebno je usaglasiti s nadzornim inženjerom nakon provjere postojećeg stanja.
B74: Kako bi građevina bila pristupačna osobama s invaliditetom i smanjene pokretljivosti te omogućavala sigurnu evakuaciju unutar predviđenog vremena, pojedini otvori vrata moraju imati, ovisno o poziciji i namjeni prostora, propisanu minimalnu svijetlu dimenziju otvora koja iznosi 90/100/110×208 cm.
B75: Prije prilagodbe postojećih otvora i izvedbe novih otvora, Izvođač mora uskladiti potrebne dimenzije građevinskih otvora sa dimenzijama dovratnika Proizvođača bravarije/stolarije.
B76: Napomena se odnosi na SVE stavke troškovnika. Troškovnik zajedno s grafičkim dijelom projekta su jedna cjelina i nije ih moguća različito interpretirati. Sve stavke izvesti do potpune funkcionalne gotovosti bez obzira na opis! Sve mjere kontrolirati u naravi!
B77: INSTALACIJE VODOVODA I ODVODNJE
... B99: Izvođač je dužan prijenos, ugradnju i svu građevinsku pripomoć izvesti o svom trošku, te sve te radove nuditi u jediničnim cijenama ovog troškovnika.

Sheet Skladište 1
A1: stavka | B1: opis stavke | C1: jedin. mjere | D1: količina | E1: jedinična cijena (euro) | F1: ukupno (euro)
A3: A. | B3: GRAĐEVINSKO-OBRNIČKI RADOVI
A5: 1. | B5: PRIPREMNI RADOVI
A6: 1.1. | B6: Čišćenje terena od raslinja oko građevine, siječenje i skupljanje. U stavku uključeno uklanjanje smeća, prepreka, drveća, i sl., košenja trave i korova, te utovar i odvoz otpadnog materijala na gradsku deponiju, uključeno u cijeni stavke. | C6: kpl | D6: 1 | E6: 5000 | F6: =D6*$E6 -> 5000
A7: 1.2. | B7: Geodetske usluge Ovim radovima potrebno je obuhvatiti angažman ovlaštenog geodete za sva potrebna iskolčenja, označavanje visina, održavanje mjernih točaka tokom gradilišta i sve popratne geodetske usluge potrebne za izvođenje radova. | C7: kpl | D7: 1 | E7: 500 | F7: =D7*$E7 -> 500
B8: 1. Pripremni radovi ukupno: | F8: =SUM(F6:F7) -> 5500
A10: 2. | B10: RUŠENJA I DEMONTAŽE
A11: 2.1. | B11: Demontaža i iznošenje postojećeg namještaja i opreme. Dio opreme je potrebno deponirati na gradilištu na mjesto koje predvidi nadzorni inženjer zbog vraćanja u objekt nakon izvedbe svih radova. U jediničnu cijenu uključen sav potreban rad, svi transporti, sortiranje i zbrinjavanje građevinskog otpada prema važećem Pravilniku. Napomena: prije početka radova korisnik je dužan ukloniti sav skladišteni materijal i opremu u skladištu. Ova stavka se odnosi samo na eventualno zaostalu opremu/materijal koju prema zahtjevu investitora izvođač mora ukloniti te privremeno zbrinuti na drugoj lokaciji i/ili trajno zbrinuti na pripadnu deponiju. Obračun po m3 opreme koja se odvozi. | C11: m3 | D11: 50 | E11: 50 | F11: =D11*$E11 -> 2500
A12: 2.2. | B12: Pažljiva ručna demontaža i uklanjanje rasvjetnih tijela - nadgradna, ovješena, zidna i stropna. U jediničnu cijenu uključen sav potreban rad, laka pokretna skela, svi transporti, sortiranje i zbrinjavanje građevinskog otpada prema važećem Pravilniku. Obračun po komadu. | C12: kom | D12: 14 | E12: 30 | F12: =D12*$E12 -> 420
A13: 2.3. | B13: Pažljiva ručna demontaža i uklanjanje te zbrinjavanje postojećih instalacija jake i slabe struje unutar zone obuhvata (skladišta).
A14: a) | B14: demontaža instalacije (kabela, cijevi, razvodnih kutija) | C14: m' | D14: 200 | E14: 1 | F14: =D14*$E14 -> 200
A15: b) | B15: demontaža utičnica i prekidača | C15: kom | D15: 20 | E15: 10 | F15: =D15*$E15 -> 200
A16: c) | B16: demontaža razvodnih ormara | C16: kom | D16: 2 | E16: 50 | F16: =D16*$E16 -> 100
A17: 2.4. | B17: Demontaža i zbrinjavanje vanjskih metalnih prozora sa djelomičnim staklom. Prozor dimenzija 180×157 cm. U stavci uključena demontaža, odvoz, zbrinjavanje. Pri nuđenju cijeni uključena i cijena zbrinjavanja. U jediničnu cijenu uključen sav potreban rad, laka pokretna skela, svi transporti, sortiranje i zbrinjavanje građevinskog otpada prema važećem Pravilniku. Obračun po komadu demontirane stavke. | C17: kom | D17: 12 | E17: 50 | F17: =D17*$E17 -> 600
A18: 2.5. | B18: Demontaža i zbrinjavanje vanjskih metalnih dvokrilnih vrata. 'Pažljiva demontaža, utovar i odvoz na na mjesto koje odredi investitor postojećih otvora - vanjskih garažnih vrata na istočnom i zapadnom pročelju. Vrata su dimenzija 300×300 cm. Vrata su metalna, dvokrilna, ugrađena između AB stupova. U jediničnu cijenu uračunati skelu, sav rad, materijal i pribor potreban za izvršenje stavke u cijelosti. Obračun prema komadu. Obračun po komadu demontirane stavke. | C18: kom | D18: 20 | E18: 100 | F18: =D18*$E18 -> 2000
A19: 2.6. | B19: Demontaža i zbrinjavanje unutarnjih vrata i prozora. U stavci uključena demontaža, odvoz, zbrinjavanje. Pri nuđenju cijeni uključena i cijena zbrinjavanja. U jediničnu cijenu uključen sav potreban rad, laka pokretna skela, svi transporti, sortiranje i zbrinjavanje građevinskog otpada prema važećem Pravilniku. Obračun po komadu demontirane stavke. | C19: kom | D19: 1 | E19: 100 | F19: =D19*$E19 -> 100
A20: 2.7. | B20: Demontaža i skidanje postojećih gromobranskih traka na krovu i pročeljima objekta, uključivo s pripadajućim elementima i držačima. Radove izvesti pažljivo, kako ne bi došlo do oštećenja ostalih elemenata ovojnice građevine. U jediničnu cijenu uključen sav potreban rad, laka pokretna skela, svi transporti, sortiranje i zbrinjavanje građevinskog otpada prema važećem Pravilniku. Obračun po m' demontirane stavke. | C20: m' | D20: 100 | E20: 2 | F20: =D20*$E20 -> 200
A21: 2.8. | B21: Demontaža i uklanjanje svih postojećih limenih opšava na krovu i prozorima (limarski elementi oborinske odvodnje - žljebovi, oborinske vertikale itd., rubni opšavi krova, prozorski opšavi i sl.), uključivo s svim pripadajućim pričvrsnim elementima. Radove izvesti pažljivo, kako ne bi došlo do oštećenja ostalih elemenata ovojnice građevine. U jediničnu cijenu uključen sav potreban rad, laka pokretna skela, svi transporti, sortiranje i zbrinjavanje građevinskog otpada prema važećem Pravilniku. Obračun po m' demontiranih elemenata bez obzira na razvijenu širinu. | C21: m' | D21: 150 | E21: 5 | F21: =D21*$E21 -> 750
A22: 2.9. | B22: Demontaža i zbrinjavanje valovitih salonitnih ploča krova. U jediničnu cijenu uključen sav potreban rad, laka pokretna skela, svi transporti, sortiranje i zbrinjavanje građevinskog otpada prema važećem Pravilniku. Pri nuđenju stavke je u cijenu potrebno ukalkulirati zbrinjavanje opasnog otpada koji sadrži azbest. Obračun po m2 demontiranih, odvezenih i zbrinutih ploča. | C22: m2 | D22: 650 | E22: 22 | F22: =D22*$E22 -> 14300
A23: 2.10. | B23: Demontaža i uklanjanje postojećih metalnih elemenata (armature, šipke, žica). U jediničnu cijenu uključen sav potreban rad, sva podupiranja, lako pokretna skela, svi transporti, sortiranje i zbrinjavanje građevinskog otpada prema važećem Pravilniku. Obračun po kg. | C23: kg | D23: 100 | E23: 3 | F23: =D23*$E23 -> 300
A24: 2.11. | B24: Rušenje i uklanjanje postojećih unutarnjih zidanih zidova. U stavku obračunato rušenje te odvoz na gradski deponij. Uz sva potrebna podupiranja te zaštitu ljudi i ostale konstrukcije, na pozicijama uklanjanja postojećih zidova određenim projektnom dokumentacijom. Uključivo sa svim potrebnim podupiranjima obodnih konstrukcija. Zidovi su visine cca 290 cm, debljine 10-15 cm. Radove izvesti pažljivo, kako ne bi došlo do oštećenja ostalih elemenata građevine. Zidovi su zidani porobetonskim blokovima. U jediničnu cijenu uključen sav potreban rad, laka pokretna skela, svi transporti, sortiranje i zbrinjavanje građevinskog otpada prema važećem Pravilniku. Obračun po m3 zida. | C24: m3 | D24: 14 | E24: 400 | F24: =D24*$E24 -> 5600
A25: 2.12. | B25: Pažljivo ručno razgrađivanje i uklanjanje postojećih zidanih zabatnih zidova. Uključivo sa svim slojevima pročelja. U stavku obračunato rušenje te odvoz na gradski deponij. Uz sva potrebna podupiranja te zaštitu ljudi i ostale konstrukcije, na pozicijama uklanjanja postojećih zidova određenim projektnom dokumentacijom. Uključivo sa svim potrebnim podupiranjima obodnih konstrukcija. Zidovi su max. visine cca 165 m, na visini od 310 cm. Debljine 25 cm. Radove izvesti pažljivo, kako ne bi došlo do oštećenja ostalih elemenata građevine. Zidovi su zidani blok opekom. Slojevi konstrukcije: - vanjska fasadna žbuka d=2 cm - zidani zid d=25 cm - unutarnja fasadna žbuka d=2 cm U jediničnu cijenu uključen sav potreban rad, laka pokretna skela, svi transporti, sortiranje i zbrinjavanje građevinskog otpada prema važećem Pravilniku. Obračun po m3 zida. | C25: m3 | D25: 29 | E25: 400 | F25: =D25*$E25 -> 11600
... A27: 2.14. | B27: Čišćenje od masnoća, otprašivanje i brušenje postojeće podne armirano-betonske ploče sa zapunjavanje rupa i neravnina (priprema za izvedbu hidroizolacije), uključivo sav potreban materijal i rad. | C27: m2 | D27: 550 | E27: 5 | F27: =D27*$E27 -> 2750
B28: 3. Rušenja i demontaže ukupno: | F28: =SUM(F11:F27) -> 43870
A30: 3. | B30: ZEMLJANI RADOVI
A31: 3.1. | B31: Kombinirani ručni i strojni iskop površinskog sloja tla - humusa i tla C kategorije u širokom iskopu uz obodne zidove, u širini pojasa potrebnog za izvedbu vanjskih staza i postolja klima jedinice. Iskop tla u prosječnoj debljini sloja cca 30 cm. Jediničnom cijenom obuhvaćena potrebna zaštita sokla postojećih zgrada, tijekom izvođenja radova, očuvanih do razine uređenog terena - zaštita temelja tijekom radova na iskopu. U jediničnu cijenu uključen sav potreban rad, svi utovari, transporti i zbrinjavanje viška iskopanog materijala na odgovarajućem deponiju, uključivo sa svim taksama i naknadama prema važećem Pravilniku. Obračun se vrši po m3 iskopanog materijala u sraslom stanju.
A32: a) | B32: strojni iskop | C32: m3 | D32: 18 | E32: 20 | F32: =D32*$E32 -> 360
A33: b) | B33: ručni iskop | C33: m3 | D33: 17 | E33: 80 | F33: =D33*$E33 -> 1360
A34: 3.2. | B34: Kombinirani ručni i strojni široki iskop tla C kategorije u debljini sloja potrebnog za izvedbu novog vanjskog stubišta. Iskop se izvodi u visini iskopa cca 100 cm od kote postojećeg tla odnosno do dna temeljnih zidova stubišta. Uključivo s formiranjem pokosa (u vanjskom prostoru) i izvedbom potrebnih podupiranja kosine nasipa prema opkopu. Ovisno o sraslosti tla će se nagib pokosa prilagoditi. Način rada odabrati sukladno raspoloživoj tehnologiji izvođača radova (ponuditelja). U jediničnu cijenu uključen sav potreban rad, svi utovari, transporti i zbrinjavanje viška iskopanog materijala na odgovarajućem deponiju, uključivo sa svim taksama i naknadama prema važećem Pravilniku. Deponiju osigurava izvođač. Obračun se vrši po m3 iskopanog materijala u sraslom stanju.
A35: a) | B35: strojni iskop | C35: m3 | D35: 8 | E35: 20 | F35: =D35*$E35 -> 160
A36: b) | B36: ručni iskop | C36: m3 | D36: 2 | E36: 80 | F36: =D36*$E36 -> 160
A37: 3.3. | B37: Ručno i strojno planiranje dna iskopa s točnošću +/- 2 cm. Obračun po m2 isplanirane površine.
A38: a) | B38: strojno planiranje | C38: m2 | D38: 50 | E38: 5 | F38: =D38*$E38 -> 250
A39: b) | B39: ručno planiranje | C39: m2 | D39: 50 | E39: 5 | F39: =D39*$E39 -> 250
A40: 3.4. | B40: Dobava, nasipavanje, nabijanje i planiranje tamposkog sloja kamenog agregata granulacija 0-30 mm u sloju debljine 30 cm ispod betonske ploče staze i stubišta - u svrhu izravnanja podloge. Nasipavanje na pripremljenu i isplaniranu površinu iskopa. Zbijenost posteljice treba iznositi minimalno 50 MN/m2, a istu kontrolirati na svakih 100 m2 izvedenog tamponskog sloja. Prije izvedbe nasipa obavezan pregled temeljnog tla od ovlaštenog nadzora. Obračun po m3 ugrađenog materijala. | C40: m3 | D40: 30 | E40: 60 | F40: =D40*$E40 -> 1800
A41: 3.5. | B41: Obrada i planiranje pokosa tla iskopom i nasipavanjem. Obrada okolnog tla uz vanjske stube, prilagođavajući ga prirodnom postojećem nagibu. Način rada odabrati sukladno raspoloživoj tehnologiji izvođača radova (ponuditelja). Obračun po m2. | C41: m2 | D41: 20 | E41: 20 | F41: =D41*$E41 -> 400
A42: 3.6. | B42: Čišćenje terena oko objekta nakon završetka svih radova na objektu, kao i poslije svake faze rada na objektu. Stavka obuhvaća utovar otpadnog materijala u prijevozno sredstvo i odvoz na javni deponij uključivo troškovi deponiranja. Obračun kao komplet. | C42: kpl | D42: 1 | E42: 300 | F42: =D42*$E42 -> 300
B43: 3. Zemljani radovi ukupno: | F43: =SUM(F32:F42) -> 5040
A45: 4. | B45: ARMIRANO-BETONSKI I ARMIRAČKI RADOVI
A46: 4.1. | B46: Dobava betona i izvedba armiranobetonske podne ploče objekta. Izvedba betonom C30/37. Ploča (2500 kg/m3) se izvodi u debljini 12 cm. Ploča se izvodi na postojeću betonsku ploču, pravilno izoliranu. Izvoditi prema projektu arhitekture, planovima oplate i ostaloj izvedbenoj dokumentaciji te prema uputstvima projektanta konstrukcije i nadzornog inženjera. U jediničnu cijenu uključena je i sva potrebna daščana oplata ako nije posebno navedeno u stavci, te rabic pletivo za radne prekide ovisno o tehnologiji izvođenja. Obavezno dilatiranje prema pravilima struke. Obračun po m3 betona, m2 oplate i kg armature.
A47: a) | B47: beton | C47: m3 | D47: 55 | E47: 190 | F47: =D47*$E47 -> 10450
A48: b) | B48: oplata | C48: m2 | D48: 105 | E48: 30 | F48: =D48*$E48 -> 3150
A49: c) | B49: armatura B500B | C49: kg | D49: 4500 | E49: 1.5 | F49: =D49*$E49 -> 6750
A50: 4.2. | B50: Dobava betona i izvedba armiranobetonske vanjske staze oko objekta i postolja za vanjske klima jedinice. Izvedba betonom C35/45, VDP 3, MS 56, na zbijenu agregatnu podlogu. Ploča (2500 kg/m3) se izvodi u debljini 16 cm. Izvoditi prema projektu arhitekture, planovima oplate i ostaloj izvedbenoj dokumentaciji te prema uputstvima projektanta konstrukcije i nadzornog inženjera. U jediničnu cijenu uključena je i sva potrebna daščana oplata ako nije posebno navedeno u stavci, te rabic pletivo za radne prekide ovisno o tehnologiji izvođenja. Obavezno dilatiranje na svakih 2 m' duljine staze. Obračun po m3 betona, m2 oplate i kg armature.
A51: a) | B51: beton | C51: m3 | D51: 15 | E51: 190 | F51: =D51*$E51 -> 2850
A52: b) | B52: oplata | C52: m2 | D52: 80 | E52: 30 | F52: =D52*$E52 -> 2400
A53: c) | B53: armatura B500B | C53: kg | D53: 1500 | E53: 1.5 | F53: =D53*$E53 -> 2250
A54: 4.3. | B54: Dobava betona i izvedba armiranobetonskog vanjskog stubišta. Završna obrada (protukliznost)-metlani beton. Uključuje izvedbu stuba, podesta i potpornih zidova, betonom (2500 kg/m3) debljine 16 cm. Izvedba betonom C35/45, VDP 3, MS 56. Na zbijenu agregatnu podlogu. Širina stubišta 150 cm. Visina stube 17,17 cm i duljina gazišta stube 28 cm. Duljina podesta 150 cm (ili prilagoditi nagibu terena). Izvoditi prema projektu arhitekture, planovima oplate i ostaloj izvedbenoj dokumentaciji te prema uputstvima projektanta konstrukcije i nadzornog inženjera. U jediničnu cijenu uključena je i sva potrebna daščana oplata ako nije posebno navedeno u stavci, te rabic pletivo za radne prekide ovisno o tehnologiji izvođenja. Obračun po m3 betona, m2 oplate i kg armature.
A55: a) | B55: beton | C55: m3 | D55: 10 | E55: 250 | F55: =D55*$E55 -> 2500
A56: b) | B56: oplata | C56: m2 | D56: 30 | E56: 50 | F56: =D56*$E56 -> 1500
A57: c) | B57: armatura B500B | C57: kg | D57: 1000 | E57: 1.5 | F57: =D57*$E57 -> 1500
A58: 4.4. | B58: Dobava betona i izvedba novih armiranobetonskih vertikalnih serklaža dimenzija 25×20 cm. Izvedba betonom C25/30 (2500 kg/m3). Izvoditi prema projektu arhitekture, planovima oplate i ostaloj izvedbenoj dokumentaciji te prema uputstvima projektanta konstrukcije i nadzornog inženjera. U jediničnu cijenu uključena je i sva potrebna daščana oplata ako nije posebno navedeno u stavci, te rabic pletivo za radne prekide ovisno o tehnologiji izvođenja. Obračun po m3 betona, m2 oplate i kg armature.
A59: a) | B59: beton | C59: m3 | D59: 8 | E59: 250 | F59: =D59*$E59 -> 2000
A60: b) | B60: oplata | C60: m2 | D60: 25 | E60: 50 | F60: =D60*$E60 -> 1250
A61: c) | B61: armatura B500B | C61: kg | D61: 800 | E61: 1.6 | F61: =D61*$E61 -> 1280
A62: 4.5. | B62: Dobava betona i izvedba novih armiranobetonskih nadvoja iznad novih otvora. Izvedba betonom C25/30 (2500 kg/m3). Visina 15 cm, s prijepustom 20 cm u odnosu na širinu otvora. Izvoditi prema projektu arhitekture, planovima oplate i ostaloj izvedbenoj dokumentaciji te prema uputstvima projektanta konstrukcije i nadzornog inženjera. U jediničnu cijenu uključena je i sva potrebna daščana oplata ako nije posebno navedeno u stavci, te rabic pletivo za radne prekide ovisno o tehnologiji izvođenja. Obračun po m3 betona, m2 oplate i kg armature.
A63: a) | B63: beton | C63: m3 | D63: 7 | E63: 250 | F63: =D63*$E63 -> 1750
A64: b) | B64: oplata | C64: m2 | D64: 15 | E64: 50 | F64: =D64*$E64 -> 750
A65: c) | B65: armatura B500B | C65: kg | D65: 700 | E65: 1.6 | F65: =D65*$E65 -> 1120
A66: 4.6. | B66: Izvedba raznih manjih izravnanja i ispuna betonom. Razni utori površina manjih dimenzija, nastali demontažama i rušenjima, ugradnjom novih konstruktivnih elemenata i instalacija, te izravnanja površina za ugradnju konstruktivnih i ostalih elemenata koji nisu posebno navedeni u pojedinim stavkama i koje se ne mogu uredno zazidati, ispunit će se betonom. Stavka uključuje izradu i ugradnju manjih količina betona, izvedba betonom C12/15. Obračun po m3 betona i m2 oplate.
A67: a) | B67: beton | C67: m3 | D67: 3 | E67: 500 | F67: =D67*$E67 -> 1500
A68: b) | B68: oplata | C68: m2 | D68: 10 | E68: 100 | F68: =D68*$E68 -> 1000
A69: 4.7. | B69: Betoniranje AB ploče postolja za vanjske jedinice klima opreme, i betonske staze sa tri strane uz objekt debljine 10 cm betonom C25/30, razreda izloženosti XC2, XF2, u poprečnom padu na pripremljenu podlogu. Gornji dio zagladiti gladilicom. Stavka podrazumijeva izradu oplate, dobavu, sječenje i savijanje armature, dobavu betona, ugradnju i njegu svježeg betona uz sav potreban rad, sredstva za rad i gradilišni transport. Betonsku stazu površinski zaribati, s izrezivanjem dilatacija na razmaku max 125 cm, a uz termo fasadu postaviti bitumensku razdjelnu traku. Obračun po podstavkama.
A70: a) | B70: beton C25/30, XC2, XF2 | C70: m3 | D70: 4.7 | E70: 190 | F70: =D70*$E70 -> 893
A71: b) | B71: oplata rubne visine do 20 cm | C71: m2 | D71: 14.5 | E71: 50 | F71: =D71*$E71 -> 725
A72: c) | B72: armatura mreža Q188 | C72: kg | D72: 450 | E72: 1.5 | F72: =D72*$E72 -> 675
A73: d) | B73: oplata | C73: m2 | D73: 8.2 | E73: 50 | F73: =D73*$E73 -> 410
B74: 4. Armirano-betonski i armirački radovi ukupno: | F74: =SUM(F47:F73) -> 46703
A76: 5. | B76: ČELIČNE KONSTRUKCIJE
A77: 5.1. | B77: Antikorozivna i protupožarna zaštita čeličnih profila - protupožarni premaz koji osigurava vatrootpornost R/REI 30. Jediničnom cijenom stavke obuhvaćena je zaštita čeličnih profil protupožarnim premazima na licu mjesta. Uključuje pripremu površine u smislu čišćenja od hrđe, masnoća i ostalih nečistoća odgovarajućom metodom: čisto od ulja, masti i prljavštine sa zadovoljenjem zahtjeva hrapavosti i čistoće podloge za aplikaciju temeljnog premaza; nanošenje antikorozijskog temeljnog premaza na bazi dvokomponentnog epoksida s cink fosfatom, u debljini 80 μm; Nakon temeljnog premaza, nanošenje atestiranog vatrootpornog zaštitnog premaza s prethodnim proračunom debljina slojeva u skladu s važećim propisima (uključeno u jediničnu cijenu) minimalne vatrootpornosti R/REI 30, u debljini premaza prema preporuci proizvođača. Potrebno je ponuditi protupožarni premaz kojim se za čelične stijenke debljine 3-4 mm (vidjeti tehnički opis iz glavnog projekta) može postići požarna otpornost 30 minuta te se za isti može izdati potrebna atestna dokumentacija. Premaz se višestruko aplicira sukladno proračunu i uputama proizvođača kako bi se postigla tražena požarna otpornost (broj aplikacija premaza ovisi o odabranom proizvođaču te je u cijenu potrebno uključiti višestruko nanošenje premaza). Za potrebe izvedbe ove stavke potrebno je u jediničnu cijenu uračunati i skelu potrebnu za izvođenje ovih radova. Obračun po m2 površine zaštićenih čeličnih elemenata.
A78: a) | B78: čelični profil IPE 140 | C78: m2 | D78: 330 | E78: 55 | F78: =D78*$E78 -> 18150
A79: b) | B79: čelična cijev Ø140, Ø100, Ø80, Ø60 mm | C79: m2 | D79: 80 | E79: 55 | F79: =D79*$E79 -> 4400
A80: c) | B80: čelični spregovi i nosači instalacija | C80: m2 | D80: 40 | E80: 55 | F80: =D80*$E80 -> 2200
A81: 5.2. | B81: Dobava i ugradnja čeličnih profila dimenzija 70×70×5 mm, kao dodatnih elemenata za koje se vješaju instalacije. Profili se montiraju između sekundarnih profila krovišta na potrebne pozicije. U jediničnu cijenu je uključena dobava i montaža pocinčanih elemenata za ovjes instalacija. Obračun po kg ugrađenog čeličnog profila. | C81: kg | D81: 100 | E81: 8 | F81: =D81*$E81 -> 800
A82: 5.3. | B82: Dobava materijala, radionička priprema i izrada, transport i montaža čelične ograde vanjskog stubišta. Nosiva konstrukcija ograde se izvodi od čeličnih cijevi 80×80×3 mm, a ispuna od čeličnih cijevi 20×20×2 mm na međusobnom razmaku od 10 cm. Spajanje čeličnih cijevi predviđeno je varenjem, a sidrenje u AB stubište putem pripadnih pločica i vijaka, razrađeno radioničkom dokumentacijom. U cijenu uračunati sav materijal i rad, izradu radioničke dokumentacije koja se daje projektantu na ovjeru, ličenje temeljnim premazom i dvostruko ličenje lak bojom za metal u boji po izboru korisnika te sav potreban materijal i pribor za montažu. U cijenu ograde uračunati i potrebno uzemljenje. Visina ograde 120 cm. Obračun po m' ograde. | C82: m' | D82: 20 | E82: 230 | F82: =D82*$E82 -> 4600
B83: 5. Čelične konstrukcije ukupno: | F83: =SUM(F78:F82) -> 30150
A85: 6. | B85: ZIDARSKI I HIDROIZOLATERSKI RADOVI
A86: 6.1. | B86: Dobava materijala i izvedba zida od blok opeke debljine d=25 cm. Zid se izvodi kao ispuna otvora nakon uklonjenih postojećih stavki. Zidanje u produžnom mortu. U jediničnoj cijeni obuhvaćena je laka pokretna skela, grundiranje, izvedba bridova nehrđajućim čeličnim profilima kao i bandažiranje rabic pletivom širine 50 cm na prijelazu žbuke preko različitih podloga, te sva pričvrsna i spojna sredstva koja su potrebna za izvedbu zida do potpune gotovosti. U cijenu je uključen sav rad i materijal, pomoćna sredstva, oplata, pomoćni materijali, rezanje blokova za zidarski vez, završna obrada vertikalnih špaleta otvora, kao i poklopnih ploha prozorskih parapeta (podrazumijeva ravnu zaglađenu površinu), te potrebna skela. Obračun po m3 izvedenog zida. | C86: m3 | D86: 90 | E86: 250 | F86: =D86*$E86 -> 22500
A87: 6.2. | B87: Dobava materijala i izvedba grube i fine vapnenocementne žbuke (1800 kg/m3) na svim zidovima u interijeru. Prije početka izvedbe žbuke potrebno je izvršiti otprašivanje podloge te eventualno pranje mini wash uređajem kako bi se postigla čista adekvatna podloga. Površina se grundira sukladno uputi proizvođača sustava žbuke (potrebno uračunati u cijenu). Prvi sloj gruba vapneno cementna žbuka M3 debljine cca 1,5 cm uz prethodni špric rijetkim cementnim mortom M10. Završni sloj fina vapnena žbuka od prosijanog čistog pijeska debljine 0,5 cm. Ovako izvedena dvoslojna žbuka treba biti pripravna za izvedbu soboslikarskih radova. U jediničnoj cijeni obuhvaćena je laka pokretna skela, grundiranje, izvedba bridova nehrđajućim čeličnim profilima kao i bandažiranje rabic pletivom širine 50 cm na prijelazu žbuke preko različitih podloga. Zidovi se žbukaju do pune visine prostora, od kote gotovog poda do vrha zida. Obračun po m2 izvedene površine. | C87: m2 | D87: 530 | E87: 17 | F87: =D87*$E87 -> 9010
A88: 6.3. | B88: Zidarska priprema špaleta za ugradnju stolarskih i bravarskih stavki. Stavka uključuje zidarske popravke i obradu horizontalnih i vertikalnih ploha špaleta, nadvoja, parapeta prozora i vrata, uključivo pripomoć pri ugradnji stolarije. Popravke izvesti mortom, prema uputama odabranog proizvođača. Obračun po m2 obrađene površine zida. | C88: m2 | D88: 20 | E88: 30 | F88: =D88*$E88 -> 600
A89: 6.4. | B89: Popravci i zidarska obrada špaleta nakon ugradnje prozora. Stavka uključuje zidarske popravke i obradu spoja stolarskih stavaka s obodnim zidovima, nadvojima, parapetima i sl. Uključivo pune pripravnosti površine zida za izvedbu završnih radova (ličenje). Obračun po m2 obrađene površine zida. | C89: m2 | D89: 20 | E89: 30 | F89: =D89*$E89 -> 600
A90: 6.5. | B90: Dobava materijala i izvedba brtvljenja spojeva stolarskih stavki i obodnih zidanih zidova po obodu ugrađenih stavka. Izvedba brtvljenja spojeva trajnim i kvalitetnim dvokomponentnim kitom, u svemu prema uputama proizvođača, po cijelom obodu ugrađene stolarske stvake. Obračun po m' izvedenog brtvljenja, do pune pripravnosti za izvedbu završnih radova. | C90: m' | D90: 70 | E90: 10 | F90: =D90*$E90 -> 700
A91: 6.6. | B91: Dobava materijala i izvedba horizontalne barijere - prekida kapilarne vlage u postojećim zidovima od opeke debljine 25-30 cm, pomoću elastičnog akrilnog gela na bazi vode. Tehničke karakteristike koje proizvod mora zadovoljiti: Topivost u vodi topiv Viskoznost mješavine 4 mPa.s / + 20 °C Temperatura primjene ≥ + 5 °C Početak reakcije 4 Minute / + 20 °C Vrijeme umrežavanja 6 Minuta / + 20 °C Konačno vezanje 15 Minuta / + 20 °C Gel je u mogućnosti vezati vodu tijekom faze geliranja, a zbog niske početne viskoznosti može se injektirati u najfinije pore podloge u svrhu izvedbe prekida kapilarne vlage. Prekid kapilarne vlage izvodi se 10-15 cm iznad razine tla (za vanjske zidove) ili 10-15 cm iznad razine gotovog poda (za unutarnje zidove). Pritom treba osigurati kontinuitet izvedene horizontalne barijere duž svih zidova.
B92: Stavka uključuje prethodnu pripremu u pogledu bušenja rupa promjera 10 mm u zidovima (u dva reda) na međusobnom razmaku od 40 cm (po redu) u dubini od 2/3 debljine zida (sve prema uputama proizvođača), ispuhivanje rupa i ugradnju specijalnih pakera za ugradnju smola. Injektiranje se vrši specijalnom električnom pumpom s integriranim dovodom vode pod nižim tlakom. Nakon završenog injektiranja pakeri se uklanjanju, a rupe zatvaraju brzovezujućim cementom/mortom. Tehničke karakteristike koje proizvod mora zadovoljiti: Gustoća svježeg morta min. 1.8 kg / l Tlačna čvrstoća nakon 2 sata: ≥ 5 N / mm² Tlačna čvrstoća nakon 7 dana ≥ 30 N / mm² Tlačna čvrstoća nakon 28 dana ≥ 40 N / mm² Savojna vlačna čvrstoća nakon 7 dana ≥ 5 N / mm² Početak vezanja nakon 5 minuta (20°C) Ugradnja sljedećeg sloja nakon 3 sata Uključen kompletan rad, materijal i pribor. Prosječna potrošnja gela za zid od pune opeke minimalno 4 kg/m za svakih 10 cm debljine zida. Obračun se vrši po m' izvedene horizontalne barijere. | C92: m' | D92: 66 | E92: 2 | F92: =D92*$E92 -> 132
A93: 6.7. | B93: Izrada horizontalne hidroizolacije ispod novozidanih zidova na mjestima garažnih vrata, te vertikalne hidroizolacije otkrivenih soklenih zidova premazom od specijalnog jednokomponentnog hidroizolacijskog morta na bazi cementa. Mort se izvodi četkom u dva sloja ukupne debljine 4-6 mm. Širina horizontalne hidroizolacije je u debljini zidova plus 20 cm s obje strane. | C93: m2 | D93: 70 | E93: 30 | F93: =D93*$E93 -> 2100
A94: 6.8. | B94: Dobava i ugradnja montažnih nadvoja u vanjskim zidovima na mjestima izvođenja otvora - vrata. Ugradnja u širini zida, tj. širina nadvoja treba biti jednaka širini zida u koji se ugrađuje. Pridržavati se preporuka proizvođača odabranog proizvoda (nadvoja). Ukoliko je preporuka proizvođača da određeni parametri nadilaze traženo stavkom, u tom slučaju izvesti sukladno preporuci proizvođača, a u slučaju da proizvođač preporučuje lošije parametre - potrebno je izvesti onako kako je traženo stavkom. Minimalni parametri: Montažni nadvoj s prijepustom min. 20 cm u odnosu na širinu otvora. Armatura unutar nadvoja je 2Ø10, i zapunjava se betonom klase C 30/37. U cijeni rad, materijal, podupiranje i gradilišni transport do 50 m. Skela u posebnoj stavci. Ugradnju izvršiti prema uputama proizvođača. Obračun po komadu nadvoja ovisno o svijetloj širini otvora iznad kojeg se nadvoj ugrađuje.
A95: a) | B95: nadvoj iznad otvora svijetle širine 110 cm | C95: kom | D95: 4 | E95: 120 | F95: =D95*$E95 -> 480
A96: 6.9. | B96: Sanacija zidova repaturnim mortom na mjestima mogućih manjih oštećenja. Točna količina utvrđuje se na licu mjesta u prisustvu nadzornog inženjera. Stavka se izvodi po potrebi - s obzirom na zaklonjenost zidova skladišnim materijalom, uvid u neke dijelove konstrukcije nije bio moguć. Stavka obuhvaća sav rad, materijal i opremu potrebnu za izvršenje stavke u cijelosti i odnosi se na vanjske i unutarnje dijelove zidova. S obzirom na vrstu oštećenja koja se mogu očekivati potrebno je ugraditi odgovarajući materijal: vodootporni, paropropusni, reparaturni cementni mort, otporan na smrzavanje, obogaćen alkalno otpornim vlaknima. | C96: m2 | D96: 85 | E96: 20 | F96: =D96*$E96 -> 1700
A97: 6.10. | B97: Ličenje unutarnjih zidova. Priprema podloge za ličenje -podloga mora biti suha, čvrsta i čista te prije prvog bojanja impregnirana. Boju i impregnaciju koristiti od istog proizvođača. Ličenje se vrši u dva sloja disperzivnom bojom za unutarnje zidove. Ral prema izboru investitora, najbolje bijele boje. U cijenu m2 oličene površine uključena zaštita podova i zidova i radna skela. Obračun po m2 oličene površine. | C97: m2 | D97: 530 | E97: 10 | F97: =D97*$E97 -> 5300
A98: 6.11. | B98: Doprema, montaža i demontaža po završetku radova skele za radove van objekta koji se izvode na visini. Skela po cijelom opsegu građevine. Oslanjanje skele izvesti na čvrstoj podlozi, sa svim potrebnim ukrućenjima, podnicama, ljestvama za prelazak s radne etaže na radnu etažu, zaštitom podnica od pada materijala i alata, leđobranima i sl. sve u skladu s pozitivnim propisima zaštite na radu. Obračun po m2 vertikalne projekcije skele. U stavku uključen sav rad i materijal potreban za izvršenje stavke u cijelosti, uključivo i statički proračun skele te standardno fasadno platno. | C98: m2 | D98: 500 | E98: 12 | F98: =D98*$E98 -> 6000
A99: 6.12. | B99: Doprema, montaža i demontaža po završetku radova skele za radove unutar objekta koji se izvode na visini. Skela po cijeloj površini unutarnjeg prostora. Oslanjanje skele izvesti na čvrstoj podlozi, sa svim potrebnim ukrućenjima, podnicama, ljestvama za prelazak s radne etaže na radnu etažu, zaštitom podnica od pada materijala i alata, leđobranima i sl. sve u skladu s pozitivnim propisima zaštite na radu. Obračun po m2 tlocrtne površine građevine, prosječna visina skele iznosi cca 4,5 m. U stavku uključen sav rad i materijal potreban za izvršenje stavke u cijelosti, uključivo i statički proračun skele. | C99: m2 | D99: 420 | E99: 8 | F99: =D99*$E99 -> 3360
A100: 6.13. | B100: Dobava, transport i ugradnja hidroizolacije ispod podne ploče skladišta. Izvode se varene bitumenske hidroizolacijske trake (ljepenka) sa uloškom staklenog voala u dva sloja na hladnom bitumenskom premazu, uključivo sav pomočni materijal i rad. Debljina jedne trake cca 3,2 mm.
A101: a) | B101: horizontalna površina | C101: m2 | D101: 420 | E101: 26 | F101: =D101*$E101 -> 10920
A102: b) | B102: vertikalna površina (sokl) | C102: m2 | D102: 100 | E102: 35 | F102: =D102*$E102 -> 3500
B103: 6. Zidarski i hidroizolaterski radovi ukupno: | F103: =SUM(F86:F102) -> 66902
A105: 7. | B105: KROVOPOKRIVAČKI I LIMARSKI RADOVI
A106: 7.1. | B106: Dobava i montaža trapeznog krovnog izolacijskog panela. Panel je ispunjen mineralnom vunom MW (50 kg/m3), (U= 0,537 W/mK), debljine 6 cm, vanjski lim profilirani debljine 0,60 mm, poliesterska boja debljine 25 my. Ral boja lima panela po izboru investitora. Vatrootpornost panela: REI 30 Tehničke karakteristike panela dokazati ovjerenom tvorničkom izjavom o svojstvima (DOP) te certifikatom o stalnosti svojstava izdanim od akreditirane EU certifikacijske kuće. Obavezna primjena svih propisanih uputa za montažu od strane proizvođača. Panel je s obje strane zaštićen sa PVC folijom, koja se u montaži odstranjuje. Obračun po m2 ugrađenih panela. U stavku uključen sav spojni i pričvrsni materijal, brtve, kalote i podlošci. | C106: m2 | D106: 672 | E106: 70 | F106: =D106*$E106 -> 47040
A107: 7.2. | B107: Izrada, dobava i montaža horizontalnih i vertikalnih oluka za odvodnju vode s kosog krova. Vertikalni oluci su okruglog poprečnog presjeka RŠ do 40 cm, horizontalni su polukružnog poprečnog presjeka RŠ do 40 cm. Lim je debljine 0,60 mm, pocinčani, bojani. Boja po izboru investitora. Sve dimenzije uzeti na licu mjesta. Skela je obračunata posebno. Stavka podrazumijeva ugradnju svih elemenata sustava (koljena, grla, pričvrsni pribor - šelne, kuke, početne i završne elemente, kutne elemente) do pune uporabljivosti. U stavku uključen sav potreban rad, materijal i pribor za izvršenje stavke u cijelosti. Obračun po m' ugrađenog lima. | C107: m' | D107: 110 | E107: 40 | F107: =D107*$E107 -> 4400
A108: 7.3. | B108: Nabava, dobava i ugradnja limenog opšava na spoju krovne plohe i zabatnih zidova - veterlajsne. Lim je debljine 0,60 mm, bojani pocinčani. Boja po izboru investitora. Razvijene širine do 45 cm. U stavku uključen sav potreban rad, materijal i pribor za izvršenje stavke u cijelosti. Obračun po m' ugrađenog lima. | C108: m' | D108: 36.5 | E108: 40 | F108: =D108*$E108 -> 1460
A109: 7.4. | B109: Nabava, dobava i ugradnja linijskih snjegobrana u 2 reda na svakoj strani krovne plohe, razvijene širine do 30 cm. Lim je debljine 0,60 mm, pocinčani, bojani. U stavku je uključen sav potreban rad, materijal i pribor za izvršenje stavke u cijelosti. Obračun po m' ugrađenog lima. | C109: m' | D109: 141 | E109: 60 | F109: =D109*$E109 -> 8460
...

Sheet Skladište 2
A1: stavka | B1: opis stavke | C1: jedin. mjere | D1: količina | E1: jedinična cijena (euro) | F1: ukupno (euro)
A3: A. | B3: GRAĐEVINSKO-OBRNIČKI RADOVI
A5: 1. | B5: PRIPREMNI RADOVI
A6: 1.1. | B6: Čišćenje terena od raslinja oko građevine, siječenje i skupljanje. U stavku uključeno uklanjanje smeća, prepreka, drveća, i sl., košenja trave i korova, te utovar i odvoz otpadnog materijala na gradsku deponiju, uključeno u cijeni stavke. | C6: kpl | D6: 1 | E6: 5000 | F6: =D6*$E6 -> 5000
A7: 1.2. | B7: Geodetske usluge Ovim radovima potrebno je obuhvatiti angažman ovlaštenog geodete za sva potrebna iskolčenja, označavanje visina, održavanje mjernih točaka tokom gradilišta i sve popratne geodetske usluge potrebne za izvođenje radova. | C7: kpl | D7: 1 | E7: 500 | F7: =D7*$E7 -> 500
B8: 1. Pripremni radovi ukupno: | F8: =SUM(F6:F7) -> 5500
A10: 2. | B10: RUŠENJA I DEMONTAŽE
A11: 2.1. | B11: Demontaža i iznošenje postojećeg namještaja i opreme. Dio opreme je potrebno deponirati na gradilištu na mjesto koje predvidi nadzorni inženjer zbog vraćanja u objekt nakon izvedbe svih radova. U jediničnu cijenu uključen sav potreban rad, svi transporti, sortiranje i zbrinjavanje građevinskog otpada prema važećem Pravilniku. Napomena: prije početka radova korisnik je dužan ukloniti sav skladišteni materijal i opremu u skladištu. Ova stavka se odnosi samo na eventualno zaostalu opremu/materijal koju prema zahtjevu investitora izvođač mora ukloniti te privremeno zbrinuti na drugoj lokaciji i/ili trajno zbrinuti na pripadnu deponiju. Obračun po m3 opreme koja se odvozi. | C11: m3 | D11: 50 | E11: 50 | F11: =D11*$E11 -> 2500
A12: 2.2. | B12: Pažljiva ručna demontaža i uklanjanje rasvjetnih tijela - nadgradna, ovješena, zidna i stropna. U jediničnu cijenu uključen sav potreban rad, laka pokretna skela, svi transporti, sortiranje i zbrinjavanje građevinskog otpada prema važećem Pravilniku. Obračun po komadu. | C12: kom | D12: 14 | E12: 30 | F12: =D12*$E12 -> 420
A13: 2.3. | B13: Pažljiva ručna demontaža i uklanjanje te zbrinjavanje postojećih instalacija jake i slabe struje unutar zone obuhvata (skladišta).
A14: a) | B14: demontaža instalacije (kabela, cijevi, razvodnih kutija) | C14: m' | D14: 200 | E14: 1 | F14: =D14*$E14 -> 200
A15: b) | B15: demontaža utičnica i prekidača | C15: kom | D15: 20 | E15: 10 | F15: =D15*$E15 -> 200
A16: c) | B16: demontaža razvodnih ormara | C16: kom | D16: 2 | E16: 50 | F16: =D16*$E16 -> 100
A17: 2.4. | B17: Demontaža i zbrinjavanje vanjskih metalnih prozora sa djelomičnim staklom. Prozor dimenzija 180×157 cm. U stavci uključena demontaža, odvoz, zbrinjavanje. Pri nuđenju cijeni uključena i cijena zbrinjavanja. U jediničnu cijenu uključen sav potreban rad, laka pokretna skela, svi transporti, sortiranje i zbrinjavanje građevinskog otpada prema važećem Pravilniku. Obračun po komadu demontirane stavke. | C17: kom | D17: 12 | E17: 50 | F17: =D17*$E17 -> 600
A18: 2.5. | B18: Demontaža i zbrinjavanje vanjskih metalnih dvokrilnih vrata. 'Pažljiva demontaža, utovar i odvoz na na mjesto koje odredi investitor postojećih otvora - vanjskih garažnih vrata na istočnom i zapadnom pročelju. Vrata su dimenzija 300×300 cm. Vrata su metalna, dvokrilna, ugrađena između AB stupova. U jediničnu cijenu uračunati skelu, sav rad, materijal i pribor potreban za izvršenje stavke u cijelosti. Obračun prema komadu. Obračun po komadu demontirane stavke. | C18: kom | D18: 20 | E18: 100 | F18: =D18*$E18 -> 2000
A19: 2.6. | B19: Demontaža i zbrinjavanje unutarnjih vrata i prozora. U stavci uključena demontaža, odvoz, zbrinjavanje. Pri nuđenju cijeni uključena i cijena zbrinjavanja. U jediničnu cijenu uključen sav potreban rad, laka pokretna skela, svi transporti, sortiranje i zbrinjavanje građevinskog otpada prema važećem Pravilniku. Obračun po komadu demontirane stavke. | C19: kom | D19: 1 | E19: 100 | F19: =D19*$E19 -> 100
A20: 2.7. | B20: Demontaža i skidanje postojećih gromobranskih traka na krovu i pročeljima objekta, uključivo s pripadajućim elementima i držačima. Radove izvesti pažljivo, kako ne bi došlo do oštećenja ostalih elemenata ovojnice građevine. U jediničnu cijenu uključen sav potreban rad, laka pokretna skela, svi transporti, sortiranje i zbrinjavanje građevinskog otpada prema važećem Pravilniku. Obračun po m' demontirane stavke. | C20: m' | D20: 100 | E20: 2 | F20: =D20*$E20 -> 200
A21: 2.8. | B21: Demontaža i uklanjanje svih postojećih limenih opšava na krovu i prozorima (limarski elementi oborinske odvodnje - žljebovi, oborinske vertikale itd., rubni opšavi krova, prozorski opšavi i sl.), uključivo s svim pripadajućim pričvrsnim elementima. Radove izvesti pažljivo, kako ne bi došlo do oštećenja ostalih elemenata ovojnice građevine. U jediničnu cijenu uključen sav potreban rad, laka pokretna skela, svi transporti, sortiranje i zbrinjavanje građevinskog otpada prema važećem Pravilniku. Obračun po m' demontiranih elemenata bez obzira na razvijenu širinu. | C21: m' | D21: 150 | E21: 5 | F21: =D21*$E21 -> 750
A22: 2.9. | B22: Demontaža i zbrinjavanje valovitih salonitnih ploča krova. U jediničnu cijenu uključen sav potreban rad, laka pokretna skela, svi transporti, sortiranje i zbrinjavanje građevinskog otpada prema važećem Pravilniku. Pri nuđenju stavke je u cijenu potrebno ukalkulirati zbrinjavanje opasnog otpada koji sadrži azbest. Obračun po m2 demontiranih, odvezenih i zbrinutih ploča. | C22: m2 | D22: 650 | E22: 22 | F22: =D22*$E22 -> 14300
A23: 2.10. | B23: Demontaža i uklanjanje postojećih metalnih elemenata (armature, šipke, žica). U jediničnu cijenu uključen sav potreban rad, sva podupiranja, lako pokretna skela, svi transporti, sortiranje i zbrinjavanje građevinskog otpada prema važećem Pravilniku. Obračun po kg. | C23: kg | D23: 100 | E23: 3 | F23: =D23*$E23 -> 300
A24: 2.11. | B24: Pažljivo ručno razgrađivanje i uklanjanje postojećih zidanih zabatnih zidova. Uključivo sa svim slojevima pročelja. U stavku obračunato rušenje te odvoz na gradski deponij. Uz sva potrebna podupiranja te zaštitu ljudi i ostale konstrukcije, na pozicijama uklanjanja postojećih zidova određenim projektnom dokumentacijom. Uključivo sa svim potrebnim podupiranjima obodnih konstrukcija. Zidovi su max. visine cca 165 m, na visini od 310 cm. Debljine 25 cm. Radove izvesti pažljivo, kako ne bi došlo do oštećenja ostalih elemenata građevine. Zidovi su zidani blok opekom. Slojevi konstrukcije: - vanjska fasadna žbuka d=2 cm - zidani zid d=25 cm - unutarnja fasadna žbuka d=2 cm U jediničnu cijenu uključen sav potreban rad, laka pokretna skela, svi transporti, sortiranje i zbrinjavanje građevinskog otpada prema važećem Pravilniku. Obračun po m3 zida. | C24: m3 | D24: 29 | E24: 400 | F24: =D24*$E24 -> 11600
A25: 2.12. | B25: Uklanjanje i odvoz postojeće žbuke. Stavka se primjenjuje za površine zidova/stupova koji se zadržavaju te podrazumijeva otucanje žbuke, odvoz i zbrinjavanje šute, zaštite prilikom izvođenja radova i potrebnu skelu. Obračun po m2 uklonjene žbuke. | C25: m2 | D25: 150 | E25: 15 | F25: =D25*$E25 -> 2250
A26: 2.13. | B26: Čišćenje od masnoća, otprašivanje i brušenje postojeće podne armirano-betonske ploče sa zapunjavanje rupa i neravnina (priprema za izvedbu hidroizolacije), uključivo sav potreban materijal i rad. | C26: m2 | D26: 550 | E26: 5 | F26: =D26*$E26 -> 2750
B27: 3. Rušenja i demontaže ukupno: | F27: =SUM(F11:F26) -> 38270
A29: 3. | B29: ZEMLJANI RADOVI
A30: 3.1. | B30: Kombinirani ručni i strojni iskop površinskog sloja tla - humusa i tla C kategorije u širokom iskopu uz obodne zidove, u širini pojasa potrebnog za izvedbu vanjskih staza i postolja klima jedinice. Iskop tla u prosječnoj debljini sloja cca 30 cm. Jediničnom cijenom obuhvaćena potrebna zaštita sokla postojećih zgrada, tijekom izvođenja radova, očuvanih do razine uređenog terena - zaštita temelja tijekom radova na iskopu. U jediničnu cijenu uključen sav potreban rad, svi utovari, transporti i zbrinjavanje viška iskopanog materijala na odgovarajućem deponiju, uključivo sa svim taksama i naknadama prema važećem Pravilniku. Obračun se vrši po m3 iskopanog materijala u sraslom stanju.
A31: a) | B31: strojni iskop | C31: m3 | D31: 18 | E31: 20 | F31: =D31*$E31 -> 360
A32: b) | B32: ručni iskop | C32: m3 | D32: 17 | E32: 80 | F32: =D32*$E32 -> 1360
A33: 3.2. | B33: Kombinirani ručni i strojni široki iskop tla C kategorije u debljini sloja potrebnog za izvedbu novog vanjskog stubišta. Iskop se izvodi u visini iskopa cca 100 cm od kote postojećeg tla odnosno do dna temeljnih zidova stubišta. Uključivo s formiranjem pokosa (u vanjskom prostoru) i izvedbom potrebnih podupiranja kosine nasipa prema opkopu. Ovisno o sraslosti tla će se nagib pokosa prilagoditi. Način rada odabrati sukladno raspoloživoj tehnologiji izvođača radova (ponuditelja). U jediničnu cijenu uključen sav potreban rad, svi utovari, transporti i zbrinjavanje viška iskopanog materijala na odgovarajućem deponiju, uključivo sa svim taksama i naknadama prema važećem Pravilniku. Deponiju osigurava izvođač. Obračun se vrši po m3 iskopanog materijala u sraslom stanju.
A34: a) | B34: strojni iskop | C34: m3 | D34: 8 | E34: 20 | F34: =D34*$E34 -> 160
A35: b) | B35: ručni iskop | C35: m3 | D35: 2 | E35: 80 | F35: =D35*$E35 -> 160
A36: 3.3. | B36: Ručno i strojno planiranje dna iskopa s točnošću +/- 2 cm. Obračun po m2 isplanirane površine.
A37: a) | B37: strojno planiranje | C37: m2 | D37: 50 | E37: 5 | F37: =D37*$E37 -> 250
A38: b) | B38: ručno planiranje | C38: m2 | D38: 50 | E38: 5 | F38: =D38*$E38 -> 250
A39: 3.4. | B39: Dobava, nasipavanje, nabijanje i planiranje tamposkog sloja kamenog agregata granulacija 0-30 mm u sloju debljine 30 cm ispod betonske ploče staze i stubišta - u svrhu izravnanja podloge. Nasipavanje na pripremljenu i isplaniranu površinu iskopa. Zbijenost posteljice treba iznositi minimalno 50 MN/m2, a istu kontrolirati na svakih 100 m2 izvedenog tamponskog sloja. Prije izvedbe nasipa obavezan pregled temeljnog tla od ovlaštenog nadzora. Obračun po m3 ugrađenog materijala. | C39: m3 | D39: 30 | E39: 60 | F39: =D39*$E39 -> 1800
A40: 3.5. | B40: Obrada i planiranje pokosa tla iskopom i nasipavanjem. Obrada okolnog tla uz vanjske stube, prilagođavajući ga prirodnom postojećem nagibu. Način rada odabrati sukladno raspoloživoj tehnologiji izvođača radova (ponuditelja). Obračun po m2. | C40: m2 | D40: 20 | E40: 20 | F40: =D40*$E40 -> 400
A41: 3.6. | B41: Čišćenje terena oko objekta nakon završetka svih radova na objektu, kao i poslije svake faze rada na objektu. Stavka obuhvaća utovar otpadnog materijala u prijevozno sredstvo i odvoz na javni deponij uključivo troškovi deponiranja. Obračun kao komplet. | C41: kpl | D41: 1 | E41: 300 | F41: =D41*$E41 -> 300
B42: 3. Zemljani radovi ukupno: | F42: =SUM(F31:F41) -> 5040
A44: 4. | B44: ARMIRANO-BETONSKI I ARMIRAČKI RADOVI
A45: 4.1. | B45: Dobava betona i izvedba armiranobetonske podne ploče objekta. Izvedba betonom C30/37. Ploča (2500 kg/m3) se izvodi u debljini 12 cm. Ploča se izvodi na postojeću betonsku ploču, pravilno izoliranu. Izvoditi prema projektu arhitekture, planovima oplate i ostaloj izvedbenoj dokumentaciji te prema uputstvima projektanta konstrukcije i nadzornog inženjera. U jediničnu cijenu uključena je i sva potrebna daščana oplata ako nije posebno navedeno u stavci, te rabic pletivo za radne prekide ovisno o tehnologiji izvođenja. Obavezno dilatiranje prema pravilima struke. Obračun po m3 betona, m2 oplate i kg armature.
A46: a) | B46: beton | C46: m3 | D46: 55 | E46: 190 | F46: =D46*$E46 -> 10450
A47: b) | B47: oplata | C47: m2 | D47: 105 | E47: 30 | F47: =D47*$E47 -> 3150
A48: c) | B48: armatura B500B | C48: kg | D48: 4500 | E48: 1.5 | F48: =D48*$E48 -> 6750
A49: 4.2. | B49: Dobava betona i izvedba armiranobetonske vanjske staze oko objekta i postolja za vanjske klima jedinice. Izvedba betonom C35/45, VDP 3, MS 56, na zbijenu agregatnu podlogu. Ploča (2500 kg/m3) se izvodi u debljini 16 cm. Izvoditi prema projektu arhitekture, planovima oplate i ostaloj izvedbenoj dokumentaciji te prema uputstvima projektanta konstrukcije i nadzornog inženjera. U jediničnu cijenu uključena je i sva potrebna daščana oplata ako nije posebno navedeno u stavci, te rabic pletivo za radne prekide ovisno o tehnologiji izvođenja. Obavezno dilatiranje na svakih 2 m' duljine staze. Obračun po m3 betona, m2 oplate i kg armature.
A50: a) | B50: beton | C50: m3 | D50: 15 | E50: 190 | F50: =D50*$E50 -> 2850
A51: b) | B51: oplata | C51: m2 | D51: 80 | E51: 30 | F51: =D51*$E51 -> 2400
A52: c) | B52: armatura B500B | C52: kg | D52: 1500 | E52: 1.5 | F52: =D52*$E52 -> 2250
A53: 4.3. | B53: Dobava betona i izvedba armiranobetonskog vanjskog stubišta. Završna obrada (protukliznost)-metlani beton. Uključuje izvedbu stuba, podesta i potpornih zidova, betonom (2500 kg/m3) debljine 16 cm. Izvedba betonom C35/45, VDP 3, MS 56. Na zbijenu agregatnu podlogu. Širina stubišta 150 cm. Visina stube 17,17 cm i duljina gazišta stube 28 cm. Duljina podesta 150 cm (ili prilagoditi nagibu terena). Izvoditi prema projektu arhitekture, planovima oplate i ostaloj izvedbenoj dokumentaciji te prema uputstvima projektanta konstrukcije i nadzornog inženjera. U jediničnu cijenu uključena je i sva potrebna daščana oplata ako nije posebno navedeno u stavci, te rabic pletivo za radne prekide ovisno o tehnologiji izvođenja. Obračun po m3 betona, m2 oplate i kg armature.
A54: a) | B54: beton | C54: m3 | D54: 10 | E54: 250 | F54: =D54*$E54 -> 2500
A55: b) | B55: oplata | C55: m2 | D55: 30 | E55: 50 | F55: =D55*$E55 -> 1500
A56: c) | B56: armatura B500B | C56: kg | D56: 1000 | E56: 1.5 | F56: =D56*$E56 -> 1500
A57: 4.4. | B57: Dobava betona i izvedba novih armiranobetonskih vertikalnih serklaža dimenzija 25×20 cm. Izvedba betonom C25/30 (2500 kg/m3). Izvoditi prema projektu arhitekture, planovima oplate i ostaloj izvedbenoj dokumentaciji te prema uputstvima projektanta konstrukcije i nadzornog inženjera. U jediničnu cijenu uključena je i sva potrebna daščana oplata ako nije posebno navedeno u stavci, te rabic pletivo za radne prekide ovisno o tehnologiji izvođenja. Obračun po m3 betona, m2 oplate i kg armature.
A58: a) | B58: beton | C58: m3 | D58: 8 | E58: 250 | F58: =D58*$E58 -> 2000
A59: b) | B59: oplata | C59: m2 | D59: 25 | E59: 50 | F59: =D59*$E59 -> 1250
A60: c) | B60: armatura B500B | C60: kg | D60: 800 | E60: 1.6 | F60: =D60*$E60 -> 1280
A61: 4.5. | B61: Dobava betona i izvedba novih armiranobetonskih nadvoja iznad novih otvora. Izvedba betonom C25/30 (2500 kg/m3). Visina 15 cm, s prijepustom 20 cm u odnosu na širinu otvora. Izvoditi prema projektu arhitekture, planovima oplate i ostaloj izvedbenoj dokumentaciji te prema uputstvima projektanta konstrukcije i nadzornog inženjera. U jediničnu cijenu uključena je i sva potrebna daščana oplata ako nije posebno navedeno u stavci, te rabic pletivo za radne prekide ovisno o tehnologiji izvođenja. Obračun po m3 betona, m2 oplate i kg armature.
A62: a) | B62: beton | C62: m3 | D62: 7 | E62: 250 | F62: =D62*$E62 -> 1750
A63: b) | B63: oplata | C63: m2 | D63: 15 | E63: 50 | F63: =D63*$E63 -> 750
A64: c) | B64: armatura B500B | C64: kg | D64: 700 | E64: 1.6 | F64: =D64*$E64 -> 1120
A65: 4.6. | B65: Izvedba raznih manjih izravnanja i ispuna betonom. Razni utori površina manjih dimenzija, nastali demontažama i rušenjima, ugradnjom novih konstruktivnih elemenata i instalacija, te izravnanja površina za ugradnju konstruktivnih i ostalih elemenata koji nisu posebno navedeni u pojedinim stavkama i koje se ne mogu uredno zazidati, ispunit će se betonom. Stavka uključuje izradu i ugradnju manjih količina betona, izvedba betonom C12/15. Obračun po m3 betona i m2 oplate.
A66: a) | B66: beton | C66: m3 | D66: 3 | E66: 500 | F66: =D66*$E66 -> 1500
A67: b) | B67: oplata | C67: m2 | D67: 10 | E67: 100 | F67: =D67*$E67 -> 1000
A68: 4.7. | B68: Betoniranje AB ploče postolja za vanjske jedinice klima opreme, i betonske staze sa tri strane uz objekt debljine 10 cm betonom C25/30, razreda izloženosti XC2, XF2, u poprečnom padu na pripremljenu podlogu. Gornji dio zagladiti gladilicom. Stavka podrazumijeva izradu oplate, dobavu, sječenje i savijanje armature, dobavu betona, ugradnju i njegu svježeg betona uz sav potreban rad, sredstva za rad i gradilišni transport. Betonsku stazu površinski zaribati, s izrezivanjem dilatacija na razmaku max 125 cm, a uz termo fasadu postaviti bitumensku razdjelnu traku. Obračun po podstavkama.
A69: a) | B69: beton C25/30, XC2, XF2 | C69: m3 | D69: 4.7 | E69: 190 | F69: =D69*$E69 -> 893
A70: b) | B70: oplata rubne visine do 20 cm | C70: m2 | D70: 14.5 | E70: 50 | F70: =D70*$E70 -> 725
A71: c) | B71: armatura mreža Q188 | C71: kg | D71: 450 | E71: 1.5 | F71: =D71*$E71 -> 675
B72: 4. Armirano-betonski i armirački radovi ukupno: | F72: =SUM(F46:F71) -> 46293
A74: 5. | B74: ČELIČNE KONSTRUKCIJE
A75: 5.1. | B75: Antikorozivna i protupožarna zaštita čeličnih profila - protupožarni premaz koji osigurava vatrootpornost R/REI 30. Jediničnom cijenom stavke obuhvaćena je zaštita čeličnih profil protupožarnim premazima na licu mjesta. Uključuje pripremu površine u smislu čišćenja od hrđe, masnoća i ostalih nečistoća odgovarajućom metodom: čisto od ulja, masti i prljavštine sa zadovoljenjem zahtjeva hrapavosti i čistoće podloge za aplikaciju temeljnog premaza; nanošenje antikorozijskog temeljnog premaza na bazi dvokomponentnog epoksida s cink fosfatom, u debljini 80 μm; Nakon temeljnog premaza, nanošenje atestiranog vatrootpornog zaštitnog premaza s prethodnim proračunom debljina slojeva u skladu s važećim propisima (uključeno u jediničnu cijenu) minimalne vatrootpornosti R/REI 30, u debljini premaza prema preporuci proizvođača. Potrebno je ponuditi protupožarni premaz kojim se za čelične stijenke debljine 3-4 mm (vidjeti tehnički opis iz glavnog projekta) može postići požarna otpornost 30 minuta te se za isti može izdati potrebna atestna dokumentacija. Premaz se višestruko aplicira sukladno proračunu i uputama proizvođača kako bi se postigla tražena požarna otpornost (broj aplikacija premaza ovisi o odabranom proizvođaču te je u cijenu potrebno uključiti višestruko nanošenje premaza). Za potrebe izvedbe ove stavke potrebno je u jediničnu cijenu uračunati i skelu potrebnu za izvođenje ovih radova. Obračun po m2 površine zaštićenih čeličnih elemenata.
A76: a) | B76: čelični profil IPE 140 | C76: m2 | D76: 330 | E76: 55 | F76: =D76*$E76 -> 18150
A77: b) | B77: čelična cijev Ø140, Ø100, Ø80, Ø60 mm | C77: m2 | D77: 80 | E77: 55 | F77: =D77*$E77 -> 4400
A78: c) | B78: čelični spregovi i nosači instalacija | C78: m2 | D78: 40 | E78: 55 | F78: =D78*$E78 -> 2200
A79: 5.2. | B79: Dobava i ugradnja čeličnih profila dimenzija 70×70×5 mm, kao dodatnih elemenata za koje se vješaju instalacije. Profili se montiraju između sekundarnih profila krovišta na potrebne pozicije. U jediničnu cijenu je uključena dobava i montaža pocinčanih elemenata za ovjes instalacija. Obračun po kg ugrađenog čeličnog profila. | C79: kg | D79: 100 | E79: 8 | F79: =D79*$E79 -> 800
A80: 5.3. | B80: Dobava materijala, radionička priprema i izrada, transport i montaža čelične ograde vanjskog stubišta. Nosiva konstrukcija ograde se izvodi od čeličnih cijevi 80×80×3 mm, a ispuna od čeličnih cijevi 20×20×2 mm na međusobnom razmaku od 10 cm. Spajanje čeličnih cijevi predviđeno je varenjem, a sidrenje u AB stubište putem pripadnih pločica i vijaka, razrađeno radioničkom dokumentacijom. U cijenu uračunati sav materijal i rad, izradu radioničke dokumentacije koja se daje projektantu na ovjeru, ličenje temeljnim premazom i dvostruko ličenje lak bojom za metal u boji po izboru korisnika te sav potreban materijal i pribor za montažu. U cijenu ograde uračunati i potrebno uzemljenje. Visina ograde 120 cm. Obračun po m' ograde. | C80: m' | D80: 20 | E80: 230 | F80: =D80*$E80 -> 4600
B81: 5. Čelične konstrukcije ukupno: | F81: =SUM(F76:F80) -> 30150
A83: 6. | B83: ZIDARSKI I HIDROIZOLATERSKI RADOVI
A84: 6.1. | B84: Dobava materijala i izvedba zida od blok opeke debljine d=25 cm. Zid se izvodi kao ispuna otvora nakon uklonjenih postojećih stavki. Zidanje u produžnom mortu. U jediničnoj cijeni obuhvaćena je laka pokretna skela, grundiranje, izvedba bridova nehrđajućim čeličnim profilima kao i bandažiranje rabic pletivom širine 50 cm na prijelazu žbuke preko različitih podloga, te sva pričvrsna i spojna sredstva koja su potrebna za izvedbu zida do potpune gotovosti. U cijenu je uključen sav rad i materijal, pomoćna sredstva, oplata, pomoćni materijali, rezanje blokova za zidarski vez, završna obrada vertikalnih špaleta otvora, kao i poklopnih ploha prozorskih parapeta (podrazumijeva ravnu zaglađenu površinu), te potrebna skela. Obračun po m3 izvedenog zida. | C84: m3 | D84: 90 | E84: 250 | F84: =D84*$E84 -> 22500
A85: 6.2. | B85: Dobava materijala i izvedba grube i fine vapnenocementne žbuke (1800 kg/m3) na svim zidovima u interijeru. Prije početka izvedbe žbuke potrebno je izvršiti otprašivanje podloge te eventualno pranje mini wash uređajem kako bi se postigla čista adekvatna podloga. Površina se grundira sukladno uputi proizvođača sustava žbuke (potrebno uračunati u cijenu). Prvi sloj gruba vapneno cementna žbuka M3 debljine cca 1,5 cm uz prethodni špric rijetkim cementnim mortom M10. Završni sloj fina vapnena žbuka od prosijanog čistog pijeska debljine 0,5 cm. Ovako izvedena dvoslojna žbuka treba biti pripravna za izvedbu soboslikarskih radova. U jediničnoj cijeni obuhvaćena je laka pokretna skela, grundiranje, izvedba bridova nehrđajućim čeličnim profilima kao i bandažiranje rabic pletivom širine 50 cm na prijelazu žbuke preko različitih podloga. Zidovi se žbukaju do pune visine prostora, od kote gotovog poda do vrha zida. Obračun po m2 izvedene površine. | C85: m2 | D85: 530 | E85: 17 | F85: =D85*$E85 -> 9010
A86: 6.3. | B86: Zidarska priprema špaleta za ugradnju stolarskih i bravarskih stavki. Stavka uključuje zidarske popravke i obradu horizontalnih i vertikalnih ploha špaleta, nadvoja, parapeta prozora i vrata, uključivo pripomoć pri ugradnji stolarije. Popravke izvesti mortom, prema uputama odabranog proizvođača. Obračun po m2 obrađene površine zida. | C86: m2 | D86: 20 | E86: 30 | F86: =D86*$E86 -> 600
A87: 6.4. | B87: Popravci i zidarska obrada špaleta nakon ugradnje prozora. Stavka uključuje zidarske popravke i obradu spoja stolarskih stavaka s obodnim zidovima, nadvojima, parapetima i sl. Uključivo pune pripravnosti površine zida za izvedbu završnih radova (ličenje). Obračun po m2 obrađene površine zida. | C87: m2 | D87: 20 | E87: 30 | F87: =D87*$E87 -> 600
A88: 6.5. | B88: Dobava materijala i izvedba brtvljenja spojeva stolarskih stavki i obodnih zidanih zidova po obodu ugrađenih stavka. Izvedba brtvljenja spojeva trajnim i kvalitetnim dvokomponentnim kitom, u svemu prema uputama proizvođača, po cijelom obodu ugrađene stolarske stvake. Obračun po m' izvedenog brtvljenja, do pune pripravnosti za izvedbu završnih radova. | C88: m' | D88: 70 | E88: 10 | F88: =D88*$E88 -> 700
A89: 6.6. | B89: Dobava materijala i izvedba horizontalne barijere - prekida kapilarne vlage u postojećim zidovima od opeke debljine 25-30 cm, pomoću elastičnog akrilnog gela na bazi vode. Tehničke karakteristike koje proizvod mora zadovoljiti: Topivost u vodi topiv Viskoznost mješavine 4 mPa.s / + 20 °C Temperatura primjene ≥ + 5 °C Početak reakcije 4 Minute / + 20 °C Vrijeme umrežavanja 6 Minuta / + 20 °C Konačno vezanje 15 Minuta / + 20 °C Gel je u mogućnosti vezati vodu tijekom faze geliranja, a zbog niske početne viskoznosti može se injektirati u najfinije pore podloge u svrhu izvedbe prekida kapilarne vlage. Prekid kapilarne vlage izvodi se 10-15 cm iznad razine tla (za vanjske zidove) ili 10-15 cm iznad razine gotovog poda (za unutarnje zidove). Pritom treba osigurati kontinuitet izvedene horizontalne barijere duž svih zidova.
B90: Stavka uključuje prethodnu pripremu u pogledu bušenja rupa promjera 10 mm u zidovima (u dva reda) na međusobnom razmaku od 40 cm (po redu) u dubini od 2/3 debljine zida (sve prema uputama proizvođača), ispuhivanje rupa i ugradnju specijalnih pakera za ugradnju smola. Injektiranje se vrši specijalnom električnom pumpom s integriranim dovodom vode pod nižim tlakom. Nakon završenog injektiranja pakeri se uklanjanju, a rupe zatvaraju brzovezujućim cementom/mortom. Tehničke karakteristike koje proizvod mora zadovoljiti: Gustoća svježeg morta min. 1.8 kg / l Tlačna čvrstoća nakon 2 sata: ≥ 5 N / mm² Tlačna čvrstoća nakon 7 dana ≥ 30 N / mm² Tlačna čvrstoća nakon 28 dana ≥ 40 N / mm² Savojna vlačna čvrstoća nakon 7 dana ≥ 5 N / mm² Početak vezanja nakon 5 minuta (20°C) Ugradnja sljedećeg sloja nakon 3 sata Uključen kompletan rad, materijal i pribor. Prosječna potrošnja gela za zid od pune opeke minimalno 4 kg/m za svakih 10 cm debljine zida. Obračun se vrši po m' izvedene horizontalne barijere. | C90: m' | D90: 72 | E90: 2 | F90: =D90*$E90 -> 144
A91: 6.7. | B91: Izrada horizontalne hidroizolacije ispod novozidanih zidova na mjestima garažnih vrata, te vertikalne hidroizolacije otkrivenih soklenih zidova premazom od specijalnog jednokomponentnog hidroizolacijskog morta na bazi cementa. Mort se izvodi četkom u dva sloja ukupne debljine 4-6 mm. Širina horizontalne hidroizolacije je u debljini zidova plus 20 cm s obje strane. | C91: m2 | D91: 70 | E91: 30 | F91: =D91*$E91 -> 2100
A92: 6.8. | B92: Dobava i ugradnja montažnih nadvoja u vanjskim zidovima na mjestima izvođenja otvora - vrata. Ugradnja u širini zida, tj. širina nadvoja treba biti jednaka širini zida u koji se ugrađuje. Pridržavati se preporuka proizvođača odabranog proizvoda (nadvoja). Ukoliko je preporuka proizvođača da određeni parametri nadilaze traženo stavkom, u tom slučaju izvesti sukladno preporuci proizvođača, a u slučaju da proizvođač preporučuje lošije parametre - potrebno je izvesti onako kako je traženo stavkom. Minimalni parametri: Montažni nadvoj s prijepustom min. 20 cm u odnosu na širinu otvora. Armatura unutar nadvoja je 2Ø10, i zapunjava se betonom klase C 30/37. U cijeni rad, materijal, podupiranje i gradilišni transport do 50 m. Skela u posebnoj stavci. Ugradnju izvršiti prema uputama proizvođača. Obračun po komadu nadvoja ovisno o svijetloj širini otvora iznad kojeg se nadvoj ugrađuje.
A93: a) | B93: nadvoj iznad otvora svijetle širine 110 cm | C93: kom | D93: 2 | E93: 120 | F93: =D93*$E93 -> 240
A94: 6.9. | B94: Sanacija zidova repaturnim mortom na mjestima mogućih manjih oštećenja. Točna količina utvrđuje se na licu mjesta u prisustvu nadzornog inženjera. Stavka se izvodi po potrebi - s obzirom na zaklonjenost zidova skladišnim materijalom, uvid u neke dijelove konstrukcije nije bio moguć. Stavka obuhvaća sav rad, materijal i opremu potrebnu za izvršenje stavke u cijelosti i odnosi se na vanjske i unutarnje dijelove zidova. S obzirom na vrstu oštećenja koja se mogu očekivati potrebno je ugraditi odgovarajući materijal: vodootporni, paropropusni, reparaturni cementni mort, otporan na smrzavanje, obogaćen alkalno otpornim vlaknima. | C94: m2 | D94: 85 | E94: 20 | F94: =D94*$E94 -> 1700
A95: 6.10. | B95: Ličenje unutarnjih zidova. Priprema podloge za ličenje -podloga mora biti suha, čvrsta i čista te prije prvog bojanja impregnirana. Boju i impregnaciju koristiti od istog proizvođača. Ličenje se vrši u dva sloja disperzivnom bojom za unutarnje zidove. Ral prema izboru investitora, najbolje bijele boje. U cijenu m2 oličene površine uključena zaštita podova i zidova i radna skela. Obračun po m2 oličene površine. | C95: m2 | D95: 530 | E95: 10 | F95: =D95*$E95 -> 5300
A96: 6.11. | B96: Doprema, montaža i demontaža po završetku radova skele za radove van objekta koji se izvode na visini. Skela po cijelom opsegu građevine. Oslanjanje skele izvesti na čvrstoj podlozi, sa svim potrebnim ukrućenjima, podnicama, ljestvama za prelazak s radne etaže na radnu etažu, zaštitom podnica od pada materijala i alata, leđobranima i sl. sve u skladu s pozitivnim propisima zaštite na radu. Obračun po m2 vertikalne projekcije skele. U stavku uključen sav rad i materijal potreban za izvršenje stavke u cijelosti, uključivo i statički proračun skele te standardno fasadno platno. | C96: m2 | D96: 500 | E96: 12 | F96: =D96*$E96 -> 6000
A97: 6.12. | B97: Doprema, montaža i demontaža po završetku radova skele za radove unutar objekta koji se izvode na visini. Skela po cijeloj površini unutarnjeg prostora. Oslanjanje skele izvesti na čvrstoj podlozi, sa svim potrebnim ukrućenjima, podnicama, ljestvama za prelazak s radne etaže na radnu etažu, zaštitom podnica od pada materijala i alata, leđobranima i sl. sve u skladu s pozitivnim propisima zaštite na radu. Obračun po m2 tlocrtne površine građevine, prosječna visina skele iznosi cca 4,5 m. U stavku uključen sav rad i materijal potreban za izvršenje stavke u cijelosti, uključivo i statički proračun skele. | C97: m2 | D97: 420 | E97: 8 | F97: =D97*$E97 -> 3360
A98: 6.13. | B98: Dobava, transport i ugradnja hidroizolacije ispod podne ploče skladišta. Izvode se varene bitumenske hidroizolacijske trake (ljepenka) sa uloškom staklenog voala u dva sloja na hladnom bitumenskom premazu, uključivo sav pomočni materijal i rad. Debljina jedne trake cca 3,2 mm.
A99: a) | B99: horizontalna površina | C99: m2 | D99: 420 | E99: 26 | F99: =D99*$E99 -> 10920
A100: b) | B100: vertikalna površina (sokl) | C100: m2 | D100: 100 | E100: 35 | F100: =D100*$E100 -> 3500
B101: 6. Zidarski i hidroizolaterski radovi ukupno: | F101: =SUM(F84:F100) -> 66674
A103: 7. | B103: KROVOPOKRIVAČKI I LIMARSKI RADOVI
A104: 7.1. | B104: Dobava i montaža trapeznog krovnog izolacijskog panela. Panel je ispunjen mineralnom vunom MW (50 kg/m3), (U= 0,537 W/mK), debljine 6 cm, vanjski lim profilirani debljine 0,60 mm, poliesterska boja debljine 25 my. Ral boja lima panela po izboru investitora. Vatrootpornost panela: REI 30 Tehničke karakteristike panela dokazati ovjerenom tvorničkom izjavom o svojstvima (DOP) te certifikatom o stalnosti svojstava izdanim od akreditirane EU certifikacijske kuće. Obavezna primjena svih propisanih uputa za montažu od strane proizvođača. Panel je s obje strane zaštićen sa PVC folijom, koja se u montaži odstranjuje. Obračun po m2 ugrađenih panela. U stavku uključen sav spojni i pričvrsni materijal, brtve, kalote i podlošci. | C104: m2 | D104: 672 | E104: 70 | F104: =D104*$E104 -> 47040
A105: 7.2. | B105: Izrada, dobava i montaža horizontalnih i vertikalnih oluka za odvodnju vode s kosog krova. Vertikalni oluci su okruglog poprečnog presjeka RŠ do 40 cm, horizontalni su polukružnog poprečnog presjeka RŠ do 40 cm. Lim je debljine 0,60 mm, pocinčani, bojani. Boja po izboru investitora. Sve dimenzije uzeti na licu mjesta. Skela je obračunata posebno. Stavka podrazumijeva ugradnju svih elemenata sustava (koljena, grla, pričvrsni pribor - šelne, kuke, početne i završne elemente, kutne elemente) do pune uporabljivosti. U stavku uključen sav potreban rad, materijal i pribor za izvršenje stavke u cijelosti. Obračun po m' ugrađenog lima. | C105: m' | D105: 110 | E105: 40 | F105: =D105*$E105 -> 4400
A106: 7.3. | B106: Nabava, dobava i ugradnja limenog opšava na spoju krovne plohe i zabatnih zidova - veterlajsne. Lim je debljine 0,60 mm, bojani pocinčani. Boja po izboru investitora. Razvijene širine do 45 cm. U stavku uključen sav potreban rad, materijal i pribor za izvršenje stavke u cijelosti. Obračun po m' ugrađenog lima. | C106: m' | D106: 36.5 | E106: 40 | F106: =D106*$E106 -> 1460
A107: 7.4. | B107: Nabava, dobava i ugradnja linijskih snjegobrana u 2 reda na svakoj strani krovne plohe, razvijene širine do 30 cm. Lim je debljine 0,60 mm, pocinčani, bojani. U stavku je uključen sav potreban rad, materijal i pribor za izvršenje stavke u cijelosti. Obračun po m' ugrađenog lima. | C107: m' | D107: 141 | E107: 60 | F107: =D107*$E107 -> 8460
A108: 7.5. | B108: Nabava, dobava i ugradnja limenog opšava ispod strehe, ispod vjetarlajsne na zabatima i izvedba "kutija" ispod strehe na spoju sa zidom, po obodu građevine radi zaštite dijelova nosive rešetkaste konstrukcije koja je prepuštena van objekta. Lim je debljine 0,60 mm, bojani pocinčani. Boja po izboru investitora. Razvijene širine do 50 cm. U stavku uključen sav potreban rad, materijal i pribor za izvršenje stavke u cijelosti. Obračun po m2 obložene površine. | C108: m2 | D108: 48 | E108: 45 | F108: =D108*$E108 -> 2160
...

Sheet Skladište 5
A1: stavka | B1: opis stavke | C1: jedin. mjere | D1: količina | E1: jedinična cijena (euro) | F1: ukupno (euro)
A3: A. | B3: GRAĐEVINSKO-OBRNIČKI RADOVI
A5: 1. | B5: PRIPREMNI RADOVI
A6: 1.1. | B6: Čišćenje terena od raslinja oko građevine, siječenje i skupljanje. U stavku uključeno uklanjanje smeća, prepreka, drveća, i sl., košenja trave i korova, te utovar i odvoz otpadnog materijala na gradsku deponiju, uključeno u cijeni stavke. | C6: kpl | D6: 1 | E6: 5000 | F6: =D6*$E6 -> 5000
A7: 1.2. | B7: Geodetske usluge Ovim radovima potrebno je obuhvatiti angažman ovlaštenog geodete za sva potrebna iskolčenja, označavanje visina, održavanje mjernih točaka tokom gradilišta i sve popratne geodetske usluge potrebne za izvođenje radova. | C7: kpl | D7: 1 | E7: 500 | F7: =D7*$E7 -> 500
B8: 1. Pripremni radovi ukupno: | F8: =SUM(F6:F7) -> 5500
A10: 2. | B10: RUŠENJA I DEMONTAŽE
A11: 2.1. | B11: Demontaža i iznošenje postojećeg namještaja i opreme. Dio opreme je potrebno deponirati na gradilištu na mjesto koje predvidi nadzorni inženjer zbog vraćanja u objekt nakon izvedbe svih radova. U jediničnu cijenu uključen sav potreban rad, svi transporti, sortiranje i zbrinjavanje građevinskog otpada prema važećem Pravilniku. Napomena: prije početka radova korisnik je dužan ukloniti sav skladišteni materijal i opremu u skladištu. Ova stavka se odnosi samo na eventualno zaostalu opremu/materijal koju prema zahtjevu investitora izvođač mora ukloniti te privremeno zbrinuti na drugoj lokaciji i/ili trajno zbrinuti na pripadnu deponiju. Obračun po m3 opreme koja se odvozi. | C11: m3 | D11: 50 | E11: 50 | F11: =D11*$E11 -> 2500
A12: 2.2. | B12: Pažljiva ručna demontaža i uklanjanje rasvjetnih tijela - nadgradna, ovješena, zidna i stropna. U jediničnu cijenu uključen sav potreban rad, laka pokretna skela, svi transporti, sortiranje i zbrinjavanje građevinskog otpada prema važećem Pravilniku. Obračun po komadu. | C12: kom | D12: 14 | E12: 30 | F12: =D12*$E12 -> 420
A13: 2.3. | B13: Pažljiva ručna demontaža i uklanjanje te zbrinjavanje postojećih instalacija jake i slabe struje unutar zone obuhvata (skladišta).
A14: a) | B14: demontaža instalacije (kabela, cijevi, razvodnih kutija) | C14: m' | D14: 200 | E14: 1 | F14: =D14*$E14 -> 200
A15: b) | B15: demontaža utičnica i prekidača | C15: kom | D15: 20 | E15: 10 | F15: =D15*$E15 -> 200
A16: c) | B16: demontaža razvodnih ormara | C16: kom | D16: 2 | E16: 50 | F16: =D16*$E16 -> 100
A17: 2.4. | B17: Demontaža i zbrinjavanje vanjskih metalnih prozora sa djelomičnim staklom. Prozor dimenzija 180×157 cm. U stavci uključena demontaža, odvoz, zbrinjavanje. Pri nuđenju cijeni uključena i cijena zbrinjavanja. U jediničnu cijenu uključen sav potreban rad, laka pokretna skela, svi transporti, sortiranje i zbrinjavanje građevinskog otpada prema važećem Pravilniku. Obračun po komadu demontirane stavke. | C17: kom | D17: 12 | E17: 50 | F17: =D17*$E17 -> 600
A18: 2.5. | B18: Demontaža i zbrinjavanje vanjskih metalnih dvokrilnih vrata. 'Pažljiva demontaža, utovar i odvoz na na mjesto koje odredi investitor postojećih otvora - vanjskih garažnih vrata na istočnom i zapadnom pročelju. Vrata su dimenzija 300×300 cm. Vrata su metalna, dvokrilna, ugrađena između AB stupova. U jediničnu cijenu uračunati skelu, sav rad, materijal i pribor potreban za izvršenje stavke u cijelosti. Obračun prema komadu. Obračun po komadu demontirane stavke. | C18: kom | D18: 20 | E18: 100 | F18: =D18*$E18 -> 2000
A19: 2.6. | B19: Demontaža i zbrinjavanje unutarnjih vrata i prozora. U stavci uključena demontaža, odvoz, zbrinjavanje. Pri nuđenju cijeni uključena i cijena zbrinjavanja. U jediničnu cijenu uključen sav potreban rad, laka pokretna skela, svi transporti, sortiranje i zbrinjavanje građevinskog otpada prema važećem Pravilniku. Obračun po komadu demontirane stavke. | C19: kom | D19: 1 | E19: 100 | F19: =D19*$E19 -> 100
A20: 2.7. | B20: Demontaža i skidanje postojećih gromobranskih traka na krovu i pročeljima objekta, uključivo s pripadajućim elementima i držačima. Radove izvesti pažljivo, kako ne bi došlo do oštećenja ostalih elemenata ovojnice građevine. U jediničnu cijenu uključen sav potreban rad, laka pokretna skela, svi transporti, sortiranje i zbrinjavanje građevinskog otpada prema važećem Pravilniku. Obračun po m' demontirane stavke. | C20: m' | D20: 100 | E20: 2 | F20: =D20*$E20 -> 200
A21: 2.8. | B21: Demontaža i uklanjanje svih postojećih limenih opšava na krovu i prozorima (limarski elementi oborinske odvodnje - žljebovi, oborinske vertikale itd., rubni opšavi krova, prozorski opšavi i sl.), uključivo s svim pripadajućim pričvrsnim elementima. Radove izvesti pažljivo, kako ne bi došlo do oštećenja ostalih elemenata ovojnice građevine. U jediničnu cijenu uključen sav potreban rad, laka pokretna skela, svi transporti, sortiranje i zbrinjavanje građevinskog otpada prema važećem Pravilniku. Obračun po m' demontiranih elemenata bez obzira na razvijenu širinu. | C21: m' | D21: 150 | E21: 5 | F21: =D21*$E21 -> 750
A22: 2.9. | B22: Demontaža i zbrinjavanje valovitih salonitnih ploča krova. U jediničnu cijenu uključen sav potreban rad, laka pokretna skela, svi transporti, sortiranje i zbrinjavanje građevinskog otpada prema važećem Pravilniku. Pri nuđenju stavke je u cijenu potrebno ukalkulirati zbrinjavanje opasnog otpada koji sadrži azbest. Obračun po m2 demontiranih, odvezenih i zbrinutih ploča. | C22: m2 | D22: 650 | E22: 22 | F22: =D22*$E22 -> 14300
A23: 2.10. | B23: Demontaža i uklanjanje postojećih metalnih elemenata (armature, šipke, žica). U jediničnu cijenu uključen sav potreban rad, sva podupiranja, lako pokretna skela, svi transporti, sortiranje i zbrinjavanje građevinskog otpada prema važećem Pravilniku. Obračun po kg. | C23: kg | D23: 100 | E23: 3 | F23: =D23*$E23 -> 300
A24: 2.11. | B24: Pažljivo ručno razgrađivanje i uklanjanje postojećih zidanih zabatnih zidova. Uključivo sa svim slojevima pročelja. U stavku obračunato rušenje te odvoz na gradski deponij. Uz sva potrebna podupiranja te zaštitu ljudi i ostale konstrukcije, na pozicijama uklanjanja postojećih zidova određenim projektnom dokumentacijom. Uključivo sa svim potrebnim podupiranjima obodnih konstrukcija. Zidovi su max. visine cca 165 m, na visini od 310 cm. Debljine 25 cm. Radove izvesti pažljivo, kako ne bi došlo do oštećenja ostalih elemenata građevine. Zidovi su zidani blok opekom. Slojevi konstrukcije: - vanjska fasadna žbuka d=2 cm - zidani zid d=25 cm - unutarnja fasadna žbuka d=2 cm U jediničnu cijenu uključen sav potreban rad, laka pokretna skela, svi transporti, sortiranje i zbrinjavanje građevinskog otpada prema važećem Pravilniku. Obračun po m3 zida. | C24: m3 | D24: 29 | E24: 400 | F24: =D24*$E24 -> 11600
A25: 2.12. | B25: Uklanjanje i odvoz postojeće žbuke. Stavka se primjenjuje za površine zidova/stupova koji se zadržavaju te podrazumijeva otucanje žbuke, odvoz i zbrinjavanje šute, zaštite prilikom izvođenja radova i potrebnu skelu. Obračun po m2 uklonjene žbuke. | C25: m2 | D25: 150 | E25: 15 | F25: =D25*$E25 -> 2250
A26: 2.13. | B26: Čišćenje od masnoća, otprašivanje i brušenje postojeće podne armirano-betonske ploče sa zapunjavanje rupa i neravnina (priprema za izvedbu hidroizolacije), uključivo sav potreban materijal i rad. | C26: m2 | D26: 550 | E26: 5 | F26: =D26*$E26 -> 2750
B27: 3. Rušenja i demontaže ukupno: | F27: =SUM(F11:F26) -> 38270
A29: 3. | B29: ZEMLJANI RADOVI
A30: 3.1. | B30: Kombinirani ručni i strojni iskop površinskog sloja tla - humusa i tla C kategorije u širokom iskopu uz obodne zidove, u širini pojasa potrebnog za izvedbu vanjskih staza i postolja klima jedinice. Iskop tla u prosječnoj debljini sloja cca 30 cm. Jediničnom cijenom obuhvaćena potrebna zaštita sokla postojećih zgrada, tijekom izvođenja radova, očuvanih do razine uređenog terena - zaštita temelja tijekom radova na iskopu. U jediničnu cijenu uključen sav potreban rad, svi utovari, transporti i zbrinjavanje viška iskopanog materijala na odgovarajućem deponiju, uključivo sa svim taksama i naknadama prema važećem Pravilniku. Obračun se vrši po m3 iskopanog materijala u sraslom stanju.
A31: a) | B31: strojni iskop | C31: m3 | D31: 24 | E31: 20 | F31: =D31*$E31 -> 480
A32: b) | B32: ručni iskop | C32: m3 | D32: 24 | E32: 80 | F32: =D32*$E32 -> 1920
A33: 3.2. | B33: Kombinirani ručni i strojni široki iskop tla C kategorije u debljini sloja potrebnog za izvedbu novog vanjskog stubišta. Iskop se izvodi u visini iskopa cca 100 cm od kote postojećeg tla odnosno do dna temeljnih zidova stubišta. Uključivo s formiranjem pokosa (u vanjskom prostoru) i izvedbom potrebnih podupiranja kosine nasipa prema opkopu. Ovisno o sraslosti tla će se nagib pokosa prilagoditi. Način rada odabrati sukladno raspoloživoj tehnologiji izvođača radova (ponuditelja). U jediničnu cijenu uključen sav potreban rad, svi utovari, transporti i zbrinjavanje viška iskopanog materijala na odgovarajućem deponiju, uključivo sa svim taksama i naknadama prema važećem Pravilniku. Deponiju osigurava izvođač. Obračun se vrši po m3 iskopanog materijala u sraslom stanju.
A34: a) | B34: strojni iskop | C34: m3 | D34: 11 | E34: 20 | F34: =D34*$E34 -> 220
A35: b) | B35: ručni iskop | C35: m3 | D35: 3 | E35: 80 | F35: =D35*$E35 -> 240
A36: 3.3. | B36: Ručno i strojno planiranje dna iskopa s točnošću +/- 2 cm. Obračun po m2 isplanirane površine.
A37: a) | B37: strojno planiranje | C37: m2 | D37: 65 | E37: 5 | F37: =D37*$E37 -> 325
A38: b) | B38: ručno planiranje | C38: m2 | D38: 65 | E38: 5 | F38: =D38*$E38 -> 325
A39: 3.4. | B39: Dobava, nasipavanje, nabijanje i planiranje tamposkog sloja kamenog agregata granulacija 0-30 mm u sloju debljine 30 cm ispod betonske ploče staze i stubišta - u svrhu izravnanja podloge. Nasipavanje na pripremljenu i isplaniranu površinu iskopa. Zbijenost posteljice treba iznositi minimalno 50 MN/m2, a istu kontrolirati na svakih 100 m2 izvedenog tamponskog sloja. Prije izvedbe nasipa obavezan pregled temeljnog tla od ovlaštenog nadzora. Obračun po m3 ugrađenog materijala. | C39: m3 | D39: 30 | E39: 60 | F39: =D39*$E39 -> 1800
A40: 3.5. | B40: Obrada i planiranje pokosa tla iskopom i nasipavanjem. Obrada okolnog tla uz vanjske stube, prilagođavajući ga prirodnom postojećem nagibu. Način rada odabrati sukladno raspoloživoj tehnologiji izvođača radova (ponuditelja). Obračun po m2. | C40: m2 | D40: 20 | E40: 20 | F40: =D40*$E40 -> 400
A41: 3.6. | B41: Čišćenje terena oko objekta nakon završetka svih radova na objektu, kao i poslije svake faze rada na objektu. Stavka obuhvaća utovar otpadnog materijala u prijevozno sredstvo i odvoz na javni deponij uključivo troškovi deponiranja. Obračun kao komplet. | C41: kpl | D41: 1 | E41: 300 | F41: =D41*$E41 -> 300
B42: 3. Zemljani radovi ukupno: | F42: =SUM(F31:F41) -> 6010
A44: 4. | B44: ARMIRANO-BETONSKI I ARMIRAČKI RADOVI
A45: 4.1. | B45: Dobava betona i izvedba armiranobetonske podne ploče objekta. Izvedba betonom C30/37. Ploča (2500 kg/m3) se izvodi u debljini 12 cm. Ploča se izvodi na postojeću betonsku ploču, pravilno izoliranu. Izvoditi prema projektu arhitekture, planovima oplate i ostaloj izvedbenoj dokumentaciji te prema uputstvima projektanta konstrukcije i nadzornog inženjera. U jediničnu cijenu uključena je i sva potrebna daščana oplata ako nije posebno navedeno u stavci, te rabic pletivo za radne prekide ovisno o tehnologiji izvođenja. Obavezno dilatiranje prema pravilima struke. Obračun po m3 betona, m2 oplate i kg armature.
A46: a) | B46: beton | C46: m3 | D46: 55 | E46: 190 | F46: =D46*$E46 -> 10450
A47: b) | B47: oplata | C47: m2 | D47: 105 | E47: 30 | F47: =D47*$E47 -> 3150
A48: c) | B48: armatura B500B | C48: kg | D48: 4500 | E48: 1.5 | F48: =D48*$E48 -> 6750
A49: 4.2. | B49: Dobava betona i izvedba armiranobetonske vanjske staze oko objekta i postolja za vanjske klima jedinice. Izvedba betonom C35/45, VDP 3, MS 56, na zbijenu agregatnu podlogu. Ploča (2500 kg/m3) se izvodi u debljini 16 cm. Izvoditi prema projektu arhitekture, planovima oplate i ostaloj izvedbenoj dokumentaciji te prema uputstvima projektanta konstrukcije i nadzornog inženjera. U jediničnu cijenu uključena je i sva potrebna daščana oplata ako nije posebno navedeno u stavci, te rabic pletivo za radne prekide ovisno o tehnologiji izvođenja. Obavezno dilatiranje na svakih 2 m' duljine staze. Obračun po m3 betona, m2 oplate i kg armature.
A50: a) | B50: beton | C50: m3 | D50: 15 | E50: 190 | F50: =D50*$E50 -> 2850
A51: b) | B51: oplata | C51: m2 | D51: 80 | E51: 30 | F51: =D51*$E51 -> 2400
A52: c) | B52: armatura B500B | C52: kg | D52: 1500 | E52: 1.5 | F52: =D52*$E52 -> 2250
A53: 4.3. | B53: Dobava betona i izvedba armiranobetonskog vanjskog stubišta. Završna obrada (protukliznost)-metlani beton. Uključuje izvedbu stuba, podesta i potpornih zidova, betonom (2500 kg/m3) debljine 16 cm. Izvedba betonom C35/45, VDP 3, MS 56. Na zbijenu agregatnu podlogu. Širina stubišta 150 cm. Visina stube 17,17 cm i duljina gazišta stube 28 cm. Duljina podesta 150 cm (ili prilagoditi nagibu terena). Izvoditi prema projektu arhitekture, planovima oplate i ostaloj izvedbenoj dokumentaciji te prema uputstvima projektanta konstrukcije i nadzornog inženjera. U jediničnu cijenu uključena je i sva potrebna daščana oplata ako nije posebno navedeno u stavci, te rabic pletivo za radne prekide ovisno o tehnologiji izvođenja. Obračun po m3 betona, m2 oplate i kg armature.
A54: a) | B54: beton | C54: m3 | D54: 10 | E54: 250 | F54: =D54*$E54 -> 2500
A55: b) | B55: oplata | C55: m2 | D55: 30 | E55: 50 | F55: =D55*$E55 -> 1500
A56: c) | B56: armatura B500B | C56: kg | D56: 1000 | E56: 1.5 | F56: =D56*$E56 -> 1500
A57: 4.4. | B57: Dobava betona i izvedba novih armiranobetonskih vertikalnih serklaža dimenzija 25×20 cm. Izvedba betonom C25/30 (2500 kg/m3). Izvoditi prema projektu arhitekture, planovima oplate i ostaloj izvedbenoj dokumentaciji te prema uputstvima projektanta konstrukcije i nadzornog inženjera. U jediničnu cijenu uključena je i sva potrebna daščana oplata ako nije posebno navedeno u stavci, te rabic pletivo za radne prekide ovisno o tehnologiji izvođenja. Obračun po m3 betona, m2 oplate i kg armature.
A58: a) | B58: beton | C58: m3 | D58: 8 | E58: 250 | F58: =D58*$E58 -> 2000
A59: b) | B59: oplata | C59: m2 | D59: 25 | E59: 50 | F59: =D59*$E59 -> 1250
A60: c) | B60: armatura B500B | C60: kg | D60: 800 | E60: 1.6 | F60: =D60*$E60 -> 1280
A61: 4.5. | B61: Dobava betona i izvedba novih armiranobetonskih nadvoja iznad novih otvora. Izvedba betonom C25/30 (2500 kg/m3). Visina 15 cm, s prijepustom 20 cm u odnosu na širinu otvora. Izvoditi prema projektu arhitekture, planovima oplate i ostaloj izvedbenoj dokumentaciji te prema uputstvima projektanta konstrukcije i nadzornog inženjera. U jediničnu cijenu uključena je i sva potrebna daščana oplata ako nije posebno navedeno u stavci, te rabic pletivo za radne prekide ovisno o tehnologiji izvođenja. Obračun po m3 betona, m2 oplate i kg armature.
A62: a) | B62: beton | C62: m3 | D62: 7 | E62: 250 | F62: =D62*$E62 -> 1750
A63: b) | B63: oplata | C63: m2 | D63: 15 | E63: 50 | F63: =D63*$E63 -> 750
A64: c) | B64: armatura B500B | C64: kg | D64: 700 | E64: 1.6 | F64: =D64*$E64 -> 1120
A65: 4.6. | B65: Izvedba raznih manjih izravnanja i ispuna betonom. Razni utori površina manjih dimenzija, nastali demontažama i rušenjima, ugradnjom novih konstruktivnih elemenata i instalacija, te izravnanja površina za ugradnju konstruktivnih i ostalih elemenata koji nisu posebno navedeni u pojedinim stavkama i koje se ne mogu uredno zazidati, ispunit će se betonom. Stavka uključuje izradu i ugradnju manjih količina betona, izvedba betonom C12/15. Obračun po m3 betona i m2 oplate.
A66: a) | B66: beton | C66: m3 | D66: 3 | E66: 500 | F66: =D66*$E66 -> 1500
A67: b) | B67: oplata | C67: m2 | D67: 10 | E67: 100 | F67: =D67*$E67 -> 1000
A68: 4.7. | B68: Betoniranje AB ploče postolja za vanjske jedinice klima opreme, i betonske staze sa tri strane uz objekt debljine 10 cm betonom C25/30, razreda izloženosti XC2, XF2, u poprečnom padu na pripremljenu podlogu. Gornji dio zagladiti gladilicom. Stavka podrazumijeva izradu oplate, dobavu, sječenje i savijanje armature, dobavu betona, ugradnju i njegu svježeg betona uz sav potreban rad, sredstva za rad i gradilišni transport. Betonsku stazu površinski zaribati, s izrezivanjem dilatacija na razmaku max 125 cm, a uz termo fasadu postaviti bitumensku razdjelnu traku. Obračun po podstavkama.
A69: a) | B69: beton C25/30, XC2, XF2 | C69: m3 | D69: 4.7 | E69: 190 | F69: =D69*$E69 -> 893
A70: b) | B70: oplata rubne visine do 20 cm | C70: m2 | D70: 14.5 | E70: 50 | F70: =D70*$E70 -> 725
A71: c) | B71: armatura mreža Q188 | C71: kg | D71: 450 | E71: 1.5 | F71: =D71*$E71 -> 675
B72: 4. Armirano-betonski i armirački radovi ukupno: | F72: =SUM(F46:F71) -> 46293
A74: 5. | B74: ČELIČNE KONSTRUKCIJE
A75: 5.1. | B75: Antikorozivna i protupožarna zaštita čeličnih profila - protupožarni premaz koji osigurava vatrootpornost R/REI 30. Jediničnom cijenom stavke obuhvaćena je zaštita čeličnih profil protupožarnim premazima na licu mjesta. Uključuje pripremu površine u smislu čišćenja od hrđe, masnoća i ostalih nečistoća odgovarajućom metodom: čisto od ulja, masti i prljavštine sa zadovoljenjem zahtjeva hrapavosti i čistoće podloge za aplikaciju temeljnog premaza; nanošenje antikorozijskog temeljnog premaza na bazi dvokomponentnog epoksida s cink fosfatom, u debljini 80 μm; Nakon temeljnog premaza, nanošenje atestiranog vatrootpornog zaštitnog premaza s prethodnim proračunom debljina slojeva u skladu s važećim propisima (uključeno u jediničnu cijenu) minimalne vatrootpornosti R/REI 30, u debljini premaza prema preporuci proizvođača. Potrebno je ponuditi protupožarni premaz kojim se za čelične stijenke debljine 3-4 mm (vidjeti tehnički opis iz glavnog projekta) može postići požarna otpornost 30 minuta te se za isti može izdati potrebna atestna dokumentacija. Premaz se višestruko aplicira sukladno proračunu i uputama proizvođača kako bi se postigla tražena požarna otpornost (broj aplikacija premaza ovisi o odabranom proizvođaču te je u cijenu potrebno uključiti višestruko nanošenje premaza). Za potrebe izvedbe ove stavke potrebno je u jediničnu cijenu uračunati i skelu potrebnu za izvođenje ovih radova. Obračun po m2 površine zaštićenih čeličnih elemenata.
A76: a) | B76: čelični profil IPE 140 | C76: m2 | D76: 330 | E76: 55 | F76: =D76*$E76 -> 18150
A77: b) | B77: čelična cijev Ø140, Ø100, Ø80, Ø60 mm | C77: m2 | D77: 80 | E77: 55 | F77: =D77*$E77 -> 4400
A78: c) | B78: čelični spregovi i nosači instalacija | C78: m2 | D78: 40 | E78: 55 | F78: =D78*$E78 -> 2200
A79: 5.2. | B79: Dobava i ugradnja čeličnih profila dimenzija 70×70×5 mm, kao dodatnih elemenata za koje se vješaju instalacije. Profili se montiraju između sekundarnih profila krovišta na potrebne pozicije. U jediničnu cijenu je uključena dobava i montaža pocinčanih elemenata za ovjes instalacija. Obračun po kg ugrađenog čeličnog profila. | C79: kg | D79: 130 | E79: 8 | F79: =D79*$E79 -> 1040
A80: 5.3. | B80: Dobava materijala, radionička priprema i izrada, transport i montaža čelične ograde vanjskog stubišta. Nosiva konstrukcija ograde se izvodi od čeličnih cijevi 80×80×3 mm, a ispuna od čeličnih cijevi 20×20×2 mm na međusobnom razmaku od 10 cm. Spajanje čeličnih cijevi predviđeno je varenjem, a sidrenje u AB stubište putem pripadnih pločica i vijaka, razrađeno radioničkom dokumentacijom. U cijenu uračunati sav materijal i rad, izradu radioničke dokumentacije koja se daje projektantu na ovjeru, ličenje temeljnim premazom i dvostruko ličenje lak bojom za metal u boji po izboru korisnika te sav potreban materijal i pribor za montažu. U cijenu ograde uračunati i potrebno uzemljenje. Visina ograde 120 cm. Obračun po m' ograde. | C80: m' | D80: 20 | E80: 230 | F80: =D80*$E80 -> 4600
B81: 5. Čelične konstrukcije ukupno: | F81: =SUM(F76:F80) -> 30390
A83: 6. | B83: ZIDARSKI I HIDROIZOLATERSKI RADOVI
A84: 6.1. | B84: Dobava materijala i izvedba zida od blok opeke debljine d=25 cm. Zid se izvodi kao ispuna otvora nakon uklonjenih postojećih stavki. Zidanje u produžnom mortu. U jediničnoj cijeni obuhvaćena je laka pokretna skela, grundiranje, izvedba bridova nehrđajućim čeličnim profilima kao i bandažiranje rabic pletivom širine 50 cm na prijelazu žbuke preko različitih podloga, te sva pričvrsna i spojna sredstva koja su potrebna za izvedbu zida do potpune gotovosti. U cijenu je uključen sav rad i materijal, pomoćna sredstva, oplata, pomoćni materijali, rezanje blokova za zidarski vez, završna obrada vertikalnih špaleta otvora, kao i poklopnih ploha prozorskih parapeta (podrazumijeva ravnu zaglađenu površinu), te potrebna skela. Obračun po m3 izvedenog zida. | C84: m3 | D84: 90 | E84: 250 | F84: =D84*$E84 -> 22500
A85: 6.2. | B85: Dobava materijala i izvedba grube i fine vapnenocementne žbuke (1800 kg/m3) na svim zidovima u interijeru. Prije početka izvedbe žbuke potrebno je izvršiti otprašivanje podloge te eventualno pranje mini wash uređajem kako bi se postigla čista adekvatna podloga. Površina se grundira sukladno uputi proizvođača sustava žbuke (potrebno uračunati u cijenu). Prvi sloj gruba vapneno cementna žbuka M3 debljine cca 1,5 cm uz prethodni špric rijetkim cementnim mortom M10. Završni sloj fina vapnena žbuka od prosijanog čistog pijeska debljine 0,5 cm. Ovako izvedena dvoslojna žbuka treba biti pripravna za izvedbu soboslikarskih radova. U jediničnoj cijeni obuhvaćena je laka pokretna skela, grundiranje, izvedba bridova nehrđajućim čeličnim profilima kao i bandažiranje rabic pletivom širine 50 cm na prijelazu žbuke preko različitih podloga. Zidovi se žbukaju do pune visine prostora, od kote gotovog poda do vrha zida. Obračun po m2 izvedene površine. | C85: m2 | D85: 530 | E85: 17 | F85: =D85*$E85 -> 9010
A86: 6.3. | B86: Zidarska priprema špaleta za ugradnju stolarskih i bravarskih stavki. Stavka uključuje zidarske popravke i obradu horizontalnih i vertikalnih ploha špaleta, nadvoja, parapeta prozora i vrata, uključivo pripomoć pri ugradnji stolarije. Popravke izvesti mortom, prema uputama odabranog proizvođača. Obračun po m2 obrađene površine zida. | C86: m2 | D86: 20 | E86: 30 | F86: =D86*$E86 -> 600
A87: 6.4. | B87: Popravci i zidarska obrada špaleta nakon ugradnje prozora. Stavka uključuje zidarske popravke i obradu spoja stolarskih stavaka s obodnim zidovima, nadvojima, parapetima i sl. Uključivo pune pripravnosti površine zida za izvedbu završnih radova (ličenje). Obračun po m2 obrađene površine zida. | C87: m2 | D87: 20 | E87: 30 | F87: =D87*$E87 -> 600
A88: 6.5. | B88: Dobava materijala i izvedba brtvljenja spojeva stolarskih stavki i obodnih zidanih zidova po obodu ugrađenih stavka. Izvedba brtvljenja spojeva trajnim i kvalitetnim dvokomponentnim kitom, u svemu prema uputama proizvođača, po cijelom obodu ugrađene stolarske stvake. Obračun po m' izvedenog brtvljenja, do pune pripravnosti za izvedbu završnih radova. | C88: m' | D88: 70 | E88: 10 | F88: =D88*$E88 -> 700
A89: 6.6. | B89: Dobava materijala i izvedba horizontalne barijere - prekida kapilarne vlage u postojećim zidovima od opeke debljine 25-30 cm, pomoću elastičnog akrilnog gela na bazi vode. Tehničke karakteristike koje proizvod mora zadovoljiti: Topivost u vodi topiv Viskoznost mješavine 4 mPa.s / + 20 °C Temperatura primjene ≥ + 5 °C Početak reakcije 4 Minute / + 20 °C Vrijeme umrežavanja 6 Minuta / + 20 °C Konačno vezanje 15 Minuta / + 20 °C Gel je u mogućnosti vezati vodu tijekom faze geliranja, a zbog niske početne viskoznosti može se injektirati u najfinije pore podloge u svrhu izvedbe prekida kapilarne vlage. Prekid kapilarne vlage izvodi se 10-15 cm iznad razine tla (za vanjske zidove) ili 10-15 cm iznad razine gotovog poda (za unutarnje zidove). Pritom treba osigurati kontinuitet izvedene horizontalne barijere duž svih zidova.
B90: Stavka uključuje prethodnu pripremu u pogledu bušenja rupa promjera 10 mm u zidovima (u dva reda) na međusobnom razmaku od 40 cm (po redu) u dubini od 2/3 debljine zida (sve prema uputama proizvođača), ispuhivanje rupa i ugradnju specijalnih pakera za ugradnju smola. Injektiranje se vrši specijalnom električnom pumpom s integriranim dovodom vode pod nižim tlakom. Nakon završenog injektiranja pakeri se uklanjanju, a rupe zatvaraju brzovezujućim cementom/mortom. Tehničke karakteristike koje proizvod mora zadovoljiti: Gustoća svježeg morta min. 1.8 kg / l Tlačna čvrstoća nakon 2 sata: ≥ 5 N / mm² Tlačna čvrstoća nakon 7 dana ≥ 30 N / mm² Tlačna čvrstoća nakon 28 dana ≥ 40 N / mm² Savojna vlačna čvrstoća nakon 7 dana ≥ 5 N / mm² Početak vezanja nakon 5 minuta (20°C) Ugradnja sljedećeg sloja nakon 3 sata Uključen kompletan rad, materijal i pribor. Prosječna potrošnja gela za zid od pune opeke minimalno 4 kg/m za svakih 10 cm debljine zida. Obračun se vrši po m' izvedene horizontalne barijere. | C90: m' | D90: 72 | E90: 2 | F90: =D90*$E90 -> 144
A91: 6.7. | B91: Izrada horizontalne hidroizolacije ispod novozidanih zidova na mjestima garažnih vrata, te vertikalne hidroizolacije otkrivenih soklenih zidova premazom od specijalnog jednokomponentnog hidroizolacijskog morta na bazi cementa. Mort se izvodi četkom u dva sloja ukupne debljine 4-6 mm. Širina horizontalne hidroizolacije je u debljini zidova plus 20 cm s obje strane. | C91: m2 | D91: 70 | E91: 30 | F91: =D91*$E91 -> 2100
A92: 6.8. | B92: Dobava i ugradnja montažnih nadvoja u vanjskim zidovima na mjestima izvođenja otvora - vrata. Ugradnja u širini zida, tj. širina nadvoja treba biti jednaka širini zida u koji se ugrađuje. Pridržavati se preporuka proizvođača odabranog proizvoda (nadvoja). Ukoliko je preporuka proizvođača da određeni parametri nadilaze traženo stavkom, u tom slučaju izvesti sukladno preporuci proizvođača, a u slučaju da proizvođač preporučuje lošije parametre - potrebno je izvesti onako kako je traženo stavkom. Minimalni parametri: Montažni nadvoj s prijepustom min. 20 cm u odnosu na širinu otvora. Armatura unutar nadvoja je 2Ø10, i zapunjava se betonom klase C 30/37. U cijeni rad, materijal, podupiranje i gradilišni transport do 50 m. Skela u posebnoj stavci. Ugradnju izvršiti prema uputama proizvođača. Obračun po komadu nadvoja ovisno o svijetloj širini otvora iznad kojeg se nadvoj ugrađuje.
A93: a) | B93: nadvoj iznad otvora svijetle širine 110 cm | C93: kom | D93: 2 | E93: 120 | F93: =D93*$E93 -> 240
A94: 6.9. | B94: Sanacija zidova repaturnim mortom na mjestima mogućih manjih oštećenja. Točna količina utvrđuje se na licu mjesta u prisustvu nadzornog inženjera. Stavka se izvodi po potrebi - s obzirom na zaklonjenost zidova skladišnim materijalom, uvid u neke dijelove konstrukcije nije bio moguć. Stavka obuhvaća sav rad, materijal i opremu potrebnu za izvršenje stavke u cijelosti i odnosi se na vanjske i unutarnje dijelove zidova. S obzirom na vrstu oštećenja koja se mogu očekivati potrebno je ugraditi odgovarajući materijal: vodootporni, paropropusni, reparaturni cementni mort, otporan na smrzavanje, obogaćen alkalno otpornim vlaknima. | C94: m2 | D94: 85 | E94: 20 | F94: =D94*$E94 -> 1700
A95: 6.10. | B95: Ličenje unutarnjih zidova. Priprema podloge za ličenje -podloga mora biti suha, čvrsta i čista te prije prvog bojanja impregnirana. Boju i impregnaciju koristiti od istog proizvođača. Ličenje se vrši u dva sloja disperzivnom bojom za unutarnje zidove. Ral prema izboru investitora, najbolje bijele boje. U cijenu m2 oličene površine uključena zaštita podova i zidova i radna skela. Obračun po m2 oličene površine. | C95: m2 | D95: 530 | E95: 10 | F95: =D95*$E95 -> 5300
A96: 6.11. | B96: Doprema, montaža i demontaža po završetku radova skele za radove van objekta koji se izvode na visini. Skela po cijelom opsegu građevine. Oslanjanje skele izvesti na čvrstoj podlozi, sa svim potrebnim ukrućenjima, podnicama, ljestvama za prelazak s radne etaže na radnu etažu, zaštitom podnica od pada materijala i alata, leđobranima i sl. sve u skladu s pozitivnim propisima zaštite na radu. Obračun po m2 vertikalne projekcije skele. U stavku uključen sav rad i materijal potreban za izvršenje stavke u cijelosti, uključivo i statički proračun skele te standardno fasadno platno. | C96: m2 | D96: 500 | E96: 12 | F96: =D96*$E96 -> 6000
A97: 6.12. | B97: Doprema, montaža i demontaža po završetku radova skele za radove unutar objekta koji se izvode na visini. Skela po cijeloj površini unutarnjeg prostora. Oslanjanje skele izvesti na čvrstoj podlozi, sa svim potrebnim ukrućenjima, podnicama, ljestvama za prelazak s radne etaže na radnu etažu, zaštitom podnica od pada materijala i alata, leđobranima i sl. sve u skladu s pozitivnim propisima zaštite na radu. Obračun po m2 tlocrtne površine građevine, prosječna visina skele iznosi cca 4,5 m. U stavku uključen sav rad i materijal potreban za izvršenje stavke u cijelosti, uključivo i statički proračun skele. | C97: m2 | D97: 420 | E97: 8 | F97: =D97*$E97 -> 3360
A98: 6.13. | B98: Dobava, transport i ugradnja hidroizolacije ispod podne ploče skladišta. Izvode se varene bitumenske hidroizolacijske trake (ljepenka) sa uloškom staklenog voala u dva sloja na hladnom bitumenskom premazu, uključivo sav pomočni materijal i rad. Debljina jedne trake cca 3,2 mm.
A99: a) | B99: horizontalna površina | C99: m2 | D99: 420 | E99: 26 | F99: =D99*$E99 -> 10920
A100: b) | B100: vertikalna površina (sokl) | C100: m2 | D100: 100 | E100: 35 | F100: =D100*$E100 -> 3500
B101: 6. Zidarski i hidroizolaterski radovi ukupno: | F101: =SUM(F84:F100) -> 66674
A103: 7. | B103: KROVOPOKRIVAČKI I LIMARSKI RADOVI
A104: 7.1. | B104: Dobava i montaža trapeznog krovnog izolacijskog panela. Panel je ispunjen mineralnom vunom MW (50 kg/m3), (U= 0,537 W/mK), debljine 6 cm, vanjski lim profilirani debljine 0,60 mm, poliesterska boja debljine 25 my. Ral boja lima panela po izboru investitora. Vatrootpornost panela: REI 30 Tehničke karakteristike panela dokazati ovjerenom tvorničkom izjavom o svojstvima (DOP) te certifikatom o stalnosti svojstava izdanim od akreditirane EU certifikacijske kuće. Obavezna primjena svih propisanih uputa za montažu od strane proizvođača. Panel je s obje strane zaštićen sa PVC folijom, koja se u montaži odstranjuje. Obračun po m2 ugrađenih panela. U stavku uključen sav spojni i pričvrsni materijal, brtve, kalote i podlošci. | C104: m2 | D104: 672 | E104: 70 | F104: =D104*$E104 -> 47040
A105: 7.2. | B105: Izrada, dobava i montaža horizontalnih i vertikalnih oluka za odvodnju vode s kosog krova. Vertikalni oluci su okruglog poprečnog presjeka RŠ do 40 cm, horizontalni su polukružnog poprečnog presjeka RŠ do 40 cm. Lim je debljine 0,60 mm, pocinčani, bojani. Boja po izboru investitora. Sve dimenzije uzeti na licu mjesta. Skela je obračunata posebno. Stavka podrazumijeva ugradnju svih elemenata sustava (koljena, grla, pričvrsni pribor - šelne, kuke, početne i završne elemente, kutne elemente) do pune uporabljivosti. U stavku uključen sav potreban rad, materijal i pribor za izvršenje stavke u cijelosti. Obračun po m' ugrađenog lima. | C105: m' | D105: 110 | E105: 40 | F105: =D105*$E105 -> 4400
A106: 7.3. | B106: Nabava, dobava i ugradnja limenog opšava na spoju krovne plohe i zabatnih zidova - veterlajsne. Lim je debljine 0,60 mm, bojani pocinčani. Boja po izboru investitora. Razvijene širine do 45 cm. U stavku uključen sav potreban rad, materijal i pribor za izvršenje stavke u cijelosti. Obračun po m' ugrađenog lima. | C106: m' | D106: 36.5 | E106: 40 | F106: =D106*$E106 -> 1460
A107: 7.4. | B107: Nabava, dobava i ugradnja linijskih snjegobrana u 2 reda na svakoj strani krovne plohe, razvijene širine do 30 cm. Lim je debljine 0,60 mm, pocinčani, bojani. U stavku je uključen sav potreban rad, materijal i pribor za izvršenje stavke u cijelosti. Obračun po m' ugrađenog lima. | C107: m' | D107: 141 | E107: 60 | F107: =D107*$E107 -> 8460
A108: 7.5. | B108: Nabava, dobava i ugradnja limenog opšava ispod strehe, ispod vjetarlajsne na zabatima i izvedba "kutija" ispod strehe na spoju sa zidom, po obodu građevine radi zaštite dijelova nosive rešetkaste konstrukcije koja je prepuštena van objekta. Lim je debljine 0,60 mm, bojani pocinčani. Boja po izboru investitora. Razvijene širine do 50 cm. U stavku uključen sav potreban rad, materijal i pribor za izvršenje stavke u cijelosti. Obračun po m2 obložene površine. | C108: m2 | D108: 48 | E108: 45 | F108: =D108*$E108 -> 2160
...

Sheet Skladište 6
A1: stavka | B1: opis stavke | C1: jedin. mjere | D1: količina | E1: jedinična cijena (euro) | F1: ukupno (euro)
A3: A. | B3: GRAĐEVINSKO-OBRNIČKI RADOVI
A5: 1. | B5: PRIPREMNI RADOVI
A6: 1.1. | B6: Čišćenje terena od raslinja oko građevine, siječenje i skupljanje. U stavku uključeno uklanjanje smeća, prepreka, drveća, i sl., košenja trave i korova, te utovar i odvoz otpadnog materijala na gradsku deponiju, uključeno u cijeni stavke. | C6: kpl | D6: 1 | E6: 5000 | F6: =D6*$E6 -> 5000
A7: 1.2. | B7: Geodetske usluge Ovim radovima potrebno je obuhvatiti angažman ovlaštenog geodete za sva potrebna iskolčenja, označavanje visina, održavanje mjernih točaka tokom gradilišta i sve popratne geodetske usluge potrebne za izvođenje radova. | C7: kpl | D7: 1 | E7: 500 | F7: =D7*$E7 -> 500
B8: 1. Pripremni radovi ukupno: | F8: =SUM(F6:F7) -> 5500
A10: 2. | B10: RUŠENJA I DEMONTAŽE
A11: 2.1. | B11: Demontaža i iznošenje postojećeg namještaja i opreme. Dio opreme je potrebno deponirati na gradilištu na mjesto koje predvidi nadzorni inženjer zbog vraćanja u objekt nakon izvedbe svih radova. U jediničnu cijenu uključen sav potreban rad, svi transporti, sortiranje i zbrinjavanje građevinskog otpada prema važećem Pravilniku. Napomena: prije početka radova korisnik je dužan ukloniti sav skladišteni materijal i opremu u skladištu. Ova stavka se odnosi samo na eventualno zaostalu opremu/materijal koju prema zahtjevu investitora izvođač mora ukloniti te privremeno zbrinuti na drugoj lokaciji i/ili trajno zbrinuti na pripadnu deponiju. Obračun po m3 opreme koja se odvozi. | C11: m3 | D11: 50 | E11: 50 | F11: =D11*$E11 -> 2500
A12: 2.2. | B12: Pažljiva ručna demontaža i uklanjanje rasvjetnih tijela - nadgradna, ovješena, zidna i stropna. U jediničnu cijenu uključen sav potreban rad, laka pokretna skela, svi transporti, sortiranje i zbrinjavanje građevinskog otpada prema važećem Pravilniku. Obračun po komadu. | C12: kom | D12: 14 | E12: 30 | F12: =D12*$E12 -> 420
A13: 2.3. | B13: Pažljiva ručna demontaža i uklanjanje te zbrinjavanje postojećih instalacija jake i slabe struje unutar zone obuhvata (skladišta).
A14: a) | B14: demontaža instalacije (kabela, cijevi, razvodnih kutija) | C14: m' | D14: 200 | E14: 1 | F14: =D14*$E14 -> 200
A15: b) | B15: demontaža utičnica i prekidača | C15: kom | D15: 20 | E15: 10 | F15: =D15*$E15 -> 200
A16: c) | B16: demontaža razvodnih ormara | C16: kom | D16: 2 | E16: 50 | F16: =D16*$E16 -> 100
A17: 2.4. | B17: Demontaža i zbrinjavanje vanjskih metalnih prozora sa djelomičnim staklom. Prozor dimenzija 180×157 cm. U stavci uključena demontaža, odvoz, zbrinjavanje. Pri nuđenju cijeni uključena i cijena zbrinjavanja. U jediničnu cijenu uključen sav potreban rad, laka pokretna skela, svi transporti, sortiranje i zbrinjavanje građevinskog otpada prema važećem Pravilniku. Obračun po komadu demontirane stavke. | C17: kom | D17: 12 | E17: 50 | F17: =D17*$E17 -> 600
A18: 2.5. | B18: Demontaža i zbrinjavanje vanjskih metalnih dvokrilnih vrata. 'Pažljiva demontaža, utovar i odvoz na na mjesto koje odredi investitor postojećih otvora - vanjskih garažnih vrata na istočnom i zapadnom pročelju. Vrata su dimenzija 300×300 cm. Vrata su metalna, dvokrilna, ugrađena između AB stupova. U jediničnu cijenu uračunati skelu, sav rad, materijal i pribor potreban za izvršenje stavke u cijelosti. Obračun prema komadu. Obračun po komadu demontirane stavke. | C18: kom | D18: 20 | E18: 100 | F18: =D18*$E18 -> 2000
A19: 2.6. | B19: Demontaža i zbrinjavanje unutarnjih vrata i prozora. U stavci uključena demontaža, odvoz, zbrinjavanje. Pri nuđenju cijeni uključena i cijena zbrinjavanja. U jediničnu cijenu uključen sav potreban rad, laka pokretna skela, svi transporti, sortiranje i zbrinjavanje građevinskog otpada prema važećem Pravilniku. Obračun po komadu demontirane stavke. | C19: kom | D19: 1 | E19: 100 | F19: =D19*$E19 -> 100
A20: 2.7. | B20: Demontaža i skidanje postojećih gromobranskih traka na krovu i pročeljima objekta, uključivo s pripadajućim elementima i držačima. Radove izvesti pažljivo, kako ne bi došlo do oštećenja ostalih elemenata ovojnice građevine. U jediničnu cijenu uključen sav potreban rad, laka pokretna skela, svi transporti, sortiranje i zbrinjavanje građevinskog otpada prema važećem Pravilniku. Obračun po m' demontirane stavke. | C20: m' | D20: 100 | E20: 2 | F20: =D20*$E20 -> 200
A21: 2.8. | B21: Demontaža i uklanjanje svih postojećih limenih opšava na krovu i prozorima (limarski elementi oborinske odvodnje - žljebovi, oborinske vertikale itd., rubni opšavi krova, prozorski opšavi i sl.), uključivo s svim pripadajućim pričvrsnim elementima. Radove izvesti pažljivo, kako ne bi došlo do oštećenja ostalih elemenata ovojnice građevine. U jediničnu cijenu uključen sav potreban rad, laka pokretna skela, svi transporti, sortiranje i zbrinjavanje građevinskog otpada prema važećem Pravilniku. Obračun po m' demontiranih elemenata bez obzira na razvijenu širinu. | C21: m' | D21: 150 | E21: 5 | F21: =D21*$E21 -> 750
A22: 2.9. | B22: Demontaža i zbrinjavanje valovitih salonitnih ploča krova. U jediničnu cijenu uključen sav potreban rad, laka pokretna skela, svi transporti, sortiranje i zbrinjavanje građevinskog otpada prema važećem Pravilniku. Pri nuđenju stavke je u cijenu potrebno ukalkulirati zbrinjavanje opasnog otpada koji sadrži azbest. Obračun po m2 demontiranih, odvezenih i zbrinutih ploča. | C22: m2 | D22: 650 | E22: 22 | F22: =D22*$E22 -> 14300
A23: 2.10. | B23: Demontaža i uklanjanje postojećih metalnih elemenata (armature, šipke, žica). U jediničnu cijenu uključen sav potreban rad, sva podupiranja, lako pokretna skela, svi transporti, sortiranje i zbrinjavanje građevinskog otpada prema važećem Pravilniku. Obračun po kg. | C23: kg | D23: 100 | E23: 3 | F23: =D23*$E23 -> 300
A24: 2.11. | B24: Rušenje i uklanjanje postojećih unutarnjih zidanih zidova. U stavku obračunato rušenje te odvoz na gradski deponij. Uz sva potrebna podupiranja te zaštitu ljudi i ostale konstrukcije, na pozicijama uklanjanja postojećih zidova određenim projektnom dokumentacijom. Uključivo sa svim potrebnim podupiranjima obodnih konstrukcija. Zidovi su visine cca 290 cm, debljine 10-15 cm. Radove izvesti pažljivo, kako ne bi došlo do oštećenja ostalih elemenata građevine. Zidovi su zidani porobetonskim blokovima. U jediničnu cijenu uključen sav potreban rad, laka pokretna skela, svi transporti, sortiranje i zbrinjavanje građevinskog otpada prema važećem Pravilniku. Obračun po m3 zida. | C24: m3 | D24: 14 | E24: 400 | F24: =D24*$E24 -> 5600
A25: 2.12. | B25: Pažljivo ručno razgrađivanje i uklanjanje postojećih zidanih zabatnih zidova. Uključivo sa svim slojevima pročelja. U stavku obračunato rušenje te odvoz na gradski deponij. Uz sva potrebna podupiranja te zaštitu ljudi i ostale konstrukcije, na pozicijama uklanjanja postojećih zidova određenim projektnom dokumentacijom. Uključivo sa svim potrebnim podupiranjima obodnih konstrukcija. Zidovi su max. visine cca 165 m, na visini od 310 cm. Debljine 25 cm. Radove izvesti pažljivo, kako ne bi došlo do oštećenja ostalih elemenata građevine. Zidovi su zidani blok opekom. Slojevi konstrukcije: - vanjska fasadna žbuka d=2 cm - zidani zid d=25 cm - unutarnja fasadna žbuka d=2 cm U jediničnu cijenu uključen sav potreban rad, laka pokretna skela, svi transporti, sortiranje i zbrinjavanje građevinskog otpada prema važećem Pravilniku. Obračun po m3 zida. | C25: m3 | D25: 29 | E25: 15 | F25: =D25*$E25 -> 435
... A27: 2.14. | B27: Čišćenje od masnoća, otprašivanje i brušenje postojeće podne armirano-betonske ploče sa zapunjavanje rupa i neravnina (priprema za izvedbu hidroizolacije), uključivo sav potreban materijal i rad. | C27: m2 | D27: 550 | E27: 10 | F27: =D27*$E27 -> 5500
B28: 3. Rušenja i demontaže ukupno: | F28: =SUM(F11:F27) -> 33955
A30: 3. | B30: ZEMLJANI RADOVI
A31: 3.1. | B31: Kombinirani ručni i strojni iskop površinskog sloja tla - humusa i tla C kategorije u širokom iskopu uz obodne zidove, u širini pojasa potrebnog za izvedbu vanjskih staza i postolja klima jedinice. Iskop tla u prosječnoj debljini sloja cca 30 cm. Jediničnom cijenom obuhvaćena potrebna zaštita sokla postojećih zgrada, tijekom izvođenja radova, očuvanih do razine uređenog terena - zaštita temelja tijekom radova na iskopu. U jediničnu cijenu uključen sav potreban rad, svi utovari, transporti i zbrinjavanje viška iskopanog materijala na odgovarajućem deponiju, uključivo sa svim taksama i naknadama prema važećem Pravilniku. Obračun se vrši po m3 iskopanog materijala u sraslom stanju.
A32: a) | B32: strojni iskop | C32: m3 | D32: 24 | E32: 20 | F32: =D32*$E32 -> 480
A33: b) | B33: ručni iskop | C33: m3 | D33: 24 | E33: 80 | F33: =D33*$E33 -> 1920
A34: 3.2. | B34: Kombinirani ručni i strojni široki iskop tla C kategorije u debljini sloja potrebnog za izvedbu novog vanjskog stubišta. Iskop se izvodi u visini iskopa cca 100 cm od kote postojećeg tla odnosno do dna temeljnih zidova stubišta. Uključivo s formiranjem pokosa (u vanjskom prostoru) i izvedbom potrebnih podupiranja kosine nasipa prema opkopu. Ovisno o sraslosti tla će se nagib pokosa prilagoditi. Način rada odabrati sukladno raspoloživoj tehnologiji izvođača radova (ponuditelja). U jediničnu cijenu uključen sav potreban rad, svi utovari, transporti i zbrinjavanje viška iskopanog materijala na odgovarajućem deponiju, uključivo sa svim taksama i naknadama prema važećem Pravilniku. Deponiju osigurava izvođač. Obračun se vrši po m3 iskopanog materijala u sraslom stanju.
A35: a) | B35: strojni iskop | C35: m3 | D35: 11 | E35: 20 | F35: =D35*$E35 -> 220
A36: b) | B36: ručni iskop | C36: m3 | D36: 3 | E36: 80 | F36: =D36*$E36 -> 240
A37: 3.3. | B37: Ručno i strojno planiranje dna iskopa s točnošću +/- 2 cm. Obračun po m2 isplanirane površine.
A38: a) | B38: strojno planiranje | C38: m2 | D38: 65 | E38: 5 | F38: =D38*$E38 -> 325
A39: b) | B39: ručno planiranje | C39: m2 | D39: 65 | E39: 5 | F39: =D39*$E39 -> 325
A40: 3.4. | B40: Dobava, nasipavanje, nabijanje i planiranje tamposkog sloja kamenog agregata granulacija 0-30 mm u sloju debljine 30 cm ispod betonske ploče staze i stubišta - u svrhu izravnanja podloge. Nasipavanje na pripremljenu i isplaniranu površinu iskopa. Zbijenost posteljice treba iznositi minimalno 50 MN/m2, a istu kontrolirati na svakih 100 m2 izvedenog tamponskog sloja. Prije izvedbe nasipa obavezan pregled temeljnog tla od ovlaštenog nadzora. Obračun po m3 ugrađenog materijala. | C40: m3 | D40: 30 | E40: 60 | F40: =D40*$E40 -> 1800
A41: 3.5. | B41: Obrada i planiranje pokosa tla iskopom i nasipavanjem. Obrada okolnog tla uz vanjske stube, prilagođavajući ga prirodnom postojećem nagibu. Način rada odabrati sukladno raspoloživoj tehnologiji izvođača radova (ponuditelja). Obračun po m2. | C41: m2 | D41: 20 | E41: 20 | F41: =D41*$E41 -> 400
A42: 3.6. | B42: Čišćenje terena oko objekta nakon završetka svih radova na objektu, kao i poslije svake faze rada na objektu. Stavka obuhvaća utovar otpadnog materijala u prijevozno sredstvo i odvoz na javni deponij uključivo troškovi deponiranja. Obračun kao komplet. | C42: kpl | D42: 1 | E42: 300 | F42: =D42*$E42 -> 300
B43: 3. Zemljani radovi ukupno: | F43: =SUM(F32:F42) -> 6010
A45: 4. | B45: ARMIRANO-BETONSKI I ARMIRAČKI RADOVI
A46: 4.1. | B46: Dobava betona i izvedba armiranobetonske podne ploče objekta. Izvedba betonom C30/37. Ploča (2500 kg/m3) se izvodi u debljini 12 cm. Ploča se izvodi na postojeću betonsku ploču, pravilno izoliranu. Izvoditi prema projektu arhitekture, planovima oplate i ostaloj izvedbenoj dokumentaciji te prema uputstvima projektanta konstrukcije i nadzornog inženjera. U jediničnu cijenu uključena je i sva potrebna daščana oplata ako nije posebno navedeno u stavci, te rabic pletivo za radne prekide ovisno o tehnologiji izvođenja. Obavezno dilatiranje prema pravilima struke. Obračun po m3 betona, m2 oplate i kg armature.
A47: a) | B47: beton | C47: m3 | D47: 55 | E47: 190 | F47: =D47*$E47 -> 10450
A48: b) | B48: oplata | C48: m2 | D48: 105 | E48: 30 | F48: =D48*$E48 -> 3150
A49: c) | B49: armatura B500B | C49: kg | D49: 4500 | E49: 1.5 | F49: =D49*$E49 -> 6750
A50: 4.2. | B50: Dobava betona i izvedba armiranobetonske vanjske staze oko objekta i postolja za vanjske klima jedinice. Izvedba betonom C35/45, VDP 3, MS 56, na zbijenu agregatnu podlogu. Ploča (2500 kg/m3) se izvodi u debljini 16 cm. Izvoditi prema projektu arhitekture, planovima oplate i ostaloj izvedbenoj dokumentaciji te prema uputstvima projektanta konstrukcije i nadzornog inženjera. U jediničnu cijenu uključena je i sva potrebna daščana oplata ako nije posebno navedeno u stavci, te rabic pletivo za radne prekide ovisno o tehnologiji izvođenja. Obavezno dilatiranje na svakih 2 m' duljine staze. Obračun po m3 betona, m2 oplate i kg armature.
A51: a) | B51: beton | C51: m3 | D51: 15 | E51: 190 | F51: =D51*$E51 -> 2850
A52: b) | B52: oplata | C52: m2 | D52: 80 | E52: 30 | F52: =D52*$E52 -> 2400
A53: c) | B53: armatura B500B | C53: kg | D53: 1500 | E53: 1.5 | F53: =D53*$E53 -> 2250
A54: 4.3. | B54: Dobava betona i izvedba armiranobetonskog vanjskog stubišta. Završna obrada (protukliznost)-metlani beton. Uključuje izvedbu stuba, podesta i potpornih zidova, betonom (2500 kg/m3) debljine 16 cm. Izvedba betonom C35/45, VDP 3, MS 56. Na zbijenu agregatnu podlogu. Širina stubišta 150 cm. Visina stube 17,17 cm i duljina gazišta stube 28 cm. Duljina podesta 150 cm (ili prilagoditi nagibu terena). Izvoditi prema projektu arhitekture, planovima oplate i ostaloj izvedbenoj dokumentaciji te prema uputstvima projektanta konstrukcije i nadzornog inženjera. U jediničnu cijenu uključena je i sva potrebna daščana oplata ako nije posebno navedeno u stavci, te rabic pletivo za radne prekide ovisno o tehnologiji izvođenja. Obračun po m3 betona, m2 oplate i kg armature.
A55: a) | B55: beton | C55: m3 | D55: 10 | E55: 250 | F55: =D55*$E55 -> 2500
A56: b) | B56: oplata | C56: m2 | D56: 30 | E56: 50 | F56: =D56*$E56 -> 1500
A57: c) | B57: armatura B500B | C57: kg | D57: 1000 | E57: 1.5 | F57: =D57*$E57 -> 1500
A58: 4.4. | B58: Dobava betona i izvedba novih armiranobetonskih vertikalnih serklaža dimenzija 25×20 cm. Izvedba betonom C25/30 (2500 kg/m3). Izvoditi prema projektu arhitekture, planovima oplate i ostaloj izvedbenoj dokumentaciji te prema uputstvima projektanta konstrukcije i nadzornog inženjera. U jediničnu cijenu uključena je i sva potrebna daščana oplata ako nije posebno navedeno u stavci, te rabic pletivo za radne prekide ovisno o tehnologiji izvođenja. Obračun po m3 betona, m2 oplate i kg armature.
A59: a) | B59: beton | C59: m3 | D59: 8 | E59: 250 | F59: =D59*$E59 -> 2000
A60: b) | B60: oplata | C60: m2 | D60: 25 | E60: 50 | F60: =D60*$E60 -> 1250
A61: c) | B61: armatura B500B | C61: kg | D61: 800 | E61: 1.6 | F61: =D61*$E61 -> 1280
A62: 4.5. | B62: Dobava betona i izvedba novih armiranobetonskih nadvoja iznad novih otvora. Izvedba betonom C25/30 (2500 kg/m3). Visina 15 cm, s prijepustom 20 cm u odnosu na širinu otvora. Izvoditi prema projektu arhitekture, planovima oplate i ostaloj izvedbenoj dokumentaciji te prema uputstvima projektanta konstrukcije i nadzornog inženjera. U jediničnu cijenu uključena je i sva potrebna daščana oplata ako nije posebno navedeno u stavci, te rabic pletivo za radne prekide ovisno o tehnologiji izvođenja. Obračun po m3 betona, m2 oplate i kg armature.
A63: a) | B63: beton | C63: m3 | D63: 7 | E63: 250 | F63: =D63*$E63 -> 1750
A64: b) | B64: oplata | C64: m2 | D64: 15 | E64: 50 | F64: =D64*$E64 -> 750
A65: c) | B65: armatura B500B | C65: kg | D65: 700 | E65: 1.6 | F65: =D65*$E65 -> 1120
A66: 4.6. | B66: Izvedba raznih manjih izravnanja i ispuna betonom. Razni utori površina manjih dimenzija, nastali demontažama i rušenjima, ugradnjom novih konstruktivnih elemenata i instalacija, te izravnanja površina za ugradnju konstruktivnih i ostalih elemenata koji nisu posebno navedeni u pojedinim stavkama i koje se ne mogu uredno zazidati, ispunit će se betonom. Stavka uključuje izradu i ugradnju manjih količina betona, izvedba betonom C12/15. Obračun po m3 betona i m2 oplate.
A67: a) | B67: beton | C67: m3 | D67: 3 | E67: 500 | F67: =D67*$E67 -> 1500
A68: b) | B68: oplata | C68: m2 | D68: 10 | E68: 100 | F68: =D68*$E68 -> 1000
A69: 4.7. | B69: Betoniranje AB ploče postolja za vanjske jedinice klima opreme, i betonske staze sa tri strane uz objekt debljine 10 cm betonom C25/30, razreda izloženosti XC2, XF2, u poprečnom padu na pripremljenu podlogu. Gornji dio zagladiti gladilicom. Stavka podrazumijeva izradu oplate, dobavu, sječenje i savijanje armature, dobavu betona, ugradnju i njegu svježeg betona uz sav potreban rad, sredstva za rad i gradilišni transport. Betonsku stazu površinski zaribati, s izrezivanjem dilatacija na razmaku max 125 cm, a uz termo fasadu postaviti bitumensku razdjelnu traku. Obračun po podstavkama.
A70: a) | B70: beton C25/30, XC2, XF2 | C70: m3 | D70: 4.7 | E70: 190 | F70: =D70*$E70 -> 893
A71: b) | B71: oplata rubne visine do 20 cm | C71: m2 | D71: 14.5 | E71: 50 | F71: =D71*$E71 -> 725
A72: c) | B72: armatura mreža Q188 | C72: kg | D72: 450 | E72: 1.5 | F72: =D72*$E72 -> 675
B73: 4. Armirano-betonski i armirački radovi ukupno: | F73: =SUM(F47:F72) -> 46293
A75: 5. | B75: ČELIČNE KONSTRUKCIJE
A76: 5.1. | B76: Antikorozivna i protupožarna zaštita čeličnih profila - protupožarni premaz koji osigurava vatrootpornost R/REI 30. Jediničnom cijenom stavke obuhvaćena je zaštita čeličnih profil protupožarnim premazima na licu mjesta. Uključuje pripremu površine u smislu čišćenja od hrđe, masnoća i ostalih nečistoća odgovarajućom metodom: čisto od ulja, masti i prljavštine sa zadovoljenjem zahtjeva hrapavosti i čistoće podloge za aplikaciju temeljnog premaza; nanošenje antikorozijskog temeljnog premaza na bazi dvokomponentnog epoksida s cink fosfatom, u debljini 80 μm; Nakon temeljnog premaza, nanošenje atestiranog vatrootpornog zaštitnog premaza s prethodnim proračunom debljina slojeva u skladu s važećim propisima (uključeno u jediničnu cijenu) minimalne vatrootpornosti R/REI 30, u debljini premaza prema preporuci proizvođača. Potrebno je ponuditi protupožarni premaz kojim se za čelične stijenke debljine 3-4 mm (vidjeti tehnički opis iz glavnog projekta) može postići požarna otpornost 30 minuta te se za isti može izdati potrebna atestna dokumentacija. Premaz se višestruko aplicira sukladno proračunu i uputama proizvođača kako bi se postigla tražena požarna otpornost (broj aplikacija premaza ovisi o odabranom proizvođaču te je u cijenu potrebno uključiti višestruko nanošenje premaza). Za potrebe izvedbe ove stavke potrebno je u jediničnu cijenu uračunati i skelu potrebnu za izvođenje ovih radova. Obračun po m2 površine zaštićenih čeličnih elemenata.
A77: a) | B77: čelični profil IPE 140 | C77: m2 | D77: 330 | E77: 55 | F77: =D77*$E77 -> 18150
A78: b) | B78: čelična cijev Ø140, Ø100, Ø80, Ø60 mm | C78: m2 | D78: 80 | E78: 55 | F78: =D78*$E78 -> 4400
A79: c) | B79: čelični spregovi i nosači instalacija | C79: m2 | D79: 40 | E79: 55 | F79: =D79*$E79 -> 2200
A80: 5.2. | B80: Dobava i ugradnja čeličnih profila dimenzija 70×70×5 mm, kao dodatnih elemenata za koje se vješaju instalacije. Profili se montiraju između sekundarnih profila krovišta na potrebne pozicije. U jediničnu cijenu je uključena dobava i montaža pocinčanih elemenata za ovjes instalacija. Obračun po kg ugrađenog čeličnog profila. | C80: kg | D80: 130 | E80: 8 | F80: =D80*$E80 -> 1040
A81: 5.3. | B81: Dobava materijala, radionička priprema i izrada, transport i montaža čelične ograde vanjskog stubišta. Nosiva konstrukcija ograde se izvodi od čeličnih cijevi 80×80×3 mm, a ispuna od čeličnih cijevi 20×20×2 mm na međusobnom razmaku od 10 cm. Spajanje čeličnih cijevi predviđeno je varenjem, a sidrenje u AB stubište putem pripadnih pločica i vijaka, razrađeno radioničkom dokumentacijom. U cijenu uračunati sav materijal i rad, izradu radioničke dokumentacije koja se daje projektantu na ovjeru, ličenje temeljnim premazom i dvostruko ličenje lak bojom za metal u boji po izboru korisnika te sav potreban materijal i pribor za montažu. U cijenu ograde uračunati i potrebno uzemljenje. Visina ograde 120 cm. Obračun po m' ograde. | C81: m' | D81: 20 | E81: 230 | F81: =D81*$E81 -> 4600
B82: 5. Čelične konstrukcije ukupno: | F82: =SUM(F77:F81) -> 30390
A84: 6. | B84: ZIDARSKI I HIDROIZOLATERSKI RADOVI
A85: 6.1. | B85: Dobava materijala i izvedba zida od blok opeke debljine d=25 cm. Zid se izvodi kao ispuna otvora nakon uklonjenih postojećih stavki. Zidanje u produžnom mortu. U jediničnoj cijeni obuhvaćena je laka pokretna skela, grundiranje, izvedba bridova nehrđajućim čeličnim profilima kao i bandažiranje rabic pletivom širine 50 cm na prijelazu žbuke preko različitih podloga, te sva pričvrsna i spojna sredstva koja su potrebna za izvedbu zida do potpune gotovosti. U cijenu je uključen sav rad i materijal, pomoćna sredstva, oplata, pomoćni materijali, rezanje blokova za zidarski vez, završna obrada vertikalnih špaleta otvora, kao i poklopnih ploha prozorskih parapeta (podrazumijeva ravnu zaglađenu površinu), te potrebna skela. Obračun po m3 izvedenog zida. | C85: m3 | D85: 90 | E85: 250 | F85: =D85*$E85 -> 22500
A86: 6.2. | B86: Dobava materijala i izvedba grube i fine vapnenocementne žbuke (1800 kg/m3) na svim zidovima u interijeru. Prije početka izvedbe žbuke potrebno je izvršiti otprašivanje podloge te eventualno pranje mini wash uređajem kako bi se postigla čista adekvatna podloga. Površina se grundira sukladno uputi proizvođača sustava žbuke (potrebno uračunati u cijenu). Prvi sloj gruba vapneno cementna žbuka M3 debljine cca 1,5 cm uz prethodni špric rijetkim cementnim mortom M10. Završni sloj fina vapnena žbuka od prosijanog čistog pijeska debljine 0,5 cm. Ovako izvedena dvoslojna žbuka treba biti pripravna za izvedbu soboslikarskih radova. U jediničnoj cijeni obuhvaćena je laka pokretna skela, grundiranje, izvedba bridova nehrđajućim čeličnim profilima kao i bandažiranje rabic pletivom širine 50 cm na prijelazu žbuke preko različitih podloga. Zidovi se žbukaju do pune visine prostora, od kote gotovog poda do vrha zida. Obračun po m2 izvedene površine. | C86: m2 | D86: 530 | E86: 17 | F86: =D86*$E86 -> 9010
A87: 6.3. | B87: Zidarska priprema špaleta za ugradnju stolarskih i bravarskih stavki. Stavka uključuje zidarske popravke i obradu horizontalnih i vertikalnih ploha špaleta, nadvoja, parapeta prozora i vrata, uključivo pripomoć pri ugradnji stolarije. Popravke izvesti mortom, prema uputama odabranog proizvođača. Obračun po m2 obrađene površine zida. | C87: m2 | D87: 20 | E87: 30 | F87: =D87*$E87 -> 600
A88: 6.4. | B88: Popravci i zidarska obrada špaleta nakon ugradnje prozora. Stavka uključuje zidarske popravke i obradu spoja stolarskih stavaka s obodnim zidovima, nadvojima, parapetima i sl. Uključivo pune pripravnosti površine zida za izvedbu završnih radova (ličenje). Obračun po m2 obrađene površine zida. | C88: m2 | D88: 20 | E88: 30 | F88: =D88*$E88 -> 600
A89: 6.5. | B89: Dobava materijala i izvedba brtvljenja spojeva stolarskih stavki i obodnih zidanih zidova po obodu ugrađenih stavka. Izvedba brtvljenja spojeva trajnim i kvalitetnim dvokomponentnim kitom, u svemu prema uputama proizvođača, po cijelom obodu ugrađene stolarske stvake. Obračun po m' izvedenog brtvljenja, do pune pripravnosti za izvedbu završnih radova. | C89: m' | D89: 70 | E89: 10 | F89: =D89*$E89 -> 700
A90: 6.6. | B90: Dobava materijala i izvedba horizontalne barijere - prekida kapilarne vlage u postojećim zidovima od opeke debljine 25-30 cm, pomoću elastičnog akrilnog gela na bazi vode. Tehničke karakteristike koje proizvod mora zadovoljiti: Topivost u vodi topiv Viskoznost mješavine 4 mPa.s / + 20 °C Temperatura primjene ≥ + 5 °C Početak reakcije 4 Minute / + 20 °C Vrijeme umrežavanja 6 Minuta / + 20 °C Konačno vezanje 15 Minuta / + 20 °C Gel je u mogućnosti vezati vodu tijekom faze geliranja, a zbog niske početne viskoznosti može se injektirati u najfinije pore podloge u svrhu izvedbe prekida kapilarne vlage. Prekid kapilarne vlage izvodi se 10-15 cm iznad razine tla (za vanjske zidove) ili 10-15 cm iznad razine gotovog poda (za unutarnje zidove). Pritom treba osigurati kontinuitet izvedene horizontalne barijere duž svih zidova.
B91: Stavka uključuje prethodnu pripremu u pogledu bušenja rupa promjera 10 mm u zidovima (u dva reda) na međusobnom razmaku od 40 cm (po redu) u dubini od 2/3 debljine zida (sve prema uputama proizvođača), ispuhivanje rupa i ugradnju specijalnih pakera za ugradnju smola. Injektiranje se vrši specijalnom električnom pumpom s integriranim dovodom vode pod nižim tlakom. Nakon završenog injektiranja pakeri se uklanjanju, a rupe zatvaraju brzovezujućim cementom/mortom. Tehničke karakteristike koje proizvod mora zadovoljiti: Gustoća svježeg morta min. 1.8 kg / l Tlačna čvrstoća nakon 2 sata: ≥ 5 N / mm² Tlačna čvrstoća nakon 7 dana ≥ 30 N / mm² Tlačna čvrstoća nakon 28 dana ≥ 40 N / mm² Savojna vlačna čvrstoća nakon 7 dana ≥ 5 N / mm² Početak vezanja nakon 5 minuta (20°C) Ugradnja sljedećeg sloja nakon 3 sata Uključen kompletan rad, materijal i pribor. Prosječna potrošnja gela za zid od pune opeke minimalno 4 kg/m za svakih 10 cm debljine zida. Obračun se vrši po m' izvedene horizontalne barijere. | C91: m' | D91: 72 | E91: 2 | F91: =D91*$E91 -> 144
A92: 6.7. | B92: Izrada horizontalne hidroizolacije ispod novozidanih zidova na mjestima garažnih vrata, te vertikalne hidroizolacije otkrivenih soklenih zidova premazom od specijalnog jednokomponentnog hidroizolacijskog morta na bazi cementa. Mort se izvodi četkom u dva sloja ukupne debljine 4-6 mm. Širina horizontalne hidroizolacije je u debljini zidova plus 20 cm s obje strane. | C92: m2 | D92: 70 | E92: 30 | F92: =D92*$E92 -> 2100
A93: 6.8. | B93: Dobava i ugradnja montažnih nadvoja u vanjskim zidovima na mjestima izvođenja otvora - vrata. Ugradnja u širini zida, tj. širina nadvoja treba biti jednaka širini zida u koji se ugrađuje. Pridržavati se preporuka proizvođača odabranog proizvoda (nadvoja). Ukoliko je preporuka proizvođača da određeni parametri nadilaze traženo stavkom, u tom slučaju izvesti sukladno preporuci proizvođača, a u slučaju da proizvođač preporučuje lošije parametre - potrebno je izvesti onako kako je traženo stavkom. Minimalni parametri: Montažni nadvoj s prijepustom min. 20 cm u odnosu na širinu otvora. Armatura unutar nadvoja je 2Ø10, i zapunjava se betonom klase C 30/37. U cijeni rad, materijal, podupiranje i gradilišni transport do 50 m. Skela u posebnoj stavci. Ugradnju izvršiti prema uputama proizvođača. Obračun po komadu nadvoja ovisno o svijetloj širini otvora iznad kojeg se nadvoj ugrađuje.
A94: a) | B94: nadvoj iznad otvora svijetle širine 110 cm | C94: kom | D94: 2 | E94: 120 | F94: =D94*$E94 -> 240
A95: 6.9. | B95: Sanacija zidova repaturnim mortom na mjestima mogućih manjih oštećenja. Točna količina utvrđuje se na licu mjesta u prisustvu nadzornog inženjera. Stavka se izvodi po potrebi - s obzirom na zaklonjenost zidova skladišnim materijalom, uvid u neke dijelove konstrukcije nije bio moguć. Stavka obuhvaća sav rad, materijal i opremu potrebnu za izvršenje stavke u cijelosti i odnosi se na vanjske i unutarnje dijelove zidova. S obzirom na vrstu oštećenja koja se mogu očekivati potrebno je ugraditi odgovarajući materijal: vodootporni, paropropusni, reparaturni cementni mort, otporan na smrzavanje, obogaćen alkalno otpornim vlaknima. | C95: m2 | D95: 85 | E95: 20 | F95: =D95*$E95 -> 1700
A96: 6.10. | B96: Ličenje unutarnjih zidova. Priprema podloge za ličenje -podloga mora biti suha, čvrsta i čista te prije prvog bojanja impregnirana. Boju i impregnaciju koristiti od istog proizvođača. Ličenje se vrši u dva sloja disperzivnom bojom za unutarnje zidove. Ral prema izboru investitora, najbolje bijele boje. U cijenu m2 oličene površine uključena zaštita podova i zidova i radna skela. Obračun po m2 oličene površine. | C96: m2 | D96: 530 | E96: 10 | F96: =D96*$E96 -> 5300
A97: 6.11. | B97: Doprema, montaža i demontaža po završetku radova skele za radove van objekta koji se izvode na visini. Skela po cijelom opsegu građevine. Oslanjanje skele izvesti na čvrstoj podlozi, sa svim potrebnim ukrućenjima, podnicama, ljestvama za prelazak s radne etaže na radnu etažu, zaštitom podnica od pada materijala i alata, leđobranima i sl. sve u skladu s pozitivnim propisima zaštite na radu. Obračun po m2 vertikalne projekcije skele. U stavku uključen sav rad i materijal potreban za izvršenje stavke u cijelosti, uključivo i statički proračun skele te standardno fasadno platno. | C97: m2 | D97: 500 | E97: 12 | F97: =D97*$E97 -> 6000
A98: 6.12. | B98: Doprema, montaža i demontaža po završetku radova skele za radove unutar objekta koji se izvode na visini. Skela po cijeloj površini unutarnjeg prostora. Oslanjanje skele izvesti na čvrstoj podlozi, sa svim potrebnim ukrućenjima, podnicama, ljestvama za prelazak s radne etaže na radnu etažu, zaštitom podnica od pada materijala i alata, leđobranima i sl. sve u skladu s pozitivnim propisima zaštite na radu. Obračun po m2 tlocrtne površine građevine, prosječna visina skele iznosi cca 4,5 m. U stavku uključen sav rad i materijal potreban za izvršenje stavke u cijelosti, uključivo i statički proračun skele. | C98: m2 | D98: 420 | E98: 8 | F98: =D98*$E98 -> 3360
A99: 6.13. | B99: Dobava, transport i ugradnja hidroizolacije ispod podne ploče skladišta. Izvode se varene bitumenske hidroizolacijske trake (ljepenka) sa uloškom staklenog voala u dva sloja na hladnom bitumenskom premazu, uključivo sav pomočni materijal i rad. Debljina jedne trake cca 3,2 mm.
A100: a) | B100: horizontalna površina | C100: m2 | D100: 420 | E100: 26 | F100: =D100*$E100 -> 10920
A101: b) | B101: vertikalna površina (sokl) | C101: m2 | D101: 100 | E101: 35 | F101: =D101*$E101 -> 3500
B102: 6. Zidarski i hidroizolaterski radovi ukupno: | F102: =SUM(F85:F101) -> 66674
A104: 7. | B104: KROVOPOKRIVAČKI I LIMARSKI RADOVI
A105: 7.1. | B105: Dobava i montaža trapeznog krovnog izolacijskog panela. Panel je ispunjen mineralnom vunom MW (50 kg/m3), (U= 0,537 W/mK), debljine 6 cm, vanjski lim profilirani debljine 0,60 mm, poliesterska boja debljine 25 my. Ral boja lima panela po izboru investitora. Vatrootpornost panela: REI 30 Tehničke karakteristike panela dokazati ovjerenom tvorničkom izjavom o svojstvima (DOP) te certifikatom o stalnosti svojstava izdanim od akreditirane EU certifikacijske kuće. Obavezna primjena svih propisanih uputa za montažu od strane proizvođača. Panel je s obje strane zaštićen sa PVC folijom, koja se u montaži odstranjuje. Obračun po m2 ugrađenih panela. U stavku uključen sav spojni i pričvrsni materijal, brtve, kalote i podlošci. | C105: m2 | D105: 672 | E105: 70 | F105: =D105*$E105 -> 47040
A106: 7.2. | B106: Izrada, dobava i montaža horizontalnih i vertikalnih oluka za odvodnju vode s kosog krova. Vertikalni oluci su okruglog poprečnog presjeka RŠ do 40 cm, horizontalni su polukružnog poprečnog presjeka RŠ do 40 cm. Lim je debljine 0,60 mm, pocinčani, bojani. Boja po izboru investitora. Sve dimenzije uzeti na licu mjesta. Skela je obračunata posebno. Stavka podrazumijeva ugradnju svih elemenata sustava (koljena, grla, pričvrsni pribor - šelne, kuke, početne i završne elemente, kutne elemente) do pune uporabljivosti. U stavku uključen sav potreban rad, materijal i pribor za izvršenje stavke u cijelosti. Obračun po m' ugrađenog lima. | C106: m' | D106: 110 | E106: 40 | F106: =D106*$E106 -> 4400
A107: 7.3. | B107: Nabava, dobava i ugradnja limenog opšava na spoju krovne plohe i zabatnih zidova - veterlajsne. Lim je debljine 0,60 mm, bojani pocinčani. Boja po izboru investitora. Razvijene širine do 45 cm. U stavku uključen sav potreban rad, materijal i pribor za izvršenje stavke u cijelosti. Obračun po m' ugrađenog lima. | C107: m' | D107: 36.5 | E107: 40 | F107: =D107*$E107 -> 1460
A108: 7.4. | B108: Nabava, dobava i ugradnja linijskih snjegobrana u 2 reda na svakoj strani krovne plohe, razvijene širine do 30 cm. Lim je debljine 0,60 mm, pocinčani, bojani. U stavku je uključen sav potreban rad, materijal i pribor za izvršenje stavke u cijelosti. Obračun po m' ugrađenog lima. | C108: m' | D108: 141 | E108: 60 | F108: =D108*$E108 -> 8460
A109: 7.5. | B109: Nabava, dobava i ugradnja limenog opšava ispod strehe, ispod vjetarlajsne na zabatima i izvedba "kutija" ispod strehe na spoju sa zidom, po obodu građevine radi zaštite dijelova nosive rešetkaste konstrukcije koja je prepuštena van objekta. Lim je debljine 0,60 mm, bojani pocinčani. Boja po izboru investitora. Razvijene širine do 50 cm. U stavku uključen sav potreban rad, materijal i pribor za izvršenje stavke u cijelosti. Obračun po m2 obložene površine. | C109: m2 | D109: 48 | E109: 45 | F109: =D109*$E109 -> 2160
...

Sheet Otvoreni platoi 4 i 5
A1: stavka | B1: opis stavke | C1: jedin. mjere | D1: količina | E1: jedinična cijena (euro) | F1: ukupno (euro)
A3: 1. | B3: GRAĐEVINSKI RADOVI
A4: 1.1. | B4: Čišćenje terena od raslinja oko građevine, siječenje i skupljanje. U stavku uključeno uklanjanje smeća, prepreka, drveća, i sl., košenja trave i korova, te utovar i odvoz otpadnog materijala na gradsku deponiju, uključeno u cijeni stavke. Površina zahvata je približno 5.500 m2. | C4: kpl | D4: 1 | E4: 1000 | F4: =D4*$E4 -> 1000
A5: 1.2. | B5: Geodetske usluge Ovim radovima potrebno je obuhvatiti angažman ovlaštenog geodete za sva potrebna iskolčenja, označavanje visina, održavanje mjernih točaka tokom gradilišta i sve popratne geodetske usluge potrebne za izvođenje radova. Površina zahvata iznosi cca 5.500 m2. | C5: kpl | D5: 1 | E5: 1000 | F5: =D5*$E5 -> 1000
A6: 1.3. | B6: Kombinirani ručni i strojni iskop površinskog sloja tla - humusa u širokom iskopu. Iskop tla u prosječnoj debljini sloja cca 30 cm. U jediničnu cijenu uključen sav potreban rad, svi utovari, transporti i zbrinjavanje viška iskopanog materijala na odgovarajućem deponiju, uključivo sa svim taksama i naknadama prema važećem pravilniku. Obračun se vrši po m3 iskopanog materijala u sraslom stanju. | C6: m3 | D6: 1450 | E6: 60 | F6: =D6*$E6 -> 87000
A7: 1.4. | B7: Kombinirani ručni i strojni iskop tla C kategorije u širokom iskopu. Iskop tla u prosječnoj debljini sloja cca 50 cm. U jediničnu cijenu uključen sav potreban rad, svi utovari, transporti i zbrinjavanje viška iskopanog materijala na odgovarajućem deponiju, uključivo sa svim taksama i naknadama prema važećem pravilniku. Obračun se vrši po m3 iskopanog materijala u sraslom stanju. | C7: m3 | D7: 2400 | E7: 60 | F7: =D7*$E7 -> 144000
A8: 1.5. | B8: Strojno štemanje, razbijanje, utovar i odvoz postojeće armirano-betonske podloge. U jediničnu cijenu uključen sav potreban rad, svi utovari, transporti i zbrinjavanje viška iskopanog materijala na odgovarajućem deponiju, uključivo sa svim taksama i naknadama prema važećem pravilniku. Obračun se vrši po m3 iskopanog materijala u sadašnjem stanju (potrebno ukalkulirati rastresitost). | C8: m3 | D8: 150 | E8: 250 | F8: =D8*$E8 -> 37500
A9: 1.6. | B9: Ručno i strojno planiranje dna iskopa s točnošću +/- 2 cm. Obračun po m2 isplanirane površine. | C9: m2 | D9: 5500 | E9: 1 | F9: =D9*$E9 -> 5500
A10: 1.7. | B10: Dobava, nasipavanje, nabijanje i planiranje tamponskog sloja kamenog agregata granulacija 0-30 mm u sloju debljine 80 cm sa izvedbom projektiranih padova. Nasipavanje na pripremljenu i isplaniranu posteljicu. Zbijenost posteljice treba iznositi minimalno 80 MN/m2, a istu kontrolirati na svakih 200 m2 izvedenog tamponskog sloja. Prije izvedbe nasipa obavezan pregled temeljnog tla od ovlaštenog nadzora. Obračun po m3 ugrađenog materijala. | C10: m3 | D10: 4500 | E10: 0.5 | F10: =D10*$E10 -> 2250
A11: 1.8. | B11: Obrada i planiranje pokosa tla iskopom i nasipavanjem. Izvodi se na rubnim površinama platoa na denivelacijama terena. Obrada okolnog tla uz platoe prilagođavajući ga prirodnom postojećem nagibu. Način rada odabrati sukladno raspoloživoj tehnologiji izvođača radova (ponuditelja). Obračun po m2 izvedenih pokosa. | C11: m2 | D11: 500 | E11: 10 | F11: =D11*$E11 -> 5000
A12: 1.9. | B12: Ispitivanje modula stišljivosti putem ovlaštene tvrtke i izdavanje izvješća o ostvarenim rezultatima. Predviđa se na svakih 200 m2 izvedenog tamponskog sloja. | C12: kom | D12: 25 | E12: 125 | F12: =D12*$E12 -> 3125
A13: 1.10. | B13: Čišćenje terena nakon završetka svih radova na platoima. Stavka obuhvaća utovar otpadnog materijala u prijevozno sredstvo i odvoz na javni deponij. Obračun kao komplet. | C13: kpl | D13: 1 | E13: 2000 | F13: =D13*$E13 -> 2000
A14: 1.11. | B14: Dobava i ugradnja cestovnih betonskih rubnjaka 18x24x100 cm uključivo svi popratni radovi i sav pomoćni materijal, rad i pribor.
A15: a) | B15: strojni i ručni iskop za ugradnju rubnjaka | C15: m3 | D15: 150 | E15: 20 | F15: =D15*$E15 -> 3000
A16: b) | B16: dobava i ugradnja rubnjaka u betonsku podlogu | C16: m' | D16: 300 | E16: 25 | F16: =D16*$E16 -> 7500
A17: c) | B17: zatrpavanje i izravnanje terena nakon ugradnje | C17: m3 | D17: 100 | E17: 10 | F17: =D17*$E17 -> 1000
A18: d) | B18: utovar i odvoz viška materijala | C18: m3 | D18: 50 | E18: 20 | F18: =D18*$E18 -> 1000
A19: 1.12. | B19: Strojna izrada asfaltnog nosivog sloja (AC 32 base, bit 50/70, AG6, M1), debljine 8 cm, proizvedenog i ugrađenog po vrućem postupku, vrste bitumena i agregata prema potvrđenom radnom sastavu. U cijenu je uključena nabava i prijevoz prethodno strojno proizvedene mješavine od agregata i bitumena kao veziva, nazivne veličine najvećeg zrna, vrste kamenog materijala i granulometrijskog sastava prema odredbama u projektu i u skladu prema: HRN EN 13043:2003 ili jednakovrijedno (agregati); HRN EN 12591:2009 ili jednakovrijedno (cestograđevni bitumen) i HRN EN 13108-1:2007 ili jednakovrijedno (asfaltbeton), te utovar, prijevoz, i strojna ugradnja (razastiranje i zbijanje). Izvedba, kontrola kakvoće i obračun prema HRN EN 13108-1 ili jednakovrijedno. Obračun se vrši po m2 gornje površine projektiranog sloja. U svemu prema O.T.U. 5-04. | C19: m2 | D19: 5200 | E19: 18 | F19: =D19*$E19 -> 93600
A20: 1.13. | B20: Strojna izrada asfaltnog habajućeg sloja (AC 11 surf bit 50/70 AG3 M3), debljine 4 cm, proizvedenog i ugrađenog po vrućem postupku, vrste bitumena i agregata prema potvrđenom radnom sastavu. U cijenu je uključena nabava i prijevoz prethodno strojno proizvedene mješavine od agregata i bitumena kao veziva, nazivne veličine najvećeg zrna, vrste kamenog materijala i granulometrijskog sastava prema odredbama u projektu i u skladu prema: HRN EN 13043:2003 ili jednakovrijedno (agregati); HRN EN 12591:2009 ili jednakovrijedno (cestograđevni bitumen) i HRN EN 13108-1:2007 ili jednakovrijedno (asfaltbeton), te utovar, prijevoz, i strojna ugradba (razastiranje i zbijanje). Izvedba, kontrola kakvoće i obračun prema HRN EN 13108-1 ili jednakovrijedno za teško prometno opterećenje. U cijenu izvedbe habajućeg sloja uključeno je čišćenje podloge. Obračun se vrši po m2 gornje površine habajućeg sloja. U svemu prema O.T.U. 6 – 03. | C20: m2 | D20: 5200 | E20: 15 | F20: =D20*$E20 -> 78000
A21: 1.14. | B21: Dobava materijala i izvedba horizontalne signalizacije:
A22: a) | B22: pune žute trake širine 15 cm | C22: m' | D22: 600 | E22: 10 | F22: =D22*$E22 -> 6000
A23: b) | B23: strelice za smjer kretanja | C23: m2 | D23: 30 | E23: 50 | F23: =D23*$E23 -> 1500
A24: 1.15. | B24: Dobava i postava prometnih znakova na pocinčanom stupu, uključivo i AB temelj (znak ''STOP'' - B02). | C24: kom | D24: 4 | E24: 200 | F24: =D24*$E24 -> 800
A25: 1.16. | B25: Uklapanje platoa na postojeću prometnicu. Izvodi se prema potrebi uz prethodni dogovor s nadzornim inženjerom.
A26: a) | B26: uklanjanje i odvoz AB rubnjaka 18/24/100 cm | C26: m' | D26: 50 | E26: 20 | F26: =D26*$E26 -> 1000
A27: b) | B27: strojno rezanje asfalta | C27: m' | D27: 50 | E27: 10 | F27: =D27*$E27 -> 500
A28: c) | B28: uklanjanje dijela asfalta frezanjem | C28: m2 | D28: 50 | E28: 50 | F28: =D28*$E28 -> 2500
B29: 1. Građevinski radovi ukupno: | F29: =SUM(F4:F28) -> 484775
A32: 2. | B32: INSTALACIJE ODVODNJE
A33: 2.1. | B33: Geodetsko iskolčenje trase vanjske kanalizacije prije izvođenja radova - dužina 503 m | C33: m' | D33: 503 | E33: 1 | F33: =D33*$E33 -> 503
A34: 2.2. | B34: Iskop kanala u zemljištu C kategorije za polaganje kanalizacijskih cijevi. Dubinu iskopa izvesti prema projektu, a pad kanala u projektiranom nagibu. Širina rova 0,8m. Predviđen je ručni iskop 30% i strojni iskop 70%. NAPOMENA: Točnu kategoriju zemlje utvrditi na licu mjesta. | C34: m3 | D34: 604 | E34: 15 | F34: =D34*$E34 -> 9060
A35: 2.3. | B35: Proširenje dna rova u zemljištu C kategorije radi izvedbe revizijskih okana i separatore lakih tekućina. Iskopani materijal odbaciti na udaljenost preko 1.0 m od bočne ivice rova, kako bi se spriječilo urušavanje iskopanog materijala u rov. | C35: m3 | D35: 48 | E35: 20 | F35: =D35*$E35 -> 960
A36: 2.4. | B36: Planiranje dna rova s odstupanjem ± 2.0 cm. | C36: m2 | D36: 403 | E36: 2 | F36: =D36*$E36 -> 806
A37: 2.5. | B37: Dobava pijeska i izrada posteljice za kanalizacijske cijevi. Prani riječni pijesak granulacije 0 - 4 mm. Posteljica ispod kanalizacijskih cijevi je debljine 10 cm. Nabija se strojnim i ručnim nabijačima i po potrebi vlaži. Materijal je potrebno zbiti do modula stišljivosti Ms=25 MN/m2. Posteljica mora biti ravna, prilagođena obliku cijevi i uzdužnom padu tako da cijevi po cijeloj dužini naliježu na istu. Podmetanje kamena ispod cijevi ili podupiranje najstrože se zabranjuje. Obračun po m3 izvedene posteljice. | C37: m3 | D37: 41 | E37: 50 | F37: =D37*$E37 -> 2050
A38: 2.6. | B38: Dobava materijala i izrada obloge za kanalizacijske cijevi. Oko prethodno montiranih kanalizacijskih cijevi izvodi se obloga od sitnog materijala - pijesak ili finiji zamjenski materijal iz pozajmišta (0-40 mm), a do visine 30 cm iznad vrha tjemena cijevi. Obračun po m3 izvedene obloge. | C38: m3 | D38: 202 | E38: 20 | F38: =D38*$E38 -> 4040
A39: 2.7. | B39: Dobava i polaganje u rov iznad kanalizacijski cijevi PVC trake sa natpisom "POZOR - kanalizacija" i vodljivom žicom za detekciju trase. | C39: m' | D39: 503 | E39: 1 | F39: =D39*$E39 -> 503
A40: 2.8. | B40: Zatrpavanje rova materijalom od iskopa, po slojevima od 30 cm, uz istovremeno obilno močenje i nabijanje materijala ručnim nabijačima. | C40: m3 | D40: 363 | E40: 15 | F40: =D40*$E40 -> 5445
A41: 2.9. | B41: Odvoz viška materijala na deponiju Sav višak materijala iz iskopa rovova za kanalizacijske kolektore i priključke, građevinskih jama za kontrolna okna i vodolovna grla, a koji je ostao nakon zatrpavanja istih mora se odvesti na deponiju udaljenosti do 5 km. U cijenu je uključen utovar, prijevoz, istovar, te razastiranje materijala. Obračun po m3 materijala, u rastresitom stanju. | C41: m3 | D41: 364 | E41: 15 | F41: =D41*$E41 -> 5460
A42: 2.10. | B42: Planiranje terena nakon izvršenog zatrpavanja rova. Pretpostavljena širina planiranja je 1,0 m. Obračun po m2 obrađene površine. | C42: m2 | D42: 503 | E42: 2 | F42: =D42*$E42 -> 1006
A43: 2.11. | B43: Izvedba revizionog okna na kanalizaciji armiranim vodonepropusnim nabijenim betonom C30/37 u dvostranoj oplati, debljine stijenki 20 cm. Unutrašnje stijenke okna premazati polimercemntnim premazom. Vanjske stijenke obložiti savitljivom, 1,5 mm debljine, homogenom hidroizolacijskom membranom, sa signalnim slojem, na bazi visokokvalitetnog polivinilklorida (PVC-p). Iznad okna na dubini oko 10 cm od kote uređenog terena izvesti armirano-betonsku ploču C25/30, debljine 15 cm s otvorom za silazak u okno. Iznad otvora u ploči montirati poklopac s okvirom veličine poklopca 600×600 mm za opterećenje C250 kN na prometnim površinama i A15 na zelenim površinama (uzeti u obzir u ovoj stavci). U cijeni je izvedba, dobava i ugradnja stupaljki u stjenke revizionog okna izrađene iz lijevanog željeza. Prije ugradbe, stupaljke od korozije zaštititi dvostrukim premazom uljane boje.
A44: a) | B44: dubine do 1,5 m - vel. 80×80 cm, žljebno | C44: kom | D44: 9 | E44: 800 | F44: =D44*$E44 -> 7200
A45: b) | B45: dubine iznad 1,5 m - vel. 100×80 cm, žljebno i kaskadno | C45: kom | D45: 2 | E45: 1200 | F45: =D45*$E45 -> 2400
A46: 2.12. | B46: Dobava i montaža tvrdih PVC SN8 cijevi i fazonskih komada za kanalizaciju. Spajanje cijevi izvoditi gumenim prstenima.
B47: PVC CIJEVI SN8
A48: a) | B48: DN150 | C48: m' | D48: 275 | E48: 25 | F48: =D48*$E48 -> 6875
A49: b) | B49: DN200 | C49: m' | D49: 118 | E49: 68 | F49: =D49*$E49 -> 8024
A50: c) | B50: DN250 | C50: m' | D50: 28 | E50: 89 | F50: =D50*$E50 -> 2492
A51: d) | B51: DN315 | C51: m' | D51: 22 | E51: 139 | F51: =D51*$E51 -> 3058
A52: e) | B52: DN400 | C52: m' | D52: 30 | E52: 170 | F52: =D52*$E52 -> 5100
B53: FAZONSKI KOMADI SN8
A54: f) | B54: DN150 | C54: kom | D54: 45 | E54: 25 | F54: =D54*$E54 -> 1125
A55: g) | B55: DN400 | C55: kom | D55: 3 | E55: 350 | F55: =D55*$E55 -> 1050
A56: 2.13. | B56: Dobava i ugradnja vodonepropusne brtve - priključka na betonsko reviziono okno za PVC cijevi.
A57: a) | B57: DN150 | C57: kom | D57: 24 | E57: 55 | F57: =D57*$E57 -> 1320
A58: b) | B58: DN200 | C58: kom | D58: 12 | E58: 65 | F58: =D58*$E58 -> 780
A59: c) | B59: DN250 | C59: kom | D59: 2 | E59: 90 | F59: =D59*$E59 -> 180
A60: d) | B60: DN315 | C60: kom | D60: 3 | E60: 155 | F60: =D60*$E60 -> 465
A61: e) | B61: DN400 | C61: kom | D61: 5 | E61: 180 | F61: =D61*$E61 -> 900
A62: 2.14. | B62: Slivnik s taložnicom, s konkavnom rešetkom 500×500 mm Dobava i montaža cestovnog slivnika s izljevom DN 150, s taložnicom dubine 849 do 1342 mm, ukupne visine 1773 do 2512 mm, sastavljenog od tipskih elemenata svjetlog promjera 375 mm, izrađenih iz polipropilena. Sastavne elemente je moguće fino podešavati po visini, zaokretati po vertikalnoj osi i podešavati po poprečnom nagibu do max. 10%. Svi spojevi standardnih elemenata izvedeni su preko integrirane EPDM brtve i osiguravaju vodonepropusnost do 0,5 bara prema DIN 4060 ili jednakovrijedno. Konkavna pokrovna lijevano željezna rešetka je veličine 500×500 mm, razreda opterećenja D400 prema HRN EN 124 ili jednakovrijedno, s uloškom protiv lupanja i multifunkcionalnim zglobom koji omogućava otvaranje rešetke do 110⁰. Upojna površina rešetke je 1030 cm², a učvršćenje rešetke za okvir izvedeno je poliuretanskim kopčama. NAPOMENA: sve tehničke karakteristike mogu odstupati +/- 5%. | C62: kom | D62: 20 | E62: 800 | F62: =D62*$E62 -> 16000
A63: 2.15. | B63: Separator lakih tekućina s mimotokom Dobava i ugradnja separatora lakih tekućina s bypassom. Separator mora biti konstruiran, izrađen i testiran prema HRN EN 858 ili jednakovrijedno, što se dokazuje izjavom o svojstvima i pripadajućim izvještajem laboratorijskog ispitivanja učinkovitosti (za dani protok separatora). Separator nazivne veličine NS20 (protok kroz separator 20 l/s) dok je ukupni protok Qmax=200 l/s. Separator mora imati učinkovitosti izdvajanja lakih tekućina klase I - lakih tekućina u izlaznoj vodi do 5mg/l. Separator mora imati zapremninu izdvojenih lakih tekućina min. 200 litara, kapacitet taložnice min. 2000 lit dok ukupni kapacitet ne smije biti veći od 4.750 litara. Uljev i izljev separatora trebaju biti DN 400 utični spoj s kliznom brtvom (prema HRN EN 1401 ili jednakovrijedno) - UKC cijevi. Dubina uljevne cijevi, mjereno od kote poklopca do kote dna cijevi uljeva T= 1,13 m do 5,78 m (točnu dubinu cijevi na uljevu treba definirati prije naručivanja separatora). Separator se treba isporučivati s poklopcem prema HRN EN 124 ili jednakovrijedno klase nosivosti D400, svijetlog otvora promjera 600 mm, s natipsom "SEPARATOR".
B64: Separator treba biti izrađen iz HPC armiranog betona (High Perfomance Concrete) razreda čvrstoće C60/75, razreda izloženosti: XA3, XF4. Spojevi svih prefabriciranih betonskih elemenata promjera ≥ 100 cm trebaju se brtviti gumenim brtvama s integriranim sustavom raspodjele opterečenja. Svi cijevni prodori kroz betonsku stijenku separatora moraju biti brtveni elastomernim (gumenim) brtvama. Separator treba biti siguran od djelovanja sila uzgona do visine podzemne vode do uljeva u separator. Separator mora imati koalescentni element koji se može za potrebe čišćenja i održavanja jednostavno izvaditi i višekratno koristiti. Separator mora imati sigurnosni plovak tariran na spec. težinu lakih tekućina kao osiguranje od nekontroliranog odljeva istih iz separatora. Uljevni i izljevni elementi separatora trebaju biti izrađeni iz PEHD-a. Pristup u separator treba biti u skladu s HRN EN 476 ili jednakovrijedno. | C64: kpl | D64: 1 | E64: 8000 | F64: =D64*$E64 -> 8000
A65: 2.16. | B65: Izvedba betonske izljevne građevine oborinske odvodnje. Cijevni izljev osigurati kosom armirano-betonskom glavom. Armirano-betonska glava debljine 15 cm, tlocrtnih dimenzija 160×100 cm i visine 120 cm (točne dimenzije ploče prilagoditi na licu mjesta prema stvarnom nagibu pokosa). U stavku uključiti oblaganje pokosa kamenim materijalom 2 m ispred i 2 m iza osi uljeva. Podrazumijeva sav rad i materijal, sve prijevoze i prijenose, rad na izradi, ugradnji i njezi betona, te eventualno crpljenje vode. U cijenu oplate je uključena dobava, montaža i demontaža oplate te potrebno podupiranje. Uključivo potrebna armatura - prema planu armature. | C65: kpl | D65: 1 | E65: 3000 | F65: =D65*$E65 -> 3000
A66: 2.17. | B66: Plitka betonska kanalica Dobava i ugradnja plitke betonske kanalice. Moduli širine do 30 cm, a duljine do 50 cm. Građevinska visina elementa do 12 cm. Betonske kanalice se postavljaju na pripremljenu nosivu podlogu te po pravcu niveliraju. Ugrađuju se s razmakom (spojnicom) u zemljovlažni beton. Spojnice se zapunjavaju cementnim mortom. | C66: m' | D66: 251 | E66: 30 | F66: =D66*$E66 -> 7530
A67: 2.18. | B67: Funkcionalno ispitivanje kanalizacijske instalacije na vodonepropusnost od strane ovlaštene organizacije, uz izdavanje uvjerenja. | C67: kpl | D67: 1 | E67: 500 | F67: =D67*$E67 -> 500
A68: 2.19. | B68: Izrada tehničke dokumentacije izvedenog stanja koju potpisuju izvođač i nadzor i predaja investitoru u 3 uvezana primjerka. Uz papirnatu verziju, predaje se i jedan primjerak u elektroničkom obliku/CD (standardni formati datoteka .doc .xls i .dwg). | C68: kpl | D68: 1 | E68: 1500 | F68: =D68*$E68 -> 1500
A69: 2.20. | B69: Primopredaja izvedenih radova, izrada uputa za rad i održavanje, izrada shema izvedenog stanja, signalno obilježavanje vodova i opreme, te potrebni natpisi upozorenja i obavještenja. | C69: kpl | D69: 1 | E69: 500 | F69: =D69*$E69 -> 500
A70: 2.21. | B70: Snimanje postojećih instalacija vodovoda i odvodnje na parceli te isporuka u dwg i odf formatu. U cijeni predaja geodetske snimke u nadležni ured za katastar i ishođenje potvrde iz katastra. | C70: kpl | D70: 1 | E70: 500 | F70: =D70*$E70 -> 500
B71: 2. Instalacije odvodnje ukupno: | F71: =SUM(F33:F70) -> 108332
A73: 3. | B73: ELEKTROTEHNIČKI RADOVI
A74: 3.1. | B74: Dobava, montaža i spajanje svjetiljke na konusni stup visine 6 metara s direktnom asimetričnom svjetlosnom distribucijom. LED izvor svjetlosti, snaga sustava 33W, 3000K, CRI70. Stupanj mehaničke zaštite IP66IK09. Sa svim potrebnim priborom, priključnim materijalom i elementima. Oznaka u projektu "V2". Tehničke karakteristike: - svjetiljka na konusnom stupu sa razdjelnicom i temeljnim vijcima, stup visine 6 m u boji svjetiljke - direktna asimetrična distribucija svjetlosti - svjetiljka antracitne boje kućišta od lijevanog aluminija izrađenog na način da je površina što manje izložena vjetru - optika izrađena od PMMA, visoko otporna na temperaturu i UV zračenje - difuzor od sigurnosnog stakla, minimalno 4 mm debljine, otpornog na nagle temperaturne razlike i udarce. - moguće bočno zakretanje od 0° do 15° i vertikalno od 0° do 10° - regulacija u slučaju temperaturnih porasta usred vremenskih neprilika ili otkazivanja LED čipa - životni vijek minimalno 100.000 h L80B10 - dozvoljena ambijentalna temperatura: -30 - +40°C - LED sustav maksimalne snage 33 W - minimalni izlazni svjetlosni tok 4216 lm - efikasnost svjetiljke minimalno 128 lm/W - temperatura boje 3000K - niska razina treperenja - uzvrat boje minimalono CRI>70 - mehanička zaštita minimalno IP66 - zaštita od mehaničkih utjecaja IK09 - ENEC certificirana svjetiljka | C74: kom | D74: 14 | E74: 500 | F74: =D74*$E74 -> 7000
A75: 3.2. | B75: Dobava i montaža tipskog rasvjetnog konusnog ili okruglog stupa visine 6 m, sa razdjelnicom i temeljnim vijcima. Stup je od pocinčanog čelika. Promjer stupa za prihvat 60 mm, u donjem dijelu 139 mm. Završna obrada antracit. Tehničke karakteristike: - stup visine 6m sa razdjelnicom i temeljnim vijcima - promjer stupa za prihvat 60 mm, u donjem dijelu 139 mm - završna obrada antracit boje kao RAL7021 - revizijsko okno dimenzija 45×186 mm - osigurači 2×16A - klasa zaštite II - potrebne dimenzije temelja 1300×1300×1000 mm | C75: kom | D75: 14 | E75: 750 | F75: =D75*$E75 -> 10500
A76: 3.3. | B76: Iskop zemlje C kategorije za rov širine 50 cm i dubine 100 cm za polaganje kabela rasvjete (ukupna duljina trase iznosi 320 m'). | C76: m3 | D76: 160 | E76: 15 | F76: =D76*$E76 -> 2400
A77: 3.4. | B77: Čišćenje i planiranje dna rova u zemlji C kategorije. | C77: m2 | D77: 160 | E77: 2 | F77: =D77*$E77 -> 320
A78: 3.5. | B78: Dobava pijeska i izrada podloge za polaganje cijevi ili kabela u dnu rova. Debljina nasipa pijeska 5 cm ispod i iznad kabela ili cijevi. Koristiti prani riječni pijesak granulacije 0 - 4 mm. | C78: m3 | D78: 24 | E78: 50 | F78: =D78*$E78 -> 1200
A79: 3.6. | B79: Zatrpavanje rova iznad cijevi iskopanim materijalom visine 30 cm u slojevima vibropločom, uključujući i dobavu, te polaganje zaštitne trake. | C79: m3 | D79: 136 | E79: 20 | F79: =D79*$E79 -> 2720
A80: 3.7. | B80: Dobava, postava i spajanje kabela NAYY 4×25mm2. | C80: m' | D80: 340 | E80: 19 | F80: =D80*$E80 -> 6460
A81: 3.8. | B81: Polaganje NOVOTUMB cijevi rebraste vanjštine promjera 75 mm i glatke unutrašnjosti promjera 62 mm crvene boje. | C81: m' | D81: 330 | E81: 4 | F81: =D81*$E81 -> 1320
A82: 3.9. | B82: Dobava, postava i spajanje trake FeZn 30x4mm za uzemljenje stupova rasvjete. | C82: m' | D82: 320 | E82: 4 | F82: =D82*$E82 -> 1280
A83: 3.10. | B83: Spajanje uzemljivača Fe/Zn 30×4 na stup i u zemlji na pocinčanu traku pomoću križnog komada 80×80×3 mm. | C83: kom | D83: 14 | E83: 40 | F83: =D83*$E83 -> 560
A84: 3.11. | B84: Polaganje PVC trake za upozorenje u iskopani rov. | C84: m' | D84: 320 | E84: 1 | F84: =D84*$E84 -> 320
A85: 3.12. | B85: Iskop rupe te izrada tipskog temelja za stup visine 6 m', betonom razreda tlačne čvrstoće C30/37 uz upotrebu armature prema statičkom proračunu (daje isporučitelj stupa!). Ugradnja sidrenih vijaka pomoću šablone, ugradnja 2 ili 3 komada RDC cijevi fi 63 mm×1,5 m' u temelj, te niveliranje gornje plohe temelja cementnim mortom. Temelj treba izvesti iz jednog dijela na način da gornja ploha viri iznad okolnog tla 10 cm kod montaže istog u zelene površine, odnosno gornja kota temelja mora biti 10 cm ispod razine projektiranog asfalta kod montaže istih u asfaltirane površine. Izrada "češke" glazure na svim vidljivim plohama temelja. Dimenzije temelja: 1,3×1,3×1 m' Volumen temelja : 1,69 m3 | C85: kom | D85: 14 | E85: 350 | F85: =D85*$E85 -> 4900
... A88: 3.15. | B88: Unošenje svih eventualnih izmjena i dopuna tokom izvedbe u projektnu dokumentaciju, te predaja investitoru projekta izvedenog stanja u tri papirnata i jedan primjerak u digitalnom obliku na CD-u. | C88: kpl | D88: 1 | E88: 500 | F88: =D88*$E88 -> 500
B89: 3. Elektrotehnički radovi ukupno: | F89: =SUM(F74:F88) -> 40280
B93: OTVORENI PLATOI 4 I 5 - Z B I R N A R E K A P I T U L A C I J A
A95: 1. | B95: GRAĐEVINSKI RADOVI | F95: =SUM(F29) -> 484775
A96: 2. | B96: INSTALACIJE I ODVODNJE | F96: =SUM(F71) -> 108332
A97: 3. | B97: ELEKTROTEHNIČKI RADOVI | F97: =SUM(F89) -> 40280
B99: OTVORENI PLATOI 4 I 5 UKUPNO (bez PDV-a): | F99: =SUM(F95:F97) -> 633387

Sheet RKPT_1, 2 i 5
A1: stavka | B1: opis stavke | C1: jedin. mjere | D1: količina | E1: jedinična cijena (euro) | F1: ukupno (euro)
B5: SKLADIŠTA 1, 2 I 5 - Z B I R N A R E K A P I T U L A C I J A
A7: 1. | B7: SKLADIŠTE 1 | F7: =SUM('Skladište 1'!F480) -> 709141.05
A8: 2. | B8: SKLADIŠTE 2 | F8: =SUM('Skladište 2'!F404) -> 470716.4
A9: 3. | B9: SKLADIŠTE 5 | F9: =SUM('Skladište 5'!F405) -> 483963.79
B11: SKLADIŠTA 1, 2 I 5 UKUPNO: | F11: =SUM(F7:F9) -> 1663821.2
B12: PDV (25%): | F12: =F11*25% -> 415955.31
B13: SKLADIŠTA 1, 2 I 5 SVEUKUPNO S PDV-om: | F13: =SUM(F11:F12) -> 2079776.6
D19: Dana:

Sheet RKPT_6, OP 4 i 5
A1: stavka | B1: opis stavke | C1: jedin. mjere | D1: količina | E1: jedinična cijena (euro) | F1: ukupno (euro)
B5: SKLADIŠTE 6 I OTVORENI PLATOI 4 I 5 - Z B I R N A R E K A P I T U L A C I J A
A7: 1. | B7: SKLADIŠTE 6 | F7: =SUM('Skladište 6'!F408) -> 480536.2
A8: 2. | B8: OTVORENI PLATOI 4 I 5 | F8: =SUM('Otvoreni platoi 4 i 5'!F99) -> 633387
B10: SKLADIŠTE 6 I OTVORENI PLATOI 4 I 5 UKUPNO: | F10: =SUM(F7:F8) -> 1113923.2
B11: PDV (25%): | F11: =F10*25% -> 278480.8
B12: SKLADIŠTE 6 I OTVORENI PLATOI 4 I 5 SVEUKUPNO S PDV-om: | F12: =SUM(F10:F11) -> 1392404
D18: Dana:

Sheet Zbirna RKPT
A1: stavka | B1: opis stavke | C1: jedin. mjere | D1: količina | E1: jedinična cijena (euro) | F1: ukupno (euro)
B5: SKLADIŠTA 1, 2, 5, 6 I OTVORENI PLATOI 4 I 5 - Z B I R N A R E K A P I T U L A C I J A
A7: 1. | B7: SKLADIŠTE 1 | F7: =SUM('Skladište 1'!F480) -> 709141.05
A8: 2. | B8: SKLADIŠTE 2 | F8: =SUM('Skladište 2'!F404) -> 470716.4
A9: 3. | B9: SKLADIŠTE 5 | F9: =SUM('Skladište 5'!F405) -> 483963.79
A10: 4. | B10: SKLADIŠTE 6 | F10: =SUM('Skladište 6'!F408) -> 480536.2
A11: 5. | B11: OTVORENI PLATOI 4 I 5 | F11: =SUM('Otvoreni platoi 4 i 5'!F99) -> 633387
B13: SKLADIŠTA 1, 2, 5, 6 I OTVORENI PLATOI 4 I 5 UKUPNO: | F13: =SUM(F7:F11) -> 2777744.4
B14: PDV (25%): | F14: =F13*25% -> 694436.11
B15: SKLADIŠTA 1, 2, 5, 6 I OTV. PLATOI 4 I 5 SVEUKUPNO S PDV-om: | F15: =SUM(F13:F14) -> 3472180.6
D21: Dana:
