Workbook
Name _: #REF!
Name _: #REF!
Name __: #REF!
Name __: #REF!
Name _____: #REF!
Name _____: #REF!
Name _________: #REF!
Name _________: #REF!
Name ___________: #REF!
Name ___________: #REF!
Name _________________: #REF!
Name _________________: #REF!
Name _______________________: #REF!
Name _______________________: #REF!
Name ___IEJBVO: #REF!
Name ___IEJBVO: #REF!
Name __GL: #REF!
Name __GL: #REF!
Name _HKJB: #REF!
Name _HKJB: #REF!
Name _KKJ: #REF!
Name _KKJ: #REF!
Name ABHGBN: #REF!
Name ABHGBN: #REF!
Name BETONSKI_I_ARM.BETONSKI_RADOVI: #REF!
Name BETONSKI_I_ARM.BETONSKI_RADOVI: #REF!
Name BRAVARIJA_SKLONIŠTA: #REF!
Name BRAVARIJA_SKLONIŠTA: #REF!
Name CRNA_BRAVARIJA: #REF!
Name CRNA_BRAVARIJA: #REF!
Name ČELIČNA_KONSTRUKCIJA: #REF!
Name ČELIČNA_KONSTRUKCIJA: #REF!
Name ČPEOJGPOE: #REF!
Name ČPEOJGPOE: #REF!
Name dabnbn: #REF!
Name dabnbn: #REF!
Name DHB: #REF!
Name DHB: #REF!
Name DIMNJACI: #REF!
Name DIMNJACI: #REF!
Name DIZALA: #REF!
Name DIZALA: #REF!
Name E: #REF!
Name E: #REF!
Name Excel_BuiltIn_Print_Area_15_1: #REF!
Name Excel_BuiltIn_Print_Area_15_1: #REF!
Name Excel_BuiltIn_Print_Area_15_1: #REF!
Name Excel_BuiltIn_Print_Area_15_1: #REF!
Name Excel_BuiltIn_Print_Area_8_1: #REF!
Name Excel_BuiltIn_Print_Area_8_1: #REF!
Name Excel_BuiltIn_Print_Area_8_1: #REF!
Name Excel_BuiltIn_Print_Area_8_1: #REF!
Name FASADERSKI_RADOVI: #REF!
Name FASADERSKI_RADOVI: #REF!
Name FGHGF: #REF!
Name FGHGF: #REF!
Name gfn: #REF!
Name gfn: #REF!
Name INOX_BRAVARIJA: #REF!
Name INOX_BRAVARIJA: #REF!

Sheet XXXXXX

Sheet NASLOVNICA
A3: UGOSTITELJSKO-TURISTIČKA GRAĐEVINA PLANINARSKI DOM JELENIĆ KUĆA PROJEKTANTSKI TROŠKOVNIK SVIH RADOVA
B6: INVESTITOR: | C6: HRVATSKE ŠUME D.O.O.
B7: sjedište investitora: | C7: Branimirova 1, 10000 Zagreb
B9: GRAĐEVINA: | C9: UGOSTITELJSKO-TURISTIČKA GRAĐEVINA PLANINARSKI DOM JELENIĆ KUĆA
B10: lokacija zahvata:
C11: k.č.br. 1952 k.o. Grabar
C12: Jelenići 5, Golubići
B13: zajednička oznaka: | C13: 12.06/22-TR
B15: Projektant arhitekture: | C15: Kata Bukovac Peršun dipl.ing.arh.
B16: Projektant vodovoda, odvodnje, vatrozaštite i manipulativnih površina: | C16: Mario Vitez dipl.ing.građ.
B17: Projektant strojarskih instalacija: | C17: Krešimir Pećar dipl.ing.stroj.
B18: Projektant elektrotehničkih instalacija: | C18: Darko Rudvald mag.ing.el.
B19: Projektanti krajobraza: | C19: Bruno Andrašić dipl.ing.arh
C20: Višnja Šteko mag.ong.prosp.arch.
B22: Glavni projektant: | C22: Bruno Andrašić dipl.ing.arh
B24: datum: | C24: prosinac 2022.

Sheet OPĆI UVJETI
B1: OPĆI UVJETI:
A4: 1. | B4: Izvođač je dužan pridržavati se svih važećih zakona i propisa i to naročito Zakona o gradnji, Zakona o zaštiti na radu.
A5: 2. | B5: Izvođač je dužan, u okviru ugovorene cijene, ugraditi propisani adekvatan i prema važećim normama atestiran materijal. Izvođač je također dužan kod izrade konstrukcija, prema projektom određenom planu ispitivanja materijala, kontrolirati ugrađeni konstruktivni materijal u okviru ugovorene cijene. Troškovi ispitivanja materijala uzimanja uzoraka, laboratorijska obrada s izdavanjem atesta ispitnih protokola, te ispitivanje svih ugrađenih slojeva nasipa i kolničkih konstrukcija, ispitivanje cjevovoda na tlak, dezinfekcija cjevovoda, bakteriološka proba, puštanje sistema u rad i sl. moraju biti uključeni u jediničnu cijenu radova.
A6: 3. | B6: Za instalacijske sustave izvođač je dužan, u okviru ugovorene cijene, osim atesta o kvaliteti ugrađenih materijala, dati ateste za instalacijske sustave te izvještaje o kontrolnim ispitivanjima.
A7: 4. | B7: Izvođač je u okviru ugovorene cijene dužan izvršiti koordinaciju radova svih kooperanata na način da omogući kontinuirano odvijanje posla i zaštitu već izvedenih radova. Sva oštećenja nastala tokom gradnje otkloniti će izvođač o svom trošku.
A8: 5. | B8: Izvođač je dužan, u okviru ugovorene cijene, osigurati gradilište od djelovanja više sile i krađe.
A9: 6. | B9: Sav rad i materijal vezan za organizaciju građevinske proizvodnje: ograde, vrata gradilišta, putovi na gradilištu, uredi, blagovaonice, svlačionice, sanitarije gradilišta, spremišta materijala i alata, telefonski, električni, vodovodni i sl. priključci gradilišta kao i cijena korištenja priključaka uključeni su u ugovorenu cijenu.
A10: 7. | B10: Izvođač će zajedno sa nadzornim inženjerom izraditi vremenski plan (gantogram) aktivnosti na gradilištu i njime odrediti dinamiku financiranja, dobave materijala i opreme i sl.
A11: 8. | B11: Sva oštecenja prometnih ili ostalih javnih i ostalih površina parcele izvođač će po završetku radova o svom trošku dovesti u prvobitno stanje.
A12: 9. | B12: Prema uvjetima ovog troškovnika izvoditelj radova daje jedinične cijene svih radova, a one obuhvaćaju:
B13: a) organizaciju gradilišta i sve potrebne pripremne i završne radove, koji osiguravaju u cjelini kvalitetnu izvedbu, uključujući i troškove vezane uz zauzeće javne površine
B14: b) sve potrebne troškove za izvršenje samih radova i to za: rad, materijal, alat, skele, režiju, troškove montaže, troškove zaštite na radu, kao i sve druge izdatke po važećim propisima.
B15: c) redovito čišćenje i odvoženje viška materijala, zemlje, šute i otpada na deponij
B16: d) zaštita postojećih podzemnih instalacija na nužnim mjestima nakon što se utvrdi točan položaj instalacija. Točan položaj instalacija potrebno je odrediti prije započinjanja radova na izvođenju predmetnog zahvata. Nadzorni inženjer i predstavnik vlasnika instalacija će potom odrediti mjere zaštite ili potrebu izmještanja instalacija sukladno posebnim uvjetima.
B17: Predviđeni su svi potrebni radovi za zaštitu instalacija.
A18: 10. | B18: Svi radovi moraju biti potpuno gotovi kako je predviđeno po Ponudbenoj dokumentaciji, izvedeni pravilno po tehničkim propisima i standardima, s kvalitetnim materijalom i kvalitetnom stručnom radnom snagom.
B19: Za sve materijale, poluproizvode i gotove dijelove, koji će se upotrijebiti na svim radovima, izvoditelj je dužan podnijeti nadzornom inženjeru uzorke na odobrenje, odnosno izvršiti sistematsko ispitivanje i da o tome ispitivanju podnese nadzornom inženjeru ili naručitelju mjerodavne dokaze. Ovo ispitivanje pada na teret izvoditelja radova.
A20: 11. | B20: Materijali koji ne odgovaraju tehničkim uvjetima, propisima i standardima, ne smiju se ugraditi, a izvoditelj ih je dužan otkloniti s gradilišta bez troškova naknade.
A21: 12. | B21: Ukoliko tehnička dokumentacija nije potpuna ili izvoditelju razumljiva, izvoditelj radova je obavezan pravovremeno tražiti dopunu istoga kao i sva potrebna tumačenja.
A22: 13. | B22: Izvoditelj je dužan sve mjere u nacrtima kontrolirati na licu mjesta.
A23: 14. | B23: Izvoditelj je dužan na gradilištu zatrpati i nabiti sve jame koje je u tijeku radova morao otvoriti u zemljištu oko objekta, zemljište raščisti i poravnati, građevinu i česticu predati očišćenu od otpadaka građevinskog materijala, sa čistim podovima, bravarijom, stolarijom i prozorskim staklom, u tijeku radova i sve do predaje objekta održavati red i čistoću na gradilištu.
B24: Svi ovi radovi trebaju biti uračunati u cijene odgovarajućih pozicija i posebno se neće plaćati, osim onih koji su troškovnikom predviđeni.
A25: 15. | B25: Izvoditelj je dužan čuvati i sačuvati sve izvršene radove do primopredaje objekta i u tu svrhu mora izvršiti potrebna osiguranja po uputama nadzornog inženjera, što je uračunato u jedinične cijene i neće se posebno plaćati.
A26: 16. | B26: Izvoditelj je dužan osigurati higijensko-tehničke zaštitne mjere na gradilištu po postojećim propisima, što je uračunato u cijene i neće se posebno plaćati.
A27: 17. | B27: Obračun svih izvršenih radova obavlja se prema postojećim normama u graditeljstvu za tu vrstu radova.
A28: 18. | B28: Svi radovi koji će se zatvoriti u konstrukciju, prekriti slojevima ili na drugi način postati nevidljivi mogu se zatvoriti tek nakon pregleda i pozitivne ocjene nadzornog inženjera. Ovo se odnosi na sve instalacije i materijale koji će biti skriveni prekrivanjem drugog sloja preko njih.
A29: 19. | B29: Za vrijeme izvođenja radova izvođač je dužan osigurati nesmetan promet na postojećim prometnicama i prilaznim putevima i regulirati ga odgovarajućim prometnim znacima. Troškovi privremene signalizacije i regulacije prometa biti će uračunati u jediničnu cijenu i neće se posebno naplaćivati.
A30: 20. | B30: Sve stavke uključuju sav rad i materijal (osnovni i pomoćni materijal te spojni i pričvrsni materijal, materijal za završne obrade) sve do potpune gotovosti i funkcionalnosti. U jediničnu cijenu stavki su uključeni svi horizontalni i vertikalni transporti po gradilištu te sva potrebna mehanizacija, radna skela i materijal za podupiranje tijekom ugradnje stavki.
A31: 21. | B31: U cijenu uključiti čišćenje gradilišta u toku radova i završno fino čišćenje gradilišta i pranje nakon dovršetka gradnje prije predaje na korištenje investitoru, s odvozom šute i smeća na gradski deponij uz plaćanje naknada.
A32: 22. | B32: U cijenu uključiti i kontejner za održavanje radnih sastanaka sa investitorom, nadzornim inž.i projektantima koji mora biti opremljen konferencijskim stolom sa sjedalicama, infrastrukturnim priključcima, sanitarnim čvorom.
A33: 23. | B33: Sva ponuđena oprema i sustavi (na koju se odnosi primjena) trebaju zadovoljiti važeće kriterije i obavezna mjerila objavljena u Odluci komisije (EU) u cilju dodjele znaka za okoliš EU za turistički smještaj - EcoLabel ili jednakovrijedno.
B34: https://environment.ec.europa.eu/topics/circular-economy/eu-ecolabel-home/product-groups-and-criteria/holiday-accommodation_en
B35: a sukladno uvjetima navedenim na stranici nadležnog Ministarstva:
B36: https://mingor.gov.hr/o-ministarstvu-1065/djelokrug/uprava-za-klimatske-aktivnosti-1879/eko-oznake/znak-zastite-okolisa-europske-unije-eu-ecolabel/1420
B37: te je u tom smislu potrebno prilagoditi ponudu za pojedine stavke iz ovog troškovnika.
A39: 24. | B39: Za sve ugrađene građevne dijelove i materijale potrebno je dostaviti dokaze za okolišne ciljeve:
B40: - da građevni dijelovi i materijali korišteni u zgradi koji mogu doći u kontakt sa korisnicima emitiraju manje od 0,06 mg formaldehida po m3 materijala ili komponente i manje od 0,001 mg po m3 materijala kategorija 1A i 1B (kancerogeni hlapljivi organski spojevi)
B41: - da građevni dijelovi i materijali koji se koriste ne sadrže azbest niti tvari koje izazivaju veliku zabrinutost
B42: - svi instalirani uređaji za vodu (tuševi s mješalicom, slavine, WC školjke, vodokotlići i slično) moraju biti svrstani u prva dva razreda potrošnje vode EU vodne oznake EU Water Label ili jednakovrijedno, čime se osigurava ostvarenje minimalnog uvjeta zaštite voda i mora.
B43: http://www.europeanwaterlabel.eu
B44: te je u tom smislu potrebno prilagoditi ponudu za pojedine stavke iz ovog troškovnika.
A46: 25. | B46: Priznaju se isključivo troškovi nabave električne opreme energetske oznake B i više, izuzev nabave izvora svjetlosti gdje se priznaju troškovi nabave opreme energetske oznake C i više.

Sheet A_I_RUŠENJE I DEMONTAŽE
A1: A.I. | B1: RUŠENJA I DEMONTAŽE
A3: Redni broj | B3: Opis rada | C3: Jedinična mjera | D3: Količina | E3: Cijena u eurima | G3: JV
E5: Jedinična | F5: Ukupna
A7: 1 | B7: DJELOMIČNO UKLANJANJE GRAĐEVINSKIH DIJELOVA ZATEČENE ZGRADE
B8: UVODNA NAPOMENA:
B9: PRIJE NUĐENJA RADOVA NA UKLANJANJU GRAĐEVINE POTREBNO SE DETALJNO UPOZNATI SA STANJEM NA TERENU.
B11: OPIS GRAĐEVINE:
B12: RADOVI RUŠENJA I DEMONTAŽE ODNOSE SE NA DIO ZGRADE, SVE OSIM PREDNJEG ULIČNOG PROČELJA, KOJE SE ZADRŽAVA (UZ RESTAURACIJU I OBNOVU). ZGRADA JE KATNOSTI PRIZEMLJE+1.KAT+POTKROVLJE. ZGRADA JE STARIJA ZIDANICA SA MEĐUKATNIM KONSTRUKCIJAMA OD DRVENIH GREDNIKA. NAD ZGRADOM JE IZVEDENO KLASIČNO DRVENO DVOSTREŠNO KROVIŠTE POKRIVENO CRIJEPOM.
B14: RADOVI DEMONTAŽE I UKLANJANJA OBUHVAĆAJU SLIJEDEĆE:
A15: A | B15: DEMONTAŽA I UKLANJANJE ELEKTRIČNIH INSTALACIJA, RASVJETNIH TIJELA, I SVIH OSTALIH EL. IZVODA, PREKIDAČA I SL. UKLANJANJE SVIH RAZVODA SLABE I JAKE STRUJE STRUJE U POSTOJEĆOJ GRAĐEVINI. U CIJENI SVI EVENTUALNI POPRATNI GRAĐEVINSKI RADOVI NUŽNI ZA UKLANJANJE.
C16: KOMPLET | D16: 1 | E16: 1000 | F16: =D16*E16 -> 1000
A17: B | B17: OTPAJANJE DEMONTAŽA I UKLANJANJE SANITARNIH UREĐAJA I OPREME, UKLANJANJE INSTALACIJSKIH RAZVODA VODOVODA I KANALIZACIJE I ARMATURA UZ SVE EVENTUALNE POPRATNE GRAĐEVINSKE I OBRTNIČKE RADOVE.
C18: KOMPLET | D18: 1 | E18: 1000 | F18: =SUM(D18*E18) -> 1000
A20: C | B20: STROJNO/RUČNO RUŠENJE I UKLANJANJE SVIH PODNIH KONSTRUKCIJA PODOVA NA TLU, UKLJUČIVO S ZAVRŠNIM SLOJEM PODNE OBLOGE.
C21: M2 | D21: 110 | E21: 20 | F21: =SUM(D21*E21) -> 2200
A22: D | B22: DEMONTAŽA I UKLANJANJE SVIH BRAVARSKIH I STOLARSKIH ELEMENATA, PROZORA, DRVENIH GRILJA, VRATA, OSTAKLJENIH STIJENA I PREGRADA, OGRADA I SLIČNO, UKLJUČIVO PROZORSKE KLUPČICE I OSTALE LIMARSKE OPŠAVE, TE SLIJEPE OKVIRE STOLARSKIH ELEMENATA. NA OTVORIMA NA ULIČNOM PROČELJU (KOJE SE ZADRŽAVA U POSTOJEĆEM STANJU I RESTAURIRA) POTREBNO JE PAŽLJIVO DEMONTIRATI ULAZNA VRATA (KOJA SE RESTAURIRAJU I PONOVNO UGRAĐUJU), TE POSTOJEĆE PROZORE (KAO PREDLOŽAK ZA IZRADU NOVIH).
B23: ULAZNA VRATA | C23: KOMADA | D23: 1 | E23: 100 | F23: =SUM(D23*E23) -> 100
B24: PROZORI ULIČNOG PROČELJA | C24: KOMADA | D24: 10 | E24: 100 | F24: =SUM(D24*E24) -> 1000
B25: OSTALI OTVORI | C25: KOMADA | D25: 26 | E25: 100 | F25: =SUM(D25*E25) -> 2600
A27: E | B27: DEMONTAŽA I UKLANJANJE KROVNOG POKROVA OD GLINENOG CRIJEPA. UKLJUČIVO SVE LIMARSKE ELEMENTE OPŠAVA I KROVNE ODVODNJE. PLATFORMA ZA RAD I PRIHVAT U CIJENI. OBRAČUN PO M2 KROVA.
C28: M2 | D28: 200 | E28: 20 | F28: =SUM(D28*E28) -> 4000
A30: F | B30: DEMONTAŽA, RUŠENJE I UKLANJANJE KLASIČNE DRVENE KONSTRUKCIJE KROVIŠTA - OBRAČUN PO TLOCRTNOJ PROJEKCIJI KROVIŠTA.
C31: M2 | D31: 220 | E31: 20 | F31: =SUM(D31*E31) -> 4400
A33: G | B33: RAZGRADNJA, RUŠENJE I UKLANJANJE ZIDANIH DIMNJAKA, PO ETAPAMA (ETAŽAMA). SKELA ZA RAD I PRIHVAT U CIJENI.
C34: M1 | D34: 22 | E34: 100 | F34: =SUM(D34*E34) -> 2200
A36: H | B36: RUČNO I STROJNO RUŠENJE I UKLANJANJE ZIDANIH NOSIVIH I PREGRADNIH ZIDOVA PRIZEMLJA, 1. KATA I POTKROVLJA, UKLJUČIVO DRVENE ELEMENTE NADVOJA I SL. SKELA ZA RAD I PRIHVAT U CIJENI. OBRAČUN PO TLOCRTNOJ POVRŠINI ETAŽA.
C37: M2 | D37: 460 | E37: 40 | F37: =SUM(D37*E37) -> 18400
A38: I | B38: RAZBIJANJE, RUŠENJE I UKLANJANJE MEĐUKATNIH KONSTRUKCIJA NA DRVENIM GREDNICIMA UKLJUČIVO SA ZAVRŠNIM PODNIM OBLOGAMA (DASKA). SKELA ZA RAD I PRIHVAT U CIJENI. OBRAČUN PO TLOCRTNOJ POVRŠINI STROPA.
C39: M2 | D39: 260 | E39: 40 | F39: =SUM(D39*E39) -> 10400
A40: J | B40: ČIŠĆENJE, IZRAVNAVANJE I SANACIJA TERENA ISPOD I OKO GRAĐEVINE.
C41: KOMPLET | D41: 1 | E41: 2000 | F41: =SUM(D41*E41) -> 2000
A43: K | B43: UTOVAR, ODVOZ I ISTOVAR I ODLAGANJE SVOG MATERIJALA NASTALOG OD DEMONTAŽE I RUŠENJA IZ PRETHODNIH STAVAKA, TE ZBRINJAVANJE GRAĐEVINSKOG OTPADA SUKLADNO PROPISIMA.
C44: KOMPLET | D44: 1 | E44: 10000 | F44: =SUM(D44*E44) -> 10000
B46: REŠENJA I DEMONTAŽE UKUPNO | E46: EUR | F46: =SUM(F16:F44) -> 59300

Sheet A_II_ ZEMLJANI
A1: A.II. | B1: PRIPREMNI I ZEMLJANI RADOVI
A3: Redni broj | B3: Opis rada | C3: Jedinična mjera | D3: Količina | E3: Cijena u eurima | G3: JV
E5: Jedinična | F5: Ukupna
A7: 1 | B7: IZLAZAK OVLAŠTENOG GEOMEHANIČARA I PREGLED TEMELJNIH ISKOPA S UPISOM U GRAĐEVINSKI DNEVNIK.
C8: komplet | D8: 1 | E8: ='[1]A_II_ ZEMLJANI'!E8 -> 500 | F8: =D8*E8 -> 500
A10: 2 | B10: POVRŠINSKO STROJNO UKLANJANJE HUMUSNOG SLOJA ZEMLJE S DIJELA PARCELE. UKLANJA SE SLOJ U DEBLJINI OD 10 CM DO 20 CM. UKLONJENI MATERIJAL SE DEPONIRA NA GRADILIŠTU DO PONOVNOG RAZASTIRANJA I NIVELIRANJA TERENA NA PROJEKTIRANU KOTU.
C11: M2 | D11: 500 | E11: ='[1]A_II_ ZEMLJANI'!E11 -> 20 | F11: =E11*D11 -> 10000
A13: 3 | B13: STROJNI ŠIROKI ISKOP ZEMLJE B KATEGORIJE NA KOTI TERENA. MIN DUBINA ISKOPA 1 M ODNOSNO DO KOTE DNA TEMELJA POSTOJEĆE ZGRADE. STAVKA UKLJUČUJE ISKOP PRIJE UKLANJANJA DIJELA ZGRADE (UNUTAR POSTOJEĆIH PROSTORIJA UZ ULIČNO PROČELJA) DO KOTE DNA AB TEMELJNE KONSTRUKCIJE (MINIMALNO 1 M ODNOSNO DO KOTE DNA TEMELJA POSTOJEĆE ZGRADE) NADZEMNE ČELIČNE KONSTRUKCIJE ZA STABILIZACIJU I PRIDRŽANJE POSTOJEĆEG ULIČNOG PROČELJA KOJE SE ZADRŽAVA. UKLONJENI MATERIJAL SE DEPONIRA NA GRADILIŠTU DO PONOVNOG RAZASTIRANJA I NIVELIRANJA TERENA NA PROJEKTIRANU KOTU.
C14: M3 | D14: 275 | E14: ='[1]A_II_ ZEMLJANI'!E14 -> 40 | F14: =E14*D14 -> 11000
A16: 4 | B16: NASIPAVANJE, RAZASTIRANJE I NABIJANJE ZEMLJE U ROVOVE OD ŠIROKOG ISKOPA OKO GRAĐEVINE NA PROJEKTIRANU KOTU. NASIPAVANJE SE VRŠI U SLOJEVIMA OD MAX 30 CM. NABIJANJE ZEMLJE JE STROJNO UZ VLAŽENJE. KORISTITI ZEMLJU PREOSTALU OD ISKOPA.
C17: M3 | D17: 50 | E17: ='[1]A_II_ ZEMLJANI'!E17 -> 40 | F17: =E17*D17 -> 2000
A19: 5 | B19: PRIPREMA ZEMLJANE PODLOGE PARCELE ZA HUMUSNI SLOJ. ČIŠĆENJE KOMPLETNOG BUDUĆEG OZELENJENOG TERENA NA ČESTICI OD ŠUTE I OSTATAKA OD MATERIJALA OD GRADNJE, PLANIRANJE NA PROJEKTIRANU KOTU I GRUBO I FINO RAHLJENJE TLA NA PARCELI I ČIŠĆENJE TERENA OD OSTATAKA TVRDOG MATERIJALA.
C20: M2 | D20: 450 | E20: ='[1]A_II_ ZEMLJANI'!E20 -> 20 | F20: =E20*D20 -> 9000
A22: 6 | B22: RAZASTIRANJE HUMUSNOG SLOJA DO PROJEKTIRANE KOTE TLA S TOLERANCIJOM OD 2 CM NA OZELENJENI DIO PARCELE. KORISTITI HUMUSNI SLOJ DEPONIRAN NA GRADILIŠTU.
C23: M3 | D23: 50 | E23: ='[1]A_II_ ZEMLJANI'!E23 -> 20 | F23: =E23*D23 -> 1000
A25: 7 | B25: GEODETSKO SNIMANJE, NACRTI I OBRAČUN SVIH ZEMLJANIH RADOVA OD STRANE OVLAŠTENOG INŽENJERA GEODEZIJE S UPISOM U GRAĐEVINSKI DNEVNIK
C26: KOMPLET | D26: 1 | E26: ='[1]A_II_ ZEMLJANI'!E26 -> 1500 | F26: =E26*D26 -> 1500
A28: 8 | B28: UTOVAR, ODVOZ I ISTOVAR SVE SUVIŠNE ZEMLJE S GRADILIŠTA NA GRADSKU PLANIRKU UZ PLAĆANJE KOMUNALNE NAKNADE.
B29: OBRAČUN U SRASLOM STANJU | C29: M3 | D29: 225 | E29: ='[1]A_II_ ZEMLJANI'!E29 -> 20 | F29: =E29*D29 -> 4500
B31: PRIPREMNI I ZEMLJANI UKUPNO | F31: =SUM(F8:F29) -> 39500

Sheet A_III_ BETONSKI I AB
A1: A.III. | B1: BETONSKI I ARMIRANOBETONSKI
A3: Redni broj | B3: Opis rada | C3: Jedinična mjera | D3: Količina | E3: Cijena u eurima | G3: JV
E5: Jedinična | F5: Ukupna
B7: RADOVI PRIJE UKLANJANJA DIJELA GRAĐEVINE
A9: 1 | B9: DOBAVA MATERIJALA I BETONIRANJE PODLOŽNOG BETONA ISPOD TEMELJNE KONSTRUKCIJE ČELIČNE KONSTRUKCIJE ZA PRIDRŽANJE POSTOJEĆEG ULIČNOG PROČELJA KOJE SE ZADRŽAVA U POSTOJEĆEM STANJU. BETONIRANJE SE VRŠI BETONOM KVALITETE NE MANJE OD C 12/15, KLASE B.II U DEBLJINI MIN 5 CM. U CIJENU STAVKE URAČUNAT JE SAV POTREBAN MATERIJAL, NJEGOVA DOBAVA I UGRADNJA, TE OPLATA.
A10: A | B10: BETONA C 12/15 | C10: M3 | D10: 4 | E10: ='[1]A_III_ BETONSKI I AB'!E10 -> 200 | F10: =SUM(D10*E10) -> 800
A11: B | B11: DAŠČANE NEBLANJANE OPLATE | C11: M2 | D11: 4 | E11: ='[1]A_III_ BETONSKI I AB'!E11 -> 50 | F11: =SUM(D11*E11) -> 200
A13: 2 | B13: DOBAVA MATERIJALA I BETONIRANJE AB TEMELJNE KONSTRUKCIJE ČELIČNE KONSTRUKCIJE ZA PRIDRŽANJE POSTOJEĆEG ULIČNOG PROČELJA KOJE SE ZADRŽAVA U POSTOJEĆEM STANJU, BETONOM C25/30, XC2, U DAŠČANOJ OPLATI PREMA PROJEKTU, STATIČKOM PRORAČUNU I ARMATURNIM NACRTIMA. TEMELJI ULIČNOG PROČELJA IZVODE SE KAMPADNO: ISPOD ZIDA SE UKLANJAJU POSTOJEĆI TEMELJI I IZVODE SE NOVE ARMIRANOBETONSKE TRAKE. TRAKE SE IZVODE KAMPADNIM PODBETONIRAVANJEM U SEGMENTIMA NE VEĆIM OD 85 CM. TEMELJNA PLOČA ZA ČELIČNU KONSTRUKCIJU DEBLJINE JE 75 CM, PROTEŽE SE UNUTAR ZGRADE I POVEZANA JE S TEMELJNIM TRAKAMA OBJEKTA I PODNOM PLOČOM PRIZEMLJA DEBLJINE 15 CM. DUBINA DNA TEMELJA MIN 1M, ODNOSNO USKLADITI SA DUBINOM DNA POSTOJEĆIH TEMELJA ULIČNOG PROČELJA. U STAVKU URAČUNAT SAV POTREBAN RAD I MATERIJAL.
A14: A | B14: BETONA C25/30 | C14: M3 | D14: 50 | E14: ='[1]A_III_ BETONSKI I AB'!E14 -> 200 | F14: =SUM(D14*E14) -> 10000
A15: B | B15: OPLATE | C15: M2 | D15: 55 | E15: ='[1]A_III_ BETONSKI I AB'!E15 -> 50 | F15: =SUM(D15*E15) -> 2750
B17: RADOVI NAKON UKLANJANJA DIJELA GRAĐEVINE
A19: 3 | B19: DOBAVA MATERIJALA I BETONIRANJE PODLOŽNOG BETONA ISPOD TRAKASTIH TEMELJA GRAĐEVINE. BETONIRANJE SE VRŠI BETONOM KVALITETE NE MANJE OD C 12/15, KLASE B.II U DEBLJINI MIN 5 CM. U CIJENU STAVKE URAČUNAT JE SAV POTREBAN MATERIJAL, NJEGOVA DOBAVA I UGRADNJA, TE OPLATA.
A20: A | B20: BETONA C 12/15 | C20: M3 | D20: 3 | E20: ='[1]A_III_ BETONSKI I AB'!E20 -> 200 | F20: =SUM(D20*E20) -> 600
A21: B | B21: DAŠČANE NEBLANJANE OPLATE | C21: M2 | D21: 7 | E21: ='[1]A_III_ BETONSKI I AB'!E21 -> 50 | F21: =SUM(D21*E21) -> 350
A23: 4 | B23: DOBAVA MATERIJALA I BETONIRANJE PODLOŽNOG BETONA ISPOD TEMELJNE PLOČE VANJSKOG PODESTA ZA TERMOTEHNIKU SA SJEVERNE STRANE GRAĐEVINE. BETONIRANJE SE VRŠI BETONOM KVALITETE NE MANJE OD C 12/15, KLASE B.II U DEBLJINI MIN 5 CM. U CIJENU STAVKE URAČUNAT JE SAV POTREBAN MATERIJAL, NJEGOVA DOBAVA I UGRADNJA, TE OPLATA.
A24: A | B24: BETONA C 12/15 | C24: M3 | D24: 1.2 | E24: ='[1]A_III_ BETONSKI I AB'!E24 -> 200 | F24: =SUM(D24*E24) -> 240
A25: B | B25: DAŠČANE NEBLANJANE OPLATE | C25: M2 | D25: 1.5 | E25: ='[1]A_III_ BETONSKI I AB'!E25 -> 50 | F25: =SUM(D25*E25) -> 75
A27: 5 | B27: DOBAVA MATERIJALA I BETONIRANJE ARMIRANO-BETONSKIH TRAKASTIH TEMELJA ZGRADE, BETONOM C25/35, XC2 U DAŠČANOJ OPLATI PREMA PROJEKTU, STATIČKOM PRORAČUNU I ARMATURNIM NACRTIMA. U STAVKU URAČUNAT SAV POTREBAN RAD I MATERIJAL.
A28: A | B28: BETONA C25/30 | C28: M3 | D28: 30 | E28: ='[1]A_III_ BETONSKI I AB'!E28 -> 200 | F28: =SUM(D28*E28) -> 6000
A29: B | B29: OPLATE | C29: M2 | D29: 85 | E29: ='[1]A_III_ BETONSKI I AB'!E29 -> 40 | F29: =SUM(D29*E29) -> 3400
A31: 6 | B31: DOBAVA MATERIJALA I BETONIRANJE ARMIRANO-BETONSKE TEMELJNE PLOČE VANJSKOG PODESTA ZA TERMOTEHNIKU SA SJEVERNE STRANE GRAĐEVINE, DEBLJINE 30 CM, BETONOM C325/30, XC2 U DAŠČANOJ OPLATI PREMA PROJEKTU, STATIČKOM PRORAČUNU I ARMATURNIM NACRTIMA. U STAVKU URAČUNAT SAV POTREBAN RAD I MATERIJAL.
A32: A | B32: BETONA C25/30 | C32: M3 | D32: 7 | E32: ='[1]A_III_ BETONSKI I AB'!E32 -> 200 | F32: =SUM(D32*E32) -> 1400
A33: B | B33: OPLATE | C33: M2 | D33: 8.5 | E33: ='[1]A_III_ BETONSKI I AB'!E33 -> 50 | F33: =SUM(D33*E33) -> 425
A35: 7 | B35: DOBAVA MATERIJALA I BETONIRANJE ARMIRANO-BETONSKIH POTPORNIH ZIDOVA VANJSKOG PODESTA ZA TERMOTEHNIKU SA SJEVERNE STRANE GRAĐEVINE, DEBLJINE 25 CM, BETONOM C25/30, XC2 U DAŠČANOJ OPLATI PREMA PROJEKTU, STATIČKOM PRORAČUNU I ARMATURNIM NACRTIMA. U STAVKU URAČUNAT SAV POTREBAN RAD I MATERIJAL.
A36: A | B36: BETONA C25/30 | C36: M3 | D36: 8 | E36: ='[1]A_III_ BETONSKI I AB'!E36 -> 200 | F36: =SUM(D36*E36) -> 1600
A37: B | B37: OPLATE | C37: M2 | D37: 65 | E37: ='[1]A_III_ BETONSKI I AB'!E37 -> 50 | F37: =SUM(D37*E37) -> 3250
A39: 8 | B39: DOBAVA MATERIJALA I BETONIRANJE ARMIRANO-BETONSKE PODNE PLOČE PRIZEMLJA DEBLJINE 15 CM, BETONOM C25/30, XC2 PREMA PROJEKTU, STATIČKOM PRORAČUNU I ARMATURNIM NACRTIMA. U STAVKU URAČUNAT SAV POTREBAN RAD I MATERIJAL.
A40: A | B40: BETONA C25/30 | C40: M3 | D40: 25 | E40: ='[1]A_III_ BETONSKI I AB'!E40 -> 200 | F40: =SUM(D40*E40) -> 5000
A41: B | B41: RUBNE OPLATE | C41: M2 | D41: 10 | E41: ='[1]A_III_ BETONSKI I AB'!E41 -> 50 | F41: =SUM(D41*E41) -> 500
A43: 9 | B43: DOBAVA MATERIJALA I BETONIRANJE ARMIRANO-BETONSKOG STUBIŠTA PRIZEMLJA, BETONOM C25/30, XC1 U DAŠČANOJ OPLATI PREMA PROJEKTU, STATIČKOM PRORAČUNU I ARMATURNIM NACRTIMA. U STAVKU URAČUNAT SAV POTREBAN RAD I MATERIJAL.
A44: A | B44: BETONA C25/30 | C44: M3 | D44: 2.2 | E44: ='[1]A_III_ BETONSKI I AB'!E44 -> 500 | F44: =SUM(D44*E44) -> 1100
A45: B | B45: OPLATE | C45: M2 | D45: 15 | E45: ='[1]A_III_ BETONSKI I AB'!E45 -> 100 | F45: =SUM(D45*E45) -> 1500
A47: 10 | B47: DOBAVA MATERIJALA I BETONIRANJE ARMIRANO-BETONSKIH ZIDOVA I STUPOVA PRIZEMLJA, BETONOM C25/30, XC1 U DAŠČANOJ OPLATI PREMA PROJEKTU, STATIČKOM PRORAČUNU I ARMATURNIM NACRTIMA. U STAVKU URAČUNAT SAV POTREBAN RAD I MATERIJAL.
A48: A | B48: BETONA C25/30 | C48: M3 | D48: 18.5 | E48: ='[1]A_III_ BETONSKI I AB'!E48 -> 250 | F48: =SUM(D48*E48) -> 4625
A49: B | B49: OPLATE | C49: M2 | D49: 200 | E49: ='[1]A_III_ BETONSKI I AB'!E49 -> 60 | F49: =SUM(D49*E49) -> 12000
A51: 11 | B51: DOBAVA MATERIJALA I BETONIRANJE ARMIRANO-BETONSKIH GREDA I HORIZONTALNIH SERKLAŽA PRIZEMLJA, BETONOM C25/30, XC1 U DAŠČANOJ OPLATI PREMA PROJEKTU, STATIČKOM PRORAČUNU I ARMATURNIM NACRTIMA. U STAVKU URAČUNAT SAV POTREBAN RAD I MATERIJAL.
A52: A | B52: BETONA C25/30 | C52: M3 | D52: 1.1 | E52: ='[1]A_III_ BETONSKI I AB'!E52 -> 500 | F52: =SUM(D52*E52) -> 550
A53: B | B53: OPLATE | C53: M2 | D53: 10 | E53: ='[1]A_III_ BETONSKI I AB'!E53 -> 100 | F53: =SUM(D53*E53) -> 1000
A55: 12 | B55: DOBAVA MATERIJALA I JEDNOSTRANO TORKRETIRANJE POSTOJEĆEG ULIČNOG ZIDA PRIZEMLJA ARMIRANIM BETONOM DEBLJINE 5 CM, Postojeći zid se s unutarnje strane torkretira sa slojem armiranog betona od 5 cm (C25/30). Sloj torkreta se povezuje s postojećim zidanim zidom kemijski (injekcijskim mortom), armaturnim šipkama ubušenim na rasteru 30x30 cm i armira s mrežama. PREMA PROJEKTU, STATIČKOM PRORAČUNU I ARMATURNIM NACRTIMA. U STAVKU URAČUNAT SAV POTREBAN RAD I MATERIJAL. VISINA DO 3 M.
A56: A | B56: BETONA C25/30 | C56: M2 | D56: 45 | E56: ='[1]A_III_ BETONSKI I AB'!E56 -> 200 | F56: =SUM(D56*E56) -> 9000
A58: 13 | B58: DOBAVA MATERIJALA I BETONIRANJE ARMIRANO-BETONSKE STROPNE PLOČE PRIZEMLJA DEBLJINE 25 CM, BETONOM C25/30, XC1 U GLATKOJ VELIKOPLOŠNOJ OPLATI PREMA PROJEKTU, STATIČKOM PRORAČUNU I ARMATURNIM NACRTIMA. U STAVKU URAČUNAT SAV POTREBAN RAD I MATERIJAL. VISINA PODUPIRANJA DO 4 M.
A59: A | B59: BETONA C25/30 | C59: M3 | D59: 30 | E59: ='[1]A_III_ BETONSKI I AB'!E59 -> 250 | F59: =SUM(D59*E59) -> 7500
A60: B | B60: GLATKE OPLATE | C60: M2 | D60: 115 | E60: ='[1]A_III_ BETONSKI I AB'!E60 -> 60 | F60: =SUM(D60*E60) -> 6900
A61: C | B61: RUBNE OPLATE | C61: M2 | D61: 10 | E61: ='[1]A_III_ BETONSKI I AB'!E61 -> 100 | F61: =SUM(D61*E61) -> 1000
A63: 14 | B63: DOBAVA MATERIJALA I BETONIRANJE ARMIRANO-BETONSKOG STUBIŠTA 1. KATA, BETONOM C25/30, XC1 U DAŠČANOJ OPLATI PREMA PROJEKTU, STATIČKOM PRORAČUNU I ARMATURNIM NACRTIMA. U STAVKU URAČUNAT SAV POTREBAN RAD I MATERIJAL.
A64: A | B64: BETONA C25/30 | C64: M3 | D64: 2.2 | E64: ='[1]A_III_ BETONSKI I AB'!E64 -> 500 | F64: =SUM(D64*E64) -> 1100
A65: B | B65: OPLATE | C65: M2 | D65: 14 | E65: ='[1]A_III_ BETONSKI I AB'!E65 -> 100 | F65: =SUM(D65*E65) -> 1400
A67: 15 | B67: DOBAVA MATERIJALA I BETONIRANJE ARMIRANO-BETONSKIH ZIDOVA I STUPOVA 1. KATA, BETONOM C25/30, XC1 U DAŠČANOJ OPLATI PREMA PROJEKTU, STATIČKOM PRORAČUNU I ARMATURNIM NACRTIMA. U STAVKU URAČUNAT SAV POTREBAN RAD I MATERIJAL.
A68: A | B68: BETONA C25/30 | C68: M3 | D68: 9 | E68: ='[1]A_III_ BETONSKI I AB'!E68 -> 250 | F68: =SUM(D68*E68) -> 2250
A69: B | B69: OPLATE | C69: M2 | D69: 70 | E69: ='[1]A_III_ BETONSKI I AB'!E69 -> 60 | F69: =SUM(D69*E69) -> 4200
A71: 16 | B71: DOBAVA MATERIJALA I BETONIRANJE ARMIRANO-BETONSKIH GREDA I HORIZONTALNIH SERKLAŽA 1. KATA, BETONOM C25/30, XC1 U DAŠČANOJ OPLATI PREMA PROJEKTU, STATIČKOM PRORAČUNU I ARMATURNIM NACRTIMA. U STAVKU URAČUNAT SAV POTREBAN RAD I MATERIJAL.
A72: A | B72: BETONA C25/30 | C72: M3 | D72: 1.2 | E72: ='[1]A_III_ BETONSKI I AB'!E72 -> 500 | F72: =SUM(D72*E72) -> 600
A73: B | B73: OPLATE | C73: M2 | D73: 10 | E73: ='[1]A_III_ BETONSKI I AB'!E73 -> 100 | F73: =SUM(D73*E73) -> 1000
A75: 17 | B75: DOBAVA MATERIJALA I JEDNOSTRANO TORKRETIRANJE POSTOJEĆEG ULIČNOG ZIDA 1. KATA ARMIRANIM BETONOM DEBLJINE 5 CM, Postojeći zid se s unutarnje strane torkretira sa slojem armiranog betona od 5 cm (C25/30). Sloj torkreta se povezuje s postojećim zidanim zidom kemijski (injekcijskim mortom), armaturnim šipkama ubušenim na rasteru 30x30 cm i armira s mrežama. PREMA PROJEKTU, STATIČKOM PRORAČUNU I ARMATURNIM NACRTIMA. U STAVKU URAČUNAT SAV POTREBAN RAD I MATERIJAL. VISINA DO 3 M.
A76: A | B76: BETONA C25/30 | C76: M2 | D76: 45 | E76: ='[1]A_III_ BETONSKI I AB'!E76 -> 200 | F76: =SUM(D76*E76) -> 9000
A78: 18 | B78: DOBAVA MATERIJALA I BETONIRANJE ARMIRANO-BETONSKE STROPNE PLOČE 1. KATA DEBLJINE 25 CM, BETONOM C25/30, XC1 U GLATKOJ VELIKOPLOŠNOJ OPLATI PREMA PROJEKTU, STATIČKOM PRORAČUNU I ARMATURNIM NACRTIMA. U STAVKU URAČUNAT SAV POTREBAN RAD I MATERIJAL. VISINA PODUPIRANJA DO 4 M.
A79: A | B79: BETONA C25/30 | C79: M3 | D79: 30 | E79: ='[1]A_III_ BETONSKI I AB'!E79 -> 250 | F79: =SUM(D79*E79) -> 7500
A80: B | B80: GLATKE OPLATE | C80: M2 | D80: 115 | E80: ='[1]A_III_ BETONSKI I AB'!E80 -> 60 | F80: =SUM(D80*E80) -> 6900
A81: C | B81: RUBNE OPLATE | C81: M2 | D81: 10 | E81: ='[1]A_III_ BETONSKI I AB'!E81 -> 100 | F81: =SUM(D81*E81) -> 1000
A83: 19 | B83: DOBAVA MATERIJALA I BETONIRANJE ARMIRANO-BETONSKOG KROVNOG AB NADOZIDA DEBLJINE 25 CM I ISTAKA DVORIŠNE STREHE DEBLJINE 12 CM (U RAZINI STROPNE PLOČE 1. KATA), BETONOM C25/30, XC1 U DAŠČANOJ OPLATI PREMA PROJEKTU, STATIČKOM PRORAČUNU I ARMATURNIM NACRTIMA. U STAVKU URAČUNAT SAV POTREBAN RAD I MATERIJAL.
A84: A | B84: BETONA C25/30 | C84: M3 | D84: 3.2 | E84: ='[1]A_III_ BETONSKI I AB'!E84 -> 500 | F84: =SUM(D84*E84) -> 1600
A85: B | B85: OPLATE | C85: M2 | D85: 30 | E85: ='[1]A_III_ BETONSKI I AB'!E85 -> 100 | F85: =SUM(D85*E85) -> 3000
A87: 20 | B87: DOBAVA MATERIJALA I BETONIRANJE ARMIRANO-BETONSKIH ZIDOVA I STUPOVA POTKROVLJA, BETONOM C25/30, XC1 U DAŠČANOJ OPLATI PREMA PROJEKTU, STATIČKOM PRORAČUNU I ARMATURNIM NACRTIMA. U STAVKU URAČUNAT SAV POTREBAN RAD I MATERIJAL.
A88: A | B88: BETONA C25/30 | C88: M3 | D88: 7 | E88: ='[1]A_III_ BETONSKI I AB'!E88 -> 250 | F88: =SUM(D88*E88) -> 1750
A89: B | B89: OPLATE | C89: M2 | D89: 58 | E89: ='[1]A_III_ BETONSKI I AB'!E89 -> 60 | F89: =SUM(D89*E89) -> 3480
A91: 21 | B91: DOBAVA MATERIJALA I BETONIRANJE ARMIRANO-BETONSKIH GREDA I HORIZONTALNIH SERKLAŽA POTKROVLJA, BETONOM C25/30, XC1 U DAŠČANOJ OPLATI PREMA PROJEKTU, STATIČKOM PRORAČUNU I ARMATURNIM NACRTIMA. U STAVKU URAČUNAT SAV POTREBAN RAD I MATERIJAL.
A92: A | B92: BETONA C25/30 | C92: M3 | D92: 17.5 | E92: ='[1]A_III_ BETONSKI I AB'!E92 -> 500 | F92: =SUM(D92*E92) -> 8750
A93: B | B93: OPLATE | C93: M2 | D93: 34 | E93: ='[1]A_III_ BETONSKI I AB'!E93 -> 100 | F93: =SUM(D93*E93) -> 3400
A95: 22 | B95: DOBAVA MATERIJALA I JEDNOSTRANO TORKRETIRANJE POSTOJEĆEG ULIČNOG ZIDA POTKROVLJA ARMIRANIM BETONOM DEBLJINE 5 CM, Postojeći zid se s unutarnje strane torkretira sa slojem armiranog betona od 5 cm (C25/30). Sloj torkreta se povezuje s postojećim zidanim zidom kemijski (injekcijskim mortom), armaturnim šipkama ubušenim na rasteru 30x30 cm i armira s mrežama. PREMA PROJEKTU, STATIČKOM PRORAČUNU I ARMATURNIM NACRTIMA. U STAVKU URAČUNAT SAV POTREBAN RAD I MATERIJAL. VISINA DO 3 M.
A96: A | B96: BETONA C25/30 | C96: M2 | D96: 20 | E96: ='[1]A_III_ BETONSKI I AB'!E96 -> 200 | F96: =SUM(D96*E96) -> 4000
A98: 23 | B98: DOBAVA MATERIJALA ČIŠĆENJE, REZANJE, SAVIJANJE, UGRADNJA I FIKSIRANJE ARMATURE ZA ARMIRANO BETONSKE KONSTRUKCIJE (UKLJUČUJE I ARMATURU TORKRETIRANIH ZIDOVA POSTOJEĆEG ULIČNOG PROČELJA). U SVEMU PREMA PLANU ARMATURE IZ IZVEDBENOG PROJEKTA.
A99: A | B99: TEMELJI | C99: KG | D99: 8320 | E99: ='[1]A_III_ BETONSKI I AB'!E99 -> 2 | F99: =SUM(D99*E99) -> 16640
A100: B | B100: PODNA PLOČA | C100: KG | D100: 2230 | E100: ='[1]A_III_ BETONSKI I AB'!E100 -> 2 | F100: =SUM(D100*E100) -> 4460
A101: C | B101: ZIDOVI I SERKLAŽI PRIZEMLJA | C101: KG | D101: 2450 | E101: ='[1]A_III_ BETONSKI I AB'!E101 -> 2 | F101: =SUM(D101*E101) -> 4900
A102: D | B102: STROPNA PLOČA PRIZEMLJA | C102: KG | D102: 2766 | E102: ='[1]A_III_ BETONSKI I AB'!E102 -> 2 | F102: =SUM(D102*E102) -> 5532
A103: E | B103: ZIDOVI I SERKLAŽI 1. KATA | C103: KG | D103: 1410 | E103: ='[1]A_III_ BETONSKI I AB'!E103 -> 2 | F103: =SUM(D103*E103) -> 2820
A104: F | B104: STROPNA PLOČA 1. KATA | C104: KG | D104: 3400 | E104: ='[1]A_III_ BETONSKI I AB'!E104 -> 2 | F104: =SUM(D104*E104) -> 6800
A105: G | B105: ZIDOVI, STUPOVI I GREDE POTKROVLJA | C105: KG | D105: 2515 | E105: ='[1]A_III_ BETONSKI I AB'!E105 -> 2 | F105: =SUM(D105*E105) -> 5030
A106: H | B106: STUBIŠTE | C106: KG | D106: 725 | E106: ='[1]A_III_ BETONSKI I AB'!E106 -> 5 | F106: =SUM(D106*E106) -> 3625
B108: BETONSKI I ARMIRANOBETONSKI UKUPNO | F108: =SUM(F1:F107) -> 192502

Sheet A_IV_ ZIDARSKI RADOVI
A1: A.IV. | B1: ZIDARSKI RADOVI
A3: Redni broj | B3: Opis rada | C3: Jedinična mjera | D3: Količina | E3: Cijena u eurima | G3: JV
E5: Jedinična | F5: Ukupna
A7: 1 | B7: DOBAVA MATERIJALA I ZIDANJE NOSIVIH ZIDOVA VANJSKOG PLAŠTA ZGRADE OD BLOK OPEKE S POJAČANOM TOPLINSKOM ZAŠTITOM. ZID U DEBLJINI 25 CM. ZIDANJE SE VRŠI LJEPILOM, NA NAČIN USKLAĐEN S SPECIFIKACIJOM PROIZVOĐAČA.
A8: A | B8: PRIZEMLJE | C8: M3 | D8: 10 | E8: ='[1]A_IV_ ZIDARSKI RADOVI'!E8 -> 350 | F8: =SUM(D8*E8) -> 3500
A9: B | B9: 1. KAT | C9: M3 | D9: 15.5 | E9: ='[1]A_IV_ ZIDARSKI RADOVI'!E9 -> 350 | F9: =SUM(D9*E9) -> 5425
A10: C | B10: POTKROVLJE | C10: M3 | D10: 6 | E10: ='[1]A_IV_ ZIDARSKI RADOVI'!E10 -> 350 | F10: =SUM(D10*E10) -> 2100
A12: 2 | B12: DOBAVA MATERIJALA I ZIDANJE UNUTARNJIH NOSIVIH ZIDOVA ZGRADE OD BLOK OPEKE. ZID U DEBLJINI 20 I 25 CM. ZIDANJE SE VRŠI LJEPILOM, NA NAČIN USKLAĐEN S SPECIFIKACIJOM PROIZVOĐAČA.
B13: D=20 CM | C13: M3 | D13: 1.2 | E13: ='[1]A_IV_ ZIDARSKI RADOVI'!E13 -> 350 | F13: =SUM(D13*E13) -> 420
B14: D=25 CM | C14: M3 | D14: 2 | E14: ='[1]A_IV_ ZIDARSKI RADOVI'!E14 -> 350 | F14: =SUM(D14*E14) -> 700
B16: ZIDARSKI UKUPNO | F16: =SUM(F8:F14) -> 12145

Sheet A_V_ IZOLATERSKI RADOVI
A1: A.V. | B1: IZOLATERSKI RADOVI
A3: Redni broj | B3: Opis rada | C3: Jedinična mjera | D3: Količina | E3: Cijena u eurima | G3: JV
E5: Jedinična | F5: Ukupna
A7: 1 | B7: DOBAVA MATERIJALA I IZRADA HORIZONTALNE HIDROIZOLACIJE PODNE PLOČE PRIZEMLJA POLAGANJEM BITUMENSKIH TRAKA KVALITETE GV-4 × 2 sloja + HLADNI BITUMENSKI PREMAZ. DOBAVA I UGRADNJA PREMA TEHNOLOGIJI I UPUTI PROIZVOĐAČA S IZVEDBOM SVIH DETALJA SUKLADNO ZADANOJ TEHNOLOGIJI DOBAVLJAČA I PRAVILIMA STRUKE.
B8: IZOLIRANA POVRŠINA | C8: M2 | D8: 150 | E8: ='[1]A_V_ IZOLATERSKI RADOVI'!E8 -> 30 | F8: =SUM(D8*E8) -> 4500
A10: 2 | B10: DOBAVA MATERIJALA I IZRADA VERTIKALNE HIDROIZOLACIJE POLAGANJEM BITUMENSKE TRAKE KVALITETE GV 4 + HLADNI BITUMENSKI PREMAZ + POTREBNA ZIDARSKA OBRADA ZAGLAĐIVANJEM PLOHE AB ZIDA + ČEPASTA MEMBRANA OD POLIETILENA VISOKE GUSTOĆE (HDPE), OTPORNA NA UDARCE + ZAŠTITNI SLOJ GEOTEKSTILA 300G/M2, ZIDOVI U TLU I PO PODNOŽNOM OBODU GRAĐEVINE - KONTAKT S TLOM. UKLJUČIVO SAV RAD I MATERIJAL DO POTUPNE GOTOVOSTI.
A11: A | B11: BITUMENSKA TRAKE KVALITETE GV 4 + HLADNI BITUMENSKI PREMAZ | C11: M2 | D11: 60 | E11: ='[1]A_V_ IZOLATERSKI RADOVI'!E11 -> 40 | F11: =D11*E11 -> 2400
A12: B | B12: ČEPASTA MEMBRANA OD POLIETILENA VISOKE GUSTOĆE (HDPE), OTPORNA NA UDARCE + ZAŠTITNI SLOJ GEOTEKSTILA 300G/M2 | C12: M2 | D12: 36 | E12: ='[1]A_V_ IZOLATERSKI RADOVI'!E12 -> 10 | F12: =D12*E12 -> 360
A14: 3 | B14: DOBAVA MATERIJALA, KROJENJE XPS-a I IZRADA TERMOIZOLACIJSKOG SLOJA ZIDOVA U TLU POLAGANJEM XPS-a I NJEGOVIM LJEPLJENJEM ADEKVATNIM LJEPILOM ZA PODLOGU:
B15: XPS 300 kPa tlačne čvrstoće
B16: XPS SLOJ DEBLJINE 20 CM | C16: M2 | D16: 25 | E16: ='[1]A_V_ IZOLATERSKI RADOVI'!E16 -> 50 | F16: =D16*E16 -> 1250
B17: XPS SLOJ DEBLJINE 15 CM | C17: M2 | D17: 10 | E17: ='[1]A_V_ IZOLATERSKI RADOVI'!E17 -> 40 | F17: =D17*E17 -> 400
A19: 4 | B19: DOBAVA MATERIJALA I IZRADA TERMOIZOLACIJSKOG I RAZDJELNIH SLOJEVA PODNE KONSTRUKCIJE (PODA NA TLU) POLAGANJEM XPS-a I RAZDJELNIH SLOJEVA OD GEOTEKSTILA I GRAĐEVINSKE PVC FOLIJE. RAZDJELNE SLOJEVE PREKLAPATI 20 CM.
B20: XPS 300 kPa tlačne čvrstoće kod 10% naprezanja
A21: A | B21: XPS SLOJ DEBLJINE 10+5 CM IZMJENIČNO SLOŽENIH PLOČA | C21: M2 | D21: 130 | E21: ='[1]A_V_ IZOLATERSKI RADOVI'!E21 -> 40 | F21: =SUM(D21*E21) -> 5200
A22: B | B22: GEOTEKSTIL 300 G/M2 | C22: M2 | D22: 150 | E22: ='[1]A_V_ IZOLATERSKI RADOVI'!E22 -> 5 | F22: =SUM(D22*E22) -> 750
A23: C | B23: PVC GRAĐEVINSKA FOLIJA | C23: M2 | D23: 150 | E23: ='[1]A_V_ IZOLATERSKI RADOVI'!E23 -> 2 | F23: =SUM(D23*E23) -> 300
A24: D | B24: EPS-T - d= 2 CM | C24: M2 | D24: 130 | E24: ='[1]A_V_ IZOLATERSKI RADOVI'!E24 -> 15 | F24: =D24*E24 -> 1950
B26: IZOLATERSKI RADOVI UKUPNO | E26: EUR | F26: =SUM(F8:F24) -> 17110

Sheet A_VI_METALNE KONSTRUKCIJE
A1: A.VI. | B1: METALNE KONSTRUKCIJE
A3: Redni broj | B3: Opis rada | C3: Jedinična mjera | D3: Količina | E3: Cijena u eurima | G3: JV
E5: Jedinična | F5: Ukupna
A7: 1 | B7: Nabava, izrada, transport, istovar, odlaganje i montaža PRIVREMENE ČELIČNE KONSTRUKCIJE ZA PRIDRŽAVANJE POSTOJEĆEG ULIČNOG ZIDA (TIJEKOM UKLANJANJA OSTATKA ZGRADE), od čelika S235JR (ili jednakovrijedno sa slijedećim karakteristikama: Vlačna čvrstoća: 360-510MPa, Granica razvlačenja: 235 MPa, Istezanje: 26%, Brinellova tvrdoća: 104-154HB, Modul elastičnosti: 210 GPa)
C8: kg | D8: 7500 | E8: ='[1]A_VI_METALNE KONSTRUKCIJE'!E8 -> 3.8 | F8: =SUM(D8*E8) -> 28500
A10: 2 | B10: Izrada radioničkih nacrta čelične konstrukcije za pridržanje zida uličnog pročelja. Nacrte je potrebno pregledati i ovjeriti od strane projektanta glavnog projekta.
C11: kg | D11: 7500 | E11: ='[1]A_VI_METALNE KONSTRUKCIJE'!E11 -> 0.5 | F11: =SUM(D11*E11) -> 3750
A13: 3 | B13: Nabava, izrada, transport, istovar, odlaganje i montaža ČELIČNE KONSTRUKCIJE OGRADE UNUTARNJEG STUBIŠTA (stavka 1), od čelika S235JR(ili jednakovrijedno sa slijedećim karakteristikama: Vlačna čvrstoća: 360-510MPa, Granica razvlačenja: 235 MPa, Istezanje: 26%, Brinellova tvrdoća: 104-154HB, Modul elastičnosti: 210 GPa). Izrada prema radioničkoj dokumentaciji, prethodno čišćenje mlazom abraziva do propisanog sjaja, te zaštićena antikorozivnim sustavom: bojanjem (kategorija korozivnosti C1). Čelična konstrukcija sastavljena je od standardnih profila i čeličnih limova. U cijeni kompletan materijal i vijci za montažu.
B14: Svi radionički spojevi konstrukcije izvode se zavarivanjem, a montažni spojevi na gradilištu vijcima k.v. 8.8.; sve prema radioničkoj dokumentaciji.
A15: A | B15: stupovi od kvadratnih profila 50×50 mm visine 220 cm | C15: kg | D15: 70 | E15: ='[1]A_VI_METALNE KONSTRUKCIJE'!E15 -> 10 | F15: =SUM(D15*E15) -> 700
A16: B | B16: horizontalne ispune - ploča (flah) 40x5 mm | C16: kg | D16: 170 | E16: ='[1]A_VI_METALNE KONSTRUKCIJE'!E16 -> 10 | F16: =SUM(D16*E16) -> 1700
A18: 4 | B18: Izrada radioničkih nacrta za stavku 1. Nacrte je potrebno pregledati i ovjeriti od strane projektanta glavnog projekta.
C19: kom | D19: 1 | E19: ='[1]A_VI_METALNE KONSTRUKCIJE'!E19 -> 200 | F19: =SUM(D19*E19) -> 200
A21: 5 | B21: Nabava, izrada, transport, istovar, odlaganje i montaža POCINČANE ČELIČNE KONSTRUKCIJE VANJSKOG OGRAĐENOG PROSTORA ZA UREĐAJE TERMOTEHNIKE (stavka 2), od čelika S235JR(ili jednakovrijedno sa slijedećim karakteristikama: Vlačna čvrstoća: 360-510MPa, Granica razvlačenja: 235 MPa, Istezanje: 26%, Brinellova tvrdoća: 104-154HB, Modul elastičnosti: 210 GPa). Izrada prema radioničkoj dokumentaciji. Čelična konstrukcija sastavljena je od standardnih profila - kvadratnih cijevi 60×60 mm i 60×40 mm, čeličnih limova i pocinčane čelične žičane mreže 25×25 mm. U većem polju dvokrilna vrata dimenzija 130×220 cm koja se sastoje od okvira od pravokutnih profila 40×60 mm i ispune od pocinčane čelične zavarene žičane mreže oka 25×25 mm, uključivo sav potreban okov (petlje odgovarajuće nosivosti, štitnici, kvaka, brava) U cijeni kompletan materijal i vijci za montažu.
B22: Svi radionički spojevi konstrukcije izvode se zavarivanjem, a montažni spojevi na gradilištu vijcima k.v. 8.8.; sve prema radioničkoj dokumentaciji.
A23: A | B23: stupovi od kvadratnih cijevi 60×60×3 mm visine 220 cm | C23: kg | D23: 60 | E23: ='[1]A_VI_METALNE KONSTRUKCIJE'!E23 -> 10 | F23: =SUM(D23*E23) -> 600
A24: B | B24: okviri od pravokutnih cijevi 60×40×3 mm visine 220 cm | C24: kg | D24: 180 | E24: ='[1]A_VI_METALNE KONSTRUKCIJE'!E24 -> 10 | F24: =SUM(D24*E24) -> 1800
A25: C | B25: pocinčana čelična mehanička sidra - M16/50 | C25: kom | D25: 20 | E25: ='[1]A_VI_METALNE KONSTRUKCIJE'!E25 -> 15 | F25: =SUM(D25*E25) -> 300
A26: D | B26: ispuna od pocinčane čelične zavarene žičane mreže oka 25×25 mm | C26: m2 | D26: 15 | E26: ='[1]A_VI_METALNE KONSTRUKCIJE'!E26 -> 100 | F26: =SUM(D26*E26) -> 1500
A27: E | B27: okov | C27: komplet | D27: 1 | E27: ='[1]A_VI_METALNE KONSTRUKCIJE'!E27 -> 200 | F27: =SUM(D27*E27) -> 200
A29: 6 | B29: Izrada radioničkih nacrta za stavku 2. Nacrte je potrebno pregledati i ovjeriti od strane projektanta glavnog projekta.
C30: kom | D30: 1 | E30: ='[1]A_VI_METALNE KONSTRUKCIJE'!E30 -> 300 | F30: =SUM(D30*E30) -> 300
B32: METALNE KONSTRUKCIJE UKUPNO | E32: EUR | F32: =SUM(F2:F30) -> 39550

Sheet A_VII_TESARSKI RADOVI
A1: A.VII. | B1: TESARSKI RADOVI
A3: Redni broj | B3: Opis rada | C3: Jedinična mjera | D3: Količina | E3: Cijena u eurima | G3: JV
E5: Jedinična | F5: Ukupna
A7: 1 | B7: DOBAVA MATERIJALA I IZRADA DRVENOG DIJELA KONSTRUKCIJE KOSOG KROVA PREMA PRETHODNO IZRAĐENOJ RADIONIČKOJ DOKUMENTACIJI KOJA JE SASTAVNI DIO STAVKE. RADIONIČKU DOKUMENTACIJU POTREBNO JE OVJERITI OD STRANE PROJEKTANTA. KONSTRUKCIJA SE SASTOJI OD ROGOVA 12/14 CM, PRIČVRŠĆENIH METALNIM SPOJNIM SREDSTVIMA NA DRVENU POTKONSTRUKCIJU (NAZIDNICE 16/14 ILI 18/20 CM), UKRUTNIH GREDA 14/18 I 8/16 CM, STUPA 12/14 CM, GREDA UVALA 18/16 CM, OBLOGE KROVNE PLOHE OD VLAGOOTPORNIH OSB PLOČA, S UTOROM I PEROM ZA VANJSKU PRIMJENU, DEBLJNE 18 MM I KONTRALETVE 8×5 CM. LETVE ZA POSTAVU POKROVNIH ELEMENATA OD GLINENOG CRIJEPA OBRAĐENE U POKRIVAČKIM RADOVIMA. DRVENA GRAĐA OD CRNOGORICE II KLASE C24. U STAVCI JE URAČUNAT SAV POTREBAN MATERIJAL, DOBAVA KROJENJE I UGRADNJA, TE POMOĆNA I SPOJNA SREDSTVA. KONSTRUKCIJA SE OSLANJA NA PRIMARNU AB KONSTRUKCIJU. PRIJE UGRADNJE DRVENU KONSTRUKCIJU PREMAZATI INSEKTICIDNIM I FUNGICIDNIM SREDSTVOM. NA OSLONCIMA DRVETA NA ČELIČNE DIJELOVE IZVESTI RAZDJELNI SLOJ OD KROVNE LJEPENKE. KONSTRUKCIJA SE SASTOJI OD:
A8: A | B8: ROGOVA, MIJENA I STUPOVA 12/14 | C8: M3 | D8: 5.2 | E8: 1000 | F8: =SUM(D8*E8) -> 5200
A9: B | B9: NAZIDNICA 16/14 | C9: M3 | D9: 0.4 | E9: 1000 | F9: =SUM(D9*E9) -> 400
A10: C | B10: NAZIDNICA 18/20 | C10: M3 | D10: 0.8 | E10: 1000 | F10: =SUM(D10*E10) -> 800
A11: D | B11: GREDA 14/18 | C11: M3 | D11: 0.2 | E11: 1000 | F11: =SUM(D11*E11) -> 200
A12: E | B12: GREDA 8/16 | C12: M3 | D12: 1.2 | E12: 1000 | F12: =SUM(D12*E12) -> 1200
A13: F | B13: GREDA UVALA 18/16 | C13: M3 | D13: 0.4 | E13: 1000 | F13: =SUM(D13*E13) -> 400
A14: G | B14: OSB PLOČA 1.8 CM | C14: M2 | D14: 225 | E14: 30 | F14: =SUM(D14*E14) -> 6750
A15: H | B15: KROVNE LJEPENKE | C15: M2 | D15: 225 | E15: 10 | F15: =SUM(D15*E15) -> 2250
A16: I | B16: KONTRALETVA 8/5 | C16: M3 | D16: 1.2 | E16: 1500 | F16: =SUM(D16*E16) -> 1800
A17: J | B17: ČELIČNE PAPUČE | C17: KG | D17: 200 | E17: 10 | F17: =SUM(D17*E17) -> 2000
A18: K | B18: POCINČANA ČELIČNA MEHANIČKA SIDRA | C18: KG | D18: 80 | E18: 20 | F18: =SUM(D18*E18) -> 1600
A19: L | B19: IZRADA RADIONIČKIH NACRTA | C19: M2 | D19: 225 | E19: 5 | F19: =SUM(D19*E19) -> 1125
B21: TESARSKI RADOVI UKUPNO | F21: =SUM(F8:F19) -> 23725

Sheet B_I_LIMARSKI RADOVI
A1: B.I. | B1: LIMARSKI RADOVI
A3: Redni broj | B3: Opis rada | C3: Jedinična mjera | D3: Količina | E3: Cijena u eurima | G3: JV
E5: Jedinična | F5: Ukupna
B7: NAPOMENA:
B8: OPĆI UVJETI SU SASTAVNI DIO SVAKE POJEDINE STAVKE. Sve što je navedeno u njima, a nije u pojedinačnom opisu stavke smatra se uključenim u jediničnu cijenu.
B9: U jediničnim cijenama uračunati su svi radovi predmetne stavke, s dobavom potrebnog materijala, s istovarom i skladištenjem na gradilištu, sav horizontalni i vertikalni transport do radnog mjesta, kao i sva potrebna radna snaga i režijski troškovi, te svi potrebni radovi, predradnje i materijal prema uputama proizvođača. Predviđeni pokrov je aluminijski falcani lim iz legure AlMn1Mg0,5, mehanička svojstva H42, kvaliteta boje P.10 mat, za sve stavke. Boja za pojedine elemente prema izboru projektanta. U svim stavkama uključen je sav vezni materijal, kuke, ljepila i slično.
A11: 1 | B11: Dobava materijala, krojenje, savijanje, izrada, ugradnja i pričvršćivanje horizontalnih polukružnih ležećih oluka. Oluci se izvode od pocinčanog čeličnog lima d=1 mm. Svi spojevi ljepljeni PU elastičnim visoko viskoznim masama za konstruktivna lijepljenja. Na dijelu građevine oluci se montiraju i pričvršćuju preko prihvatnih elemenata od plosnog pocinčanog željeza 3/10 mm duljine 40 cm na svakih 50 cm, koji su uključeni u cijenu stavke. Završni oblik i ton u dogovoru sa nadležnim konzervatorima. U cijeni stavke je uključen sav rad i materijal, spojna i pomoćna sredstva, itd. sve do potpune gotovosti oluka. Obračun po m'.
C12: m' | D12: 35 | E12: ='[1]B_I_LIMARSKI RADOVI'!E12 -> 60 | F12: =D12*E12 -> 2100
A14: 2 | B14: Dobava i ugradnja okrugle vertikalne odvodne cijevi Ø 100mm za ležeći žljeb iz pocinčanog čeličnog lima. Boja i kvaliteta materijala kao osnovna pozicija uključivo sve potrebne obujmice, držače, trnove, revizijske otvore i koljena. Sve u kompletu prema uputama proizvođača. Obračun po m'.
C15: m' | D15: 28 | E15: ='[1]B_I_LIMARSKI RADOVI'!E15 -> 60 | F15: =D15*E15 -> 1680
A17: 3 | B17: Dobava i ugradnja kape dimnjaka i nosači iz aluminija dim. 800x800mm. Broj nosača ovisi o veličine dimnjačke kape. Uključivo 1 nehrđajući zavojni vijak M8 x 50mm sa plastičnom tiplom, 2 nehrđajuća vijka M8x30mm uz pripadajuće nehrđajuće matice. U boji i obradi kao osnovna pozicija. U stavku uključiti kompletan rad i materijal. Sve izvesti prema uputama i detaljima proizvođača.
C18: kom | D18: 1 | E18: ='[1]B_I_LIMARSKI RADOVI'!E18 -> 150 | F18: =D18*E18 -> 150
A20: 4 | B20: Dobava i ugradnja opšava otvora dimnjaka i ostalih krovnih prodora oko krovnih otvora (uključiti kitne lajsne) pocinčanim čeličnim limom r.š. 50 cm boje i kvalitete kao i osnovna pozicija. Lim uzdignut minimalno 15 cm. Uklljučiti sav spojni i brtveni materijal.
C21: m' | D21: 3 | E21: ='[1]B_I_LIMARSKI RADOVI'!E21 -> 150 | F21: =D21*E21 -> 450
A23: 5 | B23: Dobava materijala, krojenje, savijanje, izrada, ugradnja i pričvršćivanje spojeva krovnih ploha (krovnih uvala), spojeva krovnih ploha sa zidom i ostalih detalja na krovu građevine, od pocinčanog čeličnog lima d= 1mm. Svi spojevi ljepljeni PU elastičnim visoko viskoznim masama za konstruktivna lijepljenja. Boja i kvaliteta materijala kao osnovna pozicija uključivo sva potrebna spojna i pomoćna sredstva, sav rad i materijal. Sve u kompletu prema uputama proizvođača.
B24: razvijena širina 100 cm | C24: m' | D24: 8 | E24: ='[1]B_I_LIMARSKI RADOVI'!E24 -> 80 | F24: =D24*E24 -> 640
B25: razvijena širina 66 cm | C25: m' | D25: 6.5 | E25: ='[1]B_I_LIMARSKI RADOVI'!E25 -> 60 | F25: =D25*E25 -> 390
A27: 6 | B27: Dobava i ugradnja potkonstrukcije za fotonaponske panele sastavljen od: - aluminijskih držača za postavu na potkonstrukciju s varijabilnim držačem podesivim u svim smjerovima, uklj. spojne vijke. Pričvršćenje obostrano vijcima radi lakše montaže nosivog profila. - nosivih profila od aluminija (profilirane šine) za velika statička opterećenja. - spojnih aluminijskih elemenata za brzo i sigurno spajanje nosivih profila, sa brušenim rupama za montažu stezaljke modula. - ostali spojni elementi (klip za električni kabel, srednje i završne spojnice za pričvršćenje modula, spojnice za nosivi profil, set specijalnog ljepila).
B28: Točnu količinu i raspored elemenata potkonstrukcije za solarne sisteme daje odabrani proizvođač krovnog sustava nakon odabira konkretnog modela panela. Konstrukciju izvoditi stručno i isključivo prema uputama proizvođača. Stavka uključuje postavu i montažu svih elemenata do potpune funkcionalnosti zaprojektiranu sunčanu elektranu, paneli postavljeni u nagibu krova.
C29: kom | D29: 8 | E29: ='[1]B_I_LIMARSKI RADOVI'!E29 -> 500 | F29: =D29*E29 -> 4000
B31: LIMARSKI UKUPNO | E31: EUR | F31: =SUM(F1:F29) -> 9410

Sheet B_II_POKRIVAČKI RADOVI
A1: B.II. | B1: POKRIVAČKI RADOVI
A3: Redni broj | B3: Opis rada | C3: Jedinična mjera | D3: Količina | E3: Cijena u EUR | G3: JV
E5: Jedinična | F5: Ukupna
A7: 1 | B7: DOBAVA MATERIJALA I IZRADA TERMOIZOLACIJSKIH, RAZDJELNIH I ZAVRŠNIH SLOJEVA ZA POKRIVANJE DVOSTREŠNOG KOSOG KROVA OZNAKE K.1 NAD GRAĐEVINOM. UKLJUČITI POSTAVU LETVE I ZAVRŠNE KROVNE OBLOGE - GLINENOG CRIJEPA PO ODABIRU U DOGOVORU SA NADLEŽNIM KONZERVATOROM. RADOVE IZVODITI SUKLADNO UPUTAMA PROIZVOĐAČA ODABRANOG POKROVA. STAVKA UKLJUČUJE SAV POTREBAN RAD MATERIJAL I SITAN PRIBOR I PRIČVRSNA SREDSTVA, SNJEGOBRANE, ELEMENTE ZA ODZRAKU, SLJEMENSKE ELEMENTE - SVE DO POTPUNE GOTOVOSTI KROVNOG SUSTAVA. KROVNA KONSTRUKCIJA SE SASTOJI OD SLIJEDEĆIH SLOJEVA:
A8: A | B8: POTKROVNA FOLIJA POLOŽENA NA NOSIVU DAŠČANU OBLOGU | C8: M2 | D8: 250 | E8: 10 | F8: =SUM(D8*E8) -> 2500
A9: B | B9: MINERALNA VUNA 14 + 12 CM | C9: M2 | D9: 225 | E9: 60 | F9: =SUM(D9*E9) -> 13500
A10: C | B10: BITUMENSKA TRAKA S ULOŠKOM KROVNOG KARTONA - SEKUNDARNI KROV | C10: M2 | D10: 225 | E10: 20 | F10: =SUM(D10*E10) -> 4500
A11: D | B11: LETVA 3×5 CM | C11: M3 | D11: 3 | E11: 1500 | F11: =SUM(D11*E11) -> 4500
A12: E | B12: GLINENI CRIJEP | C12: M2 | D12: 225 | E12: 60 | F12: =SUM(D12*E12) -> 13500
B14: POKRIVAČKI UKUPNO | E14: EUR | F14: =SUM(F7:F12) -> 38500

Sheet B_III_STOLARSKI RADOVI
A1: B.III. | B1: STOLARSKI RADOVI
A3: Redni broj | B3: Opis rada | C3: Jedinična mjera | D3: Količina | E3: Cijena u eurima | G3: JV
E5: Jedinična | F5: Ukupna
B7: NAPOMENE: SVE MJERE POTREBNO JE PROVJERITI U NARAVI!
B8: OPĆI UVJETI UZ STOLARSKE RADOVE
B10: Dobavljač otvora na fasadi ima slijedeće obveze: (fasada= prozori, vrata, prozorske/fasadne/podizno-klizne stijene)
B11: 1 Projektiranje, izrada i ugradba svih dijelova koji čine integralnu, sigurnu i vodonepropusnu fasadu prema nacrtima i ovom opisu.
B12: 2 Izvoditelj se obavezuje izraditi i ugraditi otvore do potpune gotovosti, u već provjerenim i certifiranim sustavima, te se od njega očekuju visoka kvaliteta izvedbe. Sva tehnička rješenja koja izvoditelj predlaže i primjenjuje moraju biti usklađena s HRN-ma ili jednakovrijedno i propisima te usvojenim EN ili jednakovrijedno (kada je zakonom utvrđena njihova obvezna primjena).
B13: 3 Koordinirati svoje aktivnosti sa sa ostalim sudionicima u projektu a prema terminskom planu.
B14: 4 Ugraditi stolariju u predviđenom roku i prema pravilima struke.
B15: Izvoditelj ugovara izradu otvora fasade do kompletne gotovosti. Rasteri i tipovi otvora fasade su definirani nacrtima, a količine ugovornog troškovnika se odnose na dimenzije rastera iz arhitektonskih nacrta. Ukupna cijena uključuje:
B16: - Dobavu, transport, skladištenje te montažu svih elemenata fasade do konačne ugradnje;
B17: - Sve predradnje prije montaže (izmjera, iscrtavanje potrebnih osi, visinske kote, te određivanje geometrije fasade);
B18: - Potrebne podkonstrukcije (svi sidreni i pričvrsni elementi)
B19: - Ostakljenje te isporuku rezervnih stakala
... B47: VANJSKA STOLARIJA
A49: 1 | B49: RESTAURACIJA POSTOJEĆIH GLAVNIH ULAZNIH VRATA I NJIHOVA PONOVNA UGRADNJA U DOGOVORU SA KONZERVATORSKIM NADZOROM. OPISANO U KONZERVATORSKO RESTAURATORSKIM RADOVIMA.
B50: ST.1
A52: 2 | B52: IZRADA, DOBAVA I UGRADNJA DVOKRILNOG ZAOKRETNOG PROZORA ULIČNOG PROČELJA (PRIZEMLJE), PROIZVODNE MJERE 88/148 CM. DOPROZORNIK I OKVIR KRILA OD HRASTOVINE I KLASE. OSTAKLJENJE IZO STAKLOM 6/16/4 S LOW-E PREMAZOM I ISPUNJENO PLEMENITIM PLINOM. ZAVRŠNA OBRADA DRVETA, LAZURNI PREMAZ + PRIPREMNE RADNJE U TONU PO IZBORU PROJEKTANTA OKOV: 2 PETLJE ODGOVARAJUĆE NOSIVOSTI. POLUOLIVA, ŠTITNICI, PROZOR SE IZRAĐUJE PREMA SAČUVANOM UZORKU POSTOJEĆEG ULIČNOG PROZORA. SVE MJERE POTREBNO JE PROVJERITI U NARAVI! RADIONIČKE NACRTE PRIJE IZVEDBE TREBA PREGLEDATI I OVJERITI PROJEKTANT I NADLEŽNI KONZERVATOR!
B53: ST.2 | C53: KOM | D53: 2 | E53: ='[1]B_III_STOLARSKI RADOVI'!E53 -> 600 | F53: =SUM(D53*E53) -> 1200
B54: ST.2 - UKLJUČIVO POTREBAN POSEBANI OKOV ZA AUTOMATSKO OTVARANJE (ZA ODIMLJAVANJE U SLUČAJU POŽARA, PREKO SUSTAVA VATRODOJAVE). | C54: KOM | D54: 2 | E54: ='[1]B_III_STOLARSKI RADOVI'!E54 -> 1800 | F54: =SUM(D54*E54) -> 3600
A56: 3 | B56: IZRADA, DOBAVA I UGRADNJA DVOKRILNOG ZAOKRETNOG PROZORA ULIČNOG PROČELJA (1. KAT), PROIZVODNE MJERE 140/143 CM. DOPROZORNIK I OKVIR KRILA OD HRASTOVINE I KLASE. OSTAKLJENJE IZO STAKLOM 6/16/4 S LOW-E PREMAZOM I ISPUNJENO PLEMENITIM PLINOM. ZAVRŠNA OBRADA DRVETA, LAZURNI PREMAZ + PRIPREMNE RADNJE U TONU PO IZBORU PROJEKTANTA OKOV: 2 PETLJE ODGOVARAJUĆE NOSIVOSTI. POLUOLIVA, ŠTITNICI, PROZOR SE IZRAĐUJE PREMA SAČUVANOM UZORKU POSTOJEĆEG ULIČNOG PROZORA. SVE MJERE POTREBNO JE PROVJERITI U NARAVI! RADIONIČKE NACRTE PRIJE IZVEDBE TREBA PREGLEDATI I OVJERITI PROJEKTANT I NADLEŽNI KONZERVATOR!
B57: ST.3 | C57: KOM | D57: 1 | E57: ='[1]B_III_STOLARSKI RADOVI'!E57 -> 400 | F57: =SUM(D57*E57) -> 400
A59: 4 | B59: IZRADA, DOBAVA I UGRADNJA DVOKRILNOG ZAOKRETNOG PROZORA ULIČNOG PROČELJA (1. KAT), PROIZVODNE MJERE 88/143 CM. DOPROZORNIK I OKVIR KRILA OD HRASTOVINE I KLASE. OSTAKLJENJE IZO STAKLOM 6/16/4 S LOW-E PREMAZOM I ISPUNJENO PLEMENITIM PLINOM. ZAVRŠNA OBRADA DRVETA, LAZURNI PREMAZ + PRIPREMNE RADNJE U TONU PO IZBORU PROJEKTANTA OKOV: 2 PETLJE ODGOVARAJUĆE NOSIVOSTI. POLUOLIVA, ŠTITNICI, PROZOR SE IZRAĐUJE PREMA SAČUVANOM UZORKU POSTOJEĆEG ULIČNOG PROZORA. SVE MJERE POTREBNO JE PROVJERITI U NARAVI! RADIONIČKE NACRTE PRIJE IZVEDBE TREBA PREGLEDATI I OVJERITI PROJEKTANT I NADLEŽNI KONZERVATOR!
B60: ST.4 | C60: KOM | D60: 4 | E60: ='[1]B_III_STOLARSKI RADOVI'!E60 -> 600 | F60: =SUM(D60*E60) -> 2400
A62: 5 | B62: IZRADA, DOBAVA I UGRADNJA DVOKRILNOG ZAOKRETNOG PROZORA ULIČNOG PROČELJA (1. KAT), PROIZVODNE MJERE 140/136 CM. DOPROZORNIK I OKVIR KRILA OD HRASTOVINE I KLASE. OSTAKLJENJE IZO STAKLOM 6/16/4 S LOW-E PREMAZOM I ISPUNJENO PLEMENITIM PLINOM. ZAVRŠNA OBRADA DRVETA, LAZURNI PREMAZ + PRIPREMNE RADNJE U TONU PO IZBORU PROJEKTANTA OKOV: 2 PETLJE ODGOVARAJUĆE NOSIVOSTI. POLUOLIVA, ŠTITNICI, PROZOR SE IZRAĐUJE PREMA SAČUVANOM UZORKU POSTOJEĆEG ULIČNOG PROZORA. SVE MJERE POTREBNO JE PROVJERITI U NARAVI! RADIONIČKE NACRTE PRIJE IZVEDBE TREBA PREGLEDATI I OVJERITI PROJEKTANT I NADLEŽNI KONZERVATOR!
B63: ST.5 | C63: KOM | D63: 1 | E63: ='[1]B_III_STOLARSKI RADOVI'!E63 -> 1100 | F63: =SUM(D63*E63) -> 1100
A65: 6 | B65: IZRADA, DOBAVA I UGRADNJA JEDNOKRILNOG ZAOKRETNO-OTKLOPNOG PROZORA PROIZVODNE MJERE 60/90 CM (SJEVERNO PROČELJE ZGRADE). DOPROZORNIK I OKVIR KRILA OD HRASTOVINE I KLASE - GREDICE 8/8 CM. OSTAKLJENJE IZO STAKLOM 6/16/4 S LOW-E PREMAZOM I ISPUNJENO PLEMENITIM PLINOM. ZAVRŠNA OBRADA DRVETA, LAZURNI PREMAZ + PRIPREMNE RADNJE U TONU PO IZBORU PROJEKTANTA U DOGOVORU SA NADLEŽNIM KONZERVATOROM. OKOV: PETLJE ODGOVARAJUĆE NOSIVOSTI. PLUOLIVA, ŠTITNICI. SVE MJERE POTREBNO JE PROVJERITI U NARAVI! RADIONIČKE NACRTE PRIJE IZVEDBE TREBA PREGLEDATI I OVJERITI PROJEKTANT I NADLEŽNI KONZERVATOR!
B66: STOL.ST. 1 - DESNI | C66: KOM | D66: 3 | E66: ='[1]B_III_STOLARSKI RADOVI'!E66 -> 550 | F66: =SUM(D66*E66) -> 1650
B67: STOL.ST. 1 - LIJEVI | C67: KOM | D67: 3 | E67: ='[1]B_III_STOLARSKI RADOVI'!E67 -> 550 | F67: =SUM(D67*E67) -> 1650
A69: 7 | B69: IZRADA, DOBAVA I UGRADNJA VANJSKIH JEDNOKRILNIH ZAOKRETNIH VRATA SA NADSVJETLOM PROIZVODNE MJERE 95/258 CM (JUŽNO PROČELJE ZGRADE, PRIZEMLJE). DOPROZORNIK I OKVIR KRILA OD HRASTOVINE I KLASE - GREDICE 8/8 CM. KRILO IZVEDENO ROŠTILJNOM DRVENOM HRASTOVOM KONSTRUKCIJOM DEBLJINE 8 CM UNUTAR KOJU SE UGRAĐUJE TERMOIZOLACIJSKI SLOJ OD POLIURETANSKE PIJENE. OBLOGA KRILA SE IZVODI OD OPLEMENJENIH DRVENIH PLOČA U BOJI PRIRODNOG HRASTA. OSTAKLJENJE NADSVJETLA IZO STAKLOM 6/16/4 S LOW-E PREMAZOM I ISPUNJENO PLEMENITIM PLINOM. ZAVRŠNA OBRADA DRVETA, LAZURNI PREMAZ + PRIPREMNE RADNJE U TONU PO IZBORU PROJEKTANTA U DOGOVORU SA NADLEŽNIM KONZERVATOROM. VRATA SE OTVARAJU PREMA VAN. OKOV: PETLJE ODGOVARAJUĆE NOSIVOSTI. PLUOLIVA, ŠTITNICI, BRAVA. SVE MJERE POTREBNO JE PROVJERITI U NARAVI! RADIONIČKE NACRTE PRIJE IZVEDBE TREBA PREGLEDATI I OVJERITI PROJEKTANT I NADLEŽNI KONZERVATOR!
B70: STOL.ST. 2 - DESNA | C70: KOM | D70: 1 | E70: ='[1]B_III_STOLARSKI RADOVI'!E70 -> 3300 | F70: =SUM(D70*E70) -> 3300
A72: 8 | B72: IZRADA, DOBAVA I UGRADNJA DVOKRILNOG ZAOKRETNOG PROZORA PROIZVODNE MJERE 95/148 CM (SJEVERNO PROČELJE ZGRADE). DOPROZORNIK I OKVIR KRILA OD HRASTOVINE I KLASE - GREDICE 8/8 CM. OSTAKLJENJE IZO STAKLOM 6/16/4 S LOW-E PREMAZOM I ISPUNJENO PLEMENITIM PLINOM. ZAVRŠNA OBRADA DRVETA, LAZURNI PREMAZ + PRIPREMNE RADNJE U TONU PO IZBORU PROJEKTANTA U DOGOVORU SA NADLEŽNIM KONZERVATOROM. OKOV: PETLJE ODGOVARAJUĆE NOSIVOSTI. PLUOLIVA, ŠTITNICI. SVE MJERE POTREBNO JE PROVJERITI U NARAVI! RADIONIČKE NACRTE PRIJE IZVEDBE TREBA PREGLEDATI I OVJERITI PROJEKTANT I NADLEŽNI KONZERVATOR!
B73: STOL.ST. 3 | C73: KOM | D73: 2 | E73: ='[1]B_III_STOLARSKI RADOVI'!E73 -> 650 | F73: =SUM(D73*E73) -> 1300
A75: 9 | B75: IZRADA, DOBAVA I UGRADNJA DVOKRILNOG ZAOKRETNOG PROZORA PROIZVODNE MJERE 120/155 CM (ISTOČNO PROČELJE ZGRADE). DOPROZORNIK I OKVIR KRILA OD HRASTOVINE I KLASE - GREDICE 8/8 CM. OSTAKLJENJE IZO STAKLOM 6/16/4 S LOW-E PREMAZOM I ISPUNJENO PLEMENITIM PLINOM. ZAVRŠNA OBRADA DRVETA, LAZURNI PREMAZ + PRIPREMNE RADNJE U TONU PO IZBORU PROJEKTANTA U DOGOVORU SA NADLEŽNIM KONZERVATOROM. OKOV: PETLJE ODGOVARAJUĆE NOSIVOSTI. PLUOLIVA, ŠTITNICI. SVE MJERE POTREBNO JE PROVJERITI U NARAVI! RADIONIČKE NACRTE PRIJE IZVEDBE TREBA PREGLEDATI I OVJERITI PROJEKTANT I NADLEŽNI KONZERVATOR!
B76: STOL.ST.4 | C76: KOM | D76: 2 | E76: ='[1]B_III_STOLARSKI RADOVI'!E76 -> 900 | F76: =SUM(D76*E76) -> 1800
A78: 10 | B78: IZRADA, DOBAVA I UGRADNJA VANJSKE ČETVERODIJELNE OSTAKLJENE FIKSNE STIJENE PROIZVODNE MJERE 340/245 CM (ISTOČNO PROČELJE ZGRADE). DOPROZORNIK I OKVIRI OD HRASTOVINE I KLASE - GREDICE 8/8 CM. OSTAKLJENJE IZO STAKLOM 6/16/4 S LOW-E PREMAZOM I ISPUNJENO PLEMENITIM PLINOM. ZAVRŠNA OBRADA DRVETA, LAZURNI PREMAZ + PRIPREMNE RADNJE U TONU PO IZBORU PROJEKTANTA U DOGOVORU SA NADLEŽNIM KONZERVATOROM. SVE MJERE POTREBNO JE PROVJERITI U NARAVI! RADIONIČKE NACRTE PRIJE IZVEDBE TREBA PREGLEDATI I OVJERITI PROJEKTANT I NADLEŽNI KONZERVATOR!
B79: STOL.ST. 5 | C79: KOM | D79: 1 | E79: ='[1]B_III_STOLARSKI RADOVI'!E79 -> 6000 | F79: =SUM(D79*E79) -> 6000
A81: 11 | B81: IZRADA, DOBAVA I UGRADNJA DVOKRILNOG ZAOKRETNOG PROZORA PROIZVODNE MJERE 95/143 CM (SJEVERNO PROČELJE ZGRADE). DOPROZORNIK I OKVIR KRILA OD HRASTOVINE I KLASE - GREDICE 8/8 CM. OSTAKLJENJE IZO STAKLOM 6/16/4 S LOW-E PREMAZOM I ISPUNJENO PLEMENITIM PLINOM. ZAVRŠNA OBRADA DRVETA, LAZURNI PREMAZ + PRIPREMNE RADNJE U TONU PO IZBORU PROJEKTANTA U DOGOVORU SA NADLEŽNIM KONZERVATOROM. OKOV: PETLJE ODGOVARAJUĆE NOSIVOSTI. PLUOLIVA, ŠTITNICI. SVE MJERE POTREBNO JE PROVJERITI U NARAVI! RADIONIČKE NACRTE PRIJE IZVEDBE TREBA PREGLEDATI I OVJERITI PROJEKTANT I NADLEŽNI KONZERVATOR!
B82: STOL.ST. 6 | C82: KOM | D82: 2 | E82: ='[1]B_III_STOLARSKI RADOVI'!E82 -> 600 | F82: =SUM(D82*E82) -> 1200
A84: 12 | B84: IZRADA, DOBAVA I UGRADNJA JEDNOKRILNOG ZAOKRETNO-OTKLOPNOG PROZORA PROIZVODNE MJERE 40/143 CM (JUŽNO PROČELJE ZGRADE). DOPROZORNIK I OKVIR KRILA OD HRASTOVINE I KLASE - GREDICE 8/8 CM. OSTAKLJENJE IZO STAKLOM 6/16/4 S LOW-E PREMAZOM I ISPUNJENO PLEMENITIM PLINOM. ZAVRŠNA OBRADA DRVETA, LAZURNI PREMAZ + PRIPREMNE RADNJE U TONU PO IZBORU PROJEKTANTA U DOGOVORU SA NADLEŽNIM KONZERVATOROM. OKOV: PETLJE ODGOVARAJUĆE NOSIVOSTI. PLUOLIVA, ŠTITNICI. SVE MJERE POTREBNO JE PROVJERITI U NARAVI! RADIONIČKE NACRTE PRIJE IZVEDBE TREBA PREGLEDATI I OVJERITI PROJEKTANT I NADLEŽNI KONZERVATOR!
B85: STOL.ST. 7 - DESNI | C85: KOM | D85: 1 | E85: ='[1]B_III_STOLARSKI RADOVI'!E85 -> 600 | F85: =SUM(D85*E85) -> 600
B86: STOL.ST. 7 - LIJEVI | C86: KOM | D86: 1 | E86: ='[1]B_III_STOLARSKI RADOVI'!E86 -> 600 | F86: =SUM(D86*E86) -> 600
A88: 13 | B88: IZRADA, DOBAVA I UGRADNJA DVOKRILNOG ZAOKRETNOG PROZORA PROIZVODNE MJERE 120/120 CM (JUŽNO PROČELJE ZGRADE). DOPROZORNIK I OKVIR KRILA OD HRASTOVINE I KLASE - GREDICE 8/8 CM. OSTAKLJENJE IZO STAKLOM 6/16/4 S LOW-E PREMAZOM I ISPUNJENO PLEMENITIM PLINOM. ZAVRŠNA OBRADA DRVETA, LAZURNI PREMAZ + PRIPREMNE RADNJE U TONU PO IZBORU PROJEKTANTA U DOGOVORU SA NADLEŽNIM KONZERVATOROM. OKOV: PETLJE ODGOVARAJUĆE NOSIVOSTI. PLUOLIVA, ŠTITNICI. SVE MJERE POTREBNO JE PROVJERITI U NARAVI! RADIONIČKE NACRTE PRIJE IZVEDBE TREBA PREGLEDATI I OVJERITI PROJEKTANT I NADLEŽNI KONZERVATOR!
B89: STOL.ST. 8 | C89: KOM | D89: 1 | E89: ='[1]B_III_STOLARSKI RADOVI'!E89 -> 800 | F89: =SUM(D89*E89) -> 800
A91: 14 | B91: IZRADA, DOBAVA I UGRADNJA JEDNOKRILNOG OTKLOPNOG KROVNOG PROZORA PROIZVODNE MJERE 110/145 CM. DOPROZORNIK I OKVIR KRILA OD HRASTOVINE I KLASE - GREDICE 8/8 CM. OSTAKLJENJE IZO STAKLOM 6/16/4 S LOW-E PREMAZOM I ISPUNJENO PLEMENITIM PLINOM. ZAVRŠNA OBRADA DRVETA, LAZURNI PREMAZ + PRIPREMNE RADNJE U TONU PO IZBORU PROJEKTANTA U DOGOVORU SA NADLEŽNIM KONZERVATOROM. OKOV: PETLJE ODGOVARAJUĆE NOSIVOSTI. PLUOLIVA, ŠTITNICI. SVE MJERE POTREBNO JE PROVJERITI U NARAVI! RADIONIČKE NACRTE PRIJE IZVEDBE TREBA PREGLEDATI I OVJERITI PROJEKTANT I NADLEŽNI KONZERVATOR!
B92: STOL.ST. 9 | C92: KOM | D92: 4 | E92: ='[1]B_III_STOLARSKI RADOVI'!E92 -> 750 | F92: =SUM(D92*E92) -> 3000
A94: 15 | B94: IZRADA, DOBAVA I UGRADNJA JEDNOKRILNOG OTKLOPNOG KROVNOG PROZORA ZA ODIMLJAVANJE STUBIŠTA (ODT) PROIZVODNE MJERE 110/113 CM. DOPROZORNIK I OKVIR KRILA OD HRASTOVINE I KLASE - GREDICE 8/8 CM. OSTAKLJENJE IZO STAKLOM 6/16/4 S LOW-E PREMAZOM I ISPUNJENO PLEMENITIM PLINOM. ZAVRŠNA OBRADA DRVETA, LAZURNI PREMAZ + PRIPREMNE RADNJE U TONU PO IZBORU PROJEKTANTA U DOGOVORU SA NADLEŽNIM KONZERVATOROM. UKLJUČIVO POTREBAN POSEBANI OKOV ZA AUTOMATSKO OTVARANJE ZA ODIMLJAVANJE U SLUČAJU POŽARA (PREKO SUSTAVA VATRODOJAVE). SVE MJERE POTREBNO JE PROVJERITI U NARAVI! RADIONIČKE NACRTE PRIJE IZVEDBE TREBA PREGLEDATI I OVJERITI PROJEKTANT I NADLEŽNI KONZERVATOR!
B95: STOL.ST. 10 | C95: KOM | D95: 1 | E95: ='[1]B_III_STOLARSKI RADOVI'!E95 -> 1800 | F95: =SUM(D95*E95) -> 1800
A97: 16 | B97: IZRADA, DOBAVA I UGRADNJA VANJSKIH JEDNOKRILNIH ZAOKRETNIH VRATA PROIZVODNE MJERE 70/220 CM (SJEVERNO PROČELJE ZGRADE, PRIZEMLJE). DOPROZORNIK I OKVIR KRILA OD HRASTOVINE I KLASE - GREDICE 8/8 CM. KRILO IZVEDENO ROŠTILJNOM DRVENOM HRASTOVOM KONSTRUKCIJOM DEBLJINE 8 CM UNUTAR KOJU SE UGRAĐUJE TERMOIZOLACIJSKI SLOJ OD POLIURETANSKE PIJENE. OBLOGA KRILA SE IZVODI OD OPLEMENJENIH DRVENIH PLOČA U BOJI PRIRODNOG HRASTA. ZAVRŠNA OBRADA DRVETA, LAZURNI PREMAZ + PRIPREMNE RADNJE U TONU PO IZBORU PROJEKTANTA U DOGOVORU SA NADLEŽNIM KONZERVATOROM. VRATA SE OTVARAJU PREMA VAN. OKOV: PETLJE ODGOVARAJUĆE NOSIVOSTI. PLUOLIVA, ŠTITNICI, BRAVA. SVE MJERE POTREBNO JE PROVJERITI U NARAVI! RADIONIČKE NACRTE PRIJE IZVEDBE TREBA PREGLEDATI I OVJERITI PROJEKTANT I NADLEŽNI KONZERVATOR!
B98: STOL.ST. 11 - LIJEVA | C98: KOM | D98: 1 | E98: ='[1]B_III_STOLARSKI RADOVI'!E98 -> 1350 | F98: =SUM(D98*E98) -> 1350
A100: 17 | B100: IZRADA, DOBAVA I UGRADNJA VANJSKIH JEDNOKRILNIH ZAOKRETNIH VRATA PROIZVODNE MJERE 100/220 CM (SJEVERNO PROČELJE ZGRADE, PRIZEMLJE). DOPROZORNIK I OKVIR KRILA OD HRASTOVINE I KLASE - GREDICE 8/8 CM. KRILO IZVEDENO ROŠTILJNOM DRVENOM HRASTOVOM KONSTRUKCIJOM DEBLJINE 8 CM UNUTAR KOJU SE UGRAĐUJE TERMOIZOLACIJSKI SLOJ OD POLIURETANSKE PIJENE. OBLOGA KRILA SE IZVODI OD OPLEMENJENIH DRVENIH PLOČA U BOJI PRIRODNOG HRASTA. ZAVRŠNA OBRADA DRVETA, LAZURNI PREMAZ + PRIPREMNE RADNJE U TONU PO IZBORU PROJEKTANTA U DOGOVORU SA NADLEŽNIM KONZERVATOROM. VRATA SE OTVARAJU PREMA VAN. OKOV: PETLJE ODGOVARAJUĆE NOSIVOSTI. PLUOLIVA, ŠTITNICI, BRAVA. SVE MJERE POTREBNO JE PROVJERITI U NARAVI! RADIONIČKE NACRTE PRIJE IZVEDBE TREBA PREGLEDATI I OVJERITI PROJEKTANT I NADLEŽNI KONZERVATOR!
B101: STOL.ST. 12 - LIJEVA | C101: KOM | D101: 1 | E101: ='[1]B_III_STOLARSKI RADOVI'!E101 -> 1800 | F101: =SUM(D101*E101) -> 1800
B103: UNUTARNJA STOLARIJA
A105: 18 | B105: IZRADA, DOBAVA I UGRADNJA UNUTRAŠNJIH JEDNOKRILNIH DRVENIH ZAOKRETNIH VRATA SA DIGITALNIM MODULOM ZA OTVARANJE, GLATKOG KRILA MODULARNIH MJERA 90/210. ZAVRŠNA OBRADA LIČENJEM POLIURETANSKOM BOJOM + PRIPREMNE RADNJE, U TONU PO IZBORU PROJEKTANTA. VRATA U KLASI EI230-C ili jednakovrijedno, SVE U SKLADU S VAŽEĆIM CERTIFIKATOM O STALNOSTI SVOJSTAVA GRAĐ. PROIZVODA. OKOV: PETLJE ODGOVARAJUĆE NOSIVOSTI, KVAKE, ŠTITNICI, BRAVA. TIP OKOVA PO IZBORU PROJEKTANTA. SVE MJERE POTREBNO JE PROVJERITI U NARAVI! RADIONIČKE NACRTE PRIJE IZVEDBE TREBA PREGLEDATI I OVJERITI PROJEKTANT!
A106: A | B106: STOL.ST. 1 DESNA | C106: KOM | D106: 4 | E106: ='[1]B_III_STOLARSKI RADOVI'!E106 -> 1500 | F106: =SUM(D106*E106) -> 6000
A107: B | B107: STOL.ST. 1 LIJEVA | C107: KOM | D107: 5 | E107: ='[1]B_III_STOLARSKI RADOVI'!E107 -> 1500 | F107: =SUM(D107*E107) -> 7500
A109: 19 | B109: IZRADA, DOBAVA I UGRADNJA UNUTRAŠNJIH JEDNOKRILNIH DRVENIH ZAOKRETNIH VRATA GLATKOG KRILA MODULARNIH MJERA 80/210. ZAVRŠNA OBRADA LIČENJEM POLIURETANSKOM BOJOM + PRIPREMNE RADNJE, U TONU PO IZBORU PROJEKTANTA. OKOV: PETLJE ODGOVARAJUĆE NOSIVOSTI, KVAKE, ŠTITNICI, BRAVA. TIP OKOVA PO IZBORU PROJEKTANTA. SVE MJERE POTREBNO JE PROVJERITI U NARAVI! RADIONIČKE NACRTE PRIJE IZVEDBE TREBA PREGLEDATI I OVJERITI PROJEKTANT!
A110: A | B110: STOL.ST. 2 DESNA | C110: KOM | D110: 1 | E110: ='[1]B_III_STOLARSKI RADOVI'!E110 -> 510 | F110: =SUM(D110*E110) -> 510
A111: B | B111: STOL.ST. 2 LIJEVA | C111: KOM | D111: 1 | E111: ='[1]B_III_STOLARSKI RADOVI'!E111 -> 510 | F111: =SUM(D111*E111) -> 510
A113: 20 | B113: IZRADA, DOBAVA I UGRADNJA UNUTRAŠNJIH JEDNOKRILNIH DRVENIH ZAOKRETNIH VRATA GLATKOG KRILA MODULARNIH MJERA 70/210. ZAVRŠNA OBRADA LIČENJEM POLIURETANSKOM BOJOM + PRIPREMNE RADNJE, U TONU PO IZBORU PROJEKTANTA. VRATA U POTKROVLJU U KLASI EI230-C, SVE U SKLADU S VAŽEĆIM CERTIFIKATOM O STALNOSTI SVOJSTAVA GRAĐ. PROIZVODA. OKOV: PETLJE ODGOVARAJUĆE NOSIVOSTI, KVAKE, ŠTITNICI, CILINDAR BRAVA. TIP OKOVA PO IZBORU PROJEKTANTA. SVE MJERE POTREBNO JE PROVJERITI U NARAVI! RADIONIČKE NACRTE PRIJE IZVEDBE TREBA PREGLEDATI I OVJERITI PROJEKTANT!
B114: STOL.ST. 3 DESNA | C114: KOM | D114: 2 | E114: ='[1]B_III_STOLARSKI RADOVI'!E114 -> 495 | F114: =SUM(D114*E114) -> 990
B115: STOL.ST. 3 LIJEVA | C115: KOM | D115: 2 | E115: ='[1]B_III_STOLARSKI RADOVI'!E115 -> 495 | F115: =SUM(D115*E115) -> 990
B116: STOL.ST. 3 DESNA | C116: KOM | D116: 1 | E116: ='[1]B_III_STOLARSKI RADOVI'!E116 -> 495 | F116: =SUM(D116*E116) -> 495
B117: STOL.ST. 3 LIJEVA | C117: KOM | D117: 1 | E117: ='[1]B_III_STOLARSKI RADOVI'!E117 -> 495 | F117: =SUM(D117*E117) -> 495
A119: 21 | B119: IZRADA, DOBAVA I UGRADNJA UNUTRAŠNJIH JEDNOKRILNIH DRVENIH ZAOKRETNIH VRATA GLATKOG KRILA MODULARNIH MJERA 65/210. ZAVRŠNA OBRADA LIČENJEM POLIURETANSKOM BOJOM + PRIPREMNE RADNJE, U TONU PO IZBORU PROJEKTANTA. OKOV: PETLJE ODGOVARAJUĆE NOSIVOSTI, KVAKE, ŠTITNICI, CILINDAR BRAVA. TIP OKOVA PO IZBORU PROJEKTANTA. SVE MJERE POTREBNO JE PROVJERITI U NARAVI! RADIONIČKE NACRTE PRIJE IZVEDBE TREBA PREGLEDATI I OVJERITI PROJEKTANT!
B120: STOL.ST. 4 DESNA | C120: KOM | D120: 2 | E120: ='[1]B_III_STOLARSKI RADOVI'!E120 -> 490 | F120: =SUM(D120*E120) -> 980
B121: STOL.ST. 4 LIJEVA | C121: KOM | D121: 2 | E121: ='[1]B_III_STOLARSKI RADOVI'!E121 -> 490 | F121: =SUM(D121*E121) -> 980
A123: 22 | B123: DOBAVA MATERIJALA, IZRADA, DOBAVA I UGRADNJA UNUTARNJE DRVENE OSTAKLJENE PETERODIJELNE STOLARSKE STIJENE DIMENZIJA 340/295 CM. STIJENA SE SASTOJI OD TRI DIJELA VISINE 240 CM (DVA BOČNA FIKSNA OSTAKLJENA DIJELA I SREDIŠNJA DVOKRILNA OSTAKLJENA ZAOKRETNA VRATA), IZNAD KOJIH JE NADSVJETLO IZ DVA FIKSNA DIJELA VISINE 55 CM. VRATNA KRILA SU DVODJELNA S HORIZONTALNOM PREČKOM. ZAVRŠNA OBRADA POLIURETANSKI BEZBOJNI NALIČ. SVE OD HRASTOVOG DRVETA 1 KLASE. OSTAKLJENJE OD SIGURNOSNOG STAKLA. OKOV: KOMPLET OKOVA ODGOVARAJUĆE NOSIVOSTI ZA DVOKRILNA ZAOKRETNA VRATA + ŠTITNICI + KVAKA. TIP OKOVA PO IZBORU PROJEKTANTA. SVE MJERE POTREBNO JE PROVJERITI U NARAVI! RADIONIČKE NACRTE PRIJE IZVEDBE TREBA PREGLEDATI I OVJERITI PROJEKTANT!
B124: UNUTARNJA STOL.ST.13 | C124: KOM | D124: 1 | E124: ='[1]B_III_STOLARSKI RADOVI'!E124 -> 5900 | F124: =SUM(D124*E124) -> 5900
A126: 23 | B126: DOBAVA MATERIJALA, IZRADA, DOBAVA I UGRADNJA UNUTARNJE DRVENE OSTAKLJENE PETERODIJELNE STOLARSKE STIJENE DIMENZIJA 340/295 CM (VRATA PREMA STUBIŠTU). STIJENA SE SASTOJI OD TRI DIJELA VISINE 240 CM (DVA BOČNA FIKSNA OSTAKLJENA DIJELA I SREDIŠNJA JEDNOKRILNA OSTAKLJENA ZAOKRETNA VRATA SA DIGITALNIM MODULOM ZA OTVARANJE), IZNAD KOJIH JE NADSVJETLO IZ DVA FIKSNA DIJELA VISINE 55 CM. VRATNO KRILO JE DVODJELNO S HORIZONTALNOM PREČKOM. ZAVRŠNA OBRADA POLIURETANSKI BEZBOJNI NALIČ. SVE OD HRASTOVOG DRVETA 1 KLASE. OSTAKLJENJE OD SIGURNOSNOG STAKLA. OKOV: KOMPLET OKOVA ODGOVARAJUĆE NOSIVOSTI ZA DVOKRILNA ZAOKRETNA VRATA + ŠTITNICI + ELEKTRONSKA BRAVA + KVAKA. TIP OKOVA PO IZBORU PROJEKTANTA. UKLJUČIVO POTREBAN POSEBANI OKOV ZA AUTOMATSKO OTVARANJE (ZA ODIMLJAVANJE U SLUČAJU POŽARA, PREKO SUSTAVA VATRODOJAVE). SVE MJERE POTREBNO JE PROVJERITI U NARAVI! RADIONIČKE NACRTE PRIJE IZVEDBE TREBA PREGLEDATI I OVJERITI PROJEKTANT!
B127: UNUTARNJA STOL.ST.14 | C127: KOM | D127: 1 | E127: ='[1]B_III_STOLARSKI RADOVI'!E127 -> 6450 | F127: =SUM(D127*E127) -> 6450
A129: 24 | B129: DOBAVA MATERIJALA, IZRADA, DOBAVA I UGRADNJA UNUTARNJE DRVENE OSTAKLJENE DVODIJELNE STIJENE DIMENZIJA 135/220 CM (VRATA PREMA SANITARIJAMA U PRIZEMLJU). STIJENA SE SASTOJI OD DVA DIJELA - FIKSNI OSTAKLJENI DIO DIMENZIJA 45×220 CM I JEDNOKRILNA OSTAKLJENA ZAOKRETNA VRATA DIMENZIJA 90×220 CM. FIKSNI DIO I VRATNO KRILO SU S HORIZONTALNOM PREČKOM NA VISINI 110 CM. ZAVRŠNA OBRADA U DEKORU PRIRODNOG HRASTA U TONU PO IZBORU PROJEKTANTA. OSTAKLJENJE FIKSNOG DIJELA IZVESTI U KLASI EI30, VRATA U KLASI EI230-C, SVE U SKLADU S VAŽEĆIM CERTIFIKATOM O STALNOSTI SVOJSTAVA GRAĐ. PROIZVODA. OKOV: KOMPLET OKOVA ODGOVARAJUĆE NOSIVOSTI ZA DVOKRILNA ZAOKRETNA VRATA + ŠTITNICI + KVAKA. TIP OKOVA PO IZBORU PROJEKTANTA. SVE MJERE POTREBNO JE PROVJERITI U NARAVI! RADIONIČKE NACRTE PRIJE IZVEDBE TREBA PREGLEDATI I OVJERITI PROJEKTANT!
B130: UNUTARNJA STOL.ST.15 | C130: KOM | D130: 1 | E130: ='[1]B_III_STOLARSKI RADOVI'!E130 -> 2390 | F130: =SUM(D130*E130) -> 2390
A132: 25 | B132: IZRADA, DOBAVA I UGRADNJA UNUTARNJIH DRVENIH JEDNOKRILNIH OSTAKLJENIH ZAOKRETNIH VRATA PROIZVODNE MJERE 100/220 CM (PREMA ZAJEDNIČKOJ PROSTORIJI U PRIZEMLJU). VRATNO KRILO JE S HORIZONTALNOM PREČKOM NA VISINI 110 CM. ZAVRŠNA OBRADA U DEKORU PRIRODNOG HRASTA U TONU PO IZBORU PROJEKTANTA. OSTAKLJENA VRATA U KLASI EI230-C ili jednakovrijedno, SVE U SKLADU S VAŽEĆIM CERTIFIKATOM O STALNOSTI SVOJSTAVA GRAĐ. PROIZVODA. OKOV: PETLJE ODGOVARAJUĆE NOSIVOSTI, ŠTITNICI, BRAVA, KVAKA. SVE MJERE POTREBNO JE PROVJERITI U NARAVI! RADIONIČKE NACRTE PRIJE IZVEDBE TREBA PREGLEDATI I OVJERITI PROJEKTANT!
B133: STOL.ST. 16 - LIJEVA | C133: KOM | D133: 1 | E133: ='[1]B_III_STOLARSKI RADOVI'!E133 -> 1520 | F133: =SUM(D133*E133) -> 1520
A135: 26 | B135: IZRADA, DOBAVA I UGRADNJA UNUTARNJIH JEDNOKRILNIH ZAOKRETNIH VRATA PROIZVODNE MJERE 90/220 CM (VRATA PREMA TEHNIČKIM PROSTORIMA U PRIZEMLJU). DOPROZORNIK I OKVIR KRILA OD HRASTOVINE I KLASE - GREDICE 8/8 CM. KRILO IZVEDENO ROŠTILJNOM DRVENOM HRASTOVOM KONSTRUKCIJOM DEBLJINE 8 CM OBLOGA KRILA SE IZVODI OD OPLEMENJENIH DRVENIH PLOČA U BOJI PRIRODNOG HRASTA. ZAVRŠNA OBRADA DRVETA, LAZURNI PREMAZ + PRIPREMNE RADNJE U TONU PO IZBORU PROJEKTANTA U DOGOVORU SA NADLEŽNIM KONZERVATOROM. OKOV: PETLJE ODGOVARAJUĆE NOSIVOSTI. PLUOLIVA, ŠTITNICI, BRAVA. SVE MJERE POTREBNO JE PROVJERITI U NARAVI! RADIONIČKE NACRTE PRIJE IZVEDBE TREBA PREGLEDATI I OVJERITI PROJEKTANT!
B136: STOL.ST. 17 - DESNA | C136: KOM | D136: 1 | E136: ='[1]B_III_STOLARSKI RADOVI'!E136 -> 1560 | F136: =SUM(D136*E136) -> 1560
A138: 27 | B138: IZRADA, DOBAVA I UGRADNJA DRVENOG RUKOHVATA STUBIŠTA. OD HRASTOVOG DRVETA, LAKIRANO BEZBOJNIM LAKOM, PROMJERA 40 MM. SVE MONTIRANO NA OGRADU POCINČANOG ČELIKA. (OBRAĐENO DRUGDJE).
C139: M' | D139: 33 | E139: ='[1]B_III_STOLARSKI RADOVI'!E139 -> 50 | F139: =SUM(D139*E139) -> 1650
A141: 28 | B141: DOBAVA MATERIJALA, IZRADA I UGRADNJA UNUTRAŠNJIH PROZORSKIH KLUPČICA OD HRASTOVINE I KLASE, DEBLJINE MIN 3 CM, STOLARSKE KVALITETE. ZAVRŠNA OBRADA LAZURNI BEZBOJNI PREMAZ. UKLJUČIVO SILIKONIRANJE RUBOVA PRIJE LIČENJA.
A142: A | B142: KLUPČICA ŠIRINE 58 CM | C142: M' | D142: 3.2 | E142: ='[1]B_III_STOLARSKI RADOVI'!E142 -> 200 | F142: =SUM(D142*E142) -> 640
A143: B | B143: KLUPČICA ŠIRINE 42 CM | C143: M' | D143: 8.2 | E143: ='[1]B_III_STOLARSKI RADOVI'!E143 -> 150 | F143: =SUM(D143*E143) -> 1230
A144: C | B144: KLUPČICA ŠIRINE 17 CM | C144: M' | D144: 16 | E144: ='[1]B_III_STOLARSKI RADOVI'!E144 -> 100 | F144: =SUM(D144*E144) -> 1600
B146: STOLARSKI UKUPNO | E146: EUR | F146: =SUM(F53:F145) -> 77940

Sheet B_IV_BRAVARSKI RADOVI 
A1: B.IV. | B1: BRAVARSKI RADOVI
A3: Redni broj | B3: Opis rada | C3: Jedinična mjera | D3: Količina | E3: Cijena u eurima | G3: JV
E5: Jedinična | F5: Ukupna
B7: NAPOMENA: SVE MJERE POTREBNO JE PROVJERITI U NARAVI! RADIONIČKE NACRTE PRIJE IZVEDBE TREBA PREGLEDATI I OVJERITI PROJEKTANT!
A8: 1 | B8: UNUTARNJA PROTUPOŽARNA VRATA
B9: IZRADA, DOBAVA I UGRADNJA JEDNOKRILNIH ZAOKRETNIH PROTUPOŽARNIH VRATA VATROOTPORNOSTI EI2 30-C
B10: VRATA SU DIMENZIJA 80/220 CM, ZAVRŠNA OBRADA BOJA U TONU PO IZBORU investitora.
B11: Okov izvesti originalan od dobavljača sustava usklađen nosivošću i tipom s težinom otvora i načinom otvaranja + mehanizam za automatsko zatvaranje vrata.
B12: ukupno: BRAVARSKA STAVKA 18 | C12: KOM | D12: 1 | E12: 1900 | F12: =SUM(D12*E12) -> 1900
B14: BRAVARSKI UKUPNO | E14: EUR | F14: =SUM(F11:F12) -> 1900

Sheet B_V_ ZAVRŠNI ZIDARSKI RADOVI
A1: B.V. | B1: ZAVRŠNI ZIDARSKI RADOVI
A3: Redni broj | B3: Opis rada | C3: Jedinična mjera | D3: Količina | E3: Cijena u eurima | G3: JV
E5: Jedinična | F5: Ukupna
A7: 1 | B7: DOBAVA MATERIJALA I IZRADA SLOJA CEMENTNOG ESTRIHA NA POLOŽENE SLOJEVE OD EPS-T DEBLJINE 2 CM I PE FOLIJE KOJI SU U CIJENI. POLISTIREN I PE FOLIJU PODIĆI PO VERTIKALI UZ ZIDOVE.
B8: Estrih je armiran mrežom 4 mm, okna 10 x 10 cm, u sredini sloja ili sintetskim vlaknima prema uputama proizvođača! Mješavina kamenog agregata 0-8 mm (frakcija 0 – 4 mm ne više od 60 %) sa količinom cementa do 380 kg/m3 ili gotova industrijski pripremljena smjesa.
A9: A | B9: ESTRIH PROJEKTNE DEBLJINE 7,5 CM | C9: M2 | D9: 10 | E9: ='[1]B_V_ ZAVRŠNI ZIDARSKI RADOVI'!E9 -> 40 | F9: =SUM(D9*E9) -> 400
A10: B | B10: ESTRIH PROJEKTNE DEBLJINE 6,5 CM | C10: M2 | D10: 115 | E10: ='[1]B_V_ ZAVRŠNI ZIDARSKI RADOVI'!E10 -> 30 | F10: =SUM(D10*E10) -> 3450
A11: B | B11: ESTRIH PROJEKTNE DEBLJINE 5,5 CM | C11: M2 | D11: 215 | E11: ='[1]B_V_ ZAVRŠNI ZIDARSKI RADOVI'!E11 -> 30 | F11: =SUM(D11*E11) -> 6450
A13: 2 | B13: DOBAVA MATERIJALA, ZIDANJE I UGRADNJA TROSLOJNOG DIMOVODNOG KANALA PROMJERA DIMOVODNE CIJEVI 20 CM. U CIJENI STAVKE JE I ŠAMOTNA CIJEV S FAZONSKIM KOMADIMA, ODSTOJNICI, ARMATURA, POSUDA ZA KONDENZAT DILATACIONA TRAKA, KIT ZA UNUTARNJU CIJEV, MINERALNA VUNA I VANJSKI OMOTAČ TE ZAVRŠNA MANŠETA OD LIMA 1,5 MM I MONTAŽNA ARMIRANO BETONSKA KAPA, VRATŠCA ZA ČIŠĆENJE I PRIKLJUČNI ELEMENT. SVE DO POTPUNE GOTOVOSTI DIMNJAKA.
A14: A | B14: DIMNJAKA | C14: M1 | D14: 12 | E14: ='[1]B_V_ ZAVRŠNI ZIDARSKI RADOVI'!E14 -> 300 | F14: =SUM(D14*E14) -> 3600
A15: B | B15: PRIKLJUČCI TROŠILA | C15: KOM | D15: 1 | E15: ='[1]B_V_ ZAVRŠNI ZIDARSKI RADOVI'!E15 -> 200 | F15: =SUM(D15*E15) -> 200
A16: C | B16: VRATAŠCA ZA ČIŠĆENJE | C16: KOM | D16: 1 | E16: ='[1]B_V_ ZAVRŠNI ZIDARSKI RADOVI'!E16 -> 200 | F16: =SUM(D16*E16) -> 200
A17: D | B17: MONTAŽNA AB I LIMENA KAPA | C17: KOM | D17: 1 | E17: ='[1]B_V_ ZAVRŠNI ZIDARSKI RADOVI'!E17 -> 500 | F17: =SUM(D17*E17) -> 500
A18: E | B18: POSUDE ZA KONDENZAT | C18: KOM | D18: 1 | E18: ='[1]B_V_ ZAVRŠNI ZIDARSKI RADOVI'!E18 -> 200 | F18: =SUM(D18*E18) -> 200
A21: 3 | B21: DOBAVA MATERIJALA I IZRADA UNUTARNJE STROJNE CEMENTNE PRODUŽNE ŽBUKE ZIDOVA D=1,5 CM NA PODLOZI OD AB ILI BLOK OPEKE, UKLJUČIVO KONTAKTNI VEZNI SLOJ, KUTNI PROFILI, RABICIRANO PO UGLOVIMA (CCA 10 % POVRŠINE). SKELA UKLJUČENA U CIJENU. VISINA DO 3 M. KORISTITI GOTOVU INDUSTRIJSKI PRIREĐENU SMJESU.
C22: M2 | D22: 410 | E22: ='[1]B_V_ ZAVRŠNI ZIDARSKI RADOVI'!E22 -> 30 | F22: =SUM(D22*E22) -> 12300
A24: 4 | B24: DOBAVA MATERIJALA I IZRADA UNUTARNJE STROJNE PRODUŽNE ŽBUKE STROPA, D=1,5 CM NA PODLOZI OD AB. OBVEZAN KONTAKTNI VEZNI SLOJ - CEMNTNI ŠPRIC, KUTNI PROFILI, RABIC PO UGLOVIMA (10 % POVRŠINE) SKELA UKLJUČENI U CIJENU. VISINA DO 3 M. KORISTITI GOTOVU INDUSTRIJSKI PRIREĐENU SMJESU.
C25: M2 | D25: 160 | E25: ='[1]B_V_ ZAVRŠNI ZIDARSKI RADOVI'!E25 -> 30 | F25: =SUM(D25*E25) -> 4800
A27: 5 | B27: ZIDARSKA PRIPOMOĆ KOD INSTALATERSKIH I OBRTNIČKIH RADOVA, RAZNA ŠTEMANJA, KRPANJA, PROBIJANJA, SITNI RADOVI I POPRAVCI NAKON OŠTEĆENJA.
B28: obračun sukladno ovjernim građevnim dnevnicima - predvidivo | C28: R/S | D28: 250 | E28: ='[1]B_V_ ZAVRŠNI ZIDARSKI RADOVI'!E28 -> 15 | F28: =SUM(D28*E28) -> 3750
A30: 6 | B30: ČIŠĆENJE OBJEKTA I GRADILIŠTA U TOKU IZVOĐENJA RADOVA I ZAVRŠNO FINO ČIŠĆENJE GRADILIŠTA I PRANJE GRAĐEVINE NAKON DOVRŠETKA GRADNJE I PREDAJE NA KORIŠTENJE INVESTIORU, SA ODVOZOM ŠUTE I SMEĆA NA GRADSKI DEPONIJ UZ PLAĆANJE KOMUNALNE NAKNADE.
C31: komplet | D31: 1 | E31: ='[1]B_V_ ZAVRŠNI ZIDARSKI RADOVI'!E31 -> 2500 | F31: =SUM(D31*E31) -> 2500
B33: ZAVRŠNI ZIDARSKI UKUPNO | E33: EUR | F33: =SUM(F9:F31) -> 38350

Sheet B_VI_ GIPSARSKI RADOVI
A1: B.VI. | B1: GIPSARSKI RADOVI
A3: Redni broj | B3: Opis rada | C3: Jedinična mjera | D3: Količina | E3: Cijena u eurima | G3: JV
E5: Jedinična | F5: Ukupna
A7: 1 | B7: DOBAVA MATERIJALA I IZRADA GIPSKARTONSKOG PREGRADNOG ZIDA DEBLJINE D=15 CM. ZID OBOSTRANO DVOSTRUKO OBLOŽEN G.K. PLOČOM D=1,25 CM SA SLOJEM IZOLACIJE OD MINERALNE VUNE, D= 8 CM. U CIJENU URAČUNATI I IZRADU OTVORA ZA UGRADBU VRATA TE KOMPLET BANDAŽIRANJE SPOJEVA I GLETANJE S BRUŠENJEM I IMPREGNACIJOM DO PODLOGE SPREMNE ZA BOJANJE. MAX VISINA ZIDA 300 CM.
A8: A | B8: ZIDA | C8: M2 | D8: 125 | E8: ='[1]B_VI_ GIPSARSKI RADOVI'!E8 -> 75 | F8: =SUM(D8*E8) -> 9375
A9: B | B9: DOPLATA ZA VLAGOOTPORNE PLOČE U JEDOM SLOJU | C9: M2 | D9: 100 | E9: ='[1]B_VI_ GIPSARSKI RADOVI'!E9 -> 5 | F9: =SUM(D9*E9) -> 500
A10: C | B10: DOPLATA ZA IZRADU POJAČANIH RUBOVA OTVORA ZA MONTAŽU BRAVARIJE I STIJENA | C10: M1 | D10: 12 | E10: ='[1]B_VI_ GIPSARSKI RADOVI'!E10 -> 100 | F10: =SUM(D10*E10) -> 1200
A12: 2 | B12: DOBAVA MATERIJALA I IZRADA GIPSKARTONSKOG PREGRADNOG ZIDA DEBLJINE D=10 CM. ZID OBOSTRANO DVOSTRUKO OBLOŽEN G.K. PLOČOM D=1,25 CM SA SLOJEM IZOLACIJE OD MINERALNE VUNE, D= 4 CM. U CIJENU URAČUNATI I IZRADU OTVORA ZA UGRADBU VRATA TE KOMPLET BANDAŽIRANJE SPOJEVA I GLETANJE S BRUŠENJEM I IMPREGNACIJOM DO PODLOGE SPREMNE ZA BOJANJE. MAX VISINA ZIDA 320 CM.
A13: A | B13: ZIDA | C13: M2 | D13: 90 | E13: ='[1]B_VI_ GIPSARSKI RADOVI'!E13 -> 75 | F13: =SUM(D13*E13) -> 6750
A14: B | B14: DOPLATA ZA VLAGOOTPORNE PLOČE U JEDOM SLOJU | C14: M2 | D14: 75 | E14: ='[1]B_VI_ GIPSARSKI RADOVI'!E14 -> 5 | F14: =SUM(D14*E14) -> 375
A16: 3 | B16: DOBAVA MATERIJALA I IZRADA GIPSKARTONSKOG PREGRADNOG ZIDA DEBLJINE D=7,5 CM. ZID OBOSTRANO OBLOŽEN VLAGOOTPORNOM G.K. PLOČOM D=1,25 CM. U CIJENU URAČUNATI I IZRADU OTVORA ZA UGRADBU VRATA TE KOMPLET BANDAŽIRANJE SPOJEVA I GLETANJE S BRUŠENJEM I IMPREGNACIJOM DO PODLOGE SPREMNE ZA BOJANJE. MAX VISINA ZIDA 300 CM.
C17: M2 | D17: 25 | E17: ='[1]B_VI_ GIPSARSKI RADOVI'!E17 -> 65 | F17: =SUM(D17*E17) -> 1625
A19: 4 | B19: DOBAVA MATERIJALA I IZRADA GIPSKARTONSKOG PREGRADNOG VATROOTPORNOG ZIDA F60 DEBLJINE D=15 CM SA SVIM SLOJEVIMA DANIM OD DOBAVLJAČA SUSTAVA DO TRAŽENE RAZINE VATROOTPORNOSTI. U CIJENU URAČUNATI I IZRADU OTVORA ZA UGRADBU VRATA TE KOMPLET BANDAŽIRANJE SPOJEVA I GLETANJE S BRUŠENJEM DO PODLOGE SPREMNE ZA BOJANJE. MAX VISINA ZIDA 300 CM. U CIJENI JE I DOSTAVA ATESTA OD STRANE PROIZVOĐAČA SUSTAVA ZA TRAŽENU RAZINU VATROOTPORNOSTI.
A20: A | B20: ZIDA | C20: M2 | D20: 25 | E20: ='[1]B_VI_ GIPSARSKI RADOVI'!E20 -> 100 | F20: =SUM(D20*E20) -> 2500
A21: B | B21: DOPLATA ZA PARNU BRANU PREMA NEGRIJANOM PROSTORU | C21: M2 | D21: 12 | E21: ='[1]B_VI_ GIPSARSKI RADOVI'!E21 -> 10 | F21: =SUM(D21*E21) -> 120
A23: 5 | B23: DOBAVA MATERIJALA I IZRADA SPUŠTENIH STROPOVA OD PUNIH G.K. PLOČA D=1,25 CM NA POCINČANOJ PODKONSTRUKCIJI. U CIJENU URAČUNATI I IZRADU OTVORA ZA UGRADNJU RASVJETE, VENT. REŠETKI I OSTALIH INST. IZVODA, TE KOMPLET BANDAŽIRANJE SPOJEVA I GLETANJE S BRUŠENJEM I IMPREGNACIJOM DO PODLOGE SPREMNE ZA BOJANJE. VISINA VJEŠANJA DO 125 CM. REVIZIJSKA OKNA DODATNO PO OBRAČUNU.
A24: A | B24: STROPA | C24: M2 | D24: 170 | E24: ='[1]B_VI_ GIPSARSKI RADOVI'!E24 -> 60 | F24: =SUM(D24*E24) -> 10200
A25: C | B25: REVIZIJSKA OKNA S POKLOPCEM DIMENZIJA 60/60 CM | C25: KOM | D25: 2 | E25: ='[1]B_VI_ GIPSARSKI RADOVI'!E25 -> 100 | F25: =SUM(D25*E25) -> 200
A27: 6 | B27: DOBAVA MATERIJALA I IZRADA OBLOGE KOSIH KROVNIH PLOHA GIPS-KARTONSKIM PLOČAMA SA POSTAVLJANJEM RAZDJELNIH SLOJEVA. U CIJENU URAČUNATI I IZRADU SVIH DETALJA OBLOGE OKO OTVORA, KROVNIH PROZORA I SL. KOMPLET BANDAŽIRANJE SPOJEVA I GLETANJE S BRUŠENJEM I IMPREGNACIJOM DO PODLOGE SPREMNE ZA BOJANJE. SLOJEVI KONSTRUKCIJE SU SLJEDEĆI:
B28: - PAROPROPUSNA FOLIJA
B29: - PARNA BRANA - LJEPLJENA PO PREKLOPIMA, µ > 1.000.000
B30: - GIPSKARTONSKA VATROOTPORNA PLOČA D=1,25 CM - na pocinčanim čeličnim C profilima 100 mm postavljenim poprečno na sekundarne profile
B31: - GIPSKARTONSKA PLOČA D=1,25 CM
C32: m2 | D32: 340 | E32: ='[1]B_VI_ GIPSARSKI RADOVI'!E32 -> 60 | F32: =ROUND(D32*E32,2) -> 20400
A34: 7 | B34: DOBAVA MATERIJALA I IZRADA OBLOGE ZIDA OD GIPSKARTONSKIH PLOČA NA SAMOSTOJEĆOJ POCINČANOJ PODKONSTRUKCIJI. JEDNOSTRANO OBLAGANJE JEDNOSTRUKOM G/K PLOČOM 12,5 MM I IZOLACIJOM OD SLOJA MINERALNE VUNE D=5 CM SA RAZDJELNIM SLOJEM PARNE BRANE. U CIJENU URAČUNATI I KOMPLET BANDAŽIRANJE SPOJEVA I GLETANJE S BRUŠENJEM I IMPREGNACIJOM DO PODLOGE SPREMNE ZA BOJANJE.
C35: M2 | D35: 210 | E35: ='[1]B_VI_ GIPSARSKI RADOVI'!E35 -> 60 | F35: =SUM(D35*E35) -> 12600
B37: GIPSARSKI RADOVI UKUPNO | F37: =SUM(F8:F36) -> 65845

Sheet B_VII_RADOVI NA PROČELJU
A1: B.VII. | B1: RADOVI NA PROČELJU
A3: Redni broj | B3: Opis rada | C3: Jedinična mjera | D3: Količina | E3: Cijena u eurima | G3: JV
E5: Jedinična | F5: Ukupna
A7: 1 | B7: DOBAVA MATERIJALA I IZRADA SLOJEVA KONTAKTNOG PROČELJA POSTAVOM TOPLINSKE IZOLACIJE OD KAŠIRANE MINERALNE VUNE SA SLIJEDEĆIM ELEMENTIMA.
A9: 1.1 | B9: Toplinska izolacija debljine 200 mm
B10: Toplinska izolacija se izvodi kaširanom kamenom vunom s crnim voalom. λ< 0,035 W/m2K. Vuna se polaže između potkonstrukcije, a učvršćuje se plastičnim pričvrsnicama sa širokom glavom, u broju prema preporuci odabranog proizvođača. PVC pričvrsnice 6-8 kom/m².
C11: m2 | D11: 230 | E11: ='[1]B_VII_RADOVI NA PROČELJU'!E11 -> 60 | F11: =ROUND(D11*E11,2) -> 13800
A13: 1.2 | B13: Toplinska izolacija debljine 50 mm - izolacija postojećeg uličnog zida (sa unutarnje strane)
B14: Toplinska izolacija se izvodi kaširanom kamenom vunom s crnim voalom. λ< 0,035 W/m2K. Vuna se učvršćuje se plastičnim pričvrsnicama sa širokom glavom, u broju prema preporuci odabranog proizvođača. PVC pričvrsnice 6-8 kom/m².
C15: m2 | D15: 120 | E15: ='[1]B_VII_RADOVI NA PROČELJU'!E15 -> 20 | F15: =ROUND(D15*E15,2) -> 2400
A16: 1.3 | B16: Toplinska izolacija debljine 50 mm - špalete otvora
B17: Toplinska izolacija se izvodi kaširanom kamenom vunom s crnim voalom. λ< 0,035 W/m2K. Vuna se polaže između potkonstrukcije, a učvršćuje se plastičnim pričvrsnicama sa širokom glavom, u broju prema preporuci odabranog proizvođača. PVC pričvrsnice 6-8 kom/m².
C18: m2 | D18: 20 | E18: ='[1]B_VII_RADOVI NA PROČELJU'!E18 -> 20 | F18: =ROUND(D18*E18,2) -> 400
A19: 1.4 | B19: ARMIRAJUĆI SLOJ SUSTAVA. Prvi se sloj GRAĐEVNOG LJEPILA nanosi nazubljenom gladilicom u debljini 2 mm i u njega odmah utisne ALKALNO POSTOJANA STAKLENA MREŽICA (izmjere očica 4 mm x 4 mm) i zagladi. Drugi se sloj ljepila nanosi najranije nakon 24 sata u debljini od 2 mm ili prema preporukama proizvođača. Ukupna je debljina sloja oko 4 mm, suši se 5 – 7 dana. Na podložnu je žbuku prije nanošenja prvog sloja ljepila potrebno ojačati kutove svih otvora dijagonalnim lijepljenjem traka mrežice (500 mm x 250 mm). Utrošak je ljepila oko 5 kg/m2, a mrežice 1.1 m2/m2 | C19: M2 | D19: 230 | E19: ='[1]B_VII_RADOVI NA PROČELJU'!E19 -> 30 | F19: =SUM(D19*E19) -> 6900
A21: 1.5 | B21: SLOJ ZAVRŠNE FASADNE TANKOSLOJNE SILIKATNO-SILIKONSKE ŽBUKE GRANULACIJE 1, 5 MM U BOJI PO IZBORU (U DOGOVORU SA NADLEŽNIM KONZERVATOROM), KOMPLET S PRIPREMOM OŽBUKANE PODLOGE. PRIPREMA PODLOGE OBUHVAĆA SLIJEDEĆE: OTPRAŠIVANJE I IMPREGNACIJU PREMA UPUTAMA PROIZVOĐAČA ŽBUKE, BRUŠENJE I OTPRAŠIVANJE. NAKON KRAĆEG STVRDNJAVANJA ŽBUKU ZARIBATI KRUŽNO PLASTIČNOM GLADILICOM. NA ZABATNIM PROČELJIMA IZVODE SE PROFILACIJE UZ RUB KROVA (KAO POSTOJEĆE, PROFILACIJA P1 A PREMA SNIMLJENOM STANJU I IZRAĐENOJ ŠABLONI - OBRAĐENO DRUGDJE), OKO SVIH PROZORA IZVODE SE PASPARTUI ŠIRINE 10 CM U RAVNINI OSNOVNE PLOHE PROČELJA, OD ŽBUKE NEKOLIKO NIJANSI SVJETLIJE OD OSNOVNE BOJE PROČELJA).
B22: POVRŠINA RAČUNATA S KOREKCIJSKIM FAKTOROM 3 | C22: M2 | D22: 690 | E22: ='[1]B_VII_RADOVI NA PROČELJU'!E22 -> 30 | F22: =SUM(D22*E22) -> 20700
A24: 2 | B24: DOBAVA, POSTAVA I DEMONTAŽA CIJEVNE SKELE U UNTRAŠNJOSTI GRAĐEVINE I OKO GRAĐEVINE U SKLADU S PRAVILIMA STRUKE, PROPISIMA O ZAŠTITI NA RADU I VAŽEĆIM ZAKONIMA I NORMAMA, TE NJEN ANGAŽMAN ZA VRIJEME TRAJANJA RADOVA.
C25: KOMPLET | D25: 1 | E25: ='[1]B_VII_RADOVI NA PROČELJU'!E25 -> 8000 | F25: =SUM(D25*E25) -> 8000
B27: RADOVI NA PROČELJU UKUPNO | E27: EUR | F27: =SUM(F9:F25) -> 52200

Sheet B.VII KAMENOREZAČKI RADOVI
A1: B.VII. | B1: KAMENOREZAČKI RADOVI
A3: Redni broj | B3: Opis rada | C3: Jedinična mjera | D3: Količina | E3: Cijena u eurima | G3: JV
E5: Jedinična | F5: Ukupna
A7: 1 | B7: DOBAVA MATERIJALA, IZRADA OBRADA I UGRADNJA VANJSKE OBLOGE ZIDA GRAĐEVINE (SOKL) OD PUNOG PRIRODNOG KAMENOG MATERIJALA. KAMEN KAO POSTOJEĆI (UPOTRIJEBITI POSTOJEĆI, PRETHODNO PAŽLJIVO UKLONJEN, ILI UPOTRIJEBITI NOVI KAMEN, ODABRATI KAMEN U DOGOVORU SA NADLEŽNIM KONZERVATOROM). DEBLJINA OBLOGE MIN 10 CM, ODNOSNO U SKLADU SA POSTOJEĆOM DEBLJINOM KAMENA.
C8: M2 | D8: 40 | E8: 400 | F8: =SUM(D8*E8) -> 16000
B10: KAMENOREZAČKI RADOVI - UKUPNO | E10: EUR | F10: =SUM(F8:F9) -> 16000

Sheet B_X_ KERAMIČARSKI RADOVI
A1: B.X. | B1: KERAMIČARSKI RADOVI
A3: Redni broj | B3: Opis rada | C3: Jedinična mjera | D3: Količina | E3: Cijena u eurima | G3: JV
E5: Jedinična | F5: Ukupna
A7: 1 | B7: DOBAVA MATERIJALA I POLAGANJE PODNIH KERAMIČKIH PLOČICA DIMENZIJA, OBRADE I BOJE PREMA ODABIRU PROJEKTANTA IZ PONUDE DOBAVLJAČA. PLOČICE SE POLAŽU LJEPLJENJEM FLEKSIBILNIM CEMENTNIM LJEPILOM NA PRETHODNO IZVEDENI SLOJ ESTRIHA. REŠKE MORAJU TEĆI KONTINUIRANO KROZ PROSTORIJE. REŠKE DEBLJINE MAX 1 MM. STAVKA OBUHVAĆA SAV RAD SA SVIM POTREBNIM PREDRADNJAMA, POMOĆNIM MATERIJALOM I PRIBOROM TE FUGIRANJEM U BOJI PO IZBORU. U STAVCI SILIKONIRANJE RUBNIH SPOJEVA ZIDOVA I PODOVA SILIKONSKOM MASOM U BOJI PLOČICA. TON I OBRADA PLOČICA PO IZBORU PROJEKTANTA IZ PONUDE DOBAVLJAČA.
A8: A | B8: KERAMIČKE PODNE OBLOGE PROTUKLIZNOSTI R11, DEBLJINA KERAMIKE MINIMALNO 8 MM, TVRDOĆA PLOČICE NAJMANJE 5, ATESTIRANA ZA JAVNE PROSTORE, VODOUPOJNOSTI 0.5 < E = 3 %, OTPORNOST NA ABRAZIJU (HABANJE) PEI 4, PLOČICE CIJENOVNI RAZRED min. 33 EUR/M2 . | C8: M2 | D8: 170 | E8: ='[1]B_X_ KERAMIČARSKI RADOVI'!E8 -> 80 | F8: =SUM(D8*E8) -> 13600
A9: B | B9: PROTUKLIZIH ALU PROFILA NA GAZIŠTIMA STUBIŠTA | C9: M1 | D9: 42 | E9: ='[1]B_X_ KERAMIČARSKI RADOVI'!E9 -> 20 | F9: =SUM(D9*E9) -> 840
A11: 2 | B11: DOBAVA MATERIJALA I POLAGANJE KERAMIČKIH PLOČICA ZA IZRADU 'SOKLOVA' VISINE 7 CM. KORISTITI INDUSTRIJSKI PROIZVEDENE 'SOKL' PLOČICE ZA SKOŠENIM GORNJIM RUBOM. PLOČICE MORAJU BITI JEDNAKE KVALITETE I OBRADE KAO U STAVCI 1. PLOČICE SE POLAŽU LJEPLJENJEM CEMENTNIM LJEPILOM. REŠKE DEBLJINE MAX 1 MM USKLADITI S POLOŽAJEM REŠKI NA PODU. PLOČICE CIJENOVNI RAZRED min. 10 EUR/M1. STAVKA OBUHVAĆA SAV RAD SA SVIM POTREBNIM PREDRADNJAMA, POMOĆNIM MATERIJALOM I PRIBOROM TE FUGIRANJEM U BOJI PO IZBORUTE FUGIRANJEM U BOJI PO IZBORU. TON I OBRADA PLOČICA PO IZBORU PROJEKTANTA IZ PONUDE DOBAVLJAČA.
C12: M1 | D12: 130 | E12: ='[1]B_X_ KERAMIČARSKI RADOVI'!E12 -> 20 | F12: =SUM(D12*E12) -> 2600
A14: 3 | B14: DOBAVA MATERIJALA I POLAGANJE ZIDNIH KERAMIČKIH PLOČICA, VODOUPOJNOSTI 0.5 < E = 3 %. PLOČICE SE POLAŽU LJEPLJENJEM FLEKSIBILNIM CEMENTNIM LJEPILOM NA PRETHODNO IZVEDENI G.K. ILI ŽBUKANI ZID. REŠKE MORAJU TEĆI KONTINUIRANO KROZ PROSTORIJE. REŠKE DEBLJINE MAX 1 MM. PLOČICE CIJENOVNI RAZRED CCA 150 KN/M2. STAVKA OBUHVAĆA SAV RAD SA SVIM POTREBNIM PREDRADNJAMA, POMOĆNIM MATERIJALOM I PRIBOROM TE FUGIRANJEM U BOJI PO IZBORU. U STAVCI SILIKONIRANJE RUBNIH SPOJEVA ZIDOVA SILIKONSKOM MASOM U BOJI PLOČICA I POLAGANJE PVC RUBNIH PROFILA NA KONVEKSNIM UGLOVIMA. TON I OBRADA PLOČICA PO IZBORU PROJEKTANTA IZ PONUDE DOBAVLJAČA. U CIJENI KOMPLETAN MATERIJAL I RAD.
C15: M2 | D15: 260 | E15: ='[1]B_X_ KERAMIČARSKI RADOVI'!E15 -> 70 | F15: =SUM(D15*E15) -> 18200
A17: 4 | B17: DOBAVA MATERIJALA I MONTAŽA RUBNIH ALU PROFILA NA SPOJEVIMA DRUGIH PODNIH OBLOGA UNUTAR GRAĐEVINE S OBLOGOM OD KER. PLOČICA. KORISTITI STANDARDNI ALU PROFIL 4/1/0,2 CM.
C18: M1 | D18: 8 | E18: ='[1]B_X_ KERAMIČARSKI RADOVI'!E18 -> 20 | F18: =SUM(D18*E18) -> 160
A20: 5 | B20: DOBAVA MATERIJALA I UGRADNJA ŠINE I KLIZNOG PLASTIFICIRANOG ZASTORA ZA TUŠ KABINU.
C21: KOM | D21: 6 | E21: ='[1]B_X_ KERAMIČARSKI RADOVI'!E21 -> 200 | F21: =SUM(D21*E21) -> 1200
B23: KERAMIČARSKI UKUPNO | E23: EUR | F23: =SUM(F1:F22) -> 36600

Sheet B_XI_ SOBOSLIKARSKI RADOVI
A1: B.XI. | B1: SOBOSLIKARSKI RADOVI
A3: Redni broj | B3: Opis rada | C3: Jedinična mjera | D3: Količina | E3: Cijena u eurima | G3: JV
E5: Jedinična | F5: Ukupna
A7: 1 | B7: DOBAVA MATERIJALA, PRIPREMNE RADNJE I LIČENJE ZIDOVA POLUDIPERZIJSKOM BOJOM. KOMPLET S PRIPREMOM OŽBUKANE PODLOGE ILI NA PRIPREMLJENU PODLOGU OD G/K PLOČA. PRIPREMA PODLOGE OBUHVAĆA SLIJEDEĆE: OTPRAŠIVANJE I GLETANJA, BRUŠENJE I OTPRAŠIVANJE. LIČENJE U POTREBNOM BROJU PREMAZA (NAJMANJE DVA) DO POTPUNOG PREKRIVANJA PODLOGE.
A8: A | B8: PRIPREMA OŽBUKNE PODLOGE ZIDA (gletanje+impregnacija) | C8: M2 | D8: 825 | E8: ='[1]B_XI_ SOBOSLIKARSKI RADOVI'!E8 -> 8 | F8: =SUM(D8*E8) -> 6600
A9: C | B9: LIČENJE ZIDA U TONU PO IZBORU | C9: M2 | D9: 775 | E9: ='[1]B_XI_ SOBOSLIKARSKI RADOVI'!E9 -> 8 | F9: =SUM(D9*E9) -> 6200
A10: D | B10: LIČENJE ZIDA NEŠKODLJIVOM VISOKO PERIVOM BOJOM U TONU PO IZBORU IZ RAL PALETE. BOJA TREBA BITI OTPORNA NA MOKRO ČIŠĆENJE UOBIČAJENIM SREDSTVIMA ZA ČIŠĆENJE I MEDICINSKIM DEZINFEKCIJSKIM SREDSTVIMA. DOBRE OTPORNOSTI NA HABANJE. ZAVRŠNOG IZGLEDA BEZ SJAJA (MAT). SADRŽAJ LAKO HLAPLJIVIH ORGANSKIH TVARI U OKVIRU ZAKONOM PROPISANIH NORMATIVA. | C10: M2 | D10: 50 | E10: ='[1]B_XI_ SOBOSLIKARSKI RADOVI'!E10 -> 9 | F10: =SUM(D10*E10) -> 450
A12: 2 | B12: DOBAVA MATERIJALA I LIČENJE STROPOVA I KOSIH STROPNIH PLOHA POTKROVLJA POLUDIPERZIJSKOM BOJOM KOMPLET S PRIPREMOM OŽBUKANE PODLOGE ILI NA PRIPREMLJENU PODLOGU OD G/K PLOČA. PRIPREMA PODLOGE OBUHVAĆA SLIJEDEĆE: OTPRAŠIVANJE I GLETANJA, BRUŠENJE I OTPRAŠIVANJE. LIČENJE U POTREBNOM BROJU PREMAZA (NAJMANJE DVA) DO POTPUNOG PREKRIVANJA PODLOGE.
A13: A | B13: PRIPREMA OŽBUKNE PODLOGE (gletanje+impregnacija) | C13: M2 | D13: 160 | E13: ='[1]B_XI_ SOBOSLIKARSKI RADOVI'!E13 -> 5 | F13: =SUM(D13*E13) -> 800
A14: B | B14: LIČENJE STROPA U BIJELO | C14: M2 | D14: 670 | E14: ='[1]B_XI_ SOBOSLIKARSKI RADOVI'!E14 -> 7.5 | F14: =SUM(D14*E14) -> 5025
B16: SOBOSLIKARSKI UKUPNO | E16: EUR | F16: =SUM(F8:F15) -> 19075

Sheet B_XIII_ PODOPOLAGAČKI RADOVI
A1: B.XIII. | B1: PODOPOLAGAČKI RADOVI
A3: Redni broj | B3: Opis rada | C3: Jedinična mjera | D3: Količina | E3: Cijena u eurima | G3: JV
E5: Jedinična | F5: Ukupna
A7: 1 | B7: DOBAVA MATERIJALA I IZRADA PODNOG SUSTAVA NA BAZI EPOKSIDNE SMOLE (U TEHNIČKIM PROSTORIMA U PRIZEMLJU) UKUPNE DEBLJINE 3mm, GLATKE OBOJENE ELASTIČNE PODNE OBLOGE, NISKE EMISIJE VOC-a, SATAVLJEN OD:
B8: - TEMELJNOG PREMAZA
B9: - OSNOVNOG SLOJA
B10: - ZAVRŠNOG SLOJA LAKA
B11: STAVKA UKLJUČUJE SLIJEDEĆE:
B12: Priprema suhe podloge vrši se strojno sačmarenjem, niveliranjem, brušenjem ili frezanjem. Priprema se izvodi radi odstranjivanja loših dijelova, onečišćenja i cementnog mlijeka sa komplet čišćenjem, usisavanjem, a sve zbog potrebne prionjivosti podne obloge za podlogu. Podloga treba imati minimalnu vlačnu čvrstoću 1,5 N/mm². Izvršiti sanaciju pukotina, oštećenjana podu kao i korekciju visina sa reparaturnim mortom na bazi epoksidnih smola i punila na bazi kvarcnog pijeska, izrazito visoke otpornosti na habanje i opterećenja. Tlačna čvrstoća: 80 N/mm2 Savojna čvrstoća: 40 N/mm2 Dobava i ugradnja podnog sustava na bazi dvokomponentnih epoksidnih smola i specijalnih punila sukladno ponuđenom sustavu podne obloge u svim potrebnim slojeveima prema uputama proizvođača do potpune gotovosti sustava. Nijansu boje poda izabrati u dogovoru sa projektantom. Stavaka uključuje i izrada zaobljenog spoja zida i poda tkz. holker sokla od radijusa R=3 cm i visine 8 cm od epoksidnog morta i nanošenje završnog premaza podne obloge.
A13: A | B13: PODNE OBLOGE | C13: M2 | D13: 10 | E13: ='[1]B_XIII_ PODOPOLAGAČKI RADOVI'!E13 -> 100 | F13: =SUM(D13*E13) -> 1000
A14: B | B14: HOLKELA - SPOJA ZIDA I PODA | C14: M1 | D14: 25 | E14: ='[1]B_XIII_ PODOPOLAGAČKI RADOVI'!E14 -> 30 | F14: =SUM(D14*E14) -> 750
A16: 2 | B16: DOBAVA MATERIJALA I IZRADA IZRAVNAVAJUĆEG SLOJA PODA MASOM ZA IZRAVNANJE U DEBLJINI OD 1 DO 2 MM, NA SUHU, ČVRSTU I RAVNU PODLOGU. DOPUŠTENE SU GRANIČNE VRIJEDNOSTI NERAVNINA GOTOVE PODLOGE PREMA DIN 18202 ili jednakovrijedno MJERENA NA RAZMAKU OD 2M – 7MM, 0.20M – 2MM, A DOZVOLJENA VLAŽNOST ESTRIHA PREMA DIN 18560 ili jednakovrijedno JE 2% CM.
C17: M2 | D17: 10 | E17: ='[1]B_XIII_ PODOPOLAGAČKI RADOVI'!E17 -> 30 | F17: =SUM(D17*E17) -> 300
A19: 3 | B19: DOBAVA MATERIJALA I POLAGANJE PODNE OBLOGE OD PODNIH DRVENIH PANELA: 'HIGH PERFORMANCE' PARKET OTPORAN NA OGREBOTINE I HABANJE, VLAGU, VODU, PROTUKLIZAN, SA CERTIFIKATOM ODRŽIVOG GOSPODARENJA ŠUMAMA. DEBLJINE 14 MM, JEZGRA OD WBF ŠPERPLOČE VEZANE SMOLOM, ZAVRŠNO PRIRODNI DRVENI FURNIR IMPREGNIRAN SMOLOM, IZ PALETE PRIRODNOG DRVETA - HRAST, OBAVEZAN PREGLED UZORKA OD STRANE PROJEKTANTA. PLOČE DIMENZIJA 188 × 2450 MM. POLAGANJE SE VRŠI NA POTPUNO IZNIVELIRANU PODLOGU, STRUKTURNE VLAŽNOSTI MAX 2,5 %. PLOČE SE POLAŽU NA SLOJ PODLOŽNOG NETKANOG FILCA I MEĐUSOBNO LIJEPE JEDNOKOMPONENTNIM KONSTRUKTIVNIM LJEPILOM. U CIJENI STAVKE SAV RAD I MATERIJAL DO POTPUNE GOTOVOSTI PODNE PLOHE. STAVKA OBUHVAĆA DOBAVU MATERIJALA I IZRADU KUTNIH LETVI PRAVOKUTNOG DRVENOG HRASTOVOG PROFILA DIMENZIJA 30/70 MM. PROFIL SE LIJEPI NA PODLOGU STRUKTURNIM JEDNOKOMPONENTNIM LJEPILOM.
A20: A | B20: PODNE OBLOGE OD HP PARKETNIH PLOČA | C20: M2 | D20: 180 | E20: ='[1]B_XIII_ PODOPOLAGAČKI RADOVI'!E20 -> 80 | F20: =SUM(D20*E20) -> 14400
A21: B | B21: RUBNIH PROFILA | C21: M1 | D21: 170 | E21: ='[1]B_XIII_ PODOPOLAGAČKI RADOVI'!E21 -> 30 | F21: =SUM(D21*E21) -> 5100
A23: 4 | B23: DOBAVA MATERIJALA I POLAGANJE OTIRAČA U PROSTORU VJETROBRANA. OTIRAČ NEUGIBLJIVI, PRILAGOĐEN PROLASKU INVALIDNIH OSOBA U KOLICIMA, S POPREČNIM ALU LETVICAMA. SVE U SKLADU S UPUTAMA PROIZVOĐAČA PONUĐENOG SUSTAVA. ODABIR TONA I TIPA OTIRAČA PO ODOBRENJU PROJEKTANTA.
A24: A | B24: OTIRAČ | C24: M2 | D24: 2.5 | E24: ='[1]B_XIII_ PODOPOLAGAČKI RADOVI'!E24 -> 500 | F24: =SUM(D24*E24) -> 1250
A25: B | B25: OKVIR OD INOX 'L' PROFILA VISINE SUKLADNO PONUĐENOM OTIRAČU UPUŠTEN U ESTRIH | C25: M1 | D25: 7 | E25: ='[1]B_XIII_ PODOPOLAGAČKI RADOVI'!E25 -> 50 | F25: =SUM(D25*E25) -> 350
B27: PODOPOLAGAČKI UKUPNO | E27: EUR | F27: =SUM(F13:F25) -> 23150

Sheet B_XIV_KONZERVATORSKI RADOVI
A1: B.XIV | B1: KONZERVATORSKO RESTAURATORSKI RADOVI
A7: Redni broj | B7: Opis rada | C7: Jedinična mjera | D7: Količina | E7: Cijena u eurima | G7: JV
E9: Jedinična | F9: Ukupna
A11: 1 | B11: RESTAURACIJA POSTOJEĆIH GLAVNIH ULAZNIH VRATA, NJIHOVO VRAĆANJE U TEHNIČKI ISPRAVNO STANJE I NJIHOVA PONOVNA UGRADNJA, SVE U DOGOVORU SA NADLEŽNIM KONZERVATORSKIM NADZOROM. STAVKA UKLJUČUJE UVID U POSTOJEĆE STANJE PRIJE DAVANJA PONUDE.
B12: ST.1 | C12: KOM | D12: 1 | E12: ='[1]B_XIV_KONZERVATORSKI RADOVI'!E12 -> 8000 | F12: =SUM(D12*E12) -> 8000
A14: 2 | B14: DOBAVA MATERIJALA, IZRADA ŽBUKE I ŽBUKANJE SVIH POVRŠINA I VUČENIH PROFILA GRUBOM VAPNENOM ŽBUKOM BEZ ZAVRŠNE OBRADE, TJ GLETANJA NA ČISTU I HRAPAVU PODLOGU. PODLOGU PRIJE ŽBUKANJA VLAŽITI DA NE ISUŠI ŽBUKU. ŽBUKANJE IZVODITI NAKON PRIRODNOG ISUŠIVANJA OPEČNIH ZIDOVA PO PREKIDU KAPILARNE VLAGE. KORISTITI GOTOVU, INDUSTRIJSKI PRIPREMLJENU MJEŠAVINU RENOMIRANOG PROIZVOĐAČA GRANULACIJE DO 2 MM, POGODNU ZA RAD NA SPOMENICIMA KULTURE I ODOBRENU OD STRANE KONZERVATORSKOG NADZORA. U CIJENI JE I IZVLAČENJE SVIH DUBOKIH PROFILACIJA NA PLOHAMA PROČELJA KOJE JE NUŽNO IZVESTI U OVOJ ETAPI ŽBUKANJA.
B15: POVRŠINA RAČUNATA S KOREKCIJSKIM FAKTOROM 2 | C15: M2 | D15: 260 | E15: ='[1]B_XIV_KONZERVATORSKI RADOVI'!E15 -> 80 | F15: =SUM(D15*E15) -> 20800
A17: 3 | B17: DOBAVA MATERIJALA, IZRADA ŽBUKE I ŽBUKANJE SVIH POVRŠINA PROČELJA FINOM VAPNENOM PRODUŽNOM ŽBUKOM UZ IZVLAČENJE SVIH DUBOKIH I PLITKIH PROFILACIJA NA PLOHAMA PROČELJA. KORISTITI GOTOVU, INDUSTRIJSKI PRIPREMLJENU MJEŠAVINU RENOMIRANOG PROIZVOĐAČA GRANULACIJE DO 1 MM, POGODNU ZA RAD NA SPOMENICIMA KULTURE I ODOBRENU OD STRANE KONZERVATORSKOG NADZORA. ZAVRŠNA OBRADA U GLATKO.
B18: POVRŠINA RAČUNATA S KOREKCIJSKIM FAKTOROM 3 | C18: M2 | D18: 390 | E18: ='[1]B_XIV_KONZERVATORSKI RADOVI'!E18 -> 60 | F18: =SUM(D18*E18) -> 23400
A20: 4 | B20: DOBAVA MATERIJALA, IZRADA ŽBUKE I ŽBUKANJE PODNOŽNOG DIJELA ZIDA PROČELJA U VISINI OD CCA 80 CM SANACIJSKOM ŽBUKOM. KORISTITI GOTOVU, INDUSTRIJSKI PRIPREMLJENU MJEŠAVINU RENOMIRANOG PROIZVOĐAČA GRANULACIJE DO 1 MM, POGODNU ZA RAD NA SPOMENICIMA KULTURE. ZAVRŠNA OBRADA U GLATKO, DRVENOM GLADILICOM.
C21: M2 | D21: 20 | E21: ='[1]B_XIV_KONZERVATORSKI RADOVI'!E21 -> 100 | F21: =SUM(D21*E21) -> 2000
A23: 5 | B23: SNIMANJE PROFILA POSTOJEĆIH VUČENIH PROFILACIJA I DETALJA PROČELJA, NJIHOVO ISCRTAVANJE UZ ODOBRENJE NADLEŽNOG KONZERVATORSKOG NADZORA PRIJE OBIJANJE POSTOJEĆE ŽBUKE S UPISOM U GRAĐEVINSKI DNEVNIK.
B24: P1 - PROFILACIJA NA JUŽNOM ZABATNOM ZIDU (ISPOD KROVA) | C24: KOM | D24: 1 | E24: ='[1]B_XIV_KONZERVATORSKI RADOVI'!E24 -> 200 | F24: =SUM(D24*E24) -> 200
B25: P2 - PROFILACIJA ZAVRŠNOG VIJENCA OSNOVNOG KROVA NA ULIČNOM PROČELJU (UKLJUČIVO PROFILACIJU NA ISTAKNUTOM ULAZNOM VOLUMENU) | C25: KOM | D25: 1 | E25: ='[1]B_XIV_KONZERVATORSKI RADOVI'!E25 -> 200 | F25: =SUM(D25*E25) -> 200
B26: P3 - PROFILACIJA ZAVRŠNOG VIJENCA KROVA NA ULIČNOM ERKERU | C26: KOM | D26: 1 | E26: ='[1]B_XIV_KONZERVATORSKI RADOVI'!E26 -> 200 | F26: =SUM(D26*E26) -> 200
B27: P4 - PROFILACIJA RAZDJELNOG VIJENCA IZMEĐU PRIZEMLJA I 1. KATA | C27: KOM | D27: 1 | E27: ='[1]B_XIV_KONZERVATORSKI RADOVI'!E27 -> 200 | F27: =SUM(D27*E27) -> 200
B28: P5 - PROFILACIJA PROZORSKE KLUPČICE PROZORA NA OSNOVNOM ULIČNOM PROČELJU | C28: KOM | D28: 1 | E28: ='[1]B_XIV_KONZERVATORSKI RADOVI'!E28 -> 200 | F28: =SUM(D28*E28) -> 200
B29: P6 - PROFILACIJA PROZORSKE KLUPČICE PROZORA NA ULIČNOM PROČELJU ISTAKNUTOG ULAZNOG VOLUMENA (1. KAT) | C29: KOM | D29: 1 | E29: ='[1]B_XIV_KONZERVATORSKI RADOVI'!E29 -> 200 | F29: =SUM(D29*E29) -> 200
B30: P7 - PROFILACIJA ELIPTIČNE LUNETE NA ULIČNOM PROČELJU ISTAKNUTOG ULAZNOG VOLUMENA | C30: KOM | D30: 1 | E30: ='[1]B_XIV_KONZERVATORSKI RADOVI'!E30 -> 200 | F30: =SUM(D30*E30) -> 200
B31: P8 - 3D IZMJERA ZA IZRADU KALUPA UKRASNE ARHITEKTONSKE PLASTIKE (GLAVE NA KROVU ULIČNOG PROČELJA ISTAKNUTOG ULAZNOG VOLUMENA) | C31: KOM | D31: 1 | E31: ='[1]B_XIV_KONZERVATORSKI RADOVI'!E31 -> 200 | F31: =SUM(D31*E31) -> 200
A33: 6 | B33: DOBAVA MATERIJALA IZRADA KALUPA I DRVENIH I LIMENIH ŠABLONA SA METALNIM RUBOM ZA VUČENE PROFILACIJE PREMA POSTOJEĆIM PROFILACIJAMA I PREMA KATALOGU VUČENIH PROFILACIJA (ŠABLONE IZRADITI PRIJE UKLANJANJA ŽBUKE!) I IZRADA VUČENIH PROFILACIJA NA PROČELJU U FINOM VAPNENOM MORTU I NJIHOVA ZAVRŠNA OBRADA U 'GLATKO'. ŠABLONE JE POTREBNO PREZENTIRATI I ZATRAŽITI ODOBRENJE OD KONZERVATORSKOG NADZORA PRIJE OBIJANJE POSTOJEĆE ŽBUKE S UPISOM U GRAĐEVINSKI DNEVNIK.
B35: P1 - PROFILACIJA NA JUŽNOM ZABATNOM ZIDU (ISPOD KROVA)
B36: ŠABLONA | C36: KOM | D36: 1 | E36: ='[1]B_XIV_KONZERVATORSKI RADOVI'!E36 -> 200 | F36: =SUM(D36*E36) -> 200
B37: IZRADA VUČENIH PROFILACIJA RAZVIJENE ŠIRINE 22 CM | C37: M1 | D37: 26 | E37: ='[1]B_XIV_KONZERVATORSKI RADOVI'!E37 -> 100 | F37: =SUM(D37*E37) -> 2600
B39: P2 - PROFILACIJA ZAVRŠNOG VIJENCA OSNOVNOG KROVA NA ULIČNOM PROČELJU (UKLJUČIVO PROFILACIJU NA ISTAKNUTOM ULAZNOM VOLUMENU)
B40: ŠABLONA | C40: KOM | D40: 1 | E40: ='[1]B_XIV_KONZERVATORSKI RADOVI'!E40 -> 200 | F40: =SUM(D40*E40) -> 200
B41: IZRADA VUČENIH PROFILACIJA RAZVIJENE ŠIRINE 105 CM | C41: M1 | D41: 12 | E41: ='[1]B_XIV_KONZERVATORSKI RADOVI'!E41 -> 100 | F41: =SUM(D41*E41) -> 1200
B43: P3 - PROFILACIJA ZAVRŠNOG VIJENCA KROVA NA ULIČNOM ERKERU
B44: ŠABLONA | C44: KOM | D44: 1 | E44: ='[1]B_XIV_KONZERVATORSKI RADOVI'!E44 -> 200 | F44: =SUM(D44*E44) -> 200
B45: IZRADA VUČENIH PROFILACIJA RAZVIJENE ŠIRINE 55 CM | C45: M1 | D45: 5.6 | E45: ='[1]B_XIV_KONZERVATORSKI RADOVI'!E45 -> 100 | F45: =SUM(D45*E45) -> 560
B47: P4 - PROFILACIJA RAZDJELNOG VIJENCA IZMEĐU PRIZEMLJA I 1. KATA
B48: ŠABLONA | C48: KOM | D48: 1 | E48: ='[1]B_XIV_KONZERVATORSKI RADOVI'!E48 -> 200 | F48: =SUM(D48*E48) -> 200
B49: IZRADA VUČENIH PROFILACIJA RAZVIJENE ŠIRINE 35 CM | C49: M1 | D49: 20 | E49: ='[1]B_XIV_KONZERVATORSKI RADOVI'!E49 -> 100 | F49: =SUM(D49*E49) -> 2000
B51: P5 - PROFILACIJA PROZORSKE KLUPČICE PROZORA NA OSNOVNOM ULIČNOM PROČELJU
B52: ŠABLONA | C52: KOM | D52: 1 | E52: ='[1]B_XIV_KONZERVATORSKI RADOVI'!E52 -> 200 | F52: =SUM(D52*E52) -> 200
B53: IZRADA VUČENIH PROFILACIJA RAZVIJENE ŠIRINE 35 CM | C53: M1 | D53: 7.5 | E53: ='[1]B_XIV_KONZERVATORSKI RADOVI'!E53 -> 10 | F53: =SUM(D53*E53) -> 75
B55: P6 - PROFILACIJA PROZORSKE KLUPČICE PROZORA NA ULIČNOM PROČELJU ISTAKNUTOG ULAZNOG VOLUMENA (1. KAT)
B56: ŠABLONA | C56: KOM | D56: 1 | E56: ='[1]B_XIV_KONZERVATORSKI RADOVI'!E56 -> 200 | F56: =SUM(D56*E56) -> 200
B57: IZRADA VUČENIH PROFILACIJA RAZVIJENE ŠIRINE 35 CM | C57: M1 | D57: 2 | E57: ='[1]B_XIV_KONZERVATORSKI RADOVI'!E57 -> 100 | F57: =SUM(D57*E57) -> 200
B59: P7 - PROFILACIJA ELIPTIČNE LUNETE NA ULIČNOM PROČELJU ISTAKNUTOG ULAZNOG VOLUMENA
B60: ŠABLONA | C60: KOM | D60: 1 | E60: ='[1]B_XIV_KONZERVATORSKI RADOVI'!E60 -> 200 | F60: =SUM(D60*E60) -> 200
B61: IZRADA VUČENE PROFILACIJE ELIPTIČNE LUNETE RAZVIJENE ŠIRINE 8 CM | C61: M1 | D61: 1.3 | E61: ='[1]B_XIV_KONZERVATORSKI RADOVI'!E61 -> 100 | F61: =SUM(D61*E61) -> 130
A64: 7 | B64: DOBAVA MATERIJALA I LIČENJE PROČELJA, PROFILACIJA I ARHITEKTB52:B64ONSKE PLASTIKE MINERALNIM SILIKATNIM BOJAMA. PO TON KARTI U DOGOVORU S KONZERVATORIMA, S KOMPLETNOM PRIPREMOM PODLOGE PREMA RECEPTURI PROIZVOĐAČA BOJE.
B65: POVRŠINA RAČUNATA S KOREKCIJSKIM FAKTOROM 3 | C65: M2 | D65: 390 | E65: ='[1]B_XIV_KONZERVATORSKI RADOVI'!E65 -> 40 | F65: =SUM(D65*E65) -> 15600
A67: 8 | B67: ČIŠĆENJE OBJEKTA I GRADILIŠTA U TOKU TRAJANJA RADOVA IZ OVE GRUPE RADOVA I ZAVRŠNO FINO ČIŠĆENJE GRADILIŠTA I PRANJE GRAĐEVINE NAKON DOVRŠETKA GRADNJE I PREDAJE NA KORIŠTENJE INVESTITORU, SA ODVOZOM ŠUTE I SMEĆA NA GRADSKI DEPONIJ UZ PLAĆANJE KOMUNALNE NAKNADE.
C68: KOMPLET | D68: 1 | E68: ='[1]B_XIV_KONZERVATORSKI RADOVI'!E68 -> 500 | F68: =SUM(D68*E68) -> 500
B70: KONZERVATORSKO RESTAURATORSKI UKUPNO | E70: EUR | F70: =SUM(F4:F68) -> 80065

Sheet B_XVI_ ISPITIVANJE
A1: B.XV | B1: ISPITIVANJA
A3: Redni broj | B3: Opis rada | C3: Jedinična mjera | D3: Količina | E3: Cijena u eurima | G3: JV
E5: Jedinična | F5: Ukupna
A7: 1 | B7: Angažiranje svih potrebnih uređaja, opreme i sredstava te provođenje mjerenja i ispitivanja zahtjeva o zrakopropusnosti zgrade sukladno važećoj zakonskoj regulativi od strane ovlaštene osobe a prije tehničkog pregleda zgrade.
B8: Ispunjavanje zahtjeva o zrakopropusnosti iz odredbi članka 29. Tehničkog propisa dokazuje se ispitivanjem na izgrađenoj zgradi sukladno važećoj zakonskoj regulativi od strane ovlaštene osobe a prije tehničkog pregleda zgrade.
B9: O obavljenom ispitivanju treba nadzornom inženjeru dostaviti izvještaja o ispitivanju zrakopropusnosti omotača zgrade koje je izrađeno od strane ovlaštene tvrtke i osobe.
C10: komplet | D10: 1 | E10: 1500 | F10: =D10*E10 -> 1500
A12: 2 | B12: Angažiranje svih potrebnih uređaja, opreme i sredstava te provođenje termografskog pregleda zgrade i izdavanje energetskog certifikata sukladno važećoj zakonskoj regulativi od strane ovlaštene osobe a prije tehničkog pregleda zgrade.
C13: komplet | D13: 1 | E13: 1000 | F13: =SUM(D13*E13) -> 1000
A15: 3 | B15: Angažiranje svih potrebnih uređaja, opreme i sredstava te provođenje ispitivanja i mjerenja postignute razine zvučne izolacija pregrada u zgradi od strane akreditiranog izvršitelja (laboratorija) uz izdavanje izvještaja o ispitivanju.
C16: komplet | D16: 1 | E16: 1000 | F16: =SUM(D16*E16) -> 1000
A18: 4 | B18: Angažiranje svih potrebnih uređaja, opreme i sredstava te provođenje ispitivanja i mjerenja stvarne razine buke ugrađenih vanjskih uređaja i opreme na granici čestice od strane akreditiranog izvršitelja (laboratorija) uz izdavanje izvještaja o ispitivanju.
C19: komplet | D19: 1 | E19: 1000 | F19: =SUM(D19*E19) -> 1000
B21: ISPITIVANJA UKUPNO | E21: EUR | F21: =SUM(F10:F19) -> 4500

Sheet REKAPITULACIJA GRAĐ.OBRT.
B3: REKAPITULACIJA GRAĐEVINSKIH I OBRTNIČKIH RADOVA
A7: A.I. | B7: RADOVI DEMONTAŽE I RUŠENJA | C7: ='A_I_RUŠENJE I DEMONTAŽE'!F46 -> 59300 | D7: EUR
A9: A.II. | B9: PRIPREMNI I ZEMLJANI RADOVI | C9: ='A_II_ ZEMLJANI'!F31 -> 39500 | D9: EUR
A11: A.III. | B11: BETONSKI I ARMIRANOBETONSKI RADOVI | C11: ='A_III_ BETONSKI I AB'!F108 -> 192502 | D11: EUR
A13: A.IV. | B13: ZIDARSKI RADOVI | C13: ='A_IV_ ZIDARSKI RADOVI'!F16 -> 12145 | D13: EUR
A15: A.V. | B15: IZOLATERSKI RADOVI | C15: ='A_V_ IZOLATERSKI RADOVI'!F26 -> 17110 | D15: EUR
A17: A.VII. | B17: METALNE KONSTRUKCIJE | C17: ='A_VI_METALNE KONSTRUKCIJE'!F32 -> 39550 | D17: EUR
A19: A.IX. | B19: TESARSKI RADOVI | C19: ='A_VII_TESARSKI RADOVI'!F21 -> 23725 | D19: EUR
A21: B.I. | B21: LIMARSKI RADOVI | C21: ='B_I_LIMARSKI RADOVI'!F31 -> 9410 | D21: EUR
A23: B.II. | B23: POKRIVAČKI RADOVI | C23: ='B_II_POKRIVAČKI RADOVI'!F14 -> 38500 | D23: EUR
A25: B.III. | B25: STOLARSKI RADOVI | C25: ='B_III_STOLARSKI RADOVI'!F146 -> 77940 | D25: EUR
A27: B.IV | B27: BRAVARSKI RADOVI | C27: ='B_IV_BRAVARSKI RADOVI '!F14 -> 1900 | D27: EUR
A29: B.V. | B29: ZAVRŠNI ZIDARSKI RADOVI | C29: ='B_V_ ZAVRŠNI ZIDARSKI RADOVI'!F33 -> 38350 | D29: EUR
A31: B.VI. | B31: GIPSARSKI RADOVI | C31: ='B_VI_ GIPSARSKI RADOVI'!F37 -> 65845 | D31: EUR
A33: B.VII. | B33: RADOVI NA PROČELJU | C33: ='B_VII_RADOVI NA PROČELJU'!F27 -> 52200 | D33: EUR
A35: B.VIII. | B35: KAMENOREZAČKI RADOVI | C35: ='B.VII KAMENOREZAČKI RADOVI'!F10 -> 16000 | D35: EUR
A37: B.X. | B37: KERAMIČARSKI RADOVI | C37: ='B_X_ KERAMIČARSKI RADOVI'!F23 -> 36600 | D37: EUR
A39: B.XI. | B39: SOBOSLIKARSKI I LIČILAČKI RADOVI | C39: ='B_XI_ SOBOSLIKARSKI RADOVI'!F16 -> 19075 | D39: EUR
A41: B.XIII. | B41: PODOPOLAGAČKI RADOVI | C41: ='B_XIII_ PODOPOLAGAČKI RADOVI'!F27 -> 23150 | D41: EUR
A43: B.XIV. | B43: KONZERVATORSKO RESTAURATORSKI RADOVI | C43: ='B_XIV_KONZERVATORSKI RADOVI'!F70 -> 80065 | D43: EUR
A45: B.XVI. | B45: ISPITIVANJA | C45: ='B_XVI_ ISPITIVANJE'!F21 -> 4500 | D45: EUR
B47: UKUPNO NETO GRAĐEVINSKI I OBRTNIČKI: | C47: =SUM(C7:C45) -> 847367 | D47: EUR

Sheet MANIPULATIVNE POVRŠINE
A1: VITEZ PROJEKT d.o.o. Stonska 4, Osijek
A3: Redni broj | B3: Opis rada | C3: Jedinična mjera | D3: Količina | E3: Cijena u eurima | H3: JV
E5: Jedinična | F5: Ukupna
B7: MANIPULATIVNE POVRŠINE
A9: I | B9: PRIPREMNI RADOVI
A11: 1. | B11: Zaštita postojećih instalacija
B12: Zaštita eventualnih postojećih podzemnih instalacija na nužnim mjestima nakon što se utvrdi točan položaj instalacija. Točan položaj instalacija potrebno je odrediti prije započinjanja radova na izvođenju predmetnog zahvata. Nadzorni inženjer i predstavnik vlasnika instalacija će potom odrediti mjere zaštite ili potrebu izmještanja instalacija sukladno posebnim uvjetima. Stavkom su obuhvaćeni svi potrebni radovi za zaštitu instalacija.
B13: Obračun radova za kompletan rad | C13: kompl | D13: 1 | E13: 500 | F13: =D13*E13 -> 500
A15: 2. | B15: Geodetski radovi - iskolčenje trase
B16: Iskolčenje trase i nove ceste uz objekte, parkirališta, a koje obuhvaća sva geodetska mjerenja, kojima se podaci iz projekta prenose na teren ili s terena u projekte, osiguranje osi iskolčene trase, profiliranje, obnavljanje i održavanje iskolčenih oznaka na terenu za sve vrijeme građenja, odnosno do predaje radova investitoru. Cijena obuhvaća i izradu elaborata iskolčenja te geodetske snimke izvedenog stanja s prijavom nadležnom uredu za katastarske poslove.
B17: Obračun za kompletno izveden rad | C17: kompl | D17: 1 | E17: 500 | F17: =D17*E17 -> 500
B20: =B9 -> PRIPREMNI RADOVI | C20: UKUPNO: | F20: =SUM(F13:F19) -> 1000
A24: II | B24: ZEMLJANI RADOVI
A26: 1. | B26: Iskop za manipulativne površine i parkiralište
B27: Ovaj rad obuhvaća strojne široke iskope u materijalu "B" kategorije, prema potrebi ručno, a prema visinskim kotama iz projekta (dubina do 70 cm). Obračun po m³ stvarno iskopanog materijala u sraslom stanju. Dio materijala privremeno deponirati na gradilištu za potrebe izrade nasipa, a višak odvesti na deponiju. Obračun po m³ iskopa u sraslom stanju.
B28: - manipulativna kolno-pješačka i parkiralište | C28: m3 | D28: 250 | E28: 30 | F28: =D28*E28 -> 7500
A30: 2. | B30: Iskop za pješačke površine
B31: Ovaj rad obuhvaća strojne široke iskope u materijalu "B" kategorije, prema potrebi ručno, a prema visinskim kotama iz projekta (dubina 35,0 cm) . Obračun po m³ stvarno iskopanog materijala u sraslom stanju. Dio materijala privremeno deponirati na gradilištu za potrebe izrade nasipa, a višak odvesti na deponiju. Obračun po m³ iskopa u sraslom stanju.
B32: - pješačke površine (staze) | C32: m3 | D32: 55 | E32: 40 | F32: =D32*E32 -> 2200
A34: 3. | B34: Uređenje posteljice
B35: Izrada, planiranje i uređenje posteljice za pješačke i kolne površine, u zemljanom materijalu "B" kategorije, nakon iskopa. Potrebno je izvesti grubim i finim planiranjem materijala i zbijanjem istoga, u slojevima, na kote iz projekta i na traženi Ms=25MN/m². Obračun po m² uređene površine.
B36: - kolno-pješačka i parkiralište | C36: m2 | D36: 180 | E36: 2 | F36: =D36*E36 -> 360
B37: - pješačke staze | C37: m2 | D37: 150 | E37: 2 | F37: =D37*E37 -> 300
A39: 4. | B39: Ugradnja sipine (agregat 16 - 32 mm)
B40: Nabava, doprema i ugradnja sipine, agregata frakcije 16-32 mm (ili finije) u nasipe, U jediničnu cijenu uračunat sav materijal, rad, prijenosi i prijevozi, nasipanje, razastiranje i zbijanje ručnim nabijačima, u slojevima s vlaženjem. Obračun za m³ ugrađenog materijala. | C40: m3 | D40: 300 | E40: 45 | F40: =D40*E40 -> 13500
A43: 5. | B43: Uređenje pokosa
B44: Nasipavanje sitnim materijalom iz iskopa u širini do 1,0 m od ruba prometnice (niveliranje sa okolnim tlom). Obračun po m² uređene površine.
B45: Obračun po m2 uređene površine. | C45: m2 | D45: 100 | E45: 20 | F45: =D45*E45 -> 2000
B47: =B24 -> ZEMLJANI RADOVI | D47: UKUPNO: | F47: =SUM(F28:F46) -> 25860
A51: III | B51: BETONSKI I ARMIRANOBETONSKI RADOVI
A53: 1. | B53: Potporni zid (parkiralište)
B54: Izrada AB potpornog zida s temeljima, beton klase C 25/30, XC2, XF2, armatura B500B.
B55: - podložni beton C 12/15 | C55: m3 | D55: 5 | E55: 200 | F55: =D55*E55 -> 1000
B56: - beton C25/30 | C56: m3 | D56: 30 | E56: 300 | F56: =D56*E56 -> 9000
B57: - armatura B500B | C57: kg | D57: 4500 | E57: 2 | F57: =D57*E57 -> 9000
B58: - oplata | C58: m2 | D58: 120 | E58: 40 | F58: =D58*E58 -> 4800
A60: 2. | B60: Plan oplate i nacrt armature za potporni zid
B61: Izrada planova oplate i nacrta armature za potporni zid parkirališta. | C61: kom | D61: 1 | E61: 1000 | F61: =D61*E61 -> 1000
B63: BETONSKI I ARMIRANOBETONSKI RADOVI | C63: UKUPNO: | F63: =SUM(F55:F62) -> 24800
A67: IV | B67: KONSTRUKCIJA MANIPULATIVNIH POVRŠINA
B69: * Stavkama obuhvaćen sav rad i materijal
A71: 1. | B71: Vodopropusni završni sloj
B72: Nabava, transport i ugradnja vodopropusnog završnog sloja pješačko-kolne površine, debljine 6,0 cm, (kameni agregat 1-8 mm, organsko vezivo 6 kg/t agregata). Ugradnja se izvodi između postavljenih rubnjaka ili pocinčanih čeličnih traka površinu uvaljati valjcima te zaliti vodom (za aktivaciju veziva). Obračun po m² ugrađene površine | C72: m2 | D72: 330 | E72: 20 | F72: =D72*E72 -> 6600
A74: 2. | B74: Ustroj manipulativne površine od tucanika (kolne i pješačke na čestici)
B75: Strojna izrada nosivog sloja od zrnatog kamenog materijala veličine zrna od 0/32 mm bez veziva, u debljini prema projektu. Traženi modul stišljivosti Ms=95 MN/m². U cijenu je uključena dobava kamenih prirodnih ili drobljenih zrnatih materijala kakvoće i granulometrije prema zahtjevima projekta i OTU, utovar, prijevoz, i ugradba (strojno razastiranje, planiranje i zbijanje do traženog modula stišljivosti ili stupnja zbijenosti) na uređenu podlogu. Sloj od 40,0 cm i 25,0 cm, mjeri u kubičnim metrima ugrađenog materijala u zbijenom stanju. U cijenu je uračunat i izravnavajući sloj kamenog materijala (filer). Obračun po m³ ugrađenog tucanika
B76: - d=35,0 cm | C76: m3 | D76: 80 | E76: 50 | F76: =D76*E76 -> 4000
B77: - d=25,0 cm | C77: m3 | D77: 40 | E77: 80 | F77: =D77*E77 -> 3200
A81: 3. | B81: Ugradnja betonskih kanalica
B82: Dobava, transport i ugradnja betonskih kanalica širine 35 cm. Slažu se na pripremljenu nosivu podlogu u zemljovlažnom betonu sa ispunom spojnice cementnim mortom (uz sjevernu pješačku stazu). Obračun po m¹ izvedbe. | C82: m1 | D82: 35 | E82: 40 | F82: =D82*E82 -> 1400
A84: 4. | B84: Pocinčane čelične trake (rubnjak)
B85: Nabava, doprema i ugradnja pocinčanih čeličnih traka d=6mm, širine 150 mm, kao graničnika pješačkih površina i ostalih. Na betonskoj podlozi C 12/15. Obračun prema metru dužnom ugrađenih traka. | C85: m1 | D85: 150 | E85: 40 | F85: =D85*E85 -> 6000
B87: KONSTRUKCIJA MANIPULATIVNIH POVRŠINA | D87: UKUPNO: | F87: =SUM(F72:F86) -> 21200
A91: V | B91: PRIVREMENA REGULACIJA PROMETA (za vrijeme izvođenja radova)
A93: 1. | B93: Privremena regulacija prometa
B94: Postavljanje prometne signalizacije za privremenu regulaciju prometa u vrijeme izvođenja radova, određene Pravilnikom o privremenoj regulaciji prometa i označavanju te osiguranju radova na cestama (NN 92/19) i prikazano u nacrtima projekta. Obračun za kompletno izveden rad s opremom. | C94: kompl | D94: 1 | E94: 1500 | F94: =D94*E94 -> 1500
B96: PRIVREMENA REGULACIJA PROMETA | D96: UKUPNO: | F96: =SUM(F94:F95) -> 1500
A100: VI | B100: KONTROLA IZVEDBE
A102: 1. | B102: Troškovi ispitivanja materijala, uzimanja uzoraka, laboratorijska obrada sa izdavanjem atesta, te ispitivanje svih ugrađenih slojeva nasipa i kolničke konstrukcije. Ispitivanje se vrši u slijedećem obimu:
B103: - Ispitivanje modula stišljivosti Ms svih slojeva nasipa i posteljice
B104: - Ispitivanje modula stišljovosti Ms tamponskog sloja.
B105: - Ispitivanje modula stišljovosti Ms nasutog sloja pijeska.
B106: Kompletan materijal kao dokaz kvalitete izvedenih radova i ugrađenog materijala trebaju činiti:
B107: - Atesti za sve ugrađene materijale i elemente
B108: - Izvještaji o kontrolnim ispitivanjima
B110: Obračun za komplet provedenu kontrolu | C110: komplet | D110: 1 | E110: 1000 | F110: =D110*E110 -> 1000
B112: KONTROLA IZVEDBE | D112: UKUPNO: | F112: =SUM(F108:F111) -> 1000
B117: NAPOMENA:
B118: Radovi za odvodnju manipulativnih površina obuhvaćena troškovnikom
B119: vodoopskrbe, odvodnje i vatrozaštite.
B121: Radove izvoditi u fazama ovisno o polaganju instalacija vodoopskrbe i odvodnje.

Sheet REKAPITULACIJA MANIPULATIVNE
B1: VITEZ PROJEKT d.o.o. Stonska 4, Osijek
B3: REKAPITULACIJA MANIPULATIVNE POVRŠINE
A5: I | B5: PRIPREMNI RADOVI | F5: ='MANIPULATIVNE POVRŠINE'!F20 -> 1000
A7: II | B7: ZEMLJANI RADOVI | F7: ='MANIPULATIVNE POVRŠINE'!F47 -> 25860
A9: III | B9: BETONSKI I ARMIRANOBETONSKI RADOVI | F9: ='MANIPULATIVNE POVRŠINE'!F63 -> 24800
A11: IV | B11: KONSTRUKCIJA MANIPULATIVNIH POVRŠINA | F11: ='MANIPULATIVNE POVRŠINE'!F87 -> 21200
A13: V | B13: PRIVREMENA REGULACIJA PROMETA | F13: ='MANIPULATIVNE POVRŠINE'!F96 -> 1500
A15: VI | B15: KONTROLA IZVEDBE | F15: ='MANIPULATIVNE POVRŠINE'!F112 -> 1000
B19: UKUPNO: | F19: =SUM(F5:F18) -> 75360

Sheet VODOOPSKRBA, ODVODNJA I VATROZA
A1: VITEZ PROJEKT d.o.o. Stonska 4, Osijek
A3: Redni broj | B3: Opis rada | C3: Jedinična mjera | D3: Količina | E3: Cijena u eurima | G3: JV
E5: Jedinična | F5: Ukupna
B7: VODOOPSKRBA, ODVODNJA I VATROZAŠTITA
A9: I | B9: PRIPREMNI RADOVI
B11: Geodetski radovi - iskolčenje trase
B12: Iskolčenje trase instalacija vodoopskrbe i instalacija odvodnje, uključivo sve objekte na trasi, a odnosi se na sva geodetska mjerenja s kojima se podaci s iz projekta prenose na teren, osiguranje osi iskolčenja, profiliranje, obnavljanje i oržavanje za vrijeme građenja do predaje radova investitoru. | C12: kompl | D12: 1 | E12: 500 | F12: =D12*E12 -> 500
B14: =B9 -> PRIPREMNI RADOVI | C14: UKUPNO: | F14: =SUM(F12:F13) -> 500
A18: II | B18: ZEMLJANI RADOVI
A20: 1. | B20: Iskop za objekte vodoopskrbe i odvodnje (spremnici, pročistač, sabirna)
B21: Iskop jame za objekte vodoopskrbe i odvodnje, dubine do 4,5 m. Obuhvaća strojni i prema potrbi ručni iskop zemlje, u zemljanom tlu u materijalu "B" katgorije, a nakon iskopa za manipulativne površine. U jediničnu cijenu uračunati su svi radovi na iskopu materijala, vertikalni prijenosi, utovari u prijevozna sredstva, planiranje iskopanih površina sa odvozom viška materijala na deponiju, te potrebno osiguranje iskopa. Obračun po m³ izvršenog iskopa. | C21: m3 | D21: 150 | E21: 20 | F21: =D21*E21 -> 3000
A23: 2. | B23: Iskop za okna odvodnje
B24: Strojni iskop u materijalu "B" kategorije, po potrebi i ručni, dubine do 2,0 m. U jediničnu cijenu uračunati su svi radovi na iskopu materijala, vertikalni prijenosi, utovari u prijevozna sredstva, planiranje iskopanih površina sa odvozom viška materijala na deponiju, te potrebno osiguranje iskopa. Obračun po m³ izvršenog iskopa. | C24: m3 | D24: 10 | E24: 50 | F24: =D24*E24 -> 500
A26: 3. | B26: Iskop rova za polaganje cijevi vodoopskrbe i odvodnje
B27: Iskop rova u materijalu "B" kategorije, za polaganje cijevi vodoopskrbe, odvodnje i hidrantske mreže, dubine do 1,0 m. Izvodi se između temelja građevine. U jediničnu cijenu uračunati su svi radovi na iskopu materijala, vertikalni prijenosi, zaštita stabilnosti, utovari u prijevozna sredstva, planiranje iskopanih površina i odvoz viška materijala na gradsku deponiju. Obračun po m³ izvršenog iskopa. | C27: m3 | D27: 70 | E27: 20 | F27: =D27*E27 -> 1400
A29: 4. | B29: Ugradnja pijeska (rov vodoopskrbe i odvodnje, objekti na trasi)
B30: Nabava, doprema i ugradnja pijeska: kao podloga za polaganje cijevi: vodoopskrbe, vanjske hidrantske mreže, odvodnje i objekata na trasama, u sloju debljine minimalno 10 cm, te za nadsloj do min. 30 cm od tjemena cijevi, odnosno do visine za posteljicu prometnih površina. U jediničnu cijenu uračunat sav materijal, rad, prijenosi i prijevozi, nasipanje, razastiranje i zbijanje u slojevima. Obračun za m³ ugrađenog pijeska. | C30: m3 | D30: 200 | E30: 40 | F30: =D30*E30 -> 8000
A32: 5. | B32: Drobljeni kamen za drenažu
B33: Nabava, doprema i ugradnja drobljenog kamena kao punila za polaganje drenažne cijevi, tucanik 30-60 mm, čist | C33: m3 | D33: 5 | E33: 50 | F33: =D33*E33 -> 250
A35: 6. | B35: Ugradnja sipine (agregat 16 - 32 mm)
B36: Nabava, doprema i ugradnja sipine, agregata frakcije 16-32 mm (ili finije) u rovove odvdnje i vodoopskrbe, objekata na trasi cjevovoda vodoopskrbe i odvodnje. U jediničnu cijenu uračunat sav materijal, rad, prijenosi i prijevozi, nasipanje, razastiranje i zbijanje ručnim nabijačima, u slojevima s vlaženjem. Obračun za m³ ugrađenog materijala | C36: m3 | D36: 30 | E36: 50 | F36: =D36*E36 -> 1500
A38: 7. | B38: Razupiranje građevinske jame
B39: Razupiranje građevinske jame sustavom velikoplošne klizne oplate, dokazane nosivosti opterećenja tlačne sile koji se obvezno ugrađuju bez vibracija metodom utiskivanja-potkopavanja. Predviđeno je 100% razupiranja bočnih površina, a rad obuhvaća sastavljanje oplate, ugradnju, premještanje i rastavljanje, te snižavanje podzemne vode pumpama. Obračun po kompletno ugrađenom sustavu za površine: | C39: kompl | D39: 1 | E39: 2000 | F39: =D39*E39 -> 2000
B40: - spremnik pitke vode 70,0 m²
B41: - spremnik kišnice 40,0 m²
B42: - sbirna jama / bio-pročistač 50,0 m²
B44: ZEMLJANI RADOVI | C44: UKUPNO: | F44: =SUM(F21:F43) -> 16650
A48: III | B48: BETONSKI I ARMIRANOBETONSKI RADOVI
A50: 1. | B50: Betoniranje spremnika pitke vode
B51: Izrada vodonepropusnog vodomjernog okna i hidrostanice, dimenzija prema nacrtima iz projekta cca (250x510x340 cm), od betona klase C 30/37, XC2, VDP2, debljine stijenke 20 cm, gornja i donja ploča 25 cm, podložni beton klase C 12/15, debljine 5 cm. Stavkom obuhvaćen rad i materijal:
B52: - podložni beton C 12/15 | C52: m3 | D52: 1 | E52: 200 | F52: =D52*E52 -> 200
B53: - beton C30/37 | C53: m3 | D53: 15 | E53: 200 | F53: =D53*E53 -> 3000
B54: - armatura B500B | C54: kg | D54: 2300 | E54: 2 | F54: =D54*E54 -> 4600
B55: - oplata | C55: m2 | D55: 110 | E55: 40 | F55: =D55*E55 -> 4400
B56: - vodena brtva
B57: (bubreća traka na bazi polimera, koja se montira u radne reške betona radi postizanja vodonepropusnosti) | C57: m¹ | D57: 50 | E57: 20 | F57: =D57*E57 -> 1000
B58: - LŽ penjalice | C58: kom | D58: 16 | E58: 20 | F58: =D58*E58 -> 320
B59: - LŽ poklopac 700x700, D400 | C59: kom | D59: 2 | E59: 200 | F59: =D59*E59 -> 400
A61: 2. | B61: Betoniranje ab ploče za bio-pročistač
B62: Izrada ab ploče (temeljne), za postavljanje pročistača, beton klase C 30/37, XC2
B63: - podložni beton C 12/15 | C63: m3 | D63: 0.5 | E63: 200 | F63: =D63*E63 -> 100
B64: - beton C30/37 | C64: m3 | D64: 2 | E64: 300 | F64: =D64*E64 -> 600
B65: - armatura B500B | C65: kg | D65: 300 | E65: 5 | F65: =D65*E65 -> 1500
B66: - poklopac, Ø100, D400 | C66: kom | D66: 1 | E66: 200 | F66: =D66*E66 -> 200
A68: 3. | B68: Betoniranje stijenki (zidova) i gornje ploče pročistača
B69: Izrada ab gornje ploče i ispuna dvostrukih stijenki uređaja pročistača, betonom klase C 30/37, XC2
B70: - beton C30/37 | C70: m3 | D70: 3 | E70: 300 | F70: =D70*E70 -> 900
A72: 4. | B72: Betoniranje za sabirnu jamu
B73: Izrada ab podložne i pokrovne ploče, te ugradnja betona uz zidne elemente uređaja, beton klase C 30/37, XC2, VDP2
B74: - podložni beton C 12/15 | C74: m3 | D74: 0.5 | E74: 200 | F74: =D74*E74 -> 100
B75: - beton C30/37 | C75: m3 | D75: 10 | E75: 200 | F75: =D75*E75 -> 2000
B76: - armatura B500B | C76: kg | D76: 1500 | E76: 2 | F76: =D76*E76 -> 3000
B77: - oplata | C77: m2 | D77: 35 | E77: 40 | F77: =D77*E77 -> 1400
A79: 5. | B79: Betoniranje prstena za RO
B80: Izrada ab prstena (rasteretne ploče) iznad kontrolnih okana oborinske odvodnje, beton klase C 25/30. Iskaz količina je za predviđenih 6 kom.
B81: - beton C 25/30 | C81: m³ | D81: 3 | E81: 200 | F81: =D81*E81 -> 600
B82: - armatura B500B (mreža Q-257 obostrano) | C82: kg | D82: 500 | E82: 2 | F82: =D82*E82 -> 1000
B83: - oplata | C83: m² | D83: 1 | E83: 40 | F83: =D83*E83 -> 40
A85: 6. | B85: Izrada nacrta armature za pripadajuću ugradnju uređaja na trasi
B86: Izrada nacrta armature za pripadajuću ugradnju uređaja na trasi | C86: kpl | D86: 1 | E86: 800 | F86: =D86*E86 -> 800
B88: BET. I ARMIRANOBETONSKI RADOVI | C88: UKUPNO: | F88: =SUM(F52:F86) -> 26160
A89: IV | B89: HIDROIZOLACIJA SPREMNIKA PITKE VODE
A91: 1. | B91: Čišćenje podloge vodom visokog pritiska; ispuhivanjem; sačmarenjem ili slično. Podloga mora biti suha, čista,bez udjela ulja i masti, bez nevezanog materijala i cementnog mlijeka. Eventualne boje i premaze potrebno je odstraniti. (Veće neravnine i šupljine sanirati epoksidnim mortovima!) | C91: m² | D91: 35 | E91: 20 | F91: =D91*E91 -> 700
A93: 2. | B93: Dobava i postava jednokomp. cementnog hidroizolacijskog morta ojačanog vlaknima , mort se izvodi u dva do tri sloja ukupne debljine 3 mm. Može se ugraditi gleterom, valjkom ili četkom prema omjeru miješanja s vodom navedenom u tehničkom listu. Potrošnja cca. 1,9 kg/1mm/m².
B94: Zaštititi mort od pretjeranog hlapljenje i preranog isušivanja. Prije ulijevanja vode koja će se koristiti za piće sve površine dobro isprati vodom kako bi se isprali preostali sadržaji materijala i nečistoća. Obračun za m² ugrađene površine, uključivo i obrada prodora. | C94: m² | D94: 35 | E94: 40 | F94: =D94*E94 -> 1400
B95: Napomena:
B96: Kod izvođenja radova treba se pridržavati smjernica o primjeni propisanoj od strane proizvođača materijala. Prije uporabe materijala obavezno pročitati najnovije tehničke listove.
A98: 3. | B98: Dobava i postava okruglih brtvi (hidroizolacijskih obujmica) na mjestima prodora cijevi kroz konstrukciju (pojedinačne cijevi). Profilaciju obujmica prilagoditi profilu cijevi (nacrti u projektu). Ugradnja prema uputi proizvođača. | C98: m¹ | D98: 50 | E98: 30 | F98: =D98*E98 -> 1500
B100: HIDROIZOLACIJA SPREMNIKA | D100: UKUPNO: | F100: =SUM(F91:F98) -> 3600
B101: PITKE VODE
A105: V | B105: INSTALACIJE ODVODNJE (SANITARNO-FEKALNA I OBORINSKA)
A107: 1. | B107: Temeljni razvod sanitarno-fekalne odvodnje
B108: Dobava, prijenos i montaža tvrdih temperiranih polietilenskih (PE-HD) odvodnih cijevi izrađenih, s trajno vodotijesnim spajanjem sučeonim varenjem ili elektrovarnim spojnicama, za vertikale i horizontalni razvod te priključke sanitarnih predmeta. Stavka uključuje originalne fazonske komade i potreban pričvrsni pribor, te potrebnu toplinsku izolaciju.
B109: Obračun po m¹ izvedene instalacije.
B110: - DN 110 | C110: m1 | D110: 20 | E110: 30 | F110: =D110*E110 -> 600
B111: - DN 125 | C111: m1 | D111: 60 | E111: 40 | F111: =D111*E111 -> 2400
B112: - DN 160 | C112: m1 | D112: 30 | E112: 50 | F112: =D112*E112 -> 1500
A114: 2. | B114: Zvučno poboljšane cijevi za razvod sanitarno-fekalne odvodnje (unutar zgrade)
B115: Dobava, prijenos i montaža zvučno optimiranih troslojnih polipropilenskih (PP-MD) odvodnih cijevi SN4 (S16), za vertikalne i horizontalne razvode te priključke sanitarnih predmeta u podu i/ili zidu, s natičnim spajanjem, za zvučno poboljšani sistem odvodnje. Stavka uključuje i fazonske komade te potreban pričvrsni pribor i originalne obujmice s gumenim uloškom.
B116: Obračun po m¹ izvedene instalacije.
B117: - d 50 | C117: m1 | D117: 150 | E117: 20 | F117: =D117*E117 -> 3000
B118: - d 70 | C118: m1 | D118: 30 | E118: 25 | F118: =D118*E118 -> 750
B119: - d 110 | C119: m1 | D119: 60 | E119: 30 | F119: =D119*E119 -> 1800
B120: - d 125 | C120: m1 | D120: 10 | E120: 40 | F120: =D120*E120 -> 400
A123: 3. | B123: PE cijevi korugirane
B124: Nabava, doprema i montaža (ugradnja) rebrastih kanalizacijskih cijevi od polietilena, s rebrastom vanjskom i glatkom unutarnjom površinom cijevi, nosivosti S8. Spajanje se izvodi prema uputi proizvođača. Obračun po m¹ ugrađene cijevi, sa svim fazonskim komadima i materijalom za spajanje i pričvršćivanje.
B125: - DN 160 | C125: m1 | D125: 30 | E125: 40 | F125: =D125*E125 -> 1200
B126: - DN 160 djelomično perforirane | C126: m1 | D126: 12 | E126: 40 | F126: =D126*E126 -> 480
B127: - geotekstil 200 g/m² | C127: m² | D127: 100 | E127: 3 | F127: =D127*E127 -> 300
A130: 4. | B130: Cijevi za oborinsku odvodnju zgrade
B131: Dobava, prijenos i montaža tvrdih temperiranih polietilenskih (PE-HD) odvodnih cijevi izrađenih, s trajno vodotijesnim spajanjem sučeonim varenjem ili elektrovarnim spojnicama, za vertikale i horizontalni razvod te priključke sanitarnih predmeta. Stavka uključuje originalne fazonske komade i potreban pričvrsni pribor, te potrebnu toplinsku izolaciju.
B132: Obračun po m¹ izvedene instalacije.
B133: - DN 110 | C133: m1 | D133: 30 | E133: 30 | F133: =D133*E133 -> 900
B134: - DN 125 | C134: m1 | D134: 25 | E134: 40 | F134: =D134*E134 -> 1000
B135: - DN 160 | C135: m1 | D135: 10 | E135: 50 | F135: =D135*E135 -> 500
A138: 5. | B138: Biološki uređaj za pročišćavanje otpadne vode (dvostruka zidna stijenka)
B139: Nabava, doprema i ugradnja biološkog pročistača otpadnih voda, komplet sa puhalom u zasebnoj prozračnoj kutiji, razdjelnim ormarićem smještenim na stupu pokraj uređaja (zaključan i osiguran od neovlaštenog pristupa), sve prema uputama i specifikacijama proizvođača.
B140: Karakteristike:
B141: Aerobno-anaerobni
B142: ES 18-25
...

Sheet REKAPITULACIJA VIO I VATROZAŠT.
B1: VITEZ PROJEKT d.o.o. Stonska 4, Osijek
B4: REKAPITULACIJA RADOVI NA INSTALACIJAMA VOOVODA, ODVODNJE I VATROZAŠTITE
B6: I | C6: PRIPREMNI RADOVI | G6: ='VODOOPSKRBA, ODVODNJA I VATROZA'!F14 -> 500
B8: II | C8: ZEMLJANI RADOVI | G8: ='VODOOPSKRBA, ODVODNJA I VATROZA'!F44 -> 16650
B10: III | C10: BETONSKI I ARMIRANOBETONSKI RADOVI | G10: ='VODOOPSKRBA, ODVODNJA I VATROZA'!F88 -> 26160
B12: IV | C12: HIDROIZOLACIJA SPREMNIKA PITKE VODE | G12: ='VODOOPSKRBA, ODVODNJA I VATROZA'!F100 -> 3600
B14: V | C14: INSTALACIJE ODVODNJE | G14: ='VODOOPSKRBA, ODVODNJA I VATROZA'!F186 -> 42130
B16: VI | C16: INSTALACIJE VODOOPSKRBE I HIDRANTSKE MREŽE | G16: ='VODOOPSKRBA, ODVODNJA I VATROZA'!F259 -> 15570
B18: VII | C18: SANITARNI UREĐAJI, GALANTERIJA I OPREMA | G18: ='VODOOPSKRBA, ODVODNJA I VATROZA'!F324 -> 20900
B20: VIII | C20: VATROZAŠTITA | G20: ='VODOOPSKRBA, ODVODNJA I VATROZA'!F340 -> 7750
C22: UKUPNO: | G22: =SUM(G6:G21) -> 133260

Sheet STROJARSKE INST. - VRV I DT
A1: HIDROENERGA d.o.o. Vijenac I. Meštrovića 54, Osijek
A3: red. broj | B3: vrsta radova | C3: jedinica mjere | D3: količina | E3: jedinična cijena EUR (€) | F3: UKUPNO EUR (€) | G3: JV
A4: 1 | B4: 2 | C4: 3 | D4: 4 | E4: 5 | F4: 6
A7: 1. | B7: VRV SUSTAV i DIZALICA TOPLINE
B9: Dolje navedene stavke obuhvaćaju nabavu, dopremu i montažu predmetne opreme do postizanja pune funkcionalnosti stavki.
B10: Ovim troškovnikom nisu uzeti u obzir nikakvi elektro-radovi niti oprema.
B11: Cijenom je potrebno obuhvatiti sve strojarske radove i opremu do potpunog kompletiranja svake pojedine stavke.
A13: 1.1. | B13: VANJSKE I UNUTARNJE JEDINICE VRV SUSTAVA
A15: 1.1.1.
B16: Nabava, doprema i ugradnja VRV/VRT (variant refigerent volume/temperature) vanjske jedinice u izvedbi aerotermalne toplinske pumpe sa ugrađenim hermetičkim scroll kompresorima i izmjenjivačem.
B17: Jedinice do 20 HP imaju mogućnost kontinuiranog grijanja pomoću PCM akumulatora topline, koji osigurava grijanje i tokom odleđivanja vanjske jedinice zimi. Izvedba kontinuiranog grijanja pomoću PCM elementa osigurava dodatnu ugodu u prostoru bez hladnog istrujavanja zraka.
B18: Kod jedinica iznad 20 HP koje se sastoje od više modula, odleđivanje se vrši parcijalno što također omogućuje kontinuirano grijanje i ugodu u prostoru.
B19: VRT - konfigurator omogućuje kontinuiranu promjenu temperature isparavanja i kondenzacije radnog medija prema temperaturi okoliša u svrhu dodatne uštede energije i većeg komfora zbog viših temperatura radnog medija.
B20: Promjenom temperature okoliša i toplinskog opterećenja prostora, mijenja se i temperatura isparavanja što osigurava veću učinkovitost i manju potrošnju električne energije. Raspon promjene temperature isparavanja je veoma širok te iznosi između 3°C i 16°C.
B21: Maksimalno dozvoljena ukupna duljina cjevnog razvoda iznosi 1000 metara uz ograničenja navedena u uputama proizvođača. Maksimalna dozvoljena visinska razlika između vanjske i unutarnje jedinice iznosi 90 m (neovisno da li je pozicija vanjske jedinice iznad, ili ispod pozicije unutarnjih jedinica). Maksimalna dozvoljena visinska razlika između pojedinih unutarnjih jedinica iznosi 30 m.
B22: Jedinica je opremljena opcijom za "Ekstra tihi rad" sa mogućnošću jednostavnog podešavanja reduciranog rada uz smanjeni nivo zvučnog tlaka na 45 dB(A) u stupnju 2, odnosno 50 dB(A) u stupnju 1 (navedene vrijednosti zvučnog tlaka odnose se na jedinice sastavljene od 1 modula).
B23: Konstrukcija: Jedinice su modularne izvedbe sa osnovnim nosivim okvirom i galvaniziranim čeličnim panelima sa odgovarajućom zaštitom za vanjsku i unutarnju ugradnju. Do veličine 20HP jedinice mogu biti u izvedbi 1 modula, dok su veće sastavljene od dva, ili tri modula.
B24: Jedinice imaju eksterni statički tlak ventilatora od 78 Pa te su prikladne i za unutarnju ugradnju.
B25: Svi kompresori u uređaju su inverterski, zvučno izolirani K-tip hermetički scroll izvedbe s ugrađenim motorom, optimizirani za rad sa R410a.
B26: Jedinice su opremljene Back-up funkcijom koja omogućava rad jedinice sa dva kompresora u slučaju kvara na jednom od njih (minimalno 50% kapaciteta).
B27: Jedinice su opremljene funkcijom automatskog nadopunjavanja rashladnog medija i očitanja količine rashladnog medija direktno na vanjskoj jedinici.
... B41: Priključak plinovita faza: 22,2 mm
B42: Radni medij: R-410A | C42: kom | D42: 1 | E42: 17000 | F42: =D42*E42 -> 17000
A44: 1.1.2. | B44: Unutarnje jedinice
B46: Nabava, doprema i ugradnja unutarnje jedinice VRV sustava sa maskom predviđena za montažu na pod, parapetne izvedbe sa maskom, opremljena ventilatorom, izmjenjivačem topline s direktnom ekspanzijom freona, elektronskim ekspanzijskim ventilom, te svim potrebnim elementima za zaštitu, kontrolu i regulaciju uređaja i temperature. U kompletu sa nogicama.
A48: 1 | B48: Proizvod
B49: Tehničke karakteristike uređaja:
B50: Qh = 2,2 kW
B51: Qg = 2,5 kW
B52: N= 50 W - 230 V - 50 Hz
B53: Protok zraka hlađenje: 6 - 7 m3/min
B54: Nivo zvučnog tlaka: hlađenje: 32 - 35 dBA
B55: Nivo zvučnog tlaka: grijanje: 32 - 35 dBA
B56: Nivo zvučne snage: hlađenje: 54 dB(A)
B57: Dimenzije: (š x d x v)= 1000 x 232 x 600 mm
B59: Boja kućišta: bijela
B60: Priključak tekuća faza: 6,35 mm
B61: Priključak plinovita faza: 12,7 mm
B62: Medij: R-410A | C62: kom | D62: 11 | E62: 500 | F62: =D62*E62 -> 5500
A64: 2 | B64: Proizvod
B65: Tehničke karakteristike uređaja:
B66: Qh = 2,8 kW
B67: Qg = 3,2 kW
B68: N= 50 W - 230 V - 50 Hz
B69: Protok zraka hlađenje: 6 - 7 m3/min
B70: Nivo zvučnog tlaka: hlađenje: 32 - 35 dBA
B71: Nivo zvučnog tlaka: grijanje: 32 - 35 dBA
B72: Nivo zvučne snage: hlađenje: 54 dB(A)
B73: Dimenzije: (š x d x v)= 1000 x 232 x 600 mm
B74: Težina: 27 kg
B75: Boja kućišta: bijela
B76: Priključak tekuća faza: 6,35 mm
B77: Priključak plinovita faza: 12,7 mm
B78: Medij: R-410A | C78: kom | D78: 1 | E78: 550 | F78: =D78*E78 -> 550
A81: 1.1.3. | B81: Regulacija i upravljanje
B83: Individualni upravljači
B85: Novi touch screen žičani daljinski upravljač dostupan u bijeloj boji kompaktnih dimenzija. Profinjen i elegantan dizajn te ravan stražnji panel omogućavaju jednostavnu ugradnju. Mogućnost bluetooth povezivanja sa pametnim telefonom te aplikacijom koja omogućuje dodatne korisničke postavke te servisne napredne postavke za puštanje u pogon i održavanje. Aplikacija je kompatibilna i sa iOS i sa Android uređajima. | C85: kom | D85: 12 | E85: 150 | F85: =D85*E85 -> 1800
A87: 1.1.4. | B87: Cijevni razvod i puštanje u pogon
B89: Izolirani bakreni spojni elementi za razvod medija R-410A za plinsku i tekuću fazu, uključivo redukcije (2 komada po kompletu: plinska + tekuća faza)
B90: Y-Račve:
A92: 1
B93: Račva za indeks kapaciteta do 200. | C93: kom | D93: 10 | E93: 150 | F93: =D93*E93 -> 1500
A95: 2
B96: Račva za indeks kapaciteta od 201 do 290. | C96: kom | D96: 1 | E96: 200 | F96: =D96*E96 -> 200
A98: 1.1.5. | B98: Puštanje u pogon
B100: Puštanje u pogon VRV sustava
B101: Puštanje u pogon mini VRV sustava uključivo provjeru nepropusnosti freonske instalacije, vakumiranje i dopunjavanje rashladnog sredstva od strane ovlaštenog servisa uz izdavanje potrebnih uputa za korištenje, atesta i garancija. | C101: kom | D101: 1 | E101: 500 | F101: =D101*E101 -> 500
A103: 1.1.6.
B104: Nabava, doprema i ugradnja predizoliranih bakrenih spojnih elementa za razvod medija R-410A za plinsku i tekuću fazu, uključivo redukcije (2 komada po kompletu: plinska + tekuća faza). Predizolirane bakrene cijevi u kolutu za freonsku instalaciju plinske i tekuće faze namjenjene za rashladni medij R-410A . U kompletu sa spojnicama i koljenima, spojnim i pričvrsnim materijalom. Cijevi moraju biti odmašćene, očišćene i osušene prije ugradnje. Toplinska izolacija cijevi rashladnog medija pomoću izolacije s parnom branom. Izolacija mora biti negoriva. U kompletu s ljepilom, ljepljivom trakom i ostalim potrebnim materijalom. Debljina izolacije je 19 mm. Izolacija za koljena i fazonske komade se izraduje prilikom montaže.
B106: Cu ∅6,4 mm | C106: m | D106: 100 | E106: 15 | F106: =D106*E106 -> 1500
B107: Cu ∅9,5 mm | C107: m | D107: 80 | E107: 20 | F107: =D107*E107 -> 1600
B108: Cu ∅12,7 mm | C108: m | D108: 150 | E108: 25 | F108: =D108*E108 -> 3750
B109: Cu ∅15,9 mm | C109: m | D109: 70 | E109: 30 | F109: =D109*E109 -> 2100
B110: Cu ∅19,1 mm | C110: m | D110: 50 | E110: 35 | F110: =D110*E110 -> 1750
B111: Cu ∅22,2 mm | C111: m | D111: 40 | E111: 40 | F111: =D111*E111 -> 1600
B113: NAPOMENA:
B114: Svi unutarnji cjevovodi u paronepropusnoj termoizolaciji propisane debljine 19 mm, a vanjski cjevovodi u termoizolaciji 40 mm.
A116: 1.1.6.
B117: Rashladni medij
B119: Rashladni medij R410A | C119: kg | D119: 11 | E119: 150 | F119: =D119*E119 -> 1650
A121: 1.1.7.
B122: Dobava i montaža PVC cijevi za spoj unutarnjih jedinica na odvod kondenzata. PVC cijevi za odvod kondenzata od unutarnjih jedinica prema najbližim mjestima sanitarno - fekalne odvodnje. Gravitacijski odvod u najbliže mjesto priključenja ili ispust na teren.
B124: PVC d20 | C124: m | D124: 120 | E124: 15 | F124: =D124*E124 -> 1800
A126: 1.1.8.
B127: Nabava, doprema i ugradnja sifona za kondenzat DN 20, komplet s revizijskim ormarićem i vratašcima. Ugradnja u zid.
C128: komplet | D128: 1 | E128: 100 | F128: =D128*E128 -> 100
A131: 1.1. | B131: VANJSKE I UNUTARNJE JEDINICE VRV SUSTAVA
B133: UKUPNO: | E133: =SUM(F16:F128) -> 42900
A137: 1.2. | B137: DIZALICA TOPLINE ZA PRIPREMU TOPLE VODE
A139: 1.2.1.
B140: Nabava, doprema i ugradnja dizalice topline za grijanje. Uređaj je optimiziran za niskoenergetske objekte sa širokim rasponom modulacije inverterskog kompresora. Sastoji se od unutarnje i vanjske jedinice.
B141: Unutarnja jedinica sadrži dodatni elektrogrijač , siguronosni ventil, senzor toka, odzračni lončić, el.ormarić, ekspanzijska posuda 10 l, manometar, montiran magnetno-ciklonski filter i upravljač. Nova unutarnja jedinica opremljena je s opcijom koja prikazuje status uređaja. Smanjeni promjeri cjevovoda omogućuju jednostavniju i bržu ugradnju.
B142: Vanjska jedinica namjenjena je za vanjsku montažu - s ugrađenim hermetičkim scroll inverterskim kompresorom, zrakom hlađenim izmjenjivačem i svim potrebnim elementima za zaštitu, kontrolu i regulaciju uređaja (Inverter Control) i funkcionalni rad. Upload postavki je moguć s USB-a ili SD kartice. Temperatura POLAZA vode je do 65°C, te kondenzator vanjske jedinice ima predinstaliranu zaštitu u svrhu duljeg trajanja uređaja.
B143: Rashladni medij je R32. Jedinica ima ugrađen dodatni elektro ekspanzijski ventil optimiziran za ubacivanje tekuće faze, cijev za održavanje pozitivne temperature prije i za vrijeme defrosta, pass - dodatno brtvljenje dna izmjenjivača koje sprječava hlađenje protokom zraka.
B145: Proizvod
B146: Proizvod slijedećih teh. karakteristika:
B147: Površinsko grijanje
B148: Gr: To=7°C, Tpol=35°C, ΔT=5°C
B149: Qg(nom/max) = 7,5/9,37 kW
B150: N = 1,63 kW / 230 V - 50 Hz
...

Sheet STROJARSKE INST. - STROJARNICA
A1: HIDROENERGA d.o.o. Vijenac I. Meštrovića 54, Osijek
A3: red. broj | B3: vrsta radova | C3: jedinica mjere | D3: količina | E3: jedinična cijena EUR (€) | F3: UKUPNO EUR (€) | G3: JV
A4: 1 | B4: 2 | C4: 3 | D4: 4 | E4: 5 | F4: 6
A6: 2. | B6: STROJARNICA
A8: NAPOMENA: | B8: Dolje navedene stavke obuhvaćaju nabavu, dopremu i montažu predmetne opreme do postizanja pune funkcionalnosti stavki.
B9: Cijenom je potrebno obuhvatiti sve radove do potpunog kompletiranja svake pojedine stavke.
B10: Ovim troškovnikom nisu uzeti u obzir nikakvi elektro-radovi.
A12: 2.1. | B12: OPREMA
B14: NAPOMENA
B15: Priprema tople vode je predviđena preko dizalice topline koja je specificirana u troškovniku VRV sustava.
A16: 2.1.0.
B17: Nabava, doprema i ugradnja spremnik potrošne tople vode od nehrđajučeg čelika važeće zakonske regulative, za montažu na pod.
B18: U spremnik je ugrađen vodeni predgrijač za spoj na dizalicu topline koji vodu zagrijava na 65 °C.
B19: Elektrogrijač je smješten u gornjem dijelu zagrijava vodu do željene temperature (max: 75°C, 10 bar)
B20: U isporuci se nalazi 3-putni ventil s el.pogonom i senzor spremnika potrošne tople vode.
B21: Priključak:1~, 50Hz, 230 V
B22: Površina izmjenjivača: 1,800 m2
B23: El.grijač snage = 3 kW (230 V)
B24: Volumen: 292 l
B25: Max. temp. vode: 75°C
B26: Dimenzije:d = 600 mm, h = 1763 mm
B27: Gubitak topline: 1,6 kWh/24h
B28: Cjevni priključci:
B29: Hladna i topla voda: 3/4"UN
B30: Polaz i povrat prema DT i recirkulacija: 3/4"VN | C30: kpl | D30: 2 | E30: 800 | F30: =D30*E30 -> 1600
A32: 2.1.1.
B33: Nabava, doprema i ugradnja sigurnosno-tehničke opreme kotlovnice:
B35: sigurnosni ventil za sustav grijanja 10 kW, pmax=3.0 bar................ | C35: kom. | D35: 1 | E35: 350 | F35: =D35*E35 -> 350
A37: 2.1.2.
B38: Nabava, doprema i ugradnja navojne kuglaste zaporne slavine za sustav grijanja, s kuglom izrađenom iz INOX-a i PTFE brtvom. Potrebna je otpornost armature na povišene temperature (do 100º C)
B40: DN15 PN6 | C40: kom. | D40: 2 | E40: 30 | F40: =D40*E40 -> 60
B41: DN32 PN6 | C41: kom. | D41: 2 | E41: 50 | F41: =D41*E41 -> 100
A43: 2.1.3.
B44: Nabava, doprema i ugradnja protupovratnog ventila za sustav grijanja / hlađenja
B46: DN15 PN6 | C46: kom. | D46: 1 | E46: 30 | F46: =D46*E46 -> 30
B47: DN32 PN6 | C47: kom. | D47: 1 | E47: 50 | F47: =D47*E47 -> 50
A49: 2.1.4.
B50: Nabava, doprema i ugradnja hvatača nečistoće za sustav centralnog grijanja. Mesingano kućište, navojni spoj. Max. radni tlak: 3 bar. Tmin÷Tmax: 0÷90°C.
B52: DN32 PN6 | C52: kom. | D52: 1 | E52: 300 | F52: =D52*E52 -> 300
A54: 2.1.5.
B55: Nabava, doprema i ugradnja termometra u mjedenom tuljku za ugradnju u cjevovode razvoda tople vode. Mjerno područje termometra 0...100º C. Vertikalni prikaz skale temperature.
C56: kom. | D56: 1 | E56: 50 | F56: =D56*E56 -> 50
A58: 2.1.6.
B59: Nabava, doprema i ugradnja osjetnika temperature regulacijskog kruga
C60: kom. | D60: 2 | E60: 80 | F60: =D60*E60 -> 160
A62: 2.1.7.
B63: Nabava, doprema i ugradnja ispusne slavine
B65: DN15 | C65: kom. | D65: 2 | E65: 30 | F65: =D65*E65 -> 60
A67: 2.1.8.
B68: Nabava, doprema i ugradnja automatskih odzračnih ventila za sustav grijanja.
B70: 3/8" M | C70: kom. | D70: 2 | E70: 50 | F70: =D70*E70 -> 100
A72: 2.1.9.
B73: Nabava, doprema i ugradnja čeličnih bešavnih cijevi prema važećoj zakonskoj regulativi, komplet s potrebnim spojnim i fazonskim komadima, prirubnicama, protuprirubnicama odgovarajućih dimenzija i kvalitete. Cijevi je potrebno očistiti od grubih i finih nečistoća, zaštititi premazima temeljne boje otporne na povišenu temperaturu te toplinski izolirati.
B74: Komplet s prodorima cjevovoda kroz građevinske elemente u zaštitnoj cijevi, dvije dimenzije većoj, brtvljenje prodora trajnoelastičnim kitom.
B75: Svi dijelovi cjevovoda se izoliraju paronepropusnom termoizolacijom debljine 19 mm instalacija unutar strojarnice. Sve sukladno tehničkim propisima za cjevovode i čelične konstrukcije , a sukladno napomenama u predgovoru ovog strojarskog troškovnika. Završna obloga izolacije iz Al-lima debljine 1 mm.
A77: 1 | B77: Ø 26.9 x 2.65 mm | C77: m | D77: 15 | E77: 40 | F77: =D77*E77 -> 600
A78: 2 | B78: Ø 42.4 x 3.25 mm | C78: m | D78: 15 | E78: 50 | F78: =D78*E78 -> 750
B80: NAPOMENA: Količine cijevi su navedene paušalno. Obračun prema stvarnom utrošku materijala uz odobrenje nadzornog inženjera
A82: 3
B83: Nabava, doprema i ugradnja toplinske izolacije staklenom vunom debljine 2 cm u oblozi Al- lima 1 mm. Svi dijelovi cjevovoda se izoliraju mineralnom vunom debljine 20 mm u oblozi od Al lima debljine 1 mm instalacija u strojarnici. Sve sukladno tehničkim propisima za cjevovode i čelične konstrukcije ,a sukladno napomenama u predgovoru ovog strojarskog troškovnika.
C84: m² | D84: 10 | E84: 50 | F84: =D84*E84 -> 500
A86: 4
B87: Nabava, doprema i montaža nosača i držača cjevovoda, čvrste i klizne točke i ostala potrebna oprema. Montažne šine jednostruke Ili dvostruke. Konzole jednostruke ili dvostruke duljine 300, 450, 600 ili 750 mm. Podupiranje konzola Spojni komadi Krilne matice Spojnice za obujmice Kutnici Spojni komadi noge Obujmice s gumenom oblogom: DN50 – DN200 DN200 – DN500
C88: kg | D88: 50 | E88: 7 | F88: =D88*E88 -> 350
A89: 2.1.10.
B90: Nabava, doprema i ugradnja ekspanzijske posude s membranom za sustave PTV (sekundar), 5 l
C91: kom. | D91: 1 | E91: 50 | F91: =D91*E91 -> 50
A93: 2.1.11.
B94: Nabava, doprema i ugradnja zapornog ventila za sanitarnu vodu. Obostrano s provrtima, 1 navojni čep montiran, od mjedi otporne na otcinčavanje, žuta izvedba. Maks. pogonska temp. 90 °C, maks. pogonski tlak 10 bara, maks. razlika tlaka na zatvorenom sjedalu ventila 10 bara.
B96: DN15 PN6 | C96: kom. | D96: 2 | E96: 20 | F96: =D96*E96 -> 40
B97: DN32 PN6 | C97: kom. | D97: 2 | E97: 30 | F97: =D97*E97 -> 60
A99: 2.1.12.
B100: Nabava, doprema i ugradnja nepovratnog ventila za pitku vodu. Mjed otporna na otcinčavanje, žuta izvedba - 2 otvora 1/4 i jedan navojni čep - obostrano navojni kolčak prema - moguće pražnjenje, armatura za pražnjenje naručuje se posebno - neuspinjuće vreteno ventila, brtvljenje vretena pomoću elastičnog dvostrukog “O” prstena, gornji dio brtvljen pomoću “O” prstena na kućištu - brtveni je materijal od zdravstveno ispravnih materijala - klasa protoka VB, grupa armatura I prema važećoj zakonskoj regulativi
B102: DN15 PN6 | C102: kom. | D102: 1 | E102: 20 | F102: =D102*E102 -> 20
B103: DN32 PN6 | C103: kom. | D103: 1 | E103: 30 | F103: =D103*E103 -> 30
A105: 2.1.13.
B106: Nabava, doprema i ugradnja troputnog prekretnog ventila za sustav grijanja / hlađenja. Prekretni ventil, za razvođenje masenog protoka u sustavima grijanja i hlađenja, izrađen je od bronce, sa zaštitnom kapicom. Vreteno od nehrđajućeg čelika s dvostrukim O-brtvenim prstenom. Vanjski O-brtveni prsten može se zamijeniti bez pražnjenja sustava.
B107: DN32 PN6 | C107: kom. | D107: 1 | E107: 200 | F107: =D107*E107 -> 200
A110: 2.1. | B110: OPREMA
B112: UKUPNO: | E112: =SUM(F20:F108) -> 5460
A116: 2.2. | B116: ZAJEDNIČKE STAVKE SUSTAVA GRIJANJA
A118: 2.2.1.
B119: Sitni pomoćni i montažni materijal i pribor (elektrode za zavarivanje, kisik, disous plin, brtve, pocinčani vijci, matice, tiplovi, obujmice, konzole i ostala standardna roba potrebna za ugradbu).
C120: komplet | D120: 1 | E120: 500 | F120: =D120*E120 -> 500
A122: 2.2.2.
B123: Izrada radioničkih nacrta potrebnih pozicija u skladu s tehnologijom izvođača.
C124: komplet | D124: 1 | E124: 500 | F124: =D124*E124 -> 500
A126: 2.2.3.
B127: Izrada detaljnih uputa za rad i održavanje postrojenja s tehnološkom shemom te izrada natpisnih pločica.
C128: komplet | D128: 1 | E128: 250 | F128: =D128*E128 -> 250
A130: 2.2.4.
B131: Odvoz kompletnog otpadnog materijala na deponiju udaljenosti do 10 km.
C132: komplet | D132: 1 | E132: 200 | F132: =D132*E132 -> 200
A134: 2.2.5.
B135: Prateći građevinski radovi uz strojarske radove, a koji uključuju: bušenje rupa za prolaz instalacija, usijecanje instalacijskih koridora u zid i pod objekta, zatvaranje i obrada oštećenih građevinskih elemenata i sl.
C136: komplet | D136: 1 | E136: 500 | F136: =D136*E136 -> 500
A138: 2.2.6.
B139: Tlačna proba gotovih instalacija grijanja tlakom 5 bar u trajanju 24 sata. Rezultate utvrditi zapisnički.
C140: komplet | D140: 1 | E140: 150 | F140: =D140*E140 -> 150
A142: 2.2.7.
...

Sheet STROJARSKE INST. - RADIJATORI
A1: HIDROENERGA d.o.o. Vijenac I. Meštrovića 54, Osijek
A3: red. broj | B3: vrsta radova | C3: jedinica mjere | D3: količina | E3: jedinična cijena EUR (€) | F3: UKUPNO EUR (€) | G3: JV
A4: 1 | B4: 2 | C4: 3 | D4: 4 | E4: 5 | F4: 6
A6: 3. | B6: TOPLOVODNO RADIJATORSKO GRIJANJE
B8: Dolje navedene stavke obuhvaćaju nabavu, dopremu i montažu predmetne opreme do postizanja pune funkcionalnosti stavki.
B9: Ovim troškovnikom nisu uzeti u obzir nikakvi elektro-radovi niti oprema.
B10: Cijenom je potrebno obuhvatiti sve strojarske radove i opremu do potpunog kompletiranja svake pojedine stavke.
A12: 3.1. | B12: CIJEVNA MREŽA RADIJATORSKOG GRIJANJA
B14: NAPOMENA:
B15: dolje navedene stavke obuhvaćaju nabavu, dopremu i montažu predmetne opreme. Cijenom obuhvatiti i odgovarajuće čvrste i klizne točke, oslonce te ostalu opremu do postizanja pune funkcionalnosti stavki.
B16: Zalijevanje cijevne mreže u cementni estrih.
A18: 3.1.1.
B19: Nabava, doprema i ugradnja PeX cijevi. Predviđena je montaža dvocijevnog sustava 45/40 °C iz Pex-a bez centralnih etažnih razdjelnika krugova grijanja. Sve dionice dvocijevnog sustava položenog u cementni estrih (prema arhitektonskom rješenju) s toplinskom izolacijom cjevovoda sukladno važećim propisima. Komplet sa svim potrebnim spojnim komadima, fitinzima, navlakama, vodilicama itd. Međusobno spajanje cijevi i adekvatnih fitinga tehnikom spajanja tzv. “pomičnom navlakom”. Svi prolazi cjevovoda preko razdvojenih dilatacija (fuga) zgrade moraju se položiti u zaštitnu cijev. Ova se zaština mjera provodi i kod prolaza cijevi kroz zid ili strop, kao i kod izlaza cijevi iz cementne podloge (npr. kod priključenja ogrjevnih tijela). Zbog značajnih toplinskih dilatacija izvođač treba osobitu pozornost posvetiti čvrstim točkama te osigurati kompenzacijske lire na potrebnim mjestima. Na oko 1.5 m ispred grijaćeg tijela potrebno je postaviti cijevnu liru, čime se amortiziraju sile zatezanja i pritiska. Izvođač se mora u svemu strogo pridržavati uputa proizvođača opreme. Građevinski radovi uz polaganje cijevnog razvoda u svemu prema važećim standardima i tehničkoj praksi postavljanja. Svi prolazi kroz stropove i zidove objekta izvode se uporabom proturnih cijevi.
A21: 0 | B21: Protupožarno brtvljenje na potrebnim granicama požarnih zona i ostalim pomoćnim priborom do pune funkcionalnosti stavke | C21: kom. | D21: 4 | E21: 150 | F21: =D21*E21 -> 600
B23: Cijevi
A24: 2 | B24: cijev za grijanje 32x4,4 kolut 25 m | C24: m | D24: 35 | E24: 30 | F24: =D24*E24 -> 1050
A25: 3 | B25: cijev za grijanje 40x5,5 šipka 6 m | C25: m | D25: 10 | E25: 40 | F25: =D25*E25 -> 400
A26: 5 | B26: cijev za grijanje 25x3,5 kolut 25m | C26: m | D26: 40 | E26: 25 | F26: =D26*E26 -> 1000
A27: 6 | B27: cijev za grijanje 16x2,2 kolut 120m | C27: m | D27: 90 | E27: 20 | F27: =D27*E27 -> 1800
A28: 7 | B28: cijev za grijanje 20x2,8 kolut 120m | C28: m | D28: 40 | E28: 22 | F28: =D28*E28 -> 880
A32: 3.1. | B32: CIJEVNA MREŽA RADIJATORSKOG GRIJANJA
B34: UKUPNO: | E34: =SUM(F18:F30) -> 5730
A38: 3.2. | B38: RADIJATORI I PRATEĆA OPREMA
B40: NAPOMENA:
B41: dolje navedene stavke obuhvaćaju nabavu, dopremu i montažu predmetne opreme do postizanja pune funkcionalnosti stavki
A43: 3.2.1.
B44: Projektom predviđeni čelični pločasti radijatori te kupaonički radijatori. Prilikom nabave radijatora, obvezatno konzultirati investitora, vezano uz proizvođača i tip radijatora
B45: Materijal: hladno valjani čelični lim po važećoj zakonskoj regulativi, stabiliziran, profiliran, s korakom 40 mm, priključci: 4 x G 1/2'', probni tlak: 13 bar, Max. radni tlak: 10 bar. Toplinski učin: po važećoj zakonskoj regulativi ispitano i registrirano. Navedeni toplinski učinci odnose se na temperaturu vode 45/40 i sobnu temperaturu prema proračunu. Komplet sa: spojnica, brtva, ključ. Standardna boja je bijela, RAL 9016. Radijatori se mogu izravno uključiti u toplovodne sustave centralnog grijanja do 7 bar. Ogrijevni je medij u radijatorima umekšana ili demineralizirana voda. S obzirom na korozijsku stabilnost, primjena medija ovisi samo o vrelovodnim tokovima i izmjenjivačima topline. Primjena za indirektni sustav distribucije topline, kvaliteta vrele vode u mreži treba odgovarati kvaliteti vode propisanoj važećim normama. pH vrijednost demineralizirane ili umekšane vode treba održavati u granicama 7-9,5, a dopušten je normalan sadržaj hidrazina i sredstava za alkaliziranje prema zahtjevima za kvalitetom napojne vode vrelovodnih kotlova ili recirkulacijske tople vode.
B46: Oprema radijatora: Svaki radijator opremljen je sistemom za učvršćenje na zid (konzole, nosači, odstojnici). U komplet uračunati i priključke radijatora iz zida pomoću kutne priključne garniture od plemenitog čelika ili bakra sukladnih dimenzija.
B48: Boje radijatora:
B49: nanesena na površinu radijatora. Standardna boja je bijela, važećoj zakonskoj regulativi.
B51: Veličine radijatora: spojevi na radijatorima 4xG1/2, probni pritisak 13 bar, max. radni pritisak 10 bar, max. radna temp. 110 °C.
B53: Boje radijatora:
B55: - Temeljna boja prema važećoj zakonskoj regulativi dio 1 pečena na 190 °C
B56: - Završna boja prema važećoj zakonskoj regulativi dio 2 u RAL 9016 ili jednakovrijedan. Završna boja elektrostatski
B57: nanesena na površinu radijatora. Standardna boja je bijela, važećoj zakonskoj regulativi.
B59: Radijatori
A60: 1 | B60: 22/600/400 | C60: kom. | D60: 5 | E60: 200 | F60: =D60*E60 -> 1000
A61: 2 | B61: 33/600/400 | C61: kom. | D61: 2 | E61: 300 | F61: =D61*E61 -> 600
A62: 3 | B62: 22/600/600 | C62: kom. | D62: 3 | E62: 250 | F62: =D62*E62 -> 750
A63: 4 | B63: 22/600/800 | C63: kom. | D63: 1 | E63: 300 | F63: =D63*E63 -> 300
A64: 5 | B64: 1764/600/99 | C64: kom. | D64: 3 | E64: 350 | F64: =D64*E64 -> 1050
A65: 5 | B65: 1764/750/99 | C65: kom. | D65: 3 | E65: 350 | F65: =D65*E65 -> 1050
B68: Termostatski ventili
A69: 3.2.2. | B69: Termostatski ventil ravne izvedbe - 3/8 (standardni model) ili jednakovrijedan. Priključak grijaćeg tijela konično brtvljen. Univerzalni model sa specijalnim kolčakom za navojnu cijev i priključak steznim setom. | C69: kom. | D69: =SUM(D60:D65) -> 17 | E69: 50 | F69: =D69*E69 -> 850
A71: 3.2.3.
B72: Termostatska glava radijatorskog ventila iz stavke 3.2.2.
B74: DN10 | C74: kom. | D74: =D69 -> 17 | E74: 50 | F74: =D74*E74 -> 850
A76: 3.2.4.
B77: Radijatorski vijčani navijak, zatvarajući
B79: DN10 | C79: kom. | D79: =D74 -> 17 | E79: 30 | F79: =D79*E79 -> 510
A81: 3.2.5.
B82: Slavina za ispust vode iz radijatora
B84: DN10 | C84: kom. | D84: =D79 -> 17 | E84: 20 | F84: =D84*E84 -> 340
A86: 3.2.6.
B87: Radijatorski odzračni pipac
B89: DN10 | C89: kom. | D89: =D84 -> 17 | E89: 10 | F89: =D89*E89 -> 170
A91: 3.2.7.
B92: Automatski odzračni ventil za sustav radijatorskog grijanja. Montaža na polazni i povratni cjevovod na vrhu vertikala.
B94: DN15 | C94: kom. | D94: 2 | E94: 50 | F94: =D94*E94 -> 100
A97: 3.2. | B97: RADIJATORI I PRATEĆA OPREMA
B99: UKUPNO: | E99: =SUM(F43:F94) -> 7570
A103: 3.3. | B103: ZAJEDNIČKE STAVKE SUSTAVA GRIJANJA
A105: 3.3.1.
B106: Sitni pomoćni i montažni materijal i pribor (elektrode za zavarivanje, kisik, disous plin, brtve, pocinčani vijci, matice, tiplovi, obujmice, konzole i ostala standardna roba potrebna za ugradbu).
C107: komplet | D107: 1 | E107: 150 | F107: =D107*E107 -> 150
A109: 3.3.2.
B110: Izrada radioničkih nacrta potrebnih pozicija u skladu s tehnologijom izvođača.
C111: komplet | D111: 1 | E111: 150 | F111: =D111*E111 -> 150
A113: 3.3.3.
B114: Izrada detaljnih uputa za rad i održavanje postrojenja s tehnološkom shemom te izrada natpisnih pločica.
C115: komplet | D115: 1 | E115: 100 | F115: =D115*E115 -> 100
A117: 3.3.4.
B118: Prateći građevinski radovi uz strojarske radove, a koji uključuju: bušenje rupa za prolaz instalacija, usijecanje instalacijskih koridora u zid i pod objekta, zatvaranje i obrada oštećenih građevinskih elemenata i sl.
C119: komplet | D119: 1 | E119: 100 | F119: =D119*E119 -> 100
A121: 3.3.5.
B122: Tlačna proba gotovih instalacija grijanja tlakom 5 bar u trajanju 24 sata. Rezultate utvrditi zapisnički.
C123: komplet | D123: 1 | E123: 100 | F123: =D123*E123 -> 100
A125: 3.3.6.
B126: Dilatacijska proba instalacije. Ista se obavlja tako da se instalacija KONTROLIRANO progrije na maksimalnu radnu temperaturu 45º C (radijatorsko grijanje), ohladi i postupak ponovi te prekontrolira instalacija. Rezultate utvrditi zapisnički.
C127: komplet | D127: 1 | E127: 100 | F127: =D127*E127 -> 100
A129: 3.3.7. | B129: Puštanje instalacije u pogon u nazočnosti isporučitelja opreme ili ovlaštenog servisera, podešavanje automatike, regulacija sustava i ostale potrebne radnje do postizanja pune funkcionalnosti.
C130: komplet | D130: 1 | E130: 100 | F130: =D130*E130 -> 100
B131: NAPOMENA: Završni obračun stavke prema dokazima o stvarnom utrošku isporučitelja opreme ili ovlaštenog servisera što potvrđuje nadzorni inženjer
A133: 3.3.8.
B134: Ishodovanje potrebne atestne dokumentacije od ovlaštene tvrtke.
C135: komplet | D135: 1 | E135: 100 | F135: =D135*E135 -> 100
A138: 3.3. | B138: ZAJEDNIČKE STAVKE SUSTAVA GRIJANJA/HLAĐENJA
B140: UKUPNO: | E140: =SUM(F107:F135) -> 900

Sheet STROJARSKE INST. - ODSIS
A1: HIDROENERGA d.o.o. Vijenac I. Meštrovića 54, Osijek
A3: red. broj | B3: vrsta radova | C3: jedinica mjere | D3: količina | E3: jedinična cijena EUR (€) | F3: UKUPNO EUR (€) | G3: JV
A4: 1 | B4: 2 | C4: 3 | D4: 4 | E4: 5 | F4: 6
A6: 4. | B6: PRISLINA ODSISNA VENTILACIJA
A7: Cijena obuhvaća nabavu, dopremu i ugradnju specificirane opreme i cjevovoda. Cijenom je potrebno obuhvatiti sve radove do potpunog kompletiranja svake pojedine stavke i osiguranja pune funkcionalnosti sustava.
A9: 4.1. | B9: VENTILACIJA KUHINJE
B11: NAPOMENA:
B12: Za ovu svrhu se koriste kuhinjske nape, koje se smatraju elementima unutarnjeg uređenja stana i nisu predmet ovog troškovnika. U načelu, radi se o uređaju stropno – visećeg ili zidnog tipa, izrađen od INOX-a ili sličnog materijala, kompletirana s trobrzinskim odsisnim kanalskim ventilatorom max. karakteristika cca Qv=100 m3/h, p=50 Pa, rasvjetom, filterima, hvatačima masti, zavješenjem i ostalom pripadajućom opremom.
A14: 4.1.1.
B15: Nabava, doprema i ugradnja spiro cijevi izrađenih iz pocinčane beskonačne trake, normalnim N falcanjem, tako da je glatka s unutrašnje strane. Cijevi se isporučuju u dužinama od 3m. Izvedba iz AL-lima debljine 0.75 mm. U isporuku je uključena odgovarajuća količina spojnica, brtvi, za spajanje ravnih dionica međusobno, kao i fazonskih komada, ovjesi, konzole, oslonci i sl.
B16: Obračun po metru
B18: a) Ø100 mm | C18: m | D18: 5 | E18: 25 | F18: =D18*E18 -> 125
B20: NAPOMENA: Završni obračun stavke prema dokazima o stvarnom utrošku što potvrđuje nadzorni inženjer.
A23: 4.1. | B23: VENTILACIJA KUHINJA
B25: UKUPNO: | E25: =F18 -> 125
A29: 4.2. | B29: VENTILACIJA SANITARIJA
A31: 4.2.1.
B32: Nabava, doprema i ugradnja odsisnog ventilatora s 3 brzine, tehničkih karakteristika: Q=60 m3/h, 230V/20 W
B33: Ventilator je montiran u prostor tako da je omogućen neposredan prodor kroz zid te ispuh u vanjski prostor.
B34: Obračun komplet. | C34: komplet | D34: 8 | E34: 150 | F34: =D34*E34 -> 1200
A36: 4.2.2.
B37: Nabava, doprema i ugradnja prestrujne rešetke za ugradnju na vrata ventiliranih prostorija. Dimenzija: 200 x 80 mm. Ugradnja u donji dio vrata.
B39: Obračun po komadu | C39: kom. | D39: 8 | E39: 50 | F39: =D39*E39 -> 400
A41: 4.2.3.
B42: Protukišna žaluzija za ispuh otpadnog zraka, komplet sa zaštitnom mrežicom protiv ulaska insekata i sitnih životinja te ostalom potrebnom opremom do postizanja pune funkcionalnosti stavke.
B44: Ø80 mm | C44: komplet. | D44: 8 | E44: 50 | F44: =D44*E44 -> 400
A46: 4.2.4.
B47: Nabava, doprema i ugradnja fleksibilnog limenog kanala (spiralno namotanog), izvedeni od Al lima debljine 0,75 mm, s prirubnicama, vijcima, maticama i zavješenjima.
B48: Ø 80 mm | C48: m' | D48: 10 | E48: 30 | F48: =D48*E48 -> 300
A50: 4.2. | B50: VENTILACIJA SANITARIJA
B52: UKUPNO: | E52: =SUM(F32:F48) -> 2300
A56: 4.3. | B56: ODSIS PRAONICE
A58: 4.3.1.
B59: Nabava, doprema i ugradnja odsisnog ventilatora s 3 brzine, tehničkih karakteristika: Q=100 m3/h, 50 Pa, 230V/50 W
B60: Ventilator je montiran u prostor tako da je omogućen neposredan prodor kroz zid te ispuh u vanjski prostor.
B62: Obračun komplet. | C62: komplet | D62: 1 | E62: 250 | F62: =D62*E62 -> 250
A64: 4.3.2.
B65: Nabava, doprema i ugradnja fleksibilnog limenog kanala (spiralno namotanog), izvedeni od Al lima debljine 0,75 mm, s prirubnicama, vijcima, maticama i zavješenjima.
B66: Ø100 mm | C66: m' | D66: 1 | E66: 30 | F66: =D66*E66 -> 30
B67: Ø150 mm | C67: m' | D67: 1 | E67: 40 | F67: =D67*E67 -> 40
A69: 4.3.3.
B70: Protukišna žaluzija za ispuh otpadnog zraka, komplet sa zaštitnom mrežicom protiv ulaska insekata i sitnih životinja te ostalom potrebnom opremom do postizanja pune funkcionalnosti stavke.
B72: Ø100 mm | C72: komplet. | D72: 1 | E72: 50 | F72: =D72*E72 -> 50
A74: 4.3.4.
B75: Nabava, doprema i ugradnja dozračne žaluzine za ugradnju na zid.
B76: Ø150 mm | C76: komplet. | D76: 2 | E76: 50 | F76: =D76*E76 -> 100
A79: 4.3. | B79: ODSIS PRAONICE
B81: UKUPNO: | E81: =SUM(F59:F76) -> 470
A85: 4.4. | B85: OSTALI MATERIJAL I RADOVI
A87: 4.4.1.
B88: Nabava, doprema i ugradnja sitnog pomoćnog i montažnog materijala i pribora ( brtvila, elastične spojnice, vijci i matice, tiplovi, držači, cijevne obujmice, tuljci za izolaciju vijaka i matica kod spajanja fazona iz različitih metalnih materijala i ostala standardna roba potrebna za ugradbu).
C89: komplet | D89: 1 | E89: 100 | F89: =D89*E89 -> 100
B90: NAPOMENA: Završni obračun stavke prema dokazima o stvarnom utrošku što potvrđuje nadzorni inženjer.
A92: 4.4.2.
B93: Izrada radioničkih nacrta potrebnih pozicija u skladu s tehnologijom izvođača.
C94: komplet | D94: 1 | E94: 50 | F94: =D94*E94 -> 50
A96: 4.4.3.
B97: Izrada detaljnih uputa za rad i održavanje postrojenja s tehnološkom shemom te izrada natpisnih pločica.
C98: komplet | D98: 1 | E98: 50 | F98: =D98*E98 -> 50
A100: 4.4.4.
B101: Prateći građevinski radovi uz strojarske radove, a koji uključuju: bušenje rupa za prolaz instalacija, usijecanje instalacijskih koridora u zid i pod objekta, zatvaranje i obrada oštećenih građevinskih elemenata i sl.
C102: komplet | D102: 1 | E102: 200 | F102: =D102*E102 -> 200
A104: 4.4.5.
B105: Puštanje instalacije u pogon u nazočnosti isporučitelja opreme ili ovlaštenog servisera, podešavanje automatike, regulacija sustava i ostale potrebne radnje do postizanja pune funkcionalnosti.
B106: NAPOMENA: Završni obračun stavke prema dokazima o stvarnom utrošku isporučitelja opreme ili ovlaštenog servisera što potvrđuje nadzorni inženjer
C107: komplet | D107: 1 | E107: 100 | F107: =D107*E107 -> 100
A109: 4.4.6.
B110: Ispitivanje sustava ventilacije i izdavanje certifikata od ovlaštene tvrtke.
C111: komplet | D111: 1 | E111: 500 | F111: =D111*E111 -> 500
A113: 4.4.7. | B113: Detaljno čišćenje svih sustava ventilacijskih kanala.
C114: komplet | D114: 1 | E114: 150 | F114: =D114*E114 -> 150
A116: 4.4. | B116: OSTALI MATERIJAL I RADOVI
B117: UKUPNO:
E118: =SUM(F89:F114) -> 1150

Sheet STROJARSKE INST. - EL.PODNO
A2: HIDROENERGA d.o.o. Vijenac I. Meštrovića 54, Osijek
A4: red. broj | B4: vrsta radova | C4: jedinica mjere | D4: količina | E4: jedinična cijena EUR (€) | F4: UKUPNO EUR (€) | G4: JV
A5: 1 | B5: 2 | C5: 3 | D5: 4 | E5: 5 | F5: 6
A7: 5. | B7: ELEKTRIČNO GRIJANJE PODESTA DIZALICA TOPLINE
A8: Cijena obuhvaća nabavu, dopremu i ugradnju specificirane opreme i cjevovoda. Cijenom je potrebno obuhvatiti sve radove do potpunog kompletiranja svake pojedine stavke i osiguranja pune funkcionalnosti sustava.
A10: 5.1. | B10: OPREMA
A12: 5.1.1. | B12: Dobava, ugradnja i spajanje grijaćeg kabela 0,135 Ω/m, duljine 126,5 m, s "hladnim krajem" duljine 5 m, za ugradnju u beton ( 3098 W / 230 V ) | C12: kom. | D12: 1 | E12: 2000 | F12: =D12*E12 -> 2000
A14: 5.1.2. | B14: Dobava, ugradnja i spajanje napojno-upravljačkog razdjelnika opremljenog sa: elektroničkim regulatorom, strujnom zaštitnom sklopkom 40/0,3A, automatskim osiguračima, sklopnikom, grebenastom sklopkom i ostalom opremom potrebnom za ispravan i siguran rad grijanja snage 3 kW | C14: kom. | D14: 1 | E14: 1000 | F14: =D14*E14 -> 1000
A16: 5.1.3. | B16: Dobava i ugradnja u rampu kućišta za sondu | C16: kom. | D16: 1 | E16: 300 | F16: =D16*E16 -> 300
A18: 5.1.4. | B18: Dobava i ugradnja u kućište pametne sonde za vlagu i temperaturu tla | C18: kom. | D18: 1 | E18: 300 | F18: =D18*E18 -> 300
A20: 5.1.5. | B20: Dobava i ugradnja kabela za sondu, duljine 10 m, sa vodonepropusnim konektorom | C20: kom. | D20: 1 | E20: 100 | F20: =D20*E20 -> 100
A22: 5.1.6. | B22: Dobava i ugradnja na zid sonde za temperaturu zraka | C22: kom. | D22: 1 | E22: 100 | F22: =D22*E22 -> 100
A25: 5.1. | B25: OPREMA
B27: UKUPNO: | E27: =SUM(F12:F23) -> 3800

Sheet REKAPITULACIJA STROJ. INST.
B1: HIDROENERGA d.o.o. Vijenac I. Meštrovića 54, Osijek
B3: STROJARSKE INSTALACIJE REKAPITULACIJA
E5: UKUPNO EUR (€)
A7: 1. | B7: VRV SUSTAV i DIZALICA TOPLINE | E7: ='STROJARSKE INST. - VRV I DT'!E133:F133+'STROJARSKE INST. - VRV I DT'!E194:F194+'STROJARSKE INST. - VRV I DT'!E239:F239 -> 56325
A10: 2. | B10: STROJARNICA | E10: ='STROJARSKE INST. - STROJARNICA'!E112:F112+'STROJARSKE INST. - STROJARNICA'!E165:F165 -> 9710
A13: 3. | B13: TOPLOVODNO RADIJATORSKO GRIJANJE | E13: ='STROJARSKE INST. - RADIJATORI'!E34:F34+'STROJARSKE INST. - RADIJATORI'!E99:F99+'STROJARSKE INST. - RADIJATORI'!E140:F140 -> 14200
A16: 4. | B16: PRISLINA ODSISNA VENTILACIJA | E16: ='STROJARSKE INST. - ODSIS'!E25:F25+'STROJARSKE INST. - ODSIS'!E52:F52+'STROJARSKE INST. - ODSIS'!E81:F81+'STROJARSKE INST. - ODSIS'!E118:F118 -> 4045
A19: 5. | B19: ELEKTRIČNO GRIJANJE PODESTA DIZALICA TOPLINE | E19: ='STROJARSKE INST. - EL.PODNO'!E27:F27 -> 3800
B24: SVEUKUPNO: | E24: =SUM(E7:E20) -> 88080
A27: Cijene navedene u troškovniku služe ISKLJUČIVO kao orijentacija za procjenu ukupne visine investicije.
A29: Cijene pojedinih troškovničkih stavki ovise o trenutnim tržišnim kretanjima, tehnologiji izvođenja i izboru opreme te se ne mogu se uzimati kao usporedna vrijednost suprotstavljena ponudi izvođača.
A31: NAPOMENE:
A33: A. | B33: Prije narudžbe opreme i izvedbe radova izvođač treba na građevini:
B34: * provjeriti mogućnost montaže i izvedbe sustava i opreme
B35: *provjeriti količine materijala i opreme predviđenih ovim troškovnikom
B36: *koordinirati izvođenje s drugim izvođačima prema terminskom planu
B37: Projektant ne preuzima odgovornost za naknadne primjedbe.
A38: B. | B38: Za svu strojarsku opremu prije narudžbe i dostave na gradilište izvođač radova je dužan ishoditi odobrenje od strojarskog nadzornog inženjera, strojarskog projektanta sustava i naručitelja.
A39: C. | B39: U slučaju nuđenja jednakovrijedne opreme koja nije obrađena projektnom dokumentacijom zbog specifičnosti strojarske opreme i sustava upravljanja jednakovrijednost opreme se dokazuje dostavom odgovarajućih atesta, certifikata, normi uređaja i opreme i sl.
B40: Nuđena oprema mora zadovoljiti uvjete:
B41: * toplinska snaga manja do -5%
B42: * pad tlaka uređaja veći do +5%
B43: * električna snaga veća do +5%
B44: * učinkovitost uređaja manja do -2%
B45: * dimenzije uređaja provjeriti kod prostornog ograničenja
B46: * ista ili bolja automatska regulacija uređaja
B47: * ista ili bolja servisna mreža uređaja
B48: * isti ili duži jamstveni rok uređaja
B49: * dodatni zahtjevi prema uvjetima naručitelja
A50: D. | B50: Kod dijelova cjevovoda iz "crnog" čelika koji su položeni u zemlju, obvezatan je sljedeći postupak antikorozivne zaštite: čišćenje do II stupnja, nanošenje tankog bitumenskog premaza u hladnom stanju, nanošenje tankog bitumenskog premaza u toplom stanju, spiralno namotavanje staklene vune ili drugog podobnog tekstilnog materijala natopljenog bitumenom, nanošenje drugog bitumenskog sloja u toplom stanju, spiralno namotavanje staklene vune ili drugog pogodnog tekstilnog materijala, nanošenje trećeg bitumenskog sloja u toplom stanju te kao završni sloj, nanošenje vapnenog mlijeka.
A51: E. | B51: Navedene duljine cijevi unutar objekta ovise o tipu ugrađene opreme i izvedenom stanju građevinskog objekta. Stoga se svi cjevovodi, fazoni i prirubnice izrađene od čelika isporučuju NEZAVARENI, pojedinačno u skladu sa specifikacijom u troškovniku. Zavarivanje pojedinih cijevnih elemenata i fazona te završnu izradu pozicija izvršiti u radionici tek nakon provjere stvarno izvedenih kota objekta i ugrađene opreme. Po mogućnosti, sva zavarivanja izvršiti u povoljnim radioničkim uvjetima.
A52: F. | B52: Sve cijevi, armatura i dr. NP10, osim ako stavkom nije drukčije specificirano.
A53: G. | B53: Izvođač je dužan o svom trošku osigurati gradilište i građevinu od štetnog utjecaja vremenskih nepogoda.
A54: H. | B54: Izvođač je dužan izvesti pomoćna sredstva za rad kao što su skele, ograde, skladišta, dizalice, dopremiti i postaviti strojeve, alat, potreban pribor itd. te poduzeti sve mjere sigurnosti da ne dođe do smetnji i opasnosti po život i zdravlje zaposlenika, drugog osoblja i prolaznika. Svaka eventualna šteta koja bi bila prouzročena prolazniku, susjednoj građevini, cesti itd. pada na teret izvođača koji je dužan ukloniti i nadoknaditi štetu u određenom roku.
A55: I. | B55: Nadzor glede čuvanja građevine, gradilišta, postrojenja, alata i materijala pada na teret izvoditelja.
A56: J. | B56: Jedinične cijene pojedinih stavki troškovnika sadržavaju troškove za posve dogotovljen rad. One uključuju materijal, pomoćna sredstva kao što su voda, električna energija, alat, oplata, skela ili slično, za svu radnu snagu, za sve pripremne radove (kao npr. postavljanje baraka ili kontejnera i postrojenja, uključivo s demontažom i otpremom s gradilišta nakon završetka radova i druge troškove koji se u bilo kojem obliku pojave za potrebe gradnje). Čišćenje i uređenje gradilišta također je sadržano u jediničnim cijenama.
A57: K. | B57: Prije davanja ponude, izvođač mora pregledati projektnu dokumentaciju te zatražiti objašnjenje za eventualne nejasne stavke te provjeriti dokaznicu mjera i na vrijeme dati svoje primjedbe. Kasnije primjedbe ne mogu se uzimati u obzir.
A58: L. | B58: Obračun radova provodi se prema tehničkim normativima i njihovim dopunama. Za slučaj da opis pojedinih radova u troškovniku po mišljenju izvoditelja ili bilo kojeg drugog sudionika u gradnji nije potpun, izvođač je dužan izvesti radove prema pravilima struke uz konzultaciju projektanta koji je jedini mjerodavan tumačiti dijelove svog projekta.
A59: M. | B59: Izvođač u potpunosti odgovara za ispravnost izvršene isporuke i odgovoran je za eventualno loš rad ili kvalitetu dobave iz trgovačke mreže ili podizvoditelja.
A60: N. | B60: Izvođač je dužan posjedovati potrebne certifikate za sve materijale i opremu koju ugrađuje u pojedini objekt, a prije tehničkog pregleda, svu dokumentaciju mora predati investitoru.
A61: O. | B61: Sve izmjene u projektu, opisu radova i jediničnim cijenama mogu uslijediti samo uz suglasnost projektanta i po odobrenju nadzornog inženjera (investitora). Isto vrijedi i u slučaju pojave bilo kakvih nepredviđenih okolnosti tijekom građenja.
... A65: T. | B65: VAŽNO!!!
B66: Navedene stavke uključuju nabavu, dopremu na gradilište te ugradnju specificiranog materijala i opreme. Cijenom je potrebno obuhvatiti svu potrebnu opremu i pribor za ugradnju do potpunog kompletiranja svake pojedine stavke. Elektro oprema i radovi NISU obuhvaćeni ovim troškovnikom.

Sheet ELEKTRO E.1
A2: Troškovnik elektrotehničkih instalacija (UGOSTITELJSKO-TURISTIČKA GRAĐEVINA PLANINARSKI DOM JELENIĆ KUĆA)
A3: E.1. Rasvjetni stupovi opće rasvjete, NN ormari, NN i DTK razvod
A4: Red.broj. | B4: Opis | C4: Jed. mjere | D4: Kol. | E4: Jed. cijena (€) | F4: Ukupna cijena (€) | G4: JV
B5: NAPOMENA: Cijena za svaku točku ovog troškovnika mora obuhvatiti dobavu, montažu, spajanje, te dovođenje stavke u stanje potpune funkcionalnosti. U cijenu treba ukalkulirati sav spojni, montažni, pridržni i ostali materijal potreban za potpuno funkcioniranje pojedine stavke. Prilikom izrada ponude treba imati u vidu najnovije važeće propise za pojedine vrste instalacije. Za sve eventualne primjedbe u pogledu izvođenja i troškovnika, odnosno davanja ponude obratiti se projektantu. Izvođač je dužan prijenos, ugradnju i montažu opreme, kao i svu građevinsku pomoć izvesti o svom trošku, te sve radove nuditi u jediničnim cijenama predmetnog troškovnika. Svi razdjelnici tebaju biti sastavljeni, ispitani i isporučeni sa natpisnom pločicom prema važećoj zakonskoj regulativi.
A6: 1. | B6: Građevinski radovi i kabelski razvod
A7: 1. | B7: Geodetski radovi: Iskolčenje trase kabela, montažnih zdenaca i rasvjetnih stupova, postavljanje i održavanje oznaka od početka radova do predaje svih radova investitoru, sva mjerenja u vezi prijenosa podataka iz projekta na teren i obrnuto, te izrada snimke izvedenog stanja vodova (3 primjerka) ovjerenu od strane mjerodavnog katastra. Obračun po m¹ iskolčene trase. | C7: m | D7: 300 | E7: ='[1]ELEKTRO E.1'!E7 -> 0.5 | F7: =D7*E7 -> 150
A8: 2. | B8: Probni iskopi: ručni iskop rova, dubine 1.2 m, širine 0.4 m i dužine 5m, u zemljanom tlu u materijalu kategorije "C". U jediničnu cijenu uračunati su svi radovi na iskopu materijala, vertikalni prijenosi, utovari u prijevozna sredstva, radovi na uređenju i čišćenju pokosa, planiranje iskopanih i susjednih površina te zatrpavanje. Obračun po m³ stvarno izvedenog iskopa u sraslom stanju. | C8: m3 | D8: 12 | E8: ='[1]ELEKTRO E.1'!E8 -> 40 | F8: =D8*E8 -> 480
A9: 3. | B9: Iskop rova za instalacije (kabel ili cijev i traka za uzemljenje): Strojni iskop zemlje, a prema potrebi i ručni, dubine do 1,2 m, širine 0,4 m u zemljanom tlu u materijalu kategorije "C". Izvodi se u zbijenom nasipu uz svu potrebnu zaštitu stabilnosti iskopa (razupiranje, odvodnja, zbijanje). U jediničnu cijenu uračunati su svi radovi na iskopu materijala, vertikalni prijenosi, utovari u prijevozna sredstva, radovi na uređenju i čišćenju pokosa, planiranje iskopanih i susjednih površina. Obračun po m³ stvarno izvedenog iskopa u sraslom stanju. | C9: m³ | D9: 48 | E9: ='[1]ELEKTRO E.1'!E9 -> 20 | F9: =D9*E9 -> 960
A10: 4. | B10: Iskop rova za instalacije (kabel ili cijev i traka za uzemljenje): Strojni iskop zemlje, a prema potrebi i ručni, dubine 0,8 m, širine 0,4 m u zemljanom tlu u materijalu kategorije "C". Izvodi se u zbijenom nasipu uz svu potrebnu zaštitu stabilnosti iskopa (razupiranje, odvodnja, zbijanje). U jediničnu cijenu uračunati su svi radovi na iskopu materijala, vertikalni prijenosi, utovari u prijevozna sredstva, radovi na uređenju i čišćenju pokosa, planiranje iskopanih i susjednih površina. Obračun po m³ stvarno izvedenog iskopa u sraslom stanju. | C10: m³ | D10: 64 | E10: ='[1]ELEKTRO E.1'!E10 -> 20 | F10: =D10*E10 -> 1280
A11: 6. | B11: Podložni sloj i obloga od pijeska: Obuhvaća pripremu podloge, dobavu materijala, utovar, prijevoz, istovar, razastiranje, zbijanje, taj. sav rad na izradi i ugradnji sloja i obloge. Obračun po m³ stvarno izvedene količine. | C11: m3 | D11: 24 | E11: ='[1]ELEKTRO E.1'!E11 -> 50 | F11: =D11*E11 -> 1200
A12: 7. | B12: Iskop temeljne jame za rasvjetni stup visine 4m: strojni iskop u zemljištu C kategorije, dimenzije 0,8x0,8x1 m. U jediničnu cijenu uračunati su svi radovi na iskopu materijala, vertikalni prijenosi, utovari u prijevozna sredstva, radovi na uređenju i čišćenju pokosa, planiranje iskopanih i susjednih površina. Obračun po m³ stvarno izvedenog iskopa u sraslom stanju. | C12: m3 | D12: 2 | E12: ='[1]ELEKTRO E.1'!E12 -> 40 | F12: =D12*E12 -> 80
A13: 8. | B13: Dobava i ugradnja materijala za izradu temelja rasvjetnog stupa visine 4m što uključuje:
B14: planiranje dna prethodno iskopane jame te razastiranje tamponskog sloja šljunka d=10cm (0.07m3);
B15: uvlačenje dvije savitljive PEHD cijevi Ф75 mm duljine 1.5 m u temelj;
B16: betoniranje temelja betonom marke betona C25(30) 0.64m3, uz centriranje čeličnih sidrenih vijaka šablonom;
B17: dobava i montaža armature B-500 (mreža Q-335) u gornjem dijelu temelja
B18: formiranje kape temelja uporabom oplate s izvođenjem skošenja od sredine prema rubu radi otjecanja oborinske vode;
B19: te sve ostalo potrebno za kompletno dovršenje rada (u stavku uključiti potrebnu drvenu oplatu koja se postavlja u slučaju potrebe).
B20: Obračun po komadu ugrađenog temelja | C20: kom | D20: 3 | E20: ='[1]ELEKTRO E.1'!E20 -> 500 | F20: =D20*E20 -> 1500
A21: 9. | B21: Iskop temeljne jame za rasvjetni stup, oznake u legendi V2, dimenzija 0,5x0,5x0,5m. U jediničnu cijenu uračunati su svi radovi na iskopu materijala, vertikalni prijenosi, utovari u prijevozna sredstva, radovi na uređenju i čišćenju pokosa, planiranje iskopanih i susjednih površina. | C21: kpl | D21: 12 | E21: ='[1]ELEKTRO E.1'!E21 -> 50 | F21: =D21*E21 -> 600
A22: 10. | B22: Dobava i ugradnja materijala za izradu temelja rasvjetnog stupa tip V2 što uključuje:
B23: planiranje dna prethodno iskopane jame te razastiranje tamponskog sloja šljunka d=10cm (0.025m3);
B24: uvlačenje tri savitljive PEHD cijevi Ф40 mm duljine 0,7m u temelj;
B25: betoniranje temelja betonom marke betona C25(30) 0,125m3, uz centriranje čeličnih sidrenih vijaka šablonom;
B26: te sve ostalo potrebno za kompletno dovršenje rada (u stavku uključiti potrebnu drvenu oplatu koja se postavlja u slučaju potrebe).
B27: Obračun po komadu ugrađenog temelja | C27: kpl | D27: 12 | E27: ='[1]ELEKTRO E.1'!E27 -> 250 | F27: =D27*E27 -> 3000
A28: 11. | B28: Dobava i ugradnja ankera za montažu svjetiljke na beton | C28: kpl | D28: 48 | E28: ='[1]ELEKTRO E.1'!E28 -> 20 | F28: =D28*E28 -> 960
A29: 12. | B29: Iskop jame za ugradnju kabelskog zdenca (obračun iskopa mjeri se po komadu jame):
B30: iskop jame (za ugradnju kabelskog zdenca MZ D1-E ili jednakovrijedno) dimenzija 78x108x156 cm (1,4 m3) u zemljištu C kategorije.
B31: Izradu posteljice za postavu kabelskog zdenca od nabijenog pijeska debljine 10 cm (0,1 m3).
B32: Zasipavanje postavljenog kabelskog zdenca materijalom iz otkopa.
B33: Odvoz viška iskopanog materijala na deponiju do 5 km.
B34: iskop jame ukupno: | C34: kom | D34: 1 | E34: ='[1]ELEKTRO E.1'!E34 -> 50 | F34: =D34*E34 -> 50
A35: 13. | B35: Dobava na gradilište tipskog montažnog zdenca MZ D1-E ili jednakovrijedno, vanjskih dimenzija cca 78x108x156 cm te ugradnja na pripremljenu podlogu od pijeska prema mjerama i uvjetima iz projekta, za opterećenje do 400 kN. | C35: kom | D35: 1 | E35: ='[1]ELEKTRO E.1'!E35 -> 1200 | F35: =D35*E35 -> 1200
A36: 14. | B36: Iskop jame za ugradnju kabelskog zdenca (obračun iskopa mjeri se po komadu jame):
B37: iskop jame (za ugradnju kabelskog zdenca MZ D1-E) dimenzijac 78x108x156 cm (2m3) u zemljištu C kategorije.
B38: Izradu posteljice za postavu kabelskog zdenca od nabijenog pijeska debljine 10 cm (0,1 m3).
B39: Zasipavanje postavljenog kabelskog zdenca materijalom iz otkopa.
B40: Odvoz viška iskopanog materijala na deponiju do 5 km.
B41: iskop jame ukupno: | C41: kom | D41: 1 | E41: ='[1]ELEKTRO E.1'!E41 -> 100 | F41: =D41*E41 -> 100
A42: 15. | B42: Dobava na gradilište tipskog montažnog zdenca MZ D0 ili jednakovrijedno, vanjskih dimenzija cca 63x63x101 cm te ugradnja na pripremljenu podlogu od pijeska prema mjerama i uvjetima iz projekta, za opterećenje do 125 kN. | C42: kom | D42: 3 | E42: ='[1]ELEKTRO E.1'!E42 -> 800 | F42: =D42*E42 -> 2400
A43: 16. | B43: Iskop jame za ugradnju kabelskog zdenca (obračun iskopa mjeri se po komadu jame):
B44: iskop jame (za ugradnju kabelskog zdenca MZ D0) dimenzija 63x63x101 cm (0,4 m3) u zemljištu C kategorije.
B45: Izradu posteljice za postavu kabelskog zdenca od nabijenog pijeska debljine 10 cm (0,04 m3).
B46: Zasipavanje postavljenog kabelskog zdenca materijalom iz otkopa.
B47: Odvoz viška iskopanog materijala na deponiju do 5 km.
B48: iskop jame ukupno: | C48: kom | D48: 3 | E48: ='[1]ELEKTRO E.1'!E48 -> 100 | F48: =D48*E48 -> 300
A49: 17. | B49: Dobava na gradilište tipskog montažnog zdenca MZ D2 ili jednakovrijedno, vanjskih dimenzija cca 118x108x98 cm te ugradnja na pripremljenu podlogu od pijeska prema mjerama i uvjetima iz projekta, za opterećenje do 125 kN. | C49: kom | D49: 1 | E49: ='[1]ELEKTRO E.1'!E49 -> 1500 | F49: =D49*E49 -> 1500
A50: 18. | B50: Iskop jame za ugradnju kabelskog zdenca (obračun iskopa mjeri se po komadu jame):
B51: iskop jame (za ugradnju kabelskog zdenca MZ D0) dimenzija 118x108x0,98 cm (1,25 m3) u zemljištu C kategorije.
B52: Izradu posteljice za postavu kabelskog zdenca od nabijenog pijeska debljine 10 cm (0,1 m3).
B53: Zasipavanje postavljenog kabelskog zdenca materijalom iz otkopa.
B54: Odvoz viška iskopanog materijala na deponiju do 5 km.
B55: iskop jame ukupno: | C55: kom | D55: 1 | E55: ='[1]ELEKTRO E.1'!E55 -> 100 | F55: =D55*E55 -> 100
A56: 19. | B56: Dobava na gradilište tipskog montažnog zdenca MZ D2-E ili jednakovrijedno, vanjskih dimenzija cca 118x108x156 cm te ugradnja na pripremljenu podlogu od pijeska prema mjerama i uvjetima iz projekta, za opterećenje do 400 kN. | C56: kom | D56: 1 | E56: ='[1]ELEKTRO E.1'!E56 -> 1500 | F56: =D56*E56 -> 1500
A57: 20. | B57: Iskop jame za ugradnju kabelskog zdenca (obračun iskopa mjeri se po komadu jame):
B58: iskop jame (za ugradnju kabelskog zdenca MZ D0) dimenzija 118x108x1,56 cm (2 m3) u zemljištu C kategorije.
B59: Izradu posteljice za postavu kabelskog zdenca od nabijenog pijeska debljine 10 cm (0,2 m3).
B60: Zasipavanje postavljenog kabelskog zdenca materijalom iz otkopa.
B61: Odvoz viška iskopanog materijala na deponiju do 5 km.
B62: iskop jame ukupno: | C62: kom | D62: 1 | E62: ='[1]ELEKTRO E.1'!E62 -> 100 | F62: =D62*E62 -> 100
A63: 21. | B63: Iskop jame za ugradnju samostojećih ormarića i drugih betonskih postolja. | C63: m3 | D63: 2.5 | E63: ='[1]ELEKTRO E.1'!E63 -> 40 | F63: =D63*E63 -> 100
A64: 22. | B64: Dobava i polaganje u već iskopani rov zaštitne tvrde cijevi, 10 Bara, za NN i EKM kabele. Podrazumijeva dobavu i dopremu cijevi i spojnog materijala, sve potrebne prijevoze i prijenose, polaganje u rov i podnu ploču prilikom betoniranja, spajanje te sve ostalo potrebno za kompletno dovršenje rada. Obračun po m ugrađene cijevi.
B65: PEHD 160mm | C65: m | D65: 60 | E65: ='[1]ELEKTRO E.1'!E65 -> 14 | F65: =D65*E65 -> 840
B66: PEHD 125mm | C66: m | D66: 50 | E66: ='[1]ELEKTRO E.1'!E66 -> 13 | F66: =D66*E66 -> 650
B67: PEHD 110mm | C67: m | D67: 80 | E67: ='[1]ELEKTRO E.1'!E67 -> 12 | F67: =D67*E67 -> 960
B68: PEHD 50mm | C68: m | D68: 350 | E68: ='[1]ELEKTRO E.1'!E68 -> 5 | F68: =D68*E68 -> 1750
A69: 23. | B69: Ručni iskop i zatrpavanje rova za kabelsku kanalizaciju, dimenzija (š)0.4x(d)0.8 m u zemljištu C kategorije (količina iskopanog rova kod plaćanja računa se za zbijeno stanje zemlje). U cijenu uračunati sve potrebne stavke i radnje za kopanje i zatrpavanje do dubine 0.8m uključujući i potrebna proširenja rova kod manipulacije sa cijevima na dnu rova uz obavezno poštivanje sigurnosne širine rova. | C69: m | D69: 12 | E69: ='[1]ELEKTRO E.1'!E69 -> 30 | F69: =D69*E69 -> 360
A70: 24. | B70: Uvlačenje novog pretplatničkog kabela u novi zdenac i cijev:
B71: TK59-50 GM ili jednakovrijedno 10x4x0,4mm2 | C71: m | D71: 75 | E71: ='[1]ELEKTRO E.1'!E71 -> 11 | F71: =D71*E71 -> 825
A72: 25. | B72: Izrada novog nastavka na pretplatničkom kabelu, kompletno sa svim materijalom i priborom:
A73: 25.1 | B73: sječenje postojećeg kabela na mjestu buduće spojnice TK59-50 GM 10x4x0,4mm2 | C73: kom | D73: 2 | E73: ='[1]ELEKTRO E.1'!E73 -> 155 | F73: =D73*E73 -> 310
A74: 25.2 | B74: spojnica za kabel TK59-50 GM 10x4x0,4mm2, IP68 ili jednakovrijedno za postavljanje u zemlju | C74: kom | D74: 2 | E74: ='[1]ELEKTRO E.1'!E74 -> 170 | F74: =D74*E74 -> 340
A75: 26. | B75: Električna mjerenja pretplatničkih kabela | C75: pari | D75: 20 | E75: ='[1]ELEKTRO E.1'!E75 -> 25 | F75: =D75*E75 -> 500
A76: 27. | B76: Završna mjerenja pretplatničkih kabela | C76: pari | D76: 20 | E76: ='[1]ELEKTRO E.1'!E76 -> 25 | F76: =D76*E76 -> 500
A77: 28. | B77: Završni radovi, pospremanje radnog mjesta, … | C77: kpl | D77: 1 | E77: ='[1]ELEKTRO E.1'!E77 -> 400 | F77: =D77*E77 -> 400
A78: 29. | B78: Dobava i polaganje plastične trake za upozorenje s natpisom "POZOR - ELEKTROENERGETSKI KABEL 0,4kV" | C78: m | D78: 220 | E78: ='[1]ELEKTRO E.1'!E78 -> 2.5 | F78: =D78*E78 -> 550
A79: 30. | B79: Dobava i postavljanje PVC štitnika za kabel u kabelski rov | C79: m | D79: 220 | E79: ='[1]ELEKTRO E.1'!E79 -> 2 | F79: =D79*E79 -> 440
A80: 31. | B80: Dobava i polaganje plastične trake za upozorenje s natpisom "POZOR - TELEKOMUNIKACIJSKI KABEL" | C80: m | D80: 80 | E80: ='[1]ELEKTRO E.1'!E80 -> 2.55 | F80: =D80*E80 -> 204
A81: 32. | B81: Zatrpavanje materijalom od iskopa: Obuhvaća prijevoz, nasipavanje, razastiranje i zbijanje materijala. Obračun po m³ stvarno izvedene količine u zbijenom stanju. | C81: m3 | D81: 46 | E81: ='[1]ELEKTRO E.1'!E81 -> 20 | F81: =D81*E81 -> 920
A82: 33. | B82: Prijevoz viška zemlje na najbliži deponij. U rad su uključeni vertikalni prijenosi, utovari i istovari u prijevozna sredstva te privremena odlaganja. Obračun po m³ stvarno izvedene količine preostalog materijala. | C82: m3 | D82: 34 | E82: ='[1]ELEKTRO E.1'!E82 -> 15 | F82: =D82*E82 -> 510
A83: 34. | B83: Dobava i izrada zaštite za cijevi položene ispod prometnice:
A84: 34.1 | B84: AB ploča C25/30 | C84: m3 | D84: 5 | E84: ='[1]ELEKTRO E.1'!E84 -> 200 | F84: =D84*E84 -> 1000
A85: 34.2 | B85: Armaturna mreža Q-335 | C85: kom | D85: 7.5 | E85: ='[1]ELEKTRO E.1'!E85 -> 2 | F85: =D85*E85 -> 15
A86: 35 | B86: Dobava na gradilište i postavljanje distantnog češlja | F86: =D86*E86 -> 0
A87: 35.1 | B87: za vođenje 4 cijevi Ø50 u rovu | C87: kom | D87: 20 | E87: ='[1]ELEKTRO E.1'!E87 -> 5 | F87: =D87*E87 -> 100
A88: 35.2 | B88: za vođenje 4 cijevi Ø110 u rovu | C88: kom | D88: 20 | E88: ='[1]ELEKTRO E.1'!E88 -> 10 | F88: =D88*E88 -> 200
A89: 35.3 | B89: za vođenje 4 cijevi Ø125 u rovu | C89: kom | D89: 10 | E89: ='[1]ELEKTRO E.1'!E89 -> 15 | F89: =D89*E89 -> 150
A90: 36. | B90: Dobava i polaganje u prethodno iskopan rov, zajedno sa kabelom javne rasvjete, trake od nehrđajučeg čelika dimenzije 30x3,5mm za izvođenje uzemljenja u zemlji i izvode do metalnih masa i el. ormara. | C90: m | D90: 150 | E90: ='[1]ELEKTRO E.1'!E90 -> 11 | F90: =D90*E90 -> 1650
A91: 37. | B91: Spajanje uzemljivača na za to predviđeno mjesto na rasvjetnom stupu, komplet sa spojnim materijalom i priborom. | C91: kom | D91: 15 | E91: ='[1]ELEKTRO E.1'!E91 -> 25 | F91: =D91*E91 -> 375
A92: 38. | B92: Spajanje uzemljivača u zemlji križnom spojnicom, zalivenoj bitumenom, komplet sa spojnim materijalom i priborom. | C92: kom | D92: 50 | E92: ='[1]ELEKTRO E.1'!E92 -> 19 | F92: =D92*E92 -> 950
A93: 39. | B93: Spajanje uzemljivača u razvodne ormare, hidrante, vanjsku ogradu i druge metalne mase, komplet sa spojnim materijalom i priborom. | C93: kom | D93: 20 | E93: ='[1]ELEKTRO E.1'!E93 -> 25 | F93: =D93*E93 -> 500
A94: 40. | B94: Dobava i polaganje čelične pocinčane trake dimenzije 30x3,5mm za izvođenje prstenastog unutarnjeg uzemljenja u temelju. | C94: m | D94: 40 | E94: ='[1]ELEKTRO E.1'!E94 -> 11 | F94: =D94*E94 -> 440
A95: 41. | B95: Spojnica za križno povezivanje čelične pocinčane trake prstenastog uzemljivača | C95: kom | D95: 10 | E95: ='[1]ELEKTRO E.1'!E95 -> 15 | F95: =D95*E95 -> 150
A96: 42. | B96: Spojnica za armaturu, namijenjena za spajanje trake uzemljivača i armaturnog čelika u temelju građevine | C96: kom | D96: 20 | E96: ='[1]ELEKTRO E.1'!E96 -> 15 | F96: =D96*E96 -> 300
A97: 43. | B97: Obujmice cjevne od nehrđajućeg čelika 15-17mm: | C97: kom | D97: 10 | E97: ='[1]ELEKTRO E.1'!E97 -> 32 | F97: =D97*E97 -> 320
A98: 44. | B98: Obujmice cjevne nehrđajućeg čelika 24-27mm. | C98: kom | D98: 10 | E98: ='[1]ELEKTRO E.1'!E98 -> 33 | F98: =D98*E98 -> 330
... A101: 47. | B101: Nanošenje sloja bitumena na LPS - traku: 50 mm u betonu i 50 mm izvan betona. | C101: kpl | D101: 6 | E101: ='[1]ELEKTRO E.1'!E101 -> 125 | F101: =D101*E101 -> 750
A102: 48. | B102: Dobava i montaža štapna hvataljke visine 2,5 m za montažu na betonskom postolju
A103: 48.1 | B103: - palica visine 2,5 m, 1 kom
...

Sheet ELEKTRO E.2
A2: Troškovnik elektrotehničkih instalacija (UGOSTITELJSKO-TURISTIČKA GRAĐEVINA PLANINARSKI DOM JELENIĆ KUĆA)
A3: E.2. Građevina
A4: Red.broj. | B4: Opis | C4: Jed. mjere | D4: Kol. | E4: Jed. cijena (€) | F4: Ukupna cijena (€) | G4: JV
B5: NAPOMENA: Cijena za svaku točku ovog troškovnika mora obuhvatiti dobavu, montažu, spajanje, te dovođenje stavke u stanje potpune funkcionalnosti. U cijenu treba ukalkulirati sav spojni, montažni, pridržni i ostali materijal potreban za potpuno funkcioniranje pojedine stavke. Prilikom izrada ponude treba imati u vidu najnovije važeće propise za pojedine vrste instalacije. Za sve eventualne primjedbe u pogledu izvođenja i troškovnika, odnosno davanja ponude obratiti se projektantu. Izvođač je dužan prijenos, ugradnju i montažu opreme, kao i svu građevinsku pomoć izvesti o svom trošku, te sve radove nuditi u jediničnim cijenama predmetnog troškovnika. Svi razdjelnici tebaju biti sastavljeni, ispitani i isporučeni sa natpisnom pločicom prema važećoj zakonskoj regulativi.
A6: 1. | B6: BRTVENI ELEMENTI
A7: 1. | B7: Dobava i ugradnja materijala za protupožarno brtvljenje kabelskih prolaza vatrootpornosti EI120 - elastični blokovi dimenzija 200x144x60 mm. Preostale otvore oko instalacije ispuniti kitom u dubinu od 2 cm. Svaki prolaz obilježiti napisnom pločicom.
B8: dim 100x250x200 | C8: kom | D8: 3 | E8: 300 | F8: =E8*D8 -> 900
A9: 2. | B9: Dobava i ugradnja materijala za protupožarno brtvljenje kabelskih prolaza vatrootpornosti EI90 (EI120) - ekspandirajuća pjena u kartuši. Debljina brtve najmanje 20 cm za vatrootpornost EI90, odnosno 25 cm za EI120. Svaki prolaz obilježiti napisnom pločicom. | C9: kartuša | D9: 3 | E9: 300 | F9: =E9*D9 -> 900
A10: 3. | B10: Prozupožarni kit za brtvljenje prolaza pojedinačnih kabela, klasa zapaljivosti B2. Debljina brtvenog prstena najviše 15 mm. | C10: kom | D10: 5 | E10: 300 | F10: =E10*D10 -> 1500
B11: UKUPNO 1. | F11: =SUM(F8:F10) -> 3300
A12: 2. | B12: KABELSKI KANALI, KABELSKE POLICE I CIJEVI
A13: 1. | B13: Dobava i montaža perforirane pocinčane kabelske police širine 300 mm, visine 60 mm, nosivosti najmanje 1,00 kN/m, s integriranom spojnicom i izjednačenjem potencijala | C13: m | D13: 10 | E13: 55 | F13: =E13*D13 -> 550
A14: 2. | B14: Dobava i montaža perforirane pocinčane kabelske police širine 200 mm, visine 60 mm, nosivosti najmanje 1,00 kN/m, s integriranom spojnicom i izjednačenjem potencijala | C14: m | D14: 15 | E14: 45 | F14: =E14*D14 -> 675
A15: 3. | B15: Dobava i montaža perforirane pocinčane kabelske police širine 100 mm, visine 60 mm, nosivosti najmanje 1,00 kN/m, s integriranom spojnicom i izjednačenjem potencijala | C15: m | D15: 20 | E15: 38 | F15: =E15*D15 -> 760
A16: 4. | B16: Dobava i montaža na zid ili stropni nosač konzole za kabelske police, širine 310 mm, nosivosti najmanje 1,2 kN, uključivo vijak s čeličnom tiplom 10x90 mm odnosno vijak s maticom M10x25 | C16: kom | D16: 6 | E16: 25 | F16: =E16*D16 -> 150
A17: 5. | B17: Dobava i montaža na zid ili stropni nosač konzole za kabelske police, širine 210 mm, nosivosti najmanje 1,2 kN, uključivo vijak s čeličnom tiplom 8x60 mm odnosno vijak s maticom M10x25 | C17: kom | D17: 8 | E17: 25 | F17: =E17*D17 -> 200
A18: 6. | B18: Dobava i montaža na zid ili stropni nosač konzole za kabelske police, širine 110 mm, nosivosti najmanje 1,2 kN, uključivo vijak s čeličnom tiplom 8x60 mm odnosno vijak s maticom M10x25 | C18: kom | D18: 10 | E18: 25 | F18: =E18*D18 -> 250
A19: 7. | B19: Dobava, montaža i spajanje PVC dijelova za zaštitu i vođenje kabela:
A20: 7.1 | B20: cijev, M16, polivinklorid, PVC, svijetlosiva | C20: m | D20: 50 | E20: 9 | F20: =E20*D20 -> 450
A21: 7.2 | B21: cijev, M20, polivinklorid, PVC, svijetlosiva | C21: m | D21: 40 | E21: 9 | F21: =E21*D21 -> 360
A22: 7.3 | B22: cijev, M25, polivinklorid, PVC, svijetlosiva | C22: m | D22: 30 | E22: 11 | F22: =E22*D22 -> 330
A23: 7.4 | B23: cijev, M32, polivinklorid, PVC, svijetlosiva | C23: m | D23: 20 | E23: 15 | F23: =E23*D23 -> 300
A24: 7.5 | B24: spojnica, M16, polivinklorid, PVC, svijetlosiva | C24: kom | D24: 15 | E24: 5 | F24: =E24*D24 -> 75
A25: 7.6 | B25: spojnica, M20, polivinklorid, PVC, svijetlosiva | C25: kom | D25: 15 | E25: 5 | F25: =E25*D25 -> 75
A26: 7.7 | B26: spojnica, M25, polivinklorid, PVC, svijetlosiva | C26: kom | D26: 10 | E26: 5 | F26: =E26*D26 -> 50
A27: 7.8 | B27: spojnica, M32, polivinklorid, PVC, svijetlosiva | C27: kom | D27: 10 | E27: 5 | F27: =E27*D27 -> 50
A28: 7.9 | B28: obujmica, M16, polipropilen, PP, svijetlosiva | C28: kom | D28: 25 | E28: 4 | F28: =E28*D28 -> 100
A29: 7.10 | B29: obujmica, M20, polipropilen, PP, svijetlosiva | C29: kom | D29: 20 | E29: 4 | F29: =E29*D29 -> 80
A30: 7.11 | B30: obujmica, M25, polipropilen, PP, svijetlosiva | C30: kom | D30: 15 | E30: 4 | F30: =E30*D30 -> 60
A31: 7.12 | B31: obujmica, M32, polipropilen, PP, svijetlosiva | C31: kom | D31: 10 | E31: 5 | F31: =E31*D31 -> 50
A32: 8. | B32: Dobava, postavljanje PVC rebrastih i savitljivih instalacijskih cijevi, za polaganje u beton, uključujući žljebljenje zida ili rezanje ploča po potrebi, prolazne razvodne p/ž kutije (nakon montaže obračunati stvarno utrošene količine):
A33: 8.1 | B33: Φ16mm | C33: m | D33: 1200 | E33: 2 | F33: =E33*D33 -> 2400
A34: 8.2 | B34: Φ20mm | C34: m | D34: 800 | E34: 2 | F34: =E34*D34 -> 1600
A35: 8.3 | B35: Φ25mm | C35: m | D35: 2500 | E35: 2 | F35: =E35*D35 -> 5000
A36: 8.4 | B36: Φ32mm | C36: m | D36: 300 | E36: 2 | F36: =E36*D36 -> 600
A37: 8.5 | B37: Φ40mm | C37: m | D37: 190 | E37: 9 | F37: =E37*D37 -> 1710
A38: 8.6 | B38: Φ50mm | C38: m | D38: 150 | E38: 12 | F38: =E38*D38 -> 1800
A39: 9. | B39: Dobava, postavljanje PVC rebrastih, savitljivih i samogasivih instalacijskih cijevi tip kao kaoflex (nakon montaže obračunati stvarno utrošene količine):
A40: 9.1 | B40: Φ16mm | C40: m | D40: 200 | E40: 8 | F40: =E40*D40 -> 1600
A41: 9.2 | B41: Φ20mm | C41: m | D41: 100 | E41: 8 | F41: =E41*D41 -> 800
A42: 9.3 | B42: Φ25mm | C42: m | D42: 80 | E42: 9 | F42: =E42*D42 -> 720
A43: 9.4 | B43: Φ32mm | C43: m | D43: 50 | E43: 8 | F43: =E43*D43 -> 400
A44: 9.5 | B44: Φ40mm | C44: m | D44: 40 | E44: 9 | F44: =E44*D44 -> 360
A45: 9.6 | B45: Φ50mm | C45: m | D45: 30 | E45: 9 | F45: =E45*D45 -> 270
B46: UKUPNO 2. | F46: =SUM(F13:F45) -> 21825
A47: 3. | B47: ELEKTRIČNA INSTALACIJA RASVJETE, PRIKLJUČNICA I DRUGE OPREME
A48: 1. | B48: Dobava, montaža i spajanje unutarnje rasvjete, komplet s pripadnim izvorima svjetlosti, predspojnim napravama te montažnim i spojnim priborom:
A49: 1.1 | B49: Svjetiljka nadgradna, LED izvor svjetlosti, kućište svjetiljke izrađeno od lijevanog aluminija, kut snopa svjetlosti 50°, efektivni svjetosni tok ili svjetlosni tok svjetiljke s uračunatim gubicima u optičkom sustavu min 904 lm, snaga sistema max 9 W (LED izvor+driver), ukupna svjetlosna iskoristivost svjetiljke sa uračunatim gubicima u optičkom sustavu min. 100 lm/W, životni vijek LED modula L80B10 ≥50.000 radnih sati uz 80% održavanja inicijalnog svjetlosnog toka, SDCM ≤ 3, boja svjetlosti 3000K, uzvrata boje Ra>90, zaštita min. IP44, dimenzije svjetiljke pxv 60x113 mm ±5%, 3000K CRI> 90 50° matt white; oznaka na nacrtu-A1 | C49: kom | D49: 20 | E49: 110 | F49: =E49*D49 -> 2200
A50: 1.2 | B50: Svjetiljka nadgradna, LED izvor svjetlosti, kućište od polikarbonata, difuzor od polikarbonata, efektivni svjetosni tok ili svjetlosni tok svjetiljke s uračunatim gubicima u optičkom sustavu min. 2340lm, snaga sistema max. 25W (LED izvor+driver), ukupna svjetlosna iskoristivost svjetiljke sa uračunatim gubicima u optičkom sustavu min. 94 lm/W, životni vijek LED modula L80B10 ≥50.000 radnih sati uz 80% održavanja inicijalnog svjetlosnog toka, uzvrat boje Ra>80, temperatura boje svjetlosti 3000K, zaštita min. IP65, mehanička zaštita svjetiljke min. IK10, dimenzije svjetiljke 275x60mm ± 5%, 3000K CRI>80 white; oznaka na nacrtu-A2 | C50: kom | D50: 3 | E50: 115 | F50: =E50*D50 -> 345
A51: 1.3 | B51: Nadgradna zidna svjetiljka, LED izvor svjetlosti, metalno kučište, efektivni svjetosni tok ili svjetlosni tok svjetiljke s uračunatim gubicima u optičkom sustavu min 670 lm, snaga sistema max 11 W (LED izvor+driver, ukupna svjetlosna iskoristivost svjetiljke sa uračunatim gubicima u optičkom sustavu min. 61 lm/W, životni vijek LED modula 30 000 radnih sati, boja svjetlosti 3000K, uzvrata boje Ra>80, zaštita min. IP44, dimenzije 420x40x90mm ± 5%; oznaka na nacrtu-A3 | C51: kom | D51: 8 | E51: 155 | F51: =E51*D51 -> 1240
A52: 1.4 | B52: Nadgradna svjetiljka, LED izvor svjetlosti, kučište od polikarbonata, kopče od nehrđajučeg čelika, pokrov od polikarbonata, efektivni svjetosni tok ili svjetlosni tok svjetiljke s uračunatim gubicima u optičkom sustavu min 4840 lm, snaga sistema max 31 W (LED izvor+driver), ukupna svjetlosna iskoristivost svjetiljke sa uračunatim gubicima u optičkom sustavu min. 156 lm/W, životni vijek LED modula L90B10 ≥50.000 radnih sati uz 90% održavanja inicijalnog svjetlosnog toka, boja svjetlosti 4000K, uzvrata boje Ra>80, zaštita od zaprljanja min. IP66, mehanička zaštita svjetiljke min. IK10, rad na maksimalnoj temperaturi okoline +50°C, svjetiljka ima dodatne aluminijske hladnjake za dodatno hlađenje LED modula i drivera, dimenzija svjetiljke dxšxv 1172x145x111mm ± 5%, ENEC certifikat ili jednakovrijedno, HACCP certifikat ili jednakovrijedno; oznaka na nacrtu-A4 | C52: kom | D52: 3 | E52: 79 | F52: =E52*D52 -> 237
A53: 1.5 | B53: Svjetiljka nadgradna, LED izvor svjetlosti, kućište svjetiljke izrađeno od polikarbonata, kut snopa svjetlosti 90°, efektivni svjetosni tok ili svjetlosni tok svjetiljke s uračunatim gubicima u optičkom sustavu min 1739 lm, snaga sistema max 21 W (LED izvor+driver), ukupna svjetlosna iskoristivost svjetiljke sa uračunatim gubicima u optičkom sustavu min. 83 lm/W, životni vijek LED modula L80B10 ≥50.000 radnih sati uz 80% održavanja inicijalnog svjetlosnog toka, SDCM ≤ 3, boja svjetlosti 3000K, uzvrata boje Ra>90, zaštita min. IP44, dimenzije svjetiljke pxv 204x90 mm ±5%, 3000K CRI>90 white ili jednakovrijedan; oznaka na nacrtu-A5 | C53: kom | D53: 14 | E53: 115 | F53: =E53*D53 -> 1610
A54: 1.6 | B54: Svjetiljka ovjesna, LED izvor svjetlosti, kućište svjetiljke izrađeno od lijevanog aluminija, kut snopa svjetlosti 40°, efektivni svjetosni tok ili svjetlosni tok svjetiljke s uračunatim gubicima u optičkom sustavu min 508 lm, snaga sistema max 8 W (LED izvor+driver), ukupna svjetlosna iskoristivost svjetiljke sa uračunatim gubicima u optičkom sustavu min. 63 lm/W, životni vijek LED modula L80B10 ≥50.000 radnih sati uz 80% održavanja inicijalnog svjetlosnog toka, SDCM ≤ 3, boja svjetlosti 3000K, uzvrata boje Ra>90, zaštita min. IP40, dimenzije svjetiljke pxv 36x202 mm ±5%, 3000K CRI>90 40° matt black; oznaka na nacrtu-A6 | C54: kom | D54: 7 | E54: 125 | F54: =E54*D54 -> 875
A55: 1.7 | B55: Svjetiljka nadgradna, LED izvor svjetlosti, kučište od čelika, efektivni svjetosni tok ili svjetlosni tok svjetiljke s uračunatim gubicima u optičkom sustavu min 2804 lm, snaga sistema max 26 W (LED izvor+driver), ukupna svjetlosna iskoristivost svjetiljke sa uračunatim gubicima u optičkom sustavu min. 108 lm/W, životni vijek LED modula L80B10 ≥50.000 radnih sati uz 80% održavanja inicijalnog svjetlosnog toka, boja svjetlosti 3000K, uzvrata boje Ra≥90, SDCM ≤ 3, UGR≤19, zaštita min. IP40, dimenzije približno 1210x296x41mm ±5%; oznaka na nacrtu-A7 | C55: kom | D55: 3 | E55: 122 | F55: =E55*D55 -> 366
A56: 1.8 | B56: Svjetiljka nadgradna za unutarnju rasvjetu, grlo za žarulju E27 do max. 60W, metalno kućište, difuzer od bijelog stakla, zaštita svjetiljke IP20, dimenzije svjetiljke 400x230mm ± 5%; oznaka na nacrtu-A8 | C56: kom | D56: 11 | E56: 190 | F56: =E56*D56 -> 2090
A57: 1.9 | B57: Žarulja sa efektivnim svjetosnim tokom min. 470lm, snaga žarulje 4.3W, ukupna svjetlosna iskoristivost žarulje 103 lm/W, životni vijek žarulje 15.000 radnih sati, Ra>80, temperatura boje svjetlosti 2700K, E14 4,3-40W 2700K (4) | C57: kom | D57: 11 | E57: 7 | F57: =E57*D57 -> 77
A58: 1.10 | B58: Svjetiljka ugradna, LED izvor svjetlosti, kut snopa svjetlosti 30°, efektivni svjetosni tok ili svjetlosni tok svjetiljke s uračunatim gubicima u optičkom sustavu min. 490lm, snaga sistema max 8W (LED izvor+driver), ukupna svjetlosna iskoristivost svjetiljke min. 61 lm/W, životni vijek 50.000 radnih sati, Ra>80, SDCM<3, temperatura boje svjetlosti 3000K, zaštita ≥IP20, rad na temperaturi okoline od 0°do +40°C, dimenzije 48x61 ± 5%; oznaka na nacrtu-A9 | C58: kom | D58: 23 | E58: 78 | F58: =E58*D58 -> 1794
