Workbook
Name _1Excel_BuiltIn_Print_Area_1: #REF!
Name _1Excel_BuiltIn_Print_Area_1: #REF!
Name _1Excel_BuiltIn_Print_Area_1: #REF!
Name _1Excel_BuiltIn_Print_Area_1: #REF!
Name _1Excel_BuiltIn_Print_Area_1: #REF!
Name _1Excel_BuiltIn_Print_Area_1: #REF!
Name _1Excel_BuiltIn_Print_Area_1: #REF!
Name _rbr: #REF!
Name _rbr: #REF!
Name _rbr: #REF!
Name _rbr: #REF!
Name _rbr: '6. PORTAFON'!$A$1
Name _rbr: '7. STRUKTURNO KABLIRANJE'!$A$1
Name _rbr: #REF!
Name _rbr: #REF!
Name a: #REF!
Name a_1: #REF!
Name a_10: #REF!
Name a_2: #REF!
Name a_3: #REF!
Name a_4: #REF!
Name a_5: #REF!
Name a_6: #REF!
Name a_7: #REF!
Name a_8: #REF!
Name a_9: #REF!
Name ad: '9. STOL. '!$A$1:$H$93
Name af: '11.FASAD.'!$A$1:$H$29
Name ag: '12. LIČIL.'!$A$1:$H$29
Name ah: '15.PODOPOL. '!$A$1:$H$23
Name aj: '2. BET. I AB'!$A$1:$H$65
Name ak: '3. ZID.'!$A$1:$H$66
Name ANEX_I: [1]List1!$S$8
Name ANEX_II: [1]List1!$S$9
Name AQDE: #REF!
Name AQDE: #REF!
Name AQDE: #REF!
Name AQDE: #REF!
Name AQDE: #REF!
Name AQDE: #REF!
Name AQDE: #REF!
Name AQDE: #REF!
Name AQDE: #REF!
Name Arm_beton: #REF!
Name Arm_beton: #REF!
Name Arm_beton: #REF!
Name Arm_beton: #REF!
Name Arm_beton: #REF!
Name Arm_beton: #REF!
Name Arm_beton: #REF!
Name Arm_beton: #REF!
Name Arm_beton: #REF!
Name Arm_beton: #REF!
Name Armiracki: #REF!
Name Armiracki: #REF!
Name Armiracki: #REF!
Name Armiracki: #REF!
Name Armiracki: #REF!
Name Armiracki: #REF!
Name Armiracki: #REF!

Sheet SVE
A3: 1. | C3: 01.01. | D3: PRIPREMNI RADOVI, DEMONTAŽE I RUŠENJA
A5: =IF(OR(B5="",B5= " ")," ",$A$3) -> 1. | B5: =IF(AND(D5>0,NOT(D5=" "),NOT(D4>0)),1+(COUNTIF($B$3:B4,">0"))," ") -> 1 | C5: 01.01.001. | D5: Skidanje pokrova krova s odlaganjem na odlagalište udaljenosti do 50 m.
A6: =IF(OR(B6="",B6= " ")," ",$A$3) | B6: =IF(AND(D6>0,NOT(D6=" "),NOT(D5>0)),1+(COUNTIF($B$3:B5,">0"))," ") | E6: m2
A7: =IF(OR(B7="",B7= " ")," ",$A$3) | B7: =IF(AND(D7>0,NOT(D7=" "),NOT(D6>0)),1+(COUNTIF($B$3:B6,">0"))," ")
A8: =IF(OR(B8="",B8= " ")," ",$A$3) -> 1. | B8: =IF(AND(D8>0,NOT(D8=" "),NOT(D7>0)),1+(COUNTIF($B$3:B7,">0"))," ") -> 2 | C8: 01.01.002. | D8: Demontaža drvene krovne konstrukcije s odlaganjem na udaljenost do 50 m.
A9: =IF(OR(B9="",B9= " ")," ",$A$3) | B9: =IF(AND(D9>0,NOT(D9=" "),NOT(D8>0)),1+(COUNTIF($B$3:B8,">0"))," ") | E9: m2
A10: =IF(OR(B10="",B10= " ")," ",$A$3) | B10: =IF(AND(D10>0,NOT(D10=" "),NOT(D9>0)),1+(COUNTIF($B$3:B9,">0"))," ")
A11: =IF(OR(B11="",B11= " ")," ",$A$3) -> 1. | B11: =IF(AND(D11>0,NOT(D11=" "),NOT(D10>0)),1+(COUNTIF($B$3:B10,">0"))," ") -> 3 | C11: 01.01.003. | D11: Demontaža, utovar i odvoz krovne limarije i limarije odvodnih oborinskih voda na odlagalište udaljeno do 50 m.
A12: =IF(OR(B12="",B12= " ")," ",$A$3) | B12: =IF(AND(D12>0,NOT(D12=" "),NOT(D11>0)),1+(COUNTIF($B$3:B11,">0"))," ") | E12: m1
A13: =IF(OR(B13="",B13= " ")," ",$A$3) | B13: =IF(AND(D13>0,NOT(D13=" "),NOT(D12>0)),1+(COUNTIF($B$3:B12,">0"))," ")
A14: =IF(OR(B14="",B14= " ")," ",$A$3) -> 1. | B14: =IF(AND(D14>0,NOT(D14=" "),NOT(D13>0)),1+(COUNTIF($B$3:B13,">0"))," ") -> 4 | C14: 01.01.004. | D14: Rušenje međukatnih i tavanskih konstrukcija uz sva potrebna osiguranja kako ne bi došlo do nepredviđenog urušavanja dijelova zgrade, s odvozom otpadnog materijala na udaljenost do 50 m.
A15: =IF(OR(B15="",B15= " ")," ",$A$3) | B15: =IF(AND(D15>0,NOT(D15=" "),NOT(D14>0)),1+(COUNTIF($B$3:B14,">0"))," ") | D15: a) drveni grednici | E15: m2
A16: =IF(OR(B16="",B16= " ")," ",$A$3) | B16: =IF(AND(D16>0,NOT(D16=" "),NOT(D15>0)),1+(COUNTIF($B$3:B15,">0"))," ") | D16: b) AB ploče | E16: m2
A17: =IF(OR(B17="",B17= " ")," ",$A$3) | B17: =IF(AND(D17>0,NOT(D17=" "),NOT(D16>0)),1+(COUNTIF($B$3:B16,">0"))," ")
A18: =IF(OR(B18="",B18= " ")," ",$A$3) -> 1. | B18: =IF(AND(D18>0,NOT(D18=" "),NOT(D17>0)),1+(COUNTIF($B$3:B17,">0"))," ") -> 5 | C18: 01.01.005. | D18: Vađenje postojeće drvene vanjske stolarije, sa svim potrebnim radovima i odvozom na odlagalište do 50 m udaljenosti.
A19: =IF(OR(B19="",B19= " ")," ",$A$3) | B19: =IF(AND(D19>0,NOT(D19=" "),NOT(D18>0)),1+(COUNTIF($B$3:B18,">0"))," ") | E19: kom
A20: =IF(OR(B20="",B20= " ")," ",$A$3) | B20: =IF(AND(D20>0,NOT(D20=" "),NOT(D19>0)),1+(COUNTIF($B$3:B19,">0"))," ")
A21: =IF(OR(B21="",B21= " ")," ",$A$3) -> 1. | B21: =IF(AND(D21>0,NOT(D21=" "),NOT(D20>0)),1+(COUNTIF($B$3:B20,">0"))," ") -> 6 | C21: 01.01.006. | D21: Ručno rušenje u cijelosti, nosivih, zabatnih i pregradnih zidova, s odvozom otpadnog materijala na udaljenost do 50 m.
A22: =IF(OR(B22="",B22= " ")," ",$A$3) | B22: =IF(AND(D22>0,NOT(D22=" "),NOT(D21>0)),1+(COUNTIF($B$3:B21,">0"))," ")
A23: =IF(OR(B23="",B23= " ")," ",$A$3) -> 1. | B23: =IF(AND(D23>0,NOT(D23=" "),NOT(D22>0)),1+(COUNTIF($B$3:B22,">0"))," ") -> 7 | D23: a) od pune cigle
A24: =IF(OR(B24="",B24= " ")," ",$A$3) | B24: =IF(AND(D24>0,NOT(D24=" "),NOT(D23>0)),1+(COUNTIF($B$3:B23,">0"))," ") | E24: m3
A25: =IF(OR(B25="",B25= " ")," ",$A$3) | B25: =IF(AND(D25>0,NOT(D25=" "),NOT(D24>0)),1+(COUNTIF($B$3:B24,">0"))," ")
A26: =IF(OR(B26="",B26= " ")," ",$A$3) -> 1. | B26: =IF(AND(D26>0,NOT(D26=" "),NOT(D25>0)),1+(COUNTIF($B$3:B25,">0"))," ") -> 8 | C26: 01.01.007. | D26: Strojni iskop i rušenje betonskih kon-strukcijskih elemenata malih i srednjh presjeka, kao što su temelji, nadtemeljni zidovi i podna ploča s odvozom otpadnog materijala na udaljenost do 50 m.
A27: =IF(OR(B27="",B27= " ")," ",$A$3) | B27: =IF(AND(D27>0,NOT(D27=" "),NOT(D26>0)),1+(COUNTIF($B$3:B26,">0"))," ") | E27: m3
A28: =IF(OR(B28="",B28= " ")," ",$A$3) | B28: =IF(AND(D28>0,NOT(D28=" "),NOT(D27>0)),1+(COUNTIF($B$3:B27,">0"))," ")
A29: =IF(OR(B29="",B29= " ")," ",$A$3) -> 1. | B29: =IF(AND(D29>0,NOT(D29=" "),NOT(D28>0)),1+(COUNTIF($B$3:B28,">0"))," ") -> 9 | C29: 01.01.008. | D29: Čišćenje terena od smeća, raslinja, šiblja i stabala do Ć 10 cm debljine pri dnu i manjih prepreka, drvenih i žičanih ograda i sl., košenje trave i korova, sve uz pomoć radnika II ktg. Siječenje gusto obraslog raslinja kod korijenja i vađenje korijenja bu
A30: =IF(OR(B30="",B30= " ")," ",$A$3) | B30: =IF(AND(D30>0,NOT(D30=" "),NOT(D29>0)),1+(COUNTIF($B$3:B29,">0"))," ") | E30: m2 | H30: .
A31: =IF(OR(B31="",B31= " ")," ",$A$3) | B31: =IF(AND(D31>0,NOT(D31=" "),NOT(D30>0)),1+(COUNTIF($B$3:B30,">0"))," ")
A32: =IF(OR(B32="",B32= " ")," ",$A$3) -> 1. | B32: =IF(AND(D32>0,NOT(D32=" "),NOT(D31>0)),1+(COUNTIF($B$3:B31,">0"))," ") -> 10 | C32: 01.01.009. | D32: Strojni iskop humusa u sloju debljine 20 cm, s guranjem buldožerom do 60 m. Odlaganje zemlje na predviđenu lokaciju.
A33: =IF(OR(B33="",B33= " ")," ",$A$3) | B33: =IF(AND(D33>0,NOT(D33=" "),NOT(D32>0)),1+(COUNTIF($B$3:B32,">0"))," ") | E33: m3
A34: =IF(OR(B34="",B34= " ")," ",$A$3) | B34: =IF(AND(D34>0,NOT(D34=" "),NOT(D33>0)),1+(COUNTIF($B$3:B33,">0"))," ")
A35: =IF(OR(B35="",B35= " ")," ",$A$3) -> 1. | B35: =IF(AND(D35>0,NOT(D35=" "),NOT(D34>0)),1+(COUNTIF($B$3:B34,">0"))," ") -> 11 | C35: 01.01.010. | D35: Strojni široki iskop u zemlji za temeljnu ploču. Iskop seže do dubine 7,70 m od od kote ±0,00 (+116,80 N.M.). U cijenu su uračunata sva potrebna podupiranja i razupiranja, osiguranje iskopa i susjednih objekata, izrada prilaznih rampi, eventualni rad u mo
A36: =IF(OR(B36="",B36= " ")," ",$A$3) | B36: =IF(AND(D36>0,NOT(D36=" "),NOT(D35>0)),1+(COUNTIF($B$3:B35,">0"))," ") | D36: Napomena:
A37: =IF(OR(B37="",B37= " ")," ",$A$3) | B37: =IF(AND(D37>0,NOT(D37=" "),NOT(D36>0)),1+(COUNTIF($B$3:B36,">0"))," ") | D37: Radovi iz ove stavke se ne nude, jer su obuhvaćeni posebnim projektom za široki iskop s osiguranjem građevne jame.
A38: =IF(OR(B38="",B38= " ")," ",$A$3) | B38: =IF(AND(D38>0,NOT(D38=" "),NOT(D37>0)),1+(COUNTIF($B$3:B37,">0"))," ") | E38: m3
A39: =IF(OR(B39="",B39= " ")," ",$A$3) | B39: =IF(AND(D39>0,NOT(D39=" "),NOT(D38>0)),1+(COUNTIF($B$3:B38,">0"))," ")
A40: =IF(OR(B40="",B40= " ")," ",$A$3) -> 1. | B40: =IF(AND(D40>0,NOT(D40=" "),NOT(D39>0)),1+(COUNTIF($B$3:B39,">0"))," ") -> 12 | C40: 01.01.011. | D40: Planiranje dna građevinske jame širokog iskopa za temeljnu ploču s točnošću ± 3 cm i prosječnim otkopom zemlje 0,05 m3 / m2 / m, te odvozom zemlje na udaljenost do 50 m. Obračun po m2 isplanirane površine.
A41: =IF(OR(B41="",B41= " ")," ",$A$3) | B41: =IF(AND(D41>0,NOT(D41=" "),NOT(D40>0)),1+(COUNTIF($B$3:B40,">0"))," ") | E41: m2
A42: =IF(OR(B42="",B42= " ")," ",$A$3) | B42: =IF(AND(D42>0,NOT(D42=" "),NOT(D41>0)),1+(COUNTIF($B$3:B41,">0"))," ")
A43: =IF(OR(B43="",B43= " ")," ",$A$3) -> 1. | B43: =IF(AND(D43>0,NOT(D43=" "),NOT(D42>0)),1+(COUNTIF($B$3:B42,">0"))," ") -> 13 | C43: 01.01.012. | D43: Nabijanje zemlje dna građevinske jame (širokog iskopa) do modula stišljivosti tla od M = 7000 kN / m3 .
A44: =IF(OR(B44="",B44= " ")," ",$A$3) | B44: =IF(AND(D44>0,NOT(D44=" "),NOT(D43>0)),1+(COUNTIF($B$3:B43,">0"))," ") | E44: m2
A45: =IF(OR(B45="",B45= " ")," ",$A$3) | B45: =IF(AND(D45>0,NOT(D45=" "),NOT(D44>0)),1+(COUNTIF($B$3:B44,">0"))," ")
A46: =IF(OR(B46="",B46= " ")," ",$A$3) -> 1. | B46: =IF(AND(D46>0,NOT(D46=" "),NOT(D45>0)),1+(COUNTIF($B$3:B45,">0"))," ") -> 14 | C46: 01.01.013. | D46: Utovar iskopanog materijala, zemlje III i IV kategorije , humusa, biljnog materijala , šute i građevinskog materijala nastalog rušenjem postojećih građevina i ostalih prepreka na terenu, utovarivačem 162 Kw i transport materijala na gradsku planirku udalj
A47: =IF(OR(B47="",B47= " ")," ",$A$3) | B47: =IF(AND(D47>0,NOT(D47=" "),NOT(D46>0)),1+(COUNTIF($B$3:B46,">0"))," ") | E47: m2
A48: =IF(OR(B48="",B48= " ")," ",$A$3) | B48: =IF(AND(D48>0,NOT(D48=" "),NOT(D47>0)),1+(COUNTIF($B$3:B47,">0"))," ")
A49: =IF(OR(B49="",B49= " ")," ",$A$3) -> 1. | B49: =IF(AND(D49>0,NOT(D49=" "),NOT(D48>0)),1+(COUNTIF($B$3:B48,">0"))," ") -> 15 | C49: 01.01.014. | D49: Izrada šljunčanog nasipa dobavljenim savskim agregatom prirodne granulacije u objektu nad temeljnom pločom, između nadtemeljnih zidova. U sloju od 40 cm, s nabijanjem do modula stišljivosti M=15,0 N/cm2.
A50: =IF(OR(B50="",B50= " ")," ",$A$3) | B50: =IF(AND(D50>0,NOT(D50=" "),NOT(D49>0)),1+(COUNTIF($B$3:B49,">0"))," ") | E50: m3
A51: =IF(OR(B51="",B51= " ")," ",$A$3) | B51: =IF(AND(D51>0,NOT(D51=" "),NOT(D50>0)),1+(COUNTIF($B$3:B50,">0"))," ")
A52: =IF(OR(B52="",B52= " ")," ",$A$3) -> 1. | B52: =IF(AND(D52>0,NOT(D52=" "),NOT(D51>0)),1+(COUNTIF($B$3:B51,">0"))," ") -> 16 | C52: 01.01.015. | D52: Izrada šljunčanog nasipa tucanikom granulacije od 16 do 32 mm u objektu nad armirano - betonskom pločom poda prve i druge podzemne etaže (pod između nadtemeljnih zidova u prostorijama koje nisu garaže). U sloju od 8 cm, s nabijanjem do modula stišljivost
A53: =IF(OR(B53="",B53= " ")," ",$A$3) | B53: =IF(AND(D53>0,NOT(D53=" "),NOT(D52>0)),1+(COUNTIF($B$3:B52,">0"))," ") | E53: m3
A54: =IF(OR(B54="",B54= " ")," ",$A$3) | B54: =IF(AND(D54>0,NOT(D54=" "),NOT(D53>0)),1+(COUNTIF($B$3:B53,">0"))," ")
A55: =IF(OR(B55="",B55= " ")," ",$A$3) -> 1. | B55: =IF(AND(D55>0,NOT(D55=" "),NOT(D54>0)),1+(COUNTIF($B$3:B54,">0"))," ") -> 17 | C55: 01.01. | D55: UKUPNO PRIPREMNI RADOVI, DEMONTAŽE I RUŠENJA:
B56: =IF(AND(D56>0,NOT(D56=" "),NOT(D55>0)),1+(COUNTIF($B$3:B55,">0"))," ")
B57: =IF(AND(D57>0,NOT(D57=" "),NOT(D56>0)),1+(COUNTIF($B$3:B56,">0"))," ")
B58: =IF(AND(D58>0,NOT(D58=" "),NOT(D57>0)),1+(COUNTIF($B$3:B57,">0"))," ")
A59: =IF(OR(B59="",B59= " ")," ",$A$3) | B59: =IF(AND(D59>0,NOT(D59=" "),NOT(D58>0)),1+(COUNTIF($B$3:B58,">0"))," ")
A60: =IF(OR(B60="",B60= " ")," ",$A$3) | B60: =IF(AND(D60>0,NOT(D60=" "),NOT(D59>0)),1+(COUNTIF($B$3:B59,">0"))," ")
A61: 2. | C61: 01.02. | D61: BETONSKI RADOVI
A62: =IF(OR(B62="",B62= " ")," ",$A$3) | B62: =IF(AND(D62>0,NOT(D62=" "),NOT(D61>0)),1+(COUNTIF($B$3:B61,">0"))," ")
A63: =IF(OR(B63="",B63= " ")," ",$A$61) -> 2. | B63: =IF(AND(D63>0,NOT(D63=" "),NOT(D62>0)),1+(COUNTIF($B$61:B62,">0"))," ") -> 1 | C63: 01.02.001. | D63: Dobava betona, ugradba u konstrukciju i njegovanje betonske podloge ispod temeljne ploče, a preko sloja nabijenog šljunka mikrobetonom MB - 15. Debljina podloge je 10 cm (do 0,12 m3 betona na m2 ili m1). Gornja površina podloge mora biti vodoravna i zagla
A64: =IF(OR(B64="",B64= " ")," ",$A$61) | B64: =IF(AND(D64>0,NOT(D64=" "),NOT(D63>0)),1+(COUNTIF($B$61:B63,">0"))," ") | E64: m3
A65: =IF(OR(B65="",B65= " ")," ",$A$61) | B65: =IF(AND(D65>0,NOT(D65=" "),NOT(D64>0)),1+(COUNTIF($B$61:B64,">0"))," ")
A66: =IF(OR(B66="",B66= " ")," ",$A$61) -> 2. | B66: =IF(AND(D66>0,NOT(D66=" "),NOT(D65>0)),1+(COUNTIF($B$61:B65,">0"))," ") -> 2 | C66: 01.02.002. | D66: Dobava betona, ugradba u konstrukciju i njegovanje betona zaštitnog sloja horizontalne hidroizolacije temeljne ploče mikrobetonom MB - 20. Debljina zaštitnog sloja betona je 5 cm (do 0,12 m3 betona na m2 ili m1).
A67: =IF(OR(B67="",B67= " ")," ",$A$61) | B67: =IF(AND(D67>0,NOT(D67=" "),NOT(D66>0)),1+(COUNTIF($B$61:B66,">0"))," ") | E67: m2
A68: =IF(OR(B68="",B68= " ")," ",$A$61) | B68: =IF(AND(D68>0,NOT(D68=" "),NOT(D67>0)),1+(COUNTIF($B$61:B67,">0"))," ")
A69: =IF(OR(B69="",B69= " ")," ",$A$61) -> 2. | B69: =IF(AND(D69>0,NOT(D69=" "),NOT(D68>0)),1+(COUNTIF($B$61:B68,">0"))," ") -> 3 | C69: 01.02.003. | D69: Dobava betona, ugradba u konstrukciju i njegovanje betona izravnavajućeg sloja na neravninama vertikalnih betonskih stijenki mikrobetonom MB - 20, koje trebaju biti izvedene u fazi iskopa i zaštite građevinske jame. Predpostavljena debljina izravna-vajuće
A70: =IF(OR(B70="",B70= " ")," ",$A$61) | B70: =IF(AND(D70>0,NOT(D70=" "),NOT(D69>0)),1+(COUNTIF($B$61:B69,">0"))," ") | E70: m2
A71: =IF(OR(B71="",B71= " ")," ",$A$61) | B71: =IF(AND(D71>0,NOT(D71=" "),NOT(D70>0)),1+(COUNTIF($B$61:B70,">0"))," ")
A72: =IF(OR(B72="",B72= " ")," ",$A$61) -> 2. | B72: =IF(AND(D72>0,NOT(D72=" "),NOT(D71>0)),1+(COUNTIF($B$61:B71,">0"))," ") -> 4 | C72: 01.02.004. | D72: Dobava materijala, unutrašnji transport i izrada betonske vezane podloge padnog betona MB - 15, debljine od 8 do 22 cm na kolnom prolazu (položene direktno na konstrukciju). Stavka obuhvaća pripremu površina, razastiranje i ugradbu podloge, završnu obradu
A73: =IF(OR(B73="",B73= " ")," ",$A$61) | B73: =IF(AND(D73>0,NOT(D73=" "),NOT(D72>0)),1+(COUNTIF($B$61:B72,">0"))," ") | E73: m3
A74: =IF(OR(B74="",B74= " ")," ",$A$61) | B74: =IF(AND(D74>0,NOT(D74=" "),NOT(D73>0)),1+(COUNTIF($B$61:B73,">0"))," ")
A75: =IF(OR(B75="",B75= " ")," ",$A$61) -> 2. | B75: =IF(AND(D75>0,NOT(D75=" "),NOT(D74>0)),1+(COUNTIF($B$61:B74,">0"))," ") -> 5 | C75: 01.02.005. | D75: Dobava materijala, unutrašnji transport i izrada betonske vezane podloge padnog betona MB - 20, debljine od 3 do 13 cm (položene direktno na konstrukciju). Stavka obuhvaća pripremu površina, razastiranje i ugradbu podloge, završnu obradu prema uvjetima za
A76: =IF(OR(B76="",B76= " ")," ",$A$61) | B76: =IF(AND(D76>0,NOT(D76=" "),NOT(D75>0)),1+(COUNTIF($B$61:B75,">0"))," ") | E76: m3
A77: =IF(OR(B77="",B77= " ")," ",$A$61) | B77: =IF(AND(D77>0,NOT(D77=" "),NOT(D76>0)),1+(COUNTIF($B$61:B76,">0"))," ")
A78: =IF(OR(B78="",B78= " ")," ",$A$61) -> 2. | B78: =IF(AND(D78>0,NOT(D78=" "),NOT(D77>0)),1+(COUNTIF($B$61:B77,">0"))," ") -> 6 | C78: 01.02.006. | D78: Dobava materijala, unutrašnji transport i izrada betonske vezane podloge padnog betona MB - 20, debljine od 3 do 7 cm (položene direktno na konstrukciju). Stavka obuhvaća pripremu površina, razastiranje i ugradbu podloge, završnu obradu prema uvjetima za
A79: =IF(OR(B79="",B79= " ")," ",$A$61) | B79: =IF(AND(D79>0,NOT(D79=" "),NOT(D78>0)),1+(COUNTIF($B$61:B78,">0"))," ") | E79: m2
A80: =IF(OR(B80="",B80= " ")," ",$A$61) | B80: =IF(AND(D80>0,NOT(D80=" "),NOT(D79>0)),1+(COUNTIF($B$61:B79,">0"))," ")
A81: =IF(OR(B81="",B81= " ")," ",$A$61) -> 2. | B81: =IF(AND(D81>0,NOT(D81=" "),NOT(D80>0)),1+(COUNTIF($B$61:B80,">0"))," ") -> 7 | C81: 01.02.007. | D81: Dobava materijala, unutrašnji transport i izrada betonske vezane podloge padnog betona MB - 20, debljine od 3 do 5 cm (položene direktno na konstrukciju). Stavka obuhvaća pripremu površina, razastiranje i ugradbu podloge, završnu obradu prema uvjetima za
A82: =IF(OR(B82="",B82= " ")," ",$A$61) | B82: =IF(AND(D82>0,NOT(D82=" "),NOT(D81>0)),1+(COUNTIF($B$61:B81,">0"))," ") | E82: m2
A83: =IF(OR(B83="",B83= " ")," ",$A$61) | B83: =IF(AND(D83>0,NOT(D83=" "),NOT(D82>0)),1+(COUNTIF($B$61:B82,">0"))," ")
A84: =IF(OR(B84="",B84= " ")," ",$A$61) -> 2. | B84: =IF(AND(D84>0,NOT(D84=" "),NOT(D83>0)),1+(COUNTIF($B$61:B83,">0"))," ") -> 8 | C84: 01.02.008. | D84: Dobava materijala, unutrašnji transport i izrada betonske vezane podloge padnog betona MB - 20, debljine 8 cm (položene direktno na konstrukciju) na rampi prema Lomničkoj ulici. Stavka obuhvaća pripremu površina, razastiranje i ugradbu podloge, završnu o
A85: =IF(OR(B85="",B85= " ")," ",$A$61) | B85: =IF(AND(D85>0,NOT(D85=" "),NOT(D84>0)),1+(COUNTIF($B$61:B84,">0"))," ") | E85: m2
A86: =IF(OR(B86="",B86= " ")," ",$A$61) | B86: =IF(AND(D86>0,NOT(D86=" "),NOT(D85>0)),1+(COUNTIF($B$61:B85,">0"))," ")
A87: =IF(OR(B87="",B87= " ")," ",$A$61) -> 2. | B87: =IF(AND(D87>0,NOT(D87=" "),NOT(D86>0)),1+(COUNTIF($B$61:B86,">0"))," ") -> 9 | C87: 01.02.009. | D87: Dobava materijala, unutrašnji transport i izrada cementnog estriha MB - 20, debljine 6 cm, armiranog merežastom armaturom oznake Q-139. Gornja površina estriha mora biti vodoravna ali ne i fino zaglađena. Stavka obuhvaća i pripremu površina, te ugradbu ar
A88: =IF(OR(B88="",B88= " ")," ",$A$61) | B88: =IF(AND(D88>0,NOT(D88=" "),NOT(D87>0)),1+(COUNTIF($B$61:B87,">0"))," ") | E88: m2
A89: =IF(OR(B89="",B89= " ")," ",$A$61) | B89: =IF(AND(D89>0,NOT(D89=" "),NOT(D88>0)),1+(COUNTIF($B$61:B88,">0"))," ")
A90: =IF(OR(B90="",B90= " ")," ",$A$61) -> 2. | B90: =IF(AND(D90>0,NOT(D90=" "),NOT(D89>0)),1+(COUNTIF($B$61:B89,">0"))," ") -> 10 | C90: 01.02.010. | D90: Dobava materijala, unutrašnji transport i izrada cementnog estriha MB - 20, debljine 5 cm, armiranog merežastom armaturom oznake Q-139. Gornja površina estriha mora biti vodoravna ali ne i fino zaglađena. Stavka obuhvaća i pripremu površina, te ugradbu ar
A91: =IF(OR(B91="",B91= " ")," ",$A$61) | B91: =IF(AND(D91>0,NOT(D91=" "),NOT(D90>0)),1+(COUNTIF($B$61:B90,">0"))," ") | E91: m2
A92: =IF(OR(B92="",B92= " ")," ",$A$61) | B92: =IF(AND(D92>0,NOT(D92=" "),NOT(D91>0)),1+(COUNTIF($B$61:B91,">0"))," ")
A93: =IF(OR(B93="",B93= " ")," ",$A$61) -> 2. | B93: =IF(AND(D93>0,NOT(D93=" "),NOT(D92>0)),1+(COUNTIF($B$61:B92,">0"))," ") -> 11 | C93: 01.02.011. | D93: Dobava materijala, unutrašnji transport i izrada cementnog estriha MB - 20, debljine 4 cm, armiranog merežastom armaturom oznake Q-139. Gornja površina estriha mora biti vodoravna ali ne i fino zaglađena. Stavka obuhvaća i pripremu površina, te ugradbu ar
A94: =IF(OR(B94="",B94= " ")," ",$A$61) | B94: =IF(AND(D94>0,NOT(D94=" "),NOT(D93>0)),1+(COUNTIF($B$61:B93,">0"))," ") | E94: m2
A95: =IF(OR(B95="",B95= " ")," ",$A$61) | B95: =IF(AND(D95>0,NOT(D95=" "),NOT(D94>0)),1+(COUNTIF($B$61:B94,">0"))," ")
A96: =IF(OR(B96="",B96= " ")," ",$A$61) -> 2. | B96: =IF(AND(D96>0,NOT(D96=" "),NOT(D95>0)),1+(COUNTIF($B$61:B95,">0"))," ") -> 12 | C96: 01.02.012. | D96: Dobava materijala, unutrašnji transport i izrada cementnog estriha MB - 20, debljine 7 cm, armiranog merežastom armaturom oznake Q-139. Gornja površina estriha mora biti vodoravna ali ne i fino zaglađena. Stavka obuhvaća i pripremu površina, te ugradbu ar
A97: =IF(OR(B97="",B97= " ")," ",$A$61) | B97: =IF(AND(D97>0,NOT(D97=" "),NOT(D96>0)),1+(COUNTIF($B$61:B96,">0"))," ") | E97: m2
A98: =IF(OR(B98="",B98= " ")," ",$A$61) | B98: =IF(AND(D98>0,NOT(D98=" "),NOT(D97>0)),1+(COUNTIF($B$61:B97,">0"))," ")
A99: =$A$61 -> 2. | B99: =IF(AND(D99>0,NOT(D99=" "),NOT(D98>0)),1+(COUNTIF($B$61:B98,">0"))," ") -> 13 | C99: 01.02. | D99: UKUPNO BETONSKI RADOVI:
A100: =IF(OR(B100="",B100= " ")," ",$A$61) | B100: =IF(AND(D100>0,NOT(D100=" "),NOT(D99>0)),1+(COUNTIF($B$61:B99,">0"))," ")
A101: =IF(OR(B101="",B101= " ")," ",$A$61) | B101: =IF(AND(D101>0,NOT(D101=" "),NOT(D100>0)),1+(COUNTIF($B$61:B100,">0"))," ")
A102: 3. | C102: 01.03. | D102: ARMIRANO - BETONSKI RADOVI
A103: =IF(OR(B103="",B103= " ")," ",$A$61) | B103: =IF(AND(D103>0,NOT(D103=" "),NOT(D102>0)),1+(COUNTIF($B$61:B102,">0"))," ")
...

Sheet NASLOVNICA I UKUPNA REKAP.
D7: Projektantski ured:
D8: Studio Obris d.o.o.
D9: Stonska 1, 10000 Zagreb
D10: OIB: 81273222992
D12: Investitor:
D13: Agencija za pravni promet i posredovanje nekretninama, Savska cesta 41/VI, Zagreb
D14: OIB: 69331375926
D16: Građevina:
D17: Višestambena zgrada
D19: Lokacija:
D20: na novoformiranoj k.č.br. 1148/4 k.o. Ivanić - Grad u Ivanić – Gradu
D21: (formirana od dijela k.č.br. 1148/1 k.o. Ivanić – Grad)
... D53: SVEUKUPNA REKAPITULACIJA GRAĐEVINSKO OBRTNIČKO INSTALATERSKIH RADOVA
A56: A | D56: GRAĐEVINSKO OBRTNIČKI RADOVI | H56: =SUM('GRAĐ_OBRT_NASL_REKAP_OPĆI U'!H96) -> 1918738
A58: B | D58: VODOOPSKRBA I ODVODNJA | H58: =ViK!G251 -> 196957
A60: C | D60: ELEKTROTEHNIČKE INSTALACIJE | H60: =REKAPITULACIJA!F26 -> 221548.05
A62: D | D62: STROJARSKE INSTALACIJE | H62: ='STROJARSKE INSTALACIJE'!F425 -> 329190
D64: SVEUKUPNI RADOVI | H64: =SUM(H56,H58,H60,H62) -> 2666433
D66: PDV 25% | H66: =PRODUCT(H64,0.25) -> 666608.26
D68: SVEUKUPNI RADOVI S PDV-om | H68: =SUM(H64,H66) -> 3333041.3

Sheet GRAĐ_OBRT_NASL_REKAP_OPĆI U
D7: Projektantski ured:
D8: Studio Obris d.o.o.
D9: Stonska 1, 10000 Zagreb
D10: OIB: 81273222992
D12: Investitor:
D13: Agencija za pravni promet i posredovanje nekretninama, Savska cesta 41/VI, Zagreb
D14: OIB: 69331375926
D16: Građevina:
D17: Višestambena zgrada
D19: Lokacija:
D20: na novoformiranoj k.č.br. 1148/4 k.o. Ivanić - Grad u Ivanić – Gradu
D21: (formirana od dijela k.č.br. 1148/1 k.o. Ivanić – Grad)
... D53: REKAPITULACIJA GRAĐEVINSKO-OBRTNIČKI RADOVI
A55: 01. | D55: PRIPREMNI I ZEMLJANI RADOVI | H55: ='1.ZEM.'!H76 -> 77911.5
A57: 02. | D57: BETONSKI I ARMIRANO - BETONSKI RADOVI | H57: ='2. BET. I AB'!H64 -> 693852.5
A59: 03. | D59: ZIDARSKI RADOVI | H59: ='3. ZID.'!H65 -> 136944
A61: 04. | D61: SKELE | H61: ='4.SKELE'!H15 -> 21840
A63: 05. | D63: IZOLATERSKI RADOVI | H63: ='5.IZOL.'!H102 -> 112460
A65: 06. | D65: LIMARSKI RADOVI | H65: ='6.LIM'!H98 -> 152291
A67: 07. | D67: TESARSKI RADOVI | H67: ='7.TES.'!H38 -> 81505
A69: 08. | D69: GIPSKARTONSKI RADOVI | H69: ='8.GIPS.'!H27 -> 21215
A71: 09. | D71: STOLARSKI RADOVI | H71: ='9. STOL. '!H92 -> 49630
A73: 10. | B73: 1. | D73: VANJSKA ALUMINIJSKA BRAVARIJA I PVC STOLARIJA | H73: ='10.1.BRAV.ALU VANJ.'!H125 -> 106880
A75: 10. | B75: 2. | D75: PROTUPOŽARNA BRAVARIJA | H75: ='10.2.BRAV.PP'!H64 -> 42800
A77: 10. | B77: 3 | D77: ČELIČNA BRAVARIJA | H77: ='10.3. ČN BRAVARIJA'!H59 -> 26551
A79: 11. | D79: FASADERSKI RADOVI | H79: ='11.FASAD.'!H29 -> 117775
A81: 12. | D81: SOBOSLIKARSKO LIČILAČKI RADOVI | H81: ='12. LIČIL.'!H29 -> 72285
A83: 13. | D83: PARKETARSKI RADOVI | H83: ='13. PARKETARSKI'!H16 -> 52060
A85: 14. | D85: KERAMIČARSKI RADOVI | H85: ='14.KER. '!H36 -> 73384
A87: 15. | D87: PODOPOLAGAČKI RADOVI | H87: ='15.PODOPOL. '!H22 -> 15100
A89: 16. | D89: OPREMA | H89: ='16. OPREMA'!H29 -> 3770
A91: 17. | D91: OKOLIŠ | H91: ='17. OKOLIŠ'!H54 -> 53484
A93: 18. | D93: OSTALO | H93: ='18. OSTALO'!H24 -> 7000
D96: UKUPNO GRAĐEVINSKO OBRTNIČKI RADOVI | H96: =SUM(H55:H93) -> 1918738
B99: OPĆI UVJETI IZGRADNJE
B101: Ovim troškovnikom obuhvaćeni su svi građevinski i obrtnički radovi za izgradnju višestambene građevine, na novoformiranoj k.č.br. 1148/4 k.o. Ivanić – Grad u Ivanić – Gradu (formirana od dijela k.č.br. 1148/1 k.o. Ivanić – Grad).
B102: Ovi opći uvjeti su sastavni dio troškovnika i u svemu ih se treba pridržavati, osim ako u stavci troškovnika to nije drugačije navedeno. Sav ugrađeni materijal treba odgovarati uvjetima iz opisa troškovnika i nacrta te odgovarajućim Hrvatskim normama ili tehničkim uvjetima za izvođenje istih radova, a ukoliko se to posebno traži opisom i drugim propisima. Izvoditelj treba kvalitetu ugrađenih materijala i stručnosti radnika dokazati odgovarajućim atestima i uvjerenjima izdanim od strane za to ovlaštene organizacije. S obzirom na kompleksnost građevinskog zahvata obnove preporuča se da izvođač izvrši pregled lokacije prije davanja ponude, kako bi kod formiranja cijene obuhvatio sve potrebne radove i troškove na pripremnim radovima.
B103: Izvođenje radova mora biti usklađeno s načelom „ne čini značajnu štetu“ („do no significant harm“ - DNSH), odnosno ne smije imati značajnije negativne utjecaje na klimu, okoliš, prirodni ekosustav, vodu i ostale okolišne ciljeve u smislu Uredbe (EU) 2020/852 i izmjene Uredbe (EU) 2019/2088. Povezano s otpadom/kružnom ekonomijom: Od gospodarskih subjekata koji provode rušenje i izgradnju se zahtjeva mjera osiguranja da najmanje 70% (težinski) neopasnog građevinskog otpada i otpada od rušenja (isključujući prirodni materijal naveden u kategoriji 17 05 04 u Europska lista otpada uspostavljena Odlukom 2000/532/EZ) nastala na gradilištu budu pripremljena za ponovnu uporabu, recikliranje i oporabu drugog materijala, uključujući postupke zatrpavanja otpadom koji zamjenjuje druge materijale, u skladu s hijerarhijom otpada i EU Protokola o gospodarenju otpadom od gradnje i rušenja. U građevinsku dokumentaciju se ulažu dokaznice o nastalim količinama pojedine vrste otpada, na način da je iz istih razvidan obračun težine nastalog otpada koji je uključen u mjeru ponovne uporabe i recikliranja te njegova udjela u ukupnoj količini nastala otpada na gradilištu. Građevinski otpad koji je uključen u predmetnu mjeru se odvozi u odgovarajuće postrojenje za reciklažu, odnosno preradu u reciklirani materijal, a provedba mjere se dokazuje evidencijom o postupanju s otpadom ili očevidnikom o nastanku i tijeku otpada. Dokaznu dokumentaciju je potrebno čuvati na gradilištu te u jednom primjerku dostaviti Naručitelju. Naručitelj ima pravo provesti provjere pridržava li se gospodarski subjekt odredbi o izvršenju ugovora u skladu s EU načelima, u bilo kojem trenutku tijekom trajanja ugovora.
B104: Izvedba radova treba biti prema nacrtima, općim uvjetima i opisu radova, detaljima te važećim standardima i tehničkim uvjetima za odgovarajuću vrstu radova i obračunata u skladu s važećim građevinskim normama. Ukoliko građevinske norme ne postoje za istu vrstu radova, treba se služiti tehničkim uvjetima za izvođenje odgovarajućih radova. Eventualna odstupanja treba prethodno dogovoriti s nadzornim inženjerom i projektantom za svaki pojedini slučaj. U slučaju nesuglasica između građevinskih normi i tehničkih uvjeta, važeći su uvjeti obračuna i rada iz građevinskih normi.
B105: Prije početka radova izvođač treba kontrolirati na gradilištu sve mjere potrebne za njegov rad te pregledati sve podloge prema kojima će izvoditi radove. Naročitu pažnju kod toga treba posvetiti usuglašavanju građevinskih i instalaterskih nacrta. Ako ustanovi neke razlike u mjerama, nedostatke ili pogreške u podlogama, dužan je pravovremeno obavijestiti nadzornog inženjera i projektanta te zatražiti rješenja. Sve eventualne nejasnoće treba izvođač riješiti sa projektantom prije davanja ponude, jer se naknadni zahtjevi neće uvažiti. Prije izvođenja radova treba provjeriti kvalitetu materijala koji se ugrađuje, od strane projektanta ili nadzornog inženjera i izvesti radove u skladu s detaljima izvedbe i opisom iz troškovnika.
B106: Izvoditelj radova će na gradilištu voditi propisani dnevnik građenja u koji se unose svi podaci i događaji tijekom građenja, upisuju primjedbe projektanta, predstavnika investitora, nadzornog inženjera i pomoćnika nadzornog inženjera te inspekcije. Uz dnevnik građenja izvoditelj mora voditi građevinsku knjigu u dva primjerka, u koju će se prema ugovorenim stavcima unositi podaci za obračun. Građevinska knjiga dostavlja se kompjuterski obrađena u excel formatu, na papiru i CD-u u formi koja će prethodno biti usuglašena sa nadzorom. Prilog građevinske knjige su obračunski nacrti u boji. Prihvatiti će se i kontrolirati samo građevinska knjiga koja je dostavljena u traženoj formi, sa svim potrebnim prilozima te je jednoznačna u pogledu dokaza izvedenih količina.
B107: Po završetku radova kvalitetu izvedenih radova treba izvoditelj ustanoviti zapisnički sa nadzornim inženjerom. Ukoliko se ustanovi da su radovi izvedeni nekvalitetno, izvoditelj je dužan iste ponovo izvesti u traženoj kvaliteti ili iste naručiti kod drugog izvoditelja, a sve u najkraćem dogovorenom roku i na svoj trošak. Količine radova koje nakon dovršenja cjelokupnog posla nije moguće provjeriti neposredno izmjerom, treba po izvršenju pojedinog takovog rada preuzeti od izvođača nadzorni inženjer, uz dostavu dokaznog materijala i fotodokumentacije. Svi radovi koji bi se izveli protivno opisanom postupku neće biti uzeti u obzir prilikom obračuna od strane nadzora i naručitelja.
B108: Ovlašteni predstavnik izvođača radova unosit će u građ. knjigu količine izvedenih radova sa svim potrebnim skicama i izmjerama uz dogovor i kontrolu istih od strane nadzornog inženjera te će svojim potpisima jamčiti za njihovu točnost. Samo tako utvrđeni radovi mogu se uzeti u obzir kod izrade privremenog ili konačnog obračuna radova.
B109: Osim navedenih općih uvjeta, za određene grupe radova vrijede posebne opće napomene kojih se zajedno sa ovim općim uvjetima treba pridržavati. Eventualne promjene u detaljima ili materijalu treba izvođač dogovoriti sa projektantom ili nadležnim nadzornim inženjerom. Zabranjena je upotreba materijala - osnovnog ili pomoćnog, koji nije predviđen opisom, nacrtima i detaljima, osim ukoliko to nije dogovorno utvrđeno sa projektantom ili nadzornim inženjerom.
B110: Ukoliko izvođač ipak izvede radove na neodgovarajući način i od neodgovarajućih materijala, dužan je na svoj trošak izvesti iste od materijala tražene kvalitete i na opisan način, uz prethodno otklanjanje nekvalitetnih radova.
B112: Ukoliko prije početka izvođenja radova izvođač ustanovi da je došlo do promjene uvjeta za izvođenje radova, dužan je o tome upozoriti nadzornog inženjera i dogovorno riješiti i zapisnički ustanoviti kvalitetu izvođenja radova. Tolerancije mjera izvedenih radova određene su uzancama zanata, odnosno prema odluci projektanta i nadzorne službe. Sva odstupanja od dogovore¬nih tolerantnih mjera dužan je izvođač otkloniti o svom trošku. To vrijedi za sve vrste radova, kao što su građevinski, obrtnički i instalaterski, montažerski, opremanje i ostali radovi.
... B573: BILJNI MATERIJAL Kvalitetu biljnog materijala prethodno potvrđuju nadzorni inženjer i projektant. Sve sadnice moraju imati zdravstvene certifikate i garanciju o vrsti i varijetetu. Jedinična cijena uključuje plitko prekopavanje, dobavu plodne zemlje, gnojiva, potrebne kolce, vezivo, vodu za zalijevanje, sav ostali potreban rad, materijal i sredstva za sadnju. Obračun po komadu sadnice i zatravljenoj površini. Za početak radova na krajobraznom uređenju (sadnja i sjetva) potrebno je završiti sve građevinske radove na trasi. Ukoliko je upitan početak radova, sadnja i sjetva bi se trebala prebaciti na slijedeći pogodan period.

Sheet 1.ZEM.
A2: 01. | D2: PRIPREMNI I ZEMLJANI RADOVI
D4: NAPOMENA:
D5: OPĆI UVJETI SU SASTAVNI DIO SVAKE POJEDINE STAVKE. Sve što je navedeno u njima, a nije u pojedinačnom opisu stavke smatra se uključenim u jediničnu cijenu.
D6: Iskopi i zatrpavanja za sve rovove za polaganje vodovoda i kanalizacije, te kanalizaciona okna i vodomjerno okno obračunati su u troškovniku vodoopskrbe i odvodnje.
A8: Red. | B8: br. | D8: Opis stavke | E8: J.m. | F8: Kol. | G8: Jed.cijena | H8: Uk.cijena
A10: 01. | B10: 01. | D10: Čišćenje terena na mjestu izgradnje. U cijenu je obuhvaćeno sječenje grmlja, stabala, te uklanjanje korjenja, te svog otpadnog materijala i sl. Stavka uključuje utovar i odvoz, a raspolaganje drvom dogovoriti s predstavnikom Investitora i Nadzornim inženjerom. Obračun po m² očišćene površine.
E11: m² | F11: 2325 | G11: 1 | H11: =SUM(F11*G11) -> 2325
A13: 01. | B13: 02. | D13: Izvedba pripremnih radova što prema općim i posebnim uvjetima obuhvaća slijedeće: kontrolu i određivanje točnih geodetskih visina, provjeru mjera i veličina obuhvata, kontrolu i markiranje trasa instalacija i priključaka, kao i druge pripremne radove koje je potrebno izvesti kako bi se mogao definirati opseg radova, potrebni zahvati, te izraditi plan i redoslijed aktivnosti. Radove je obvezan izvršiti izvođač prije nego pristupi izvođenju ostalih radova, prema zajednički utvrđenoj dinamici od strane investitora i izvođača.
D14: Iskolčenje građevine i svih elemenata uređenja parcele (elemenata krajobraznog uređenja, pješačkih i kolnih površina ). Pri izvođenju iskolčenja izraditi nanosnu skelu i postavljanje i održavanje dobro uočljivih iskolčenih oznaka na terenu od početka radova do predaje Skela mora biti čvrsto ugrađena u zemlju tako da ne postoji mogućnost njenog pomicanja tokom trajanja radova. Iskolčenje izvršiti geodetskim instrumentima.
D15: Po izvršenom iskolčenju sastaviti zapisnik o iskolčenju. Obračun se vrši po izlasku na teren.
E16: kompl. | F16: 1 | G16: 4000 | H16: =SUM(F16*G16) -> 4000
A18: 01. | B18: 03. | D18: Izlazak ovlaštenog geomehaničara na lokaciju u vrijeme izvedbe iskopa za temelje najmanje 3 puta, ili po dogovoru. Jedinična cijena jednog izlaska. Obračun po stvarnoj količini izlazaka.
E19: kom | F19: 1 | G19: 500 | H19: =SUM(F19*G19) -> 500
A21: 01. | B21: 04. | D21: Strojni iskop gornjeg sloja humusa debljine cca 30 cm. Stavka obuhvaća strojni iskop humusa sa guranjem do 50 m, te utovar i odvoz na privremenu deponiju na gradilištu za kasniju upotrebu. Obračun po m³ iskopa u sraslom stanju.
E22: m³ | F22: 290 | G22: 15 | H22: =SUM(F22*G22) -> 4350
A24: 01. | B24: 05. | D24: Strojni široki iskop u zemlji "C" kategorije sa odbacivanjem materijala u stranu. Iskop izvesti sa kosinama iskopa prilagođenim kategoriji terena (60°). Ako geomehaničar odredi uvidom na licu mjesta da treba izvesti zamjenu materijala ispod temelja iskop se vrši do nosivog terena. Stavka obuhvaća strojni iskop zemlje sa guranjem do 50 m, te utovar i odvoz na privremenu deponiju na gradilištu za kasniju upotrebu. Obračun po m³ iskopa zbijene zemlje.
D25: Iskop prema kotama u izvedbenom projektu: do kote -0.75
E26: m³ | F26: 161 | G26: 15 | H26: =SUM(F26*G26) -> 2415
A28: 01. | B28: 06. | D28: Strojni iskop zemlje za temeljne trake prema zadanom profilu u zemlji "C" kategorije. U cijeni je uključen iskop i osiguranje iskopa od urušavanja s razupiranjem ako je to potrebno, utovar i odvoz, odnosno odbacivanje zemlje na rub jame za naknadno zatrpavanje iskopa oko temelja. Obračun po m³ iskopa zbijene zemlje.
D29: Iskop prema kotama u izvedbenom projektu:
C30: a. | D30: do kote -1.65 | E30: m³ | F30: 370 | G30: 15 | H30: =SUM(F30*G30) -> 5550
C31: a. | D31: do kote -1.02 | E31: m³ | F31: 56.3 | G31: 15 | H31: =SUM(F31*G31) -> 844.5
C32: a. | D32: do kote -1.40 | E32: m³ | F32: 11.8 | G32: 15 | H32: =SUM(F32*G32) -> 177
A34: 01. | B34: 07. | D34: Strojni široki iskop zemlje u prosječnom sloju od 40 cm za izvedbu slojeva kolne površine na terenu interne pritsupne prometnice prema zadanom profilu, u zemlji "C" kategorije. Stavka obuhvaća strojni iskop zemlje sa guranjem do 50 m, te utovar i odvoz na privremenu deponiju na gradilištu za kasniju upotrebu. Obračun po m³ iskopa zbijene zemlje.
E35: m³ | F35: 183 | G35: 15 | H35: =SUM(F35*G35) -> 2745
A37: 01. | B37: 08. | D37: Strojni široki iskop zemlje u prosječnom sloju od 40 cm za izvedbu slojeva na terenu za vanjska parkirališta prema zadanom profilu, u zemlji "C" kategorije. Stavka obuhvaća strojni iskop zemlje sa guranjem do 50 m, te utovar i odvoz na privremenu deponiju na gradilištu za kasniju upotrebu. Obračun po m³ iskopa zbijene zemlje.
E38: m³ | F38: 111 | G38: 15 | H38: =SUM(F38*G38) -> 1665
A40: 01. | B40: 09. | D40: Strojni iskop iskop zemlje u prosječnom sloju 20 za izvedbu slojeva popločane pješačke površine prema zadanom profilu u zemlji "C" kategorije. Stavka obuhvaća strojni iskop zemlje sa guranjem do 50 m, te utovar i odvoz na privremenu deponiju na gradilištu za kasniju upotrebu. Obračun po m³ iskopa zbijene zemlje.
E41: m³ | F41: 35 | G41: 20 | H41: =SUM(F41*G41) -> 700
A43: 01. | B43: 10. | D43: Planiranje dna iskopa za radove u st. 1.05.- 1.09., s točnošću +/- 2 cm, uključivo odsijecanje i prebacivanje viška iskopa. Izvesti ručno. Obračun po m².
E44: m² | F44: 1267 | G44: 3 | H44: =SUM(F44*G44) -> 3801
A46: 01. | B46: 11. | D46: Dobava, razastiranje i planiranje sloja nabijenog šljunka ili tucanika debljine 20 cm u iskopu kao podloge ispod ab temeljne konstrukcije okoliša, građevine, te podnih ploča uz nabijanje do potrebne zbijenosti po uputi geomehaničara. Obračun po m³ planiranog nabijenog šljunka.
C47: a. | D47: debljine 20 cm (ispod građevine) | E47: m³ | F47: 181 | G47: 50 | H47: =SUM(F47*G47) -> 9050
C48: b. | D48: debljine 20 cm (pristupni pješački putevi) | E48: m³ | F48: 35 | G48: 50 | H48: =SUM(F48*G48) -> 1750
C49: c. | D49: debljine 35 cm (kolni pristup - zbijenost podloge (Ms>=80 MN/m2)) | E49: m³ | F49: 97 | G49: 50 | H49: =SUM(F49*G49) -> 4850
C50: c. | D50: debljine 30 cm (parkirališta) | E50: m³ | F50: 84 | G50: 50 | H50: =SUM(F50*G50) -> 4200
A52: 01. | B52: 12. | D52: Dobava i ugradnja geotekstila (netkani geotekstil 300 g/m2) ispod tamponskog sloja vanjskih površina opločenja. Isti treba položiti na pripremljeno temeljno tlo (isplanirano i sabijeno). Minimalni preklop je 30 cm. Stavkom obuhvaćen sav materijal, oprema i rad.
E53: m² | F53: 180 | G53: 3 | H53: =SUM(F53*G53) -> 540
A55: 01. | B55: 13. | D55: Dobava, razastiranje i planiranje sloja pijeska s dodatkom 10% hidrauličkog vapna debljine 5cm u iskopu kao podloge za postavljanje završnih obloga uređenja okolišnih staza oko građevine. Obračun po m³ planiranog sloja.
E56: m³ | F56: 173 | G56: 5 | H56: =SUM(F56*G56) -> 865
A58: 01. | B58: 14. | D58: Dobava svih elemenata, materijala i ugradba drenažne cijevi uz ukopani dio zgrade. Uključena izrada posteljice za drenažu od zbijenog zemljanog materijala i zatrpavanje iskopa za cijev šljunčanim materijalom. Drenažne cijevi su tvornički proizvedene perforirane cijevi od tvrdog PVC profila 200 mm. Zatrpavanje i zatvaranje rova drenaže drenažnim kamenim materijalom - separirani drobljeni kamen granulacije Ø30 - Ø60 mm (alternativno riječni šljunak). U cijenu stavke uključen sloj kamena iznad geotekstila i geotekstil. Obračun cijevi po m', a drenažnog šljunka po m³.
C59: a. | D59: drenažna cijev | E59: m' | F59: 94 | G59: 20 | H59: =SUM(F59*G59) -> 1880
C60: b. | D60: naboj šljunka | E60: m³ | F60: 25 | G60: 60 | H60: =SUM(F60*G60) -> 1500
C61: c. | D61: geotekstil | E61: m² | F61: 190 | G61: 5 | H61: =SUM(F61*G61) -> 950
A63: 01. | B63: 15. | D63: Dobava, transport i zatrpavanje sipkim materijalom (šljunak) oko izvedenih temelja. Izvesti u slojevima od po 40 cm, s vlaženjem i strojnim zbijanjem do zbijenosti od 40 Mpa. Obračun po m³ u zbijenom stanju.
D64: Zatrpavanje oko temelja građevine, okolišnih zidova, prilaznih puteva, stubišta i terasa
E65: m³ | F65: 114 | G65: 40 | H65: =SUM(F65*G65) -> 4560
A67: 01. | B67: 16. | D67: Zatrpavanje mješanim zemljanim materijalom od iskopa oko zidova zgrade i okolišnih zidova, sa formiranjem terena. Obračun po m³.
E68: m³ | F68: 80 | G68: 40 | H68: =SUM(F68*G68) -> 3200
A70: 01. | B70: 17. | D70: Dobava, transport i zatrpavanje humusnim zemljanim materijalom do završne kote projektiranog terena. Obračun po m³.
E71: m³ | F71: 100 | G71: 20 | H71: =SUM(F71*G71) -> 2000
A73: 01. | B73: 18. | D73: Odvoz viška materijala preostalog od iskopa. Odvozi se na gradsku planirku ili odobrenu deponiju. U cijenu uključen utovar, prijevoz, istovar i održavanje deponije, tj. sve naknade, kao i čiščenje prilaza gradilištu, privremena regulacija prometa i sl. Uključene sve takse deponije i drugi neposredno vezani troškovi. Obračun po m³ sraslog stanja.
E74: m³ | F74: 1038 | G74: 13 | H74: =SUM(F74*G74) -> 13494
A76: 01. | D76: PRIPREMNI I ZEMLJANI RADOVI UKUPNO: | H76: =SUM(H10:H75) -> 77911.5

Sheet 2. BET. I AB
A2: 02. | D2: BETONSKI I ARMIRANO BETONSKI RADOVI
D4: Napomena:
D5: OPĆI UVJETI SU SASTAVNI DIO SVAKE POJEDINE STAVKE. Sve što je navedeno u njima, a nije u pojedinačnom opisu stavke smatra se uključenim u jediničnu cijenu.
D6: U cijeni pojedine stavke armirano-betonskih radova obuhvaćeno:
D7: Dobava betona, ugradba u konstrukciju sa svim pripremnim radovima, skele, oplata, zaštita betona od niskih i visokih temperatura, projekt betona, te ispitivanje uzoraka. Sva potrebna oplata (predviđena je glatka s bandažiranim spojevima), postava i skidanje sa svim potrebnim podupiranjima. Svi potrebni popravci betoniranih elemenata nakon skidanja oplate kao i zapunjavanje otvora nastalih od elemenata oplate (vezači razupore, distanceri i td.) te uređenje betona na spojevima oplate. Jedinična cijena u betonskim radovima se odnosi na kompletan rad i materijal (beton s oplatom i umetcima XPS-a). Obračun radova za betonske i arm. betonske konstrukcije izvodi se prema važećim propisima i prosječnim normama u građevinarstvu, ako to nije troškovnikom drugačije predviđeno.
D8: Armiranobetonski radovi za vodomjerno okno obračunati su u troškovniku vodoopskrbe i odvodnje.
A10: Red. | B10: br. | D10: Opis stavke | E10: J.m. | F10: Kol. | G10: Jed.cijena | H10: Uk.cijena
A12: 02. | B12: 01. | D12: Izvedba betonske podloge C12/15 temeljnih konstrukcija debljine d=10 cm ispod trakastih temelja građevine, trakastih temelja zidova okoliša i rubnih temelja podnih ploča. Izvodi se na prethodno zbijenoj podlozi. Oplata ruba uključena u cijenu. Kod betoniranja obavezno pratiti projekte instalacija. Ugradba strojna. Obračun po m³ ugrađenog betona.
E13: m³ | F13: 30 | G13: 150 | H13: =SUM(F13*G13) -> 4500
A15: 02. | B15: 02. | D15: Izvedba armiranobetonske podloge C12/15 debljine d=5 cm ispod podne ploče građevine i podnih ploča terasa. Oplata ruba uključena u cijenu. Kod betoniranja obavezno pratiti projekte instalacija. Ugradba strojna. Obračun po m³ ugrađenog betona.
E16: m³ | F16: 30 | G16: 150 | H16: =SUM(F16*G16) -> 4500
A18: 02. | B18: 03. | D18: Izvedba AB trakastih temelja (80x80 cm) i nadtemeljnih zidova (d=20 cm) betonom C25/30 u glatkoj rubnoj oplati. Temelji i nadtemeljni zidovi se betoniraju po redosljedu i uputi projektanta konstrukcije. Kod betoniranja obvezno pratiti projekte instalacija, te prodore cijevi brtviti. Ugradnja strojna. Jediničnom cijenom obračunati svu potrebnu oplatu kao i sva potrebna podupiranja. Temelje izvesti prema izvedbenoj dokumentaciji. Obračun po m³ ugrađenog betona.
C19: a. | D19: trakasti temelji 80x80 cm | E19: m³ | F19: 210 | G19: 250 | H19: =SUM(F19*G19) -> 52500
C20: b. | D20: nadtemeljni zidovi 20 cm | E20: m³ | F20: 25.7 | G20: 550 | H20: =SUM(F20*G20) -> 14135
A22: 02. | B22: 04. | D22: Izvedba AB rubnih trakastih temelja (40x80 cm) podnih ploča terasa betonom C25/30 u glatkoj rubnoj oplati. U cijenu stavke uključiti i izvedbu AB nadtemeljnog zida okoliša (ulazni podest) d=20 cm. Temelji se betoniraju po redosljedu i uputi projektanta konstrukcije. Kod betoniranja obvezno pratiti projekte instalacija, te prodore cijevi brtviti. Ugradnja strojna. Jediničnom cijenom obračunati svu potrebnu oplatu kao i sva potrebna podupiranja. Temelje izvesti prema izvedbenoj dokumentaciji. Obračun po m³ ugrađenog betona.
C23: a. | D23: trakasti temelji 40x80 cm | E23: m³ | F23: 6.85 | G23: 350 | H23: =SUM(F23*G23) -> 2397.5
C24: b. | D24: nadtemeljni zidovi 20 cm | E24: m³ | F24: 3.2 | G24: 550 | H24: =SUM(F24*G24) -> 1760
A26: 02. | B26: 05. | D26: Izvedba AB trakastih temelja vanjskih stuba i rampa na tlu betonom C25/30 u glatkoj rubnoj oplati. Temelji stuba su dim 40x100 i 50x97 cm, a rampe su dim 40x80 i 50x85 cm. Temelji se betoniraju po redosljedu i uputi projektanta konstrukcije. Kod betoniranja obvezno pratiti projekte instalacija, te prodore cijevi brtviti. Ugradnja strojna. Jediničnom cijenom obračunati svu potrebnu oplatu kao i sva potrebna podupiranja. Temelje izvesti prema izvedbenoj dokumentaciji. Obračun po m³ ugrađenog betona.
C27: a. | D27: trakasti temelji stuba dim 40x100 i 50x97 cm | E27: m³ | F27: 8.7 | G27: 350 | H27: =SUM(F27*G27) -> 3045
C28: b. | D28: trakasti temelji rampe dim 40x80 i 50x85 cm | E28: m³ | F28: 4 | G28: 350 | H28: =SUM(F28*G28) -> 1400
A30: 02. | B30: 06. | D30: Izvedba AB ploče prizemlja zgrade na tlu debljine d=16 cm i podnih ploča terasa debljine d=16 cm. Ploče su zaglađene s gornje strane kao priprema za postavljanje hidroizolacije i izvode se betonom C25/30 u glatkoj rubnoj oplati. Ploča se betonira po redosljedu i na način po uputi projektanta konstrukcije. Jediničnom cijenom obračunati svu potrebnu oplatu i sva potrebna podupiranja. Kod betoniranja obvezno pratiti projekte instalacija. Ugradba strojna. Obračun po m³ ugrađenog betona.
E31: m³ | F31: 94 | G31: 180 | H31: =SUM(F31*G31) -> 16920
A33: 02. | B33: 07. | D33: Izvedba AB ploče rampe na tlu debljine d=16 cm. Ploča se izvodi u nagibu od 5%, zaglađena je s gornje strane kao priprema za postavljanje hidroizolacije i izvodi se betonom C25/30 u glatkoj rubnoj oplati. Ploča se betonira po redosljedu i na način po uputi projektanta konstrukcije. Jediničnom cijenom obračunati svu potrebnu oplatu i sva potrebna podupiranja. Kod betoniranja obvezno pratiti projekte instalacija. Ugradba strojna. Obračun po m³ ugrađenog betona.
E34: m³ | F34: 2.15 | G34: 220 | H34: =SUM(F34*G34) -> 473
A36: 02. | B36: 08. | D36: Izvedba AB vanjskih stubišnih krakova i ulaznog podesta na tlu. AB ploča podesta je d=16 cm i zaglađena je s gornje strane kao priprema za postavljanje hidroizolacije. Stube i podest izvode se betonom C25/30 u glatkoj rubnoj oplati. Sve prema izvedbenom projektu i statičkom proračunu. Jediničnom cijenom obračunati svu potrebnu oplatu i sva potrebna podupiranja. Kod betoniranja obvezno pratiti projekte instalacija. Ugradba strojna. Obračun po m³ ugrađenog betona.
C37: a. | D37: stube | E37: m³ | F37: 1.3 | G37: 1000 | H37: =SUM(F37*G37) -> 1300
C38: b. | D38: ulazni podest | E38: m³ | F38: 14.7 | G38: 250 | H38: =SUM(F38*G38) -> 3675
A40: 02. | B40: 09. | D40: Izvedba vanjskih AB zidova prizemlja, 1. i 2 kata debljine 20 cm betonom C25/30 u dvostranoj glatkoj oplati. U cijenu uključena potrebna oplata za glatki beton, te kutije za otvore i prodore u zidovima. Brtvljenje dilatacionih reški izvesti elastomernim brtvama. Kod betoniranja obavezno pratiti projekte instalacija. Obračun po m³ ugrađenog betona.
C41: a. | D41: d=20 VZ1, VZ1', VZ2, VZ2', VZ3 | E41: m³ | F41: 248 | G41: 530 | H41: =SUM(F41*G41) -> 131440
A43: 02. | B43: 10. | D43: Izvedba unutarnjih AB zidova prizemlja, 1. i 2 kata debljine 20 cm betonom C25/30 u dvostranoj glatkoj oplati. U cijenu uključena potrebna oplata za glatki beton, te kutije za otvore i prodore u zidovima. Brtvljenje dilatacionih reški izvesti elastomernim brtvama. Kod betoniranja obavezno pratiti projekte instalacija. Obračun po m³ ugrađenog betona.
C44: a. | D44: d=20 RZ1, RZ2, RZ3, RZ4 | E44: m³ | F44: 260 | G44: 530 | H44: =SUM(F44*G44) -> 137800
A46: 02. | B46: 11. | D46: Betoniranje AB greda raznih presjeka betonom C25/30, u glatkoj oplati. Grede izvesti prema izvedbenoj dokumentaciji. U jediničnu cijenu uključena sva podupiranja i oplate. Obračun po m³ ugrađenog betona.
E47: m³ | F47: 13 | G47: 1000 | H47: =SUM(F47*G47) -> 13000
A49: 02. | B49: 12. | D49: Betoniranje AB ploča međukatnih konstrukcija - stropova prizemlja, 1. i 2. kata, debljine 20 cm, betonom C25/30, u glatkoj oplati. U jediničnoj cijeni uključena izvedba potrebne oplate i podupiranja, te radnih skela. Kod betoniranja obavezno pratiti projekte instalacija. Ugradba strojna. Ploču izvesti prema izvedbenoj dokumentaciji. Obračun po m³ ugrađenog betona.
C50: a. | D50: ploča strop prizemlja | E50: m³ | F50: 127 | G50: 350 | H50: =SUM(F50*G50) -> 44450
C51: b. | D51: ploča strop 1. kata | E51: m³ | F51: 127 | G51: 350 | H51: =SUM(F51*G51) -> 44450
C52: c. | D52: ploča strop 2. kata | E52: m³ | F52: 121 | G52: 350 | H52: =SUM(F52*G52) -> 42350
A54: 02. | B54: 13. | D54: Betoniranje AB krovne atike (zabati) zgrade debljine 20 cm i promjenjive visine (iznad AB ploče), betonom 25/30 cm. Atiku izvesti prema izvedbenoj dokumentaciji. U jediničnu cijenu uključena sva podupiranja i oplate. Kod betoniranja obavezno pratiti projekte instalacija. Ugradba strojna. Atiku izvesti prema izvedbenoj dokumentaciji. Obračun po m³ ugrađenog betona.
E55: m³ | F55: 32.5 | G55: 550 | H55: =SUM(F55*G55) -> 17875
A57: 02. | B57: 14. | D57: Betoniranje AB unutarnjih stubišnih krakova d=14 cm i podesta trokrakog stubišta d=14 cm (prizemlje - 1.kat - 2. kat). Jediničnom cijenom obračunati svu potrebnu oplatu i sva potrebna podupiranja. Ugradba strojna. Stube i ploče izvesti prema izvedbenoj dokumentaciji. Obračun po m³ ugrađenog betona.
E58: m³ | F58: 3.5 | G58: 1000 | H58: =SUM(F58*G58) -> 3500
A60: 02. | B60: 15. | D60: Dobava, ravnanje, sječenje, savijanje, postava u oplatu i zalijevanje armature. U cijeni je obuhvaćen kompletan rad sa svim pomoćnim materijalom. Izvodi se: rebrasti čelik B500B-šipke i rebrasti čelik B500B-mreže. Količine armature u kg su aproksimativne (100 kg/m3), točne količine odredit će se prema nacrtima savijanja armature iz izvedbenog projekta konstrukcije. Obračun po kilogramu.
C61: a. | D61: rebrasti čelik B500B-šipke | E61: kg | F61: 55335 | G61: 1.5 | H61: =SUM(F61*G61) -> 83002.5
C62: b. | D62: rebrasti čelik B500B-mreže | E62: kg | F62: 46253 | G62: 1.5 | H62: =SUM(F62*G62) -> 69379.5
A64: 02. | D64: BETONSKI I ARMIRANO - BETONSKI RADOVI UKUPNO: | H64: =SUM(H12:H63) -> 693852.5

Sheet 3. ZID.
A2: 03. | D2: ZIDARSKI RADOVI
D4: NAPOMENA:
D5: OPĆI UVJETI SU SASTAVNI DIO SVAKE POJEDINE STAVKE. Sve što je navedeno u njima, a nije u pojedinačnom opisu stavke smatra se uključenim u jediničnu cijenu.
D6: U jediničnim cijenama uračunati su svi radovi potrebni za izvršenje stavke, s dobavom potrebnog materijala i građevnih dijelova, s istovarom i uskladištenjem na gradilištu, sav horizontalni i vertikalni transport do radnog mjesta, kao i sva potrebna radna snaga i režijski troškovi. Sve potrebne skele za građevinske radove moraju biti uračunate u jediničnim cijenama pojedinih stavaka troškovnika, te se ne smiju posebno obračunavati. Ovo se ne odnosi na fasadnu skelu.
A8: Red. | B8: br. | D8: Opis stavke | E8: J.m. | F8: Kol. | G8: Jed.cijena | H8: Uk.cijena
A10: 03. | B10: 01. | D10: Zidarska obrada armiranobetonskih ploha izvedenih u glatkoj oplati za finalnu obradu (zidovi, stropovi, grede, stubište). Brušenje sitnih neravnina, naročito na sastavima oplate i rubovima. Zatvaranje i krpanje rupa od vezica i sl. Dobava materijala, transport do mjesta ugradbe, obrada ploha i obrada oko otvora obračunati su jediničnom cijenom.
C11: a. | D11: zidovi | E11: m² | F11: 2950 | G11: 3 | H11: =SUM(F11*G11) -> 8850
C12: b. | D12: stropovi, grede, stubišni krakovi i međupodest | E12: m² | F12: 1550 | G12: 3 | H12: =SUM(F12*G12) -> 4650
A14: 03. | B14: 02. | D14: Zidarska obrada armiranobetonskih ploha okoliša izvedenih u glatkoj oplati za finalnu obradu (parapetni zidovi ulaznog podesta). Brušenje sitnih neravnina, naročito na sastavima oplate i rubovima. Zatvaranje i krpanje rupa od vezica i sl. Dobava materijala, transport do mjesta ugradbe, obrada ploha i obrada oko otvora obračunati su jediničnom cijenom.
E15: m² | F15: 10 | G15: 20 | H15: =SUM(F15*G15) -> 200
A17: 03. | B17: 03. | D17: Izvedba plivajućeg cementnog estriha mikrobetona armiranog vlaknima (2200 kg/m³), fino zaglađenog u izvedbi i dilatiranog u polja, debljina prema specifikaciji u stavci. Postavlja se na PE foliju obračunatu u izolaterskim radovima. Podloga mora biti bočno odijeljen od zidova trakom elastificiranog polistirena d=2 cm u debljini podloge, obračunatog u izolaterskim radovima. Površina podloge mora biti ravna i završno fino zaglađena i obrađena te pripremljena za polaganje završnog poda, u lokalnom padu ka podnim slivnicima. Jediničnom cijenom obračunati potrebnu armaturu, kao i izvedbu radnih reški i njihovu obradu. Obračun po m².
C18: a. | D18: 5,5 cm - podovi na tlu (parket) - P1 | E18: m² | F18: 164 | G18: 18 | H18: =SUM(F18*G18) -> 2952
C19: b. | D19: 6 cm - podovi na tlu (keramika) - P1 | E19: m² | F19: 20 | G19: 30 | H19: =SUM(F19*G19) -> 600
C20: c. | D20: 5 cm - podovi na tlu - P1' i P2 | E20: m² | F20: 295 | G20: 18 | H20: =SUM(F20*G20) -> 5310
C21: d. | D21: 5,5 cm - međukatne konstrukcije (parket) - MK1, MK2, MK4, MK4'' | E21: m² | F21: 703 | G21: 18 | H21: =SUM(F21*G21) -> 12654
C22: e. | D22: 6 cm - međukatne konstrukcije (keramika) - MK1, MK2, | E22: m² | F22: 67 | G22: 22 | H22: =SUM(F22*G22) -> 1474
C23: f. | D23: 7 cm - međukatne konstrukcije - MK3 | E23: m² | F23: 121 | G23: 25 | H23: =SUM(F23*G23) -> 3025
C24: g. | D24: 5 cm - međukatne konstrukcije - MK1', MK2', MK4' | E24: m² | F24: 88 | G24: 18 | H24: =SUM(F24*G24) -> 1584
A26: 03. | B26: 04. | D26: Izvedba mikrobetona armiranog vlaknima (2500 kg/m³) i armaturnom mrežom fino zaglađenog u izvedbi debljina prema specifikaciji u stavci - otvoreni prostori. Površina podloge mora biti ravna i završno fino zaglađena i obrađena te pripremljena za polaganje završnog poda, u lokalnom padu ka podnim slivnicima. Jediničnom cijenom obračunati potrebnu armaturu, kao i izvedbu radnih reški i njihovu obradu. Obračun po m².
C27: a. | D27: u padu 6-8 cm - P3, MK5 | E27: m² | F27: 154 | G27: 30 | H27: =SUM(F27*G27) -> 4620
C28: b. | D28: ulazni podest d=6 cm - P4 | E28: m² | F28: 100 | G28: 30 | H28: =SUM(F28*G28) -> 3000
A30: 03. | B30: 05. | D30: Dobava, nabava i ugradnja podnog inox dilatacijskog "L" profila (praga) na mjestima spoja podnih obloga od različitih materijala. Profil minimalne širine 5 mm, visine prema visini završne podne obloge, učvršćen za podlogu navarenim sidrima. Profil ne smije viriti iz podne obloge. U cijeni kompletan materijal, sva pričvrsna i spojna sredstva, rad i alat do potpune gotovosti. Obračun po m'.
E31: m' | F31: 90 | G31: 20 | H31: =SUM(F31*G31) -> 1800
A33: 03. | B33: 06. | D33: Zidanje unutarnjih zidova blok opekom d=12 cm. Za zidanje zidova upotrebljava se produžni cementni mort M-5. U cijenu je uključen sav rad i materijal te potrebna skela. Obračun po m³.
D34: RZ5 | E34: m³ | F34: 60 | G34: 300 | H34: =SUM(F34*G34) -> 18000
A36: 03. | B36: 07. | D36: Zidanje instalacijskih šahtova u etaži potkrovlja punom opekom d=12 cm. Za zidanje zidova upotrebljava se produžni cementni mort M-5. U cijenu je uključen sav rad i materijal te potrebna skela. Obračun po m³.
E37: m³ | F37: 109 | G37: 35 | H37: =SUM(F37*G37) -> 3815
A39: 03. | B39: 08. | D39: Grubo i fino žbukanje vapneno cementnom žbukom debljine do 1,5 cm, 1800kg/m3 unutarnjih zidova od opeke. Sve spojeve različitih materijala obvezno rabicirati. Na sve uglove, vertikalne ili horizontalne, montirati zaštitne uglovne, odnosno sokl profile. U svemu prema uputama proizvođača odabranog proizvoda. U cijeni stavke sav potreban materijal, rad, priprema podloge, transporti i radna skela. Obračun po m².
E40: m² | F40: 1025 | G40: 18 | H40: =SUM(F40*G40) -> 18450
A42: 03. | B42: 09. | D42: Dobava montažnog dimovodno-dozračnog sustava koji se sastoji od dimovodnih cijevi od profilne izostatičke tehničke keramike (visina 66cm i 33cm), plašteva od laganog betona (visina 33cm, gustoća 1150 kg/m3), te ostalih elemenata prema uputi proizvođača. U negrijanom dijelu dimnjak je potrebno dodatno izolirati, a odvod kondenzata spojiti na kanalizacijski sustav preko sifona pri ugradnji.
D43: Namjena: ložište na plinsko gorivo
D44: Svojstva 1 prema HRN EN 13063-2: T200 P1 W2 O00 ili jednakovrijednoj; Svojstva 2 prema HRN EN 13063-3: T200 P1 W2 O00 ili jednakovrijednoj
D45: Dimenzije: dimovodni otvor Φ12cm, koncentrični dozračni otvor 19*19cm, vanjska mjera 28*28cm
C46: a. | D46: Komplet se sastoji od: posuda za kondenzat, otvor za reviziju i čišćenje x2, priključak ložišta x3, završna ploča s dozračnom rešetkom i konusom - ukupna visina 11,4 m | E46: kpl | F46: 4 | G46: 4400 | H46: =F46*G46 -> 17600
C47: b. | D47: Komplet se sastoji od: posuda za kondenzat, otvor za reviziju i čišćenje x2, priključak ložišta x2, završna ploča s dozračnom rešetkom i konusom - ukupna visina 8,5 m | E47: kpl | F47: 3 | G47: 3600 | H47: =F47*G47 -> 10800
C48: c. | D48: Ugradnja svih gore navedenih stavki dimnjaka | E48: m1 | F48: 72 | G48: 80 | H48: =SUM(F48*G48) -> 5760
A50: 03. | B50: 10. | D50: Nabava doprema i ugradnja materijala za protupožarno brtvljenje na prodoru instalacija (strojarske, elektro i instalacije vodovoda i idvodnje) kroz stropne, podne i zidne konstrukcije na granicama požarnih sektora. Protupožarno brtvljenje se izvodi atestiranim materijalom iste klase vatrootpornosti kao klasa građevinskog elementa, a sve u skaldu sa HRN EN 1366-3. Stavka obuhvaća sav potreban materijal i alat na ugradnji istih. Obračun se vrši po komadu kompletno izvedenog protupožarnog brtvljenja.
E51: kom | F51: 90 | G51: 30 | H51: =SUM(F51*G51) -> 2700
A53: 03. | B53: 11. | D53: Krpanje šliceva instalacijskih prodora
D54: Krpanje šliceva instalacijskih prodora cementnim mortom. Obračun po m1.
E55: m1 | F55: 400 | G55: 5 | H55: =SUM(F55*G55) -> 2000
A57: 03. | B57: 12. | D57: Zidarske pripomoći kod svih vrsta obrtničkih i instalaterskih radova. Materijal se obračunava prema stvarno utrošenim količinama prema cjeniku odnosno pogođenim jediničnim cijenama. Sve radove iz te stavke upisuje nadzorni organ u dnevnik i obračunava prema stvarno utrošenom broju radnih sati.
D58: PKV | E58: sati | F58: 120 | G58: 10 | H58: =SUM(F58*G58) -> 1200
D59: KV | E59: sati | F59: 120 | G59: 15 | H59: =SUM(F59*G59) -> 1800
D60: VKV | E60: sati | F60: 80 | G60: 20 | H60: =SUM(F60*G60) -> 1600
A62: 03. | B62: 13. | D62: Čišćenje zgrade nakon dovršetka svih radova. u cijeni je sadržano čišćenje odnosno pranje podova, prozora, doprozornika, klupičca, vratiju, dovratnika, stakla, stepenica, ograda, sanitarnih predmeta, rasvjetnih tijela, ugrađenog namještaja i opreme i sl., te sva potrebna sredstva za čišćenje kao i uklanjanje smeća i otpadaka s odvozom s gradilišta, kao i popravak svih šteta nastalih uslijed čišćenja.
E63: komplet | F63: 1 | G63: 2500 | H63: =SUM(F63*G63) -> 2500
A65: 03. | D65: ZIDARSKI RADOVI UKUPNO: | H65: =SUM(H10:H64) -> 136944

Sheet 4.SKELE
A2: 04. | D2: SKELE
D4: NAPOMENA:
D5: OPĆI UVJETI SU SASTAVNI DIO SVAKE POJEDINE STAVKE. Sve što je navedeno u njima, a nije u pojedinačnom opisu stavke smatra se uključenim u jediničnu cijenu.
D6: Pomoćne skele prema općim uvjetima ovog troškovnika.
A8: Red. | B8: br. | D8: Opis stavke | E8: J.m. | F8: Kol. | G8: Jed.cijena | H8: Uk.cijena
A10: 04. | B10: 01. | D10: Dovoz, montaža, najam i demontaža cijevne fasadne skele s podnicama, ogradom u visini svake etaže. Skela služi za izvedbu svih radova izvan objekta odnosno na fasadi objekta i krovištu objekta, ali i svim drugim radovima koji zahtijevaju fasadnu skelu. Svi radovi oko postave, razne preinake i odvoz fasadne skele uključeni su u jediničnu cijenu. Skelu treba postaviti tako da se nesmetano može pristupiti svim pročeljnim elementima. Širina skele je 100 cm, montira se na nužnoj udaljenosti od pročelja za nesmetano odvijanje radova. Skela mora biti propisno popođena mosnicama i ukrućena prema svim važećim propisima zaštite na radu i hrvatskim normama, a sigurna za sve prolaznike. Sidrenjem u objekt skela se mora osigurati od prevrtanja, a isto tako skelu je potrebno uzemljiti i osigurati od udara groma. Za skelu je potrebno napraviti statički proračun i nacrt te dati na potvrdu nadzornom inženjeru.
D11: Skela mora biti opremljena ogradama te čvrstom zaštitnom ceradom u punoj visini, penjalicama te laganim zaštitnim krovom od plastičnih ploča na svakoj gornjoj otvorenoj etaži radi kontinuirane izvedbe radova. Skela se montira na svim pročeljima. Visina skele od kote terena iznosi do 12,50 m zavisno o koti terena koja varira. Neposredno iznad poda treba izvesti punu daščanu ogradu visine 20 cm u svrhu zaštite od padanja materijala sa poda skele. Visina ograde sa vanjske strane skele iznosi 120 cm. Skelu treba izvesti uz propisnu signalizaciju kako to nalažu postojeći HTZ propisi.
D12: Materijal za skelu mora biti ispravan, prema svim važećim hrvaskim normama i pregledan od odgovorne osobe prije montaže. Skela je obračunata kao cjelokupna površina pročelja i može biti obračunata samo jednom u toku cjelokupne izgradnje. Prije izvedbe skele izvođač je dužan izraditi projekt skele što je u cijeni stavke. Obračun se vrši po m² vertikalne projekcije površine skele.
E13: m² | F13: 1680 | G13: 13 | H13: =SUM(F13*G13) -> 21840
A15: 04. | D15: SKELE UKUPNO: | H15: =SUM(H11:H14) -> 21840

Sheet 5.IZOL.
A2: 05. | D2: IZOLATERSKI RADOVI
D4: NAPOMENA:
D5: OPĆI UVJETI SU SASTAVNI DIO SVAKE POJEDINE STAVKE. Sve što je navedeno u njima, a nije u pojedinačnom opisu stavke smatra se uključenim u jediničnu cijenu.
D6: U jediničnim cijenama uračunati su svi radovi dotične stavke, s dobavom potrebnog materijala, s istovarom i uskladištenjem na gradilištu, sav horizontalni i vertikalni transport do radnog mjesta, kao i sva potrebna radna snaga i režijski troškovi, te sve potrebne radove, predradnje i materijal prema uputama proizvođača. (hladni premazi, impregniranja, čišćenja).
D7: U cijenu stavke uključena sva potrebna krojenja oko prodora, istaka i sl.
A9: Red. | B9: br. | D9: Opis stavke | E9: J.m. | F9: Kol. | G9: Jed.cijena | H9: Uk.cijena
D11: HIDROIZOLACIJE | F11: =IF(ISNUMBER(#REF!),IF(OR(E11="m1",E11="m2",E11="m3",E11="kg"),INT(#REF!*(1+#REF!/100)+0.999),INT(#REF!+0.999)),"")
A12: 05. | B12: 01. | D12: Hidroizolacija podnih ploča na tlu. Dobava i postava hidroizolacijske polimer-bitumenske plastomerne membrane težine 4.0 kg/m2, obostrano zaštićene sa PE folijom, ojačana staklenim voalom, prema EN 13707 ili jednakovrijedan ____________. Karakteristike: vlačna čvrstoća, uzdužna/poprečna: min. 300/200 N/mm (±20%) (12311-1 ili jednovrijedna __________), rastezanje, uzdužno/poprečno: min. 2/2 % (EN 12311-1 ili jednakovrijedan ____________). | F12: =IF(ISNUMBER(#REF!),IF(OR(E12="m1",E12="m2",E12="m3",E12="kg"),INT(#REF!*(1+#REF!/100)+0.999),INT(#REF!+0.999)),"")
D13: Membrana se ugrađuje u 2 sloja (bočni preklopi; 100mm, čeoni preklopi: 150mm) na podlogu pripremljenu sa temeljnim bitumenskim premazom u sustavu proizvođača membrane. Svi proizvodi trebaju biti kompatibilni. Radove izvesti prema uputama proizvođača materijala. Uključena obrada prodora. Obračun po m² površine.
D14: P1, P1', P2, P3, P4 | E14: m² | F14: 600 | G14: 28 | H14: =SUM(F14*G14) -> 16800
A16: 05. | B16: 02. | D16: Dobava i postava horizontalne i vertikalne hidroizolacije ukopanih dijelova građevine (dijelovi temelja i nadtemeljnih zidova) te sokla građevine. Izvodi se iz jednokomponentene elastomerne bitumenske tekuće membrane na vodenoj bazi, sve prema EN 1504-2 ili
D17: jednakovrijedna, EN 14891 ili jednakovrijedna, te EN 15814 ili jednakovrijedna____________. Karakteristike: gustoća min 1,50 kg/lit (EN 2811-1 ili jednakovrijedna________________); sadržaja VOC manje od 2g/l (EN 11890-2 ili jednakovrijedna________________); vlačna uzdužna čvrstoća armiranog sustava: min. 660 N (EN 12311-2 ili jednakovrijedna _________); poprečna vlačna čvrstoća armiranog sustava: min. 650 N (EN 12311-2 ili jednakovrijedna __________); izduljenje pri slomu armiranog sustava uzdužno: min. 48% (EN 12311-2 ili jednakovrijedna __________); izduljenje pri slomu armiranog sustava poprečno: min. 50% (EN 12311-2 ili jednakovrijedna_____________); vlačna čvrstoća prionjivosti : min. 2,5 MPa( En 1542 ili jednakovrijedna______________), na beton min: 1,5 N/mm2 (EN 14891 ili jednakovrijedna ___________); premošćenje pukotina: min. 3,5 mm pri 20 °C / min. 1,5 mm pri -5 °C (EN 14891 ili jednakovrijedna___________) i klasa CB2 (EN 15812 ili jednakovrijedna__________); paropropusnost :klasa II (EN 7783 ili jednakovrijedna___________); vodonepropusnost : min. 500 kPa (EN 14891 ili jednakovrijedna_________).
D18: Tekuća membrana se ugrađuje četkom, valjkom , gleterom ili strojno na podlogu (cementna, opeka, pločice, metal, drvo...) i sa svim dodatnim elementima istog sustava specificiranim od strane proizvođača materijala. Zaštita membrane na vertikali sa HDPE čepastom membranom ili XPSom (obračunato u drugoj stavci). Uključena obrada svih prodora uključujući cjevi, gromobran, pilote i sl.). Radove izvesti prema uputama proizvođača materijala. Svi proizvodi u sustavu trebaju biti kompatibilni. Obračun po m² površine.
D19: VZ1', VZ2', VZ3 | E19: m² | F19: 180 | G19: 30 | H19: =SUM(F19*G19) -> 5400
A21: 05. | B21: 03. | D21: Dobava i postava jednokomponentnog hidroizolacijskog morta na bazi cementa za brtvljenje betonskih ili cementnih površina. Prekid kapilarne vlage. Karakteristike: tlačne čvrstoće~ 35 N/mm2 prema EN 12190 ili jednovrijedna __________ , vlačne čvrstoće ~ 6 N/mm2 prema EN 12190 jednovrijedna _________, propusnost vodene pare SD < 5 m (klasa I) prema EN ISO 7783 jednovrijedna __________ , na betonskim površinama. Premaz se ugrađuje u 2 sloja na pripremljenu betonsku podlogu četkom i/ili gleterom s potrošnjom ca 4,0 kg/m2. Radove izvesti prema uputama proizvođača materijala. Obračun po m² obrađene površine.
E22: m² | F22: 280 | G22: 20 | H22: =SUM(F22*G22) -> 5600
A24: 05. | B24: 04. | D24: Izvedba sigurnosne hidroizolacije sanitarnih prostora na katovima, postavom dvokomp. elastičnog hidroizolacijskog morta na bazi cementa sa specijalnim alkalno otpornim polimerima, i sadržajem finih čestica agregata i odgovarajućih aditiva za hidroizolaciju. Mort se izvodi na za to pripremljenu podlogu (podloga mora biti suha, čista, bez udjela ulja i masti, bez nevezanog materijala i cementnog mlijeka) u dva sloja ukupne debljine 3 mm. U slučaju većih deformacija u prvi sloj je potrebno ugraditi polipropilensku mrežicu za armiranje. Sve spojeve zidova i ploča izvesti sa dodatnim ojačanjem (PP mrežica sa PVC ojačanjem za veće pomake). Potrošnja cca. 5 - 6 kg/mm/m². Svi detalji pričvršćivanja i spojeva, izvode se prema uputstvima proizvođača, uključivo sa dobavom potrebnog spojnog materijala u cijeni stavke. Obračun po m².
D25: MK1', MK2', MK4' | E25: m² | F25: 90 | G25: 25 | H25: =SUM(F25*G25) -> 2250
A27: 05. | B27: 05. | D27: Dobava i postava hidroizolacije iz sintetičke membrane na bazi mekog PVC-a na balkonima/lođama, tj. na prohodnim krovovima, armirana poliesterskom mrežicom, debljine d= 1,5 mm, obostrano zaštićene sa slojem geotekstila : donji 500 g/m2 , gornji : 300 g/m2. Membrane se polažu i mehanički fiksiraju za podlogu, nehrđajućim vijcima s podložnom pločicom u skladu s proračunom proizvođača hidroizolacijske membrane. Spojevi se obrađuju toplinskim ili kemijskim putem sa širinom vara od min. 3 cm, preklop 12 cm, u skladu s propisanom tehnologijom od strane proizvođača membrane. Radove treba izvoditi tvrtka sa važećom potvrdom sa školovanja kod proizvođača membrane. Obračun po m² ugrađenog materijala.
D28: Jediničnom cijenom obračunata je i postava dvostrukog PP/PES filc (geotekstil) na slojeve hidroizolacije. Uključivo vertikalno podizanje hidroizolacije na bočne zidove u visini od 10 cm. U cijeni su svi potrebni odgovarajući holkeri za vertikalno povijanje izolacije.
D29: Svi detalji pričvršćivanja i spojeva, izvode se prema uputstvima proizvođača, uključivo sa dobavom potrebnog spojnog materijala u cijeni stavke. Obračun po m² komplet slojeva.
D30: MK5, K2 | E30: m² | F30: 100 | G30: 70 | H30: =SUM(F30*G30) -> 7000
A32: 05. | B32: 06. | D32: Dobava i ugradba drenažne PEHD čepasta traka za oblaganje ekstrudiranog polistirena vanjskog zida u tlu. Čepovi okrenuti prema vanjskoj hidroizolaciji. Obavezno izvesti preklapanje od 10 cm s žbukom pročelja.
D33: Svi detalji pričvršćivanja i spojeva, izvode se prema uputstvima proizvođača, uključivo sa dobavom potrebnog spojnog materijala u cijeni stavke. Obračun po m².
D34: VZ3 | E34: m² | F34: 65 | G34: 5 | H34: =SUM(F34*G34) -> 325
D36: PE FOLIJE
A37: 05. | B37: 07. | D37: Dobava i postava PE folije, d=0,2 mm sa preklopom 10 cm u slojevima plivajućeg poda i oblogama zidova. PE folija se postavlja na slojeve toplinske izolacije u podovima na tlu i u međukatne konstrukcije (prema fizici). Postava horizontalno - slobodno položeno; postava vertikalno- točkasto fiksirano. Svi detalji pričvršćivanja i spojeva, izvode se prema uputstvima proizvođača, uključivo sa dobavom potrebnog spojnog materijala u cijeni stavke. Obračun po m².
D38: P1, P1', P2, P4 | E38: m² | F38: 555 | G38: 2 | H38: =SUM(F38*G38) -> 1110
D39: MK1, MK1', MK2, MK2', MK3, MK3', MK3'', MK4, MK4', MK4'' | E39: m² | F39: 1050 | G39: 2 | H39: =SUM(F39*G39) -> 2100
D40: RZ1, RZ2 | E40: m² | F40: 184 | G40: 2 | H40: =SUM(F40*G40) -> 368
A42: 05. | B42: 08. | D42: Dobava i ugradnja razdjelnog sloja krovne oplatne folije (podložna membrana većeg stupnja vodonepropusnosti) ispod krovnog falcanog lima iz polimernog bitumena ojačanog staklenim voalom sa površinskim slojem od perforirane sintetičke tkanine, debljine 1,5 mm. Specifična težina cca. 1400 g/m2, samoljepljivi uzdužni spojevi. Polaganje s preklopima 10 cm oplatu od dasaka (uključena u tesarskim radovima). Sve prema uputstvima proizvođača, uključivo sa dobavom potrebnog spojnog materijala u cijeni stavke. Obračun po m² ugrađenog materijala.
D43: K1 | E43: m² | F43: 645 | G43: 4 | H43: =SUM(F43*G43) -> 2580
A45: 05. | B45: 09. | D45: Dobava i montaža sigurnosnog žljeba koji se sastoji iz polimerne jednoslojne membrane -TPO/FPO folije kojom se oblaže potkonsktrukcija ispod upuštenog žljeba RŠ 100cm.
E46: m2 | F46: 10 | G46: 150 | H46: =SUM(F46*G46) -> 1500
A48: 05. | B48: 10. | D48: Dobava i izvedba folije za apsolutnu parnu branu s Sd˃700 - polimerbitumenska hidroizolacijska traka s uloškom Alu folije (1000 kg/m³), d=0,4 cm, trake za zavarivanje na hladnom bitumenskom prednamazu. Membrana se slobodno polaže na podlogu u preklopu spoja od 8 cm. Ljepljenje uračunato u stavku.
D49: Svi detalji izvode se prema uputstvima proizvođača, uključivo sa dobavom svog potrebnog materijala u cijeni stavke. Obračun po m².
D50: K1 | E50: m² | F50: 645 | G50: 16 | H50: =SUM(F50*G50) -> 10320
D52: TOPLINSKE IZOLACIJE
A53: 05. | B53: 11. | D53: Dobava i izvedba toplinske izolacije poda na tlu grijanog, negrijanog i slabogrijanog prostora. Na zaglađenu betonsku podlogu postavljaju se
D54: elastificirani ekspandirani polistiren (EePS) 2x1 cm;
D55: tvrde ploče od ekspandiranog polistirena (EPS) d=10 cm
D56: Jediničnom cijenom obračunati i traku EePS-a kojom su završna podna obloga i cementni estrih odvojeni od zida.
D57: Svi detalji pričvršćivanja i spojeva, izvode se prema uputstvima proizvođača, uključivo sa dobavom potrebnog spojnog materijala u cijeni stavke. Obračun po m² komplet slojeva.
D58: P1, P1', P2 | E58: m² | F58: 468 | G58: 25 | H58: =SUM(F58*G58) -> 11700
A60: 05. | B60: 12. | D60: Dobava i izvedba toplinske izolacije poda međukatnih konstrukcija. Na zaglađenu betonsku podlogu (tj. na sigurnosnu hidroizolaciju (MK1', MK2') postavljaja se:
D61: elastificirani ekspandirani polistiren (EPS-T) u pločana (15 kg/m3) u dva sloja 2X1 cm;
D62: tvrde ploče od ekstrudiranog polistirena (XPS) d=3 cm
D63: Svi detalji pričvršćivanja i spojeva, izvode se prema uputstvima proizvođača, uključivo sa dobavom potrebnog spojnog materijala u cijeni stavke. Obračun po m² komplet slojeva.
D64: MK1, MK1', MK2, MK2', MK4, MK4' | E64: m² | F64: 875 | G64: 10 | H64: =SUM(F64*G64) -> 8750
A66: 05. | B66: 13. | D66: Dobava i izvedba toplinske izolacije poda međukatnih konstrukcija (negrijani iznad negrijanih prostora). Na zaglađenu betonsku podlogu postavljaja se:
D67: elastificirani ekspandirani polistiren (EPS-T) u pločana (15 kg/m3) u dva sloja 2+1 cm;
D68: Svi detalji pričvršćivanja i spojeva, izvode se prema uputstvima proizvođača, uključivo sa dobavom potrebnog spojnog materijala u cijeni stavke. Obračun po m² komplet slojeva.
D69: MK3 | E69: m² | F69: 235 | G69: 8 | H69: =SUM(F69*G69) -> 1880
A72: 05. | B72: 14. | D72: Izvedba toplinske izolacije podgleda i vertikalnih elemenata na spojevima sa spuštenom AB pločom međukatnih konstrukcija (grijani iznad negrijanih prostora) tvrdim pločama kamene vune. Debljina ploča je d=12 cm. Svi detalji pričvršćivanja i spojeva, izvode se prema uputstvima proizvođača, uključivo sa dobavom potrebnog spojnog materijala u cijeni stavke.Obračun po m².
D73: MK2, MK2' | E73: m² | F73: 175 | G73: 40 | H73: =SUM(F73*G73) -> 7000
A75: 05. | B75: 15. | D75: Izvedba toplinske izolacije poda lođa iz ploča extrudiranog polistirena XPS ukupne debljine 10 cm. Svi detalji izvode se prema uputstvima proizvođača, uključivo sa dobavom potrebnog spojnog materijala u cijeni stavke.Obračun po m².
D76: MK5 | E76: m² | F76: 35 | G76: 25 | H76: =SUM(F76*G76) -> 875
A78: 05. | B78: 16. | D78: Izvedba toplinske izolacije podgleda lođa i dijela grijanih iznad vanjskih prostora polutvrdim, hidrofobnim pločama kamene vune, vanjski sloj kaširan bitumeniziran staklenim voalom. Debljina ploča je d=16 cm. Svi detalji pričvršćivanja i spojeva, izvode se prema uputstvima proizvođača, uključivo sa dobavom potrebnog spojnog materijala u cijeni stavke.Obračun po m².
D79: MK4, MK4', MK5' | E79: m² | F79: 32 | G79: 50 | H79: =SUM(F79*G79) -> 1600
A81: 05. | B81: 17. | D81: Izvedba toplinske izolacije nadtemeljnih zidova u tlu iz ploča extrudiranog polistirena XPS300 ukupne debljine 10 i 14 cm. Ploče su s rubnim preklopom u jednom sloju (30kg/m³) i na podlogu su ljepljene bitumenskom pastom bez organiskih otapala. Sve izvesti bez mehaničkog učvršćenja ploča TI (bez prodora u hidroizolaciju u dijelu zida u tlu). Svi detalji izvode se prema uputstvima proizvođača, uključivo sa dobavom potrebnog spojnog materijala u cijeni stavke.Obračun po m².
C82: a. | D82: VZ3, d=14 cm | E82: m² | F82: 82 | G82: 22 | H82: =SUM(F82*G82) -> 1804
C83: b. | D83: VZ3, d=10 cm | E83: m² | F83: 36 | G83: 18 | H83: =SUM(F83*G83) -> 648
A85: 05. | B85: 18. | D85: Izvedba toplinske izolacije na odvajanju konstruktivnih elemenata iz XPS-a ukupne debljine 5 cm. Svi detalji izvode se prema uputstvima proizvođača, uključivo sa dobavom potrebnog spojnog materijala u cijeni stavke. Obračun po m².
D86: RZ3 | E86: m² | F86: 95 | G86: 10 | H86: =SUM(F86*G86) -> 950
A88: 05. | B88: 19. | D88: Izvedba toplinske izolacije zidova susjednih stanova. Debljina ploča je d= 5 cm. Svi detalji pričvršćivanja i spojeva, izvode se prema uputstvima proizvođača, uključivo sa dobavom potrebnog spojnog materijala u cijeni stavke. Obračun po m².
D89: RZ1 | E89: m² | F89: 185 | G89: 10 | H89: =SUM(F89*G89) -> 1850
A91: 05. | B91: 20. | D91: Dobava materijala i ugradnja kombi ploča kao toplinske izolacije zidova koji dijele grijani od negrijanog prostora zajedničkog hodnika i stubišta. Kombi ploče su gotov proizvod koji se sastoji od obloge iz drvene vune i ispune od mineralne vune, ukupne debljine 10 cm. Pričvršćenje je sa min 9 kom pričvrsnica dimenzioniranih prema proizvođaču. U cijenu je potrebno uračunati dobavu i postavu potrebnog materijala, a radove izvesti prema uputama proizvođača. Svi slojevi i karakteristike materijala moraju biti usklađeni s projektom građevinske fizike. Završno izvedba lake podložne, rabicirane vapneno-cementne žbuke. Obračun po m² gotove obloge prema opisu.
D92: RZ2 - 10 cm | E92: m² | F92: 258 | G92: 50 | H92: =SUM(F92*G92) -> 12900
A94: 05. | B94: 21. | D94: Izvedba toplinske izolacije koja se polaže po podu potkrovlja iz ploča meke mineralne vune polagane u dva sloja s izmicanjem spojnica ploča, gornji sloj ploča kaširan paropropusnim staklenim voalom, ukupne debljine d=18 cm. Ploče mineralne vune se postavljaju na parnu branu koja je položena na armirano betonsku ploču (obračunata kao zasebna stavka).
D95: Svi detalji pričvršćivanja i spojeva, izvode se prema uputstvima proizvođača, uključivo sa dobavom potrebnog spojnog materijala u cijeni stavke. Obračun po m².
D96: MK3', MK3'' | E96: m² | F96: 610 | G96: 10 | H96: =SUM(F96*G96) -> 6100
A98: 05. | B98: 22. | D98: Izvedba dodatne toplinske i hidroizolacije pragova vanjskih vrata i staklenih stijena. Dodatnu toplinsku izolaciju izvesti u potrebnim debljinama prema sistemskom rješenju proizvođača aluminijske i PVC stolarije. Dodatnu HI izvesti kao vertikalnu na spoju s vanjskim terasama/lođama u preklopu od 10 cm.
D99: Svi detalji pričvršćivanja i spojeva, izvode se prema uputstvima proizvođača, uključivo sa dobavom potrebnog spojnog materijala u cijeni stavke. Obračun po m'.
E100: m' | F100: 35 | G100: 30 | H100: =SUM(F100*G100) -> 1050
A102: 05. | D102: IZOLATERSKI RADOVI UKUPNO: | H102: =SUM(H12:H101) -> 112460

Sheet 6.LIM
A2: 06. | D2: LIMARSKI RADOVI
D4: NAPOMENA:
D5: OPĆI UVJETI SU SASTAVNI DIO SVAKE POJEDINE STAVKE. Sve što je navedeno u njima, a nije u pojedinačnom opisu stavke smatra se uključenim u jediničnu cijenu.
D6: U cijenu svake pojedine stavke uključeno: svi radovi dotične stavke, s dobavom potrebnog materijala, s istovarom i uskladištenjem na gradilištu, sav horizontalni i vertikalni transport do radnog mjesta, kao i sva potrebna radna snaga i režijski troškovi, te sve potrebne radove, predradnje i materijal prema uputama proizvođača. U svim stavkama uključen je sav vezni materijal, kuke, silikonski kit, ljepila, podložna protukondezacijska folija itd.
A8: Red. | B8: br. | D8: Opis stavke | E8: J.m. | F8: Kol. | G8: Jed.cijena | H8: Uk.cijena
A10: 06. | B10: 01. | D10: Dobava i montaža krovnog pokrova na krovima s različitim nagibima od 15-28° iz aluminijskih traka u boji prema odabiru projektanta u izvedbi s dvostrukim stojećim prijevojem (falc). Vertikalni dio prijevoja je stožast, tako da u donjem ležajnom području traka ostane dilatacijski razmak 3-5 mm. Postava na glatku daščanu oplatu debljine min. 24 mm, vlaga do 20%, širina daske do 16 cm. (obuhvačeno zasebnom stavkom u tesarskim radovima).
D11: Debljina materjala 0,70 mm, Širina nabavnog materijala 500 mm. Težina: 1.89kg/m² prije falcanja, 2,3 kg/m² nakon falcanja. Dimenzija nakon postave: osno: 430 mm, širina ploče: 420 mm. Trake su jednostrano plastificirane, stražnja strana transparentni zapečeni zaštitni lak. Boja: prema odabiru projektanta. Prije izvedbe izvođač je dužan donijeti projektantu uzorak lima na odobrenje. Kvaliteta i metoda bojanja lima: metoda kontinuiranog premaza lima (eng. coil coating). Garancija na boja min. 40 godina.
D12: Kvaliteta falcanog spoja: H41 iz alu. legure EN AW 3005 ili jednakovrijedno prema EN 573-3 ili jednakovrijedno. Razred reakcije na požar ''A1'' sukladno EN 13501-1 ili jednakovrijedno. Deklaracija proizvoda za okoliš prema ISO 14025 ili jednakovrijedno i EN 15804: EPD-GDA-20130260-IBG1-DE ili jedankovrijedno. Referentni vijek trajanja prema ekološkoj deklaraciji proizvoda: = 70 godina. Minimalno jamstvo na materjal 40 godina.
D13: Pričvršćenje traka pomoću nerđajućih fiksnih (2/3) i kliznih učvršćivača (1/3) uključeni u cijeni. Koristiti pričvrsnice sustavnog rješenja sa užljebljenih čavala od nehrđajućeg čelika i/ili vijke. Na oplatu položiti razdjelni bitumenski sloj sloj, krovna membrana sa samoljepljivim preklopom debljine 1.5mm (obuhvaćeno posebnom stavkom u izolaterskim radovima). Izvedba prema detaljnim uputama proizvođača. Obavezna uporaba gela za falcanje za nagibe ≥ 7° (13%) uključen u cijeni. U stavku uključiti sve krovne površine. Obračun po m² neto gotove površine krovova.
C14: a. | D14: krovovi nagiba do 7° | E14: m2 | F14: 35 | G14: 92 | H14: =F14*G14 -> 3220
C15: b. | D15: krovovi nagiba iznad 7° | E15: m2 | F15: 682 | G15: 100 | H15: =F15*G15 -> 68200
A17: 06. | B17: 02. | D17: Dobava i ugradnja donjeg početka pokrova iznad visećih žljebova u ventiliranoj izvedbi uključivo: 1.početnu traku za falcani alu lim r.š. 25 cm, 1,00 mm, 2. uljevni lim (okapni lim) r.š. 33 cm, 0,70 mm, 3. perforirane rešetke za dovod zraka od alu lim r.š. 12.5 cm, 0,7 mm. Rupe perforacije su promjera 5 mm. Boje i kvalitete materijala kao i osnovna pozicija. U cijenu uključiti eventualno potrebni pomoćni i spojni materijal, montirati vjetrootporno i s omogućenim dilatacijskim radom. Izvesti sve strogo prema uputstvima proizvođača kao sistemsko rješenje. Obračun po m'.
E18: m' | F18: 48 | G18: 100 | H18: =F18*G18 -> 4800
A20: 06. | B20: 03. | D20: Dobava i ugradnja donjeg početka pokrova iznad upuštenih žljebova u ne-ventiliranoj izvedbi uključivo: 1.početnu traku za falcani alu lim r.š. 25 cm, 1,00 mm, 2. uljevni lim (okapni lim) r.š. 25 cm, 0,70 mm, Boje i kvalitete materijala kao i osnovna pozicija. U cijenu uključiti eventualno potrebni pomoćni i spojni materijal, montirati vjetrootporno i s omogućenim dilatacijskim radom. Izvesti sve strogo prema uputstvima proizvođača kao sistemsko rješenje. Obračun po m'.
E21: m' | F21: 75 | G21: 100 | H21: =F21*G21 -> 7500
A23: 06. | B23: 04. | D23: Dobava i montaža opšava spoja upuštenog žljeba s fasadom sastavljen od: 1. aluminijske dopunske trake R.Š. 25cm debljine 0,70 mm u boji i kvaliteti materijala kao osnovna pozicija. Falcani spoj svakih 2m. 2. početne aluminijske limove RŠ 12 x 2 debljine 1,00 mm. 3. perforirane rešetke za dovod zraka od alu lim r.š. 12.5 cm, 0,7 mm. Rupe perforacije su promjera 5 mm. Postaviti na daščanu podlogu zaštićena razdjelnim slojem kao i u stavci 06.01. Obračun po m'.
E24: m' | F24: 75 | G24: 108 | H24: =G24*F24 -> 8100
A26: 06. | B26: 05. | D26: Dobava i ugradnja opšava zabatnih djelova krova pokrovnim limom kao osnovna pozicija od alu trakam debljine 0,70 mm (postava bočno-vertikalno na strehu) boje i kvalitete materijala kao osnovna pozicija (stavka 1) R.Š 35cm, uključivo donje početno-okapne alu trake r.š.20cm iz aluminija 1,00 mm montirati vjetrootporno i s omogućenim dilatacijskim radom. Obračun po m'.
E27: m' | F27: 46 | G27: 70 | H27: =F27*G27 -> 3220
A29: 06. | B29: 06. | D29: Dobava i montaža tipskog samonosivog ventiliranog sljemenjaka /grebena (jet-odzračnik) za ventilirane krovove, polukružnog oblika s labirintom za izlaz zraka. Sastavljen od unutarnje polukružne rešetkaste perforacije i obostrane podložne brtve.
D30: Boja i kvalitete materijala kao osnovna pozicija. Moraju se poštovati smjernice za polaganje: Pričvrsni materijal (nehrđajući vijci 4,5/60 mm sa brtvenom podloškom). Duljine komada: 3000/1200 mm Presjek ventilacije: 250 cm²/m Debljina materijala: 1,00 mm Stručno ugraditi, uključiti bočne tipske završne elemente i obradu kutnih spojeva dva ili tri grebena. Nužna tesarska priprema koja obuhvaća izrezivanje potrebnih otvora u krovnoj oplati uz porubljivanje ventilacijskog otvora prema van te obostranu postavu rubnih letvi 5x8cm po cijeloj dužini obrađeni su u zasebnoj stavci tesarskih radova. Obračun po m'.
E31: m' | F31: 65 | G31: 125 | H31: =F31*G31 -> 8125
A33: 06. | B33: 07. | D33: Dobava i montaža neventiliranih grebena sistemom opšivanja grebene letve (opisana zasebno u tesarskim radovima) 5x5 cm, boje i kvalitete materijala kao osnovna pozicija. Voditi računa o dilatacijskom radu pokrovnih traka. Obračun po m'.
E34: m' | F34: 35 | G34: 50 | H34: =F34*G34 -> 1750
A36: 06. | B36: 08. | D36: Dobava i ugradnja krovnih uvala u ne-ventiliranoj izvedbi uključivo uvalni lim RŠ 50 s duplim prevojem. Kvaliteta i boja materijala kao i osnovna pozicija pokrova. U cijenu uključiti nosivi lim (s obje strane plohe po jedan) RŠ 10 iz aluminija 1,0 mm i eventualno potrebni pomoćni i spojni materijal, montirati vjetrootporno i s omogućenim dilatacijskim radom. Napomena: Prelaz zraka iz jedne krovne plohe u drugoj izvodi se skraćivanjem letvama u drvenoj potkonstrukciji. Obračun po m¹ uključivo sve elemente.
E37: m' | F37: 75 | G37: 55 | H37: =F37*G37 -> 4125
A39: 06. | B39: 09. | D39: Dobava i ugradnja lomova krovnih ploha . Spoj je sastavljen od nosivog početnog lima za falcanje debljine 1,0 mm, (RŠ) 15 cm, te uključuje falc gel i pričvrsnice za završetak donjih krovnih traka. Obračun se vrši po dužnom metru (m¹), uključujući sve potrebne elemente za potpunu izvedbu. Obračun po m'.
E40: m' | F40: 65 | G40: 40 | H40: =F40*G40 -> 2600
A42: 06. | B42: 10. | D42: Dobava i ugradnja opšava otvora za odimljavanje dim. 126x126cm od aluminijskim limom d=0.7mm, r.š. 40 boje i kvalitete kao i osnovna pozicija. Montirati stručno u utorima ispod pokrivnih kapa prozora. Sve prema uputama proizvođača.
E43: kom | F43: 1 | G43: 170 | H43: =G43*F43 -> 170
A45: 06. | B45: 11. | D45: Dobava i montaža cijevnog snjegobrana za falcani pokrov od alu lima, u boji kao osnovna pozicija (plastificirano). Sastoji se iz jednostrukih alu stezaljki s izduženom rupom (materjal EN AW 6060 T66) za falcani pokrov s 1 alu cijevi kružnog presjeka Ø 28x2 mm. Uključivo hvatača leda, dva kom po traci, odnosno 5 kom m1. Snjegobrani postavljaju se uzduž upuštenih žlejbova odnosno iznad donjeg početka krova strogo prema uputama proizvođaća. Na svaki falc postavlja se po jedna stezaljka. Obračun po m'.
E46: m' | F46: 125 | G46: 70 | H46: =G46*F46 -> 8750
A48: 06. | B48: 12. | D48: Dobava i ugradnja opšava dimnjaka 38x38 cm (uključiti kitne lajsne) aluminijskim limom RŠ 40 boje i kvalitete kao i osnovna pozicija. Lim uzdignut minimalno 15 cm. Uklljučiti sav spojni i brtveni materijal. Obračun po komadu.
E49: kom | F49: 7 | G49: 150 | H49: =F49*G49 -> 1050
A51: 06. | B51: 13. | D51: Dobava i ugradnja opšava oko ventilacijskih otvora LRH na falcanom krovu od aluminijskim limom 0.7mm RŠ 40cm u boji i kvalitete kao i osnovna pozicija. Specijalno ljepilo uključeno u stavci. Element uzdignuti minimalno 15 cm oko prodora. Uklljučiti sav spojni i brtveni materijal.
C52: a. | D52: krovna kapa LRH 51x164 cm | E52: kom | F52: 1 | G52: 165 | H52: =F52*G52 -> 165
C53: b. | D53: krovna kapa LRH 51x89 cm | E53: kom | F53: 1 | G53: 162 | H53: =F53*G53 -> 162
C54: c. | D54: krovna kapa LRH 51x124 cm | E54: kom | F54: 1 | G54: 164 | H54: =F54*G54 -> 164
C55: d. | D55: krovna kapa LRH 51x101 cm | E55: kom | F55: 1 | G55: 164 | H55: =F55*G55 -> 164
C56: e. | D56: krovna kapa LRH 51x96 cm | E56: kom | F56: 2 | G56: 164 | H56: =F56*G56 -> 328
C57: f. | D57: krovna kapa LRH 51x194 cm | E57: kom | F57: 1 | G57: 167 | H57: =F57*G57 -> 167
C58: g. | D58: krovna kapa LRH 96x94 cm | E58: kom | F58: 1 | G58: 165 | H58: =F58*G58 -> 165
C59: h. | D59: krovna kapa LRH 51x55 cm | E59: kom | F59: 2 | G59: 160 | H59: =F59*G59 -> 320
C60: i. | D60: krovna kapa LRH 51x93 cm | E60: kom | F60: 2 | G60: 164 | H60: =F60*G60 -> 328
D65: KROVNA ODVODNJA
A67: 06. | B67: 14. | D67: Dobava i ugradnja upuštenog sandučastog žlijeba iz aluminijskog lima u boji i kvaliteti kao osnovna pozicija, debljine 0,70 mm. Žljeb prati pad krovnih ploha. Žlijeb je razvijene širine 50 cm. Ugraditi u kutiju od dasaka obloženu folijama (stavka sigurnosni žljeb). Obračun po m'.
E68: m' | F68: 75 | G68: 55 | H68: =SUM(F68*G68) -> 4125
A70: 06. | B70: 15. | D70: Dobava i ugradnja okruglih spojnih odvoda za upušteni sandučasti žljeb Ø100mm i Ø75mm iz aluminijskog lima boja i kvaliteta materijala kao osnovna pozicija. Uključivo sve spojne elemente prema uputama proizvođaća. Obračun po kom.
C71: a. | D71: Ø100mm | E71: kom | F71: 6 | G71: 60 | H71: =G71*F71 -> 360
C72: b. | D72: Ø75mm | E72: kom | F72: 2 | G72: 60 | H72: =G72*F72 -> 120
A74: 06. | B74: 16. | D74: Dobava i montaža visećih krovnih žljebova RŠ 333 (širina 120mm), sandučaste izvedbe, debljina 0,70 mm, boja standardna, s potrebnim kukama iz alu legure otporne na savijanje i zaokretanje, pričvrstiti na svakoj roženici ili pogodnoj strešnoj dasci (min. debljine 30 mm), dodatak sredstva za brtvljenje i lijepljenje, te odgovarajućih alu patentnih zakovica (poštivati propise proizvođača!), stručno montirati u padu, uklj. upuštanje žljebnih kuka. Obavezno ugradnju dilatacije svakih 12 m dužine. Uključena sva potrebna zavešna bočna čela. Obračun po m'.
E75: m' | F75: 48 | G75: 60 | H75: =G75*F75 -> 2880
A77: 06. | B77: 17. | D77: Dobava i ugradnja dilatacija za viseći žljeb RŠ 333 iz aluminijskog lima i EPDM gumom sa obrubom i blendom. Postava na svakih 12m visećeg žljeba. Dužina 260mm. Kvaliteta materijala kao osnovna pozicija. Obračun po kom.
E78: kom | F78: 4 | G78: 90 | H78: =F78*G78 -> 360
A80: 06. | B80: 18. | D80: Dobava i ugradnja okruglih spojnih kotliča za viseći žljeb 333 Ø100mm iz aluminijskog lima 0.7mm boja i kvaliteta materijala kao osnovna pozicija. Uključivo sve spojne elemente prema uputama proizvođaća. Obračun po kom.
E81: kom | F81: 2 | G81: 89 | H81: =F81*G81 -> 178
A83: 06. | B83: 19. | D83: Dobava i ugradnja odvodne cijevi DN 100 i DN 150 iz aluminijskog lima s dvostrukim prevojem. Boja i kvaliteta materijala kao osnovna pozicija uključivo sve potrebne obujmice, držače, trnove, revizijske otvore i koljena. Sve u kompletu prema uputama proizvođača. Obračun po m'.
C84: a. | D84: DN 75 | E84: m' | F84: 25 | G84: 80 | H84: =G84*F84 -> 2000
C85: b. | D85: DN 100 | E85: m' | F85: 75 | G85: 90 | H85: =G85*F85 -> 6750
C86: b. | D86: DN 150 | E86: m' | F86: 25 | G86: 100 | H86: =G86*F86 -> 2500
A88: 06. | B88: 20. | D88: Dobava i montaža aluminijske perforirane mrežice na donjim rubovima krovišta - mrežica za insekte, sve pozicije kao u izvedbenim detaljima. Obračun po m'.
E89: m' | F89: 125 | G89: 30 | H89: =SUM(F89*G89) -> 3750
A91: 06. | B91: 21. | D91: Dobava i postava vanjske limene plastificirane prozorske klupčice od pocinčanog lima debljine 0.55 mm, razvijene širine do 33 cm. U cijeni je uključena dobava i postava klupčice, sve pomoćne konstrukcije i nosači od plosnog željeza, sva učvršćenja, podložna bitumenska ljepenka, te bojanje klupčice cink temeljnom bojom i završnom bojom prema boji boji aluminijske bravarije. Obračun po m' izvedene klupčice.
E92: m' | F92: 125 | G92: 35 | H92: =SUM(F92*G92) -> 4375
A94: 06. | B94: 22. | D94: Dobava i montaža dilatacijskog lima. Dilatacijski lim je boje i kvalitete kao završna boja fasade, tj. krova, a spojeve izvesti prema pravilima struke. Obračun po m'.
C95: a. | D95: vertikalni RŠ 15 cm | E95: m' | F95: 12 | G95: 40 | H95: =SUM(F95*G95) -> 480
C96: b. | D96: horizontalni RŠ 60 cm | E96: m' | F96: 12 | G96: 70 | H96: =SUM(F96*G96) -> 840
A98: 06. | D98: LIMARSKI RADOVI UKUPNO: | H98: =SUM(H10:H97) -> 152291

Sheet 7.TES.
A2: 07. | D2: TESARSKI RADOVI
D4: NAPOMENA:
D5: OPĆI UVJETI SU SASTAVNI DIO SVAKE POJEDINE STAVKE. Sve što je navedeno u njima, a nije u pojedinačnom opisu stavke smatra se uključenim u jediničnu cijenu.
A7: Red. | B7: br. | D7: Opis stavke | E7: J.m. | F7: Kol. | G7: Jed.cijena | H7: Uk.cijena
A9: 07. | B9: 01. | D9: Dobava, krojenje elemenata, i ugradnja drvenog višestrešnog krovišta iznad AB ploče drugog kata. Drveno krovište sastoji se od rogova, podrožnica i stupova.Građa: četinjače II klase klase (HRN U.C9.200 ili jednakovrijednoj). Rogovi se postavljaju na razmaku 82-85 cm. Izvesti sve prema izvedbenom projektu. grede na drvene stupove osloniti tesarskim vezom i povezati čavlima. Stupove osloniti na stropnu ploču preko metalne papuče te povezati sa 2 M20 za ploču. Sve spojeve nosivih elemenata krovišta izvesti tesarskim tipskim detaljima (čavlana veza). Stavka uključuje sav vertikalni i horizontalni prijenos, sav materijal i spojna i pričvrsna sredstva, kompletno.
C10: a. | D10: rogovi 12/16 cm | E10: m³ | F10: 15.3 | G10: 800 | H10: =SUM(F10*G10) -> 12240
C11: b. | D11: grede 14/16 cm | E11: m³ | F11: 8.85 | G11: 800 | H11: =SUM(F11*G11) -> 7080
C12: c. | D12: stupovi 14/14 cm | E12: m³ | F12: 3.5 | G12: 800 | H12: =SUM(F12*G12) -> 2800
C13: d. | D13: nazidnice 14/16 cm | E13: m³ | F13: 1.1 | G13: 800 | H13: =SUM(F13*G13) -> 880
C14: e. | D14: pocinčana spojna sredstva (okov) | E14: kg | F14: 720 | G14: 10 | H14: =SUM(F14*G14) -> 7200
A16: 07. | B16: 02. | D16: Dobava i postava daščane oplate d=2,4cm. Ugrađuje se na drvenu konstrukciju krovišta za postavljanje pokrova od traka falcanog lima. Građa: četinjače II klase klase (HRN U.C9.200 ili jednakovrijednoj). Stavka obuhvaća: završnu obradu blanjanjem, sve potrebne završne premaze i sav spojni materijal. Izvesti sve prema izvedbenom projektu. Jediničnom cijenom obuhvatiti podizanje do mjesta ugradnje. Nagib krovnih ploha je do 7° i od 7-28°.
D17: Obračun po m² razvijene površine krova, uključivo sav pričvrsni materijal i zaštitni impregnacijski premaz sredstvom za zaštitu protiv insekata i gljivica.
D18: K1 | E18: m² | F18: 643 | G18: 25 | H18: =SUM(F18*G18) -> 16075
A20: 07. | B20: 03. | D20: Dobava, postava i ugradnja "sanduka" za upušteni žlijeb od OSB ploča debljine d=18 mm. Obračun po m², uključivo sav pričvrsni materijal i zaštitni impregnacijski premaz sredstvom za zaštitu protiv insekata i gljivica
E21: m² | F21: 103 | G21: 60 | H21: =SUM(F21*G21) -> 6180
A23: 07. | B23: 04. | D23: Dobava, postava i ugradnja OSB ploča debljine d=18 mm kao zatvaranje krovišta prema dijelu ravnog krova. Obračun po m², uključivo sav pričvrsni materijal i zaštitni impregnacijski premaz sredstvom za zaštitu protiv insekata i gljivica.
D24: K1 | E24: m² | F24: 643 | G24: 25 | H24: =SUM(F24*G24) -> 16075
A26: 07. | B26: 05. | D26: Dobava, postava i ugradnja letvi dimenzija 8/5 cm, na maksimalnom razmaku od 80 cm. Postavljaju se na dašćanu oplatu krova (pokrov obračunat u zasebnoj stavci). Građa: četinjače II klase klase (HRN U.C9.200 ili jednakovrijednoj). Stavka obuhvaća: završnu obradu blanjanjem, sve potrebne završne premaze i sav spojni materijal. Izvesti sve prema detalju u izvedbenom projektu. Obračun u m².
D27: K1 | E27: m² | F27: 643 | G27: 15 | H27: =SUM(F27*G27) -> 9645
A29: 07. | B29: 06. | D29: Dobava, postava i ugradnja završne drvene obloge (pokrov drvene grede i rogova na zabatima) dim 20/2.4 cm. Građa: četinjače II klase (HRN U.C9.200 ili jednakovrijednoj) Stavka obuhvaća: završnu obradu blanjanjem, sve potrebne završne premaze, impregnaciju i sav spojni materijal. Izvesti sve prema detalju u izvedbenom projektu. Obračun u m².
E30: m² | F30: 24 | G30: 70 | H30: =SUM(F30*G30) -> 1680
A32: 07. | B32: 07. | D32: Dobava, postava i ugradnja drvene grebene letve dim 5/5 cm. Građa: četinjače II klase (HRN U.C9.200 ili jednakovrijednoj) Stavka obuhvaća: završnu obradu blanjanjem, sve potrebne završne premaze, impregnaciju i sav spojni materijal. Izvesti sve prema detalju u izvedbenom projektu. Obračun u m'.
E33: m' | F33: 35 | G33: 10 | H33: =SUM(F33*G33) -> 350
A35: 07. | B35: 08. | D35: Dobava, postava i ugradnja rubnih drvenih letvi u sljemenjaku dim 5/8 cm. Građa: četinjače II klase (HRN U.C9.200 ili jednakovrijednoj) Stavka obuhvaća: završnu obradu blanjanjem, sve potrebne završne premaze, impregnaciju i sav spojni materijal. Izvesti sve prema detalju u izvedbenom projektu. Obračun u m'.
E36: m' | F36: 130 | G36: 10 | H36: =SUM(F36*G36) -> 1300
A38: 07. | D38: TESARSKI RADOVI UKUPNO: | H38: =SUM(H9:H37) -> 81505

Sheet 8.GIPS.
A2: 08. | D2: GIPSKARTONSKI RADOVI
D4: NAPOMENA:
D5: OPĆI UVJETI SU SASTAVNI DIO SVAKE POJEDINE STAVKE. Sve što je navedeno u njima, a nije u pojedinačnom opisu stavke smatra se uključenim u jediničnu cijenu.
D6: Svi radovi trebaju biti izvedeni prema specifikaciji proizvođača. U cijenu svake pojedine stavke uključen sav potreban materijal (ploče, čelični nosači, spojni elementi, vijci, držači, kit, trake za spojeve). Svi uglovi trebaju biti zaštićeni odgovarajućim uglovnim profilima. Svi radovi trebaju biti izvedeni i u potpunosti pripremljeni za soboslikarske i keramičarske radove. U cijenu uključeno i dobava i postava kamene vune za sve stavke gdje je navedena.
A8: Red. | B8: br. | D8: Opis stavke | E8: J.m. | F8: Kol. | G8: Jed.cijena | H8: Uk.cijena
D10: OBLOGE
A11: 08. | B11: 01. | D11: Dobava i izvedba gipskartonske zidne obloge unutrašnjih AB zidova (zidovi susjednih stanova i dio zidova prema hodniku).
D12: Direktan ovjes na čelične pocinčane profile CD odgovarajuće širine i razmaka postavljanja prema debljini izolacije koja se ugrađuje ispod obloge, jednostruka obloga GK pločama deb. 1x12,5 mm (ispuna od mineralne vune, raznih debljina i PE folija obračunati su u izolaterskim radovima ovog troškovnika)
D13: Po postavi treba spojeve ploča gletati odgovarajućom masom i vidljive plohe zida premazati odgovarajućom impregnacijom (u cijeni) za završnu obradu bojanjem (bojanje u posebnoj stavci soboslikarskih radova) ili za postavu keramičkih pločica (obračunate u keramičarskim radovima). Razred kvalitete obrade površine i spojeva K2. U cijenu su uključeni sav potreban rad i materijal: GK ploče, sva spojna sredstva, potkonstrukcija, te sva krojenja i pripasivanja. Svi detalji pričvršćivanja i spojeva, izvode se prema uputstvima proizvođača, koristeći samo materijale i alate koji su za to predviđeni. Obračun po m² izvedene obloge.
E14: m² | F14: 184 | G14: 45 | H14: =SUM(F14*G14) -> 8280
A16: 08. | B16: 02. | D16: Dobava i izvedba obloge za šahte EI 90. Pregrada ukupne debljine 8,5 cm, s potkonstrukcijom iz jednostrukih profila 1x CW 50 na razmacima 62,5 cm. Pregrada je obložena troslojnom oblogom GKF ploča 3x15.0 mm u vlažnim prostorima završna ploča je i vlagootporna, s PE folijom i postavom kamene vune debljine d=4 cm po čitavoj površini i osiguranje od micanja. Metalna potkonstrukcija se oslanja na podne i stropne konstrukcije, te obodne zidove ili stupove. Svi učvrsni elementi kao što su vijci i čavli pocinčani su ili fosforizirani. Svi spojevi moraju biti izgletani i bandažirani trakom, a spojevi na strop zapunjeni bijelim akrilom. Postupak montaže prema smjernicama i uputama proizvođača. U cijenu uključene ploče, potkonstrukcija i toplinska izolacija od kamene vune, PE folija, gletanje, bandažiranje (odnosno priprema podloge za ličenje), sva potrebna protupožarna brtvljenja na granicama požarnih sektora i oko prodora (reviziona okna). Razred kvalitete obrade površine i spojeva K2. Obračun po m² izvedenog kanala.
D17: obloga | E17: m² | F17: 84 | G17: 100 | H17: =SUM(F17*G17) -> 8400
A19: 08. | B19: 03. | D19: Zidna obloga od gipskartonskih ploča s predzidnom instalacijom izrađenom iz tipske čelične pocinčane potkonstrukcije CW i UW profila, ukupne debljine 17,5 mm (obzid ugradbenih vodokotlića u sanitarijama). Pregrada je jednostrano obložena dvostrukim vlagootpornim pločama deb. 2x12,5mm, visine 120 cm.
D20: Potkonstrukcija se montira po obodu otvora na okolne masivne građevne elemente s odgovarajućim tiplima i vijcima. U cijenu je uključena potkonstrukcija, ploče, gledanje, bandažiranje te toplinska izolacija od meke kamene vune, debljine 4 cm.
D21: Unutar zidne obloge bit će postavljen instalacijski element za WC školjku i za umivaonik. Jediničnom cijenom obračunati nosače predzidnog instalacijskog sistema vodokotlića i instalacijski element za umivaonik.
D22: Svi učvrsni elementi kao što su vijci i čavli pocinčani su ili fosforizirani. Postupak montaže prema smjernicama i uputama proizvođača gipskartonske obloge i predzidnog instalacijskog sistema. Razred kvalitete obrade površine i spojeva K2. Obračun po m² izvedene obloge.
C23: a. | D23: GK obloga | E23: m² | F23: 56.2 | G23: 80 | H23: =SUM(F23*G23) -> 4496
C24: b. | D24: instalacijski elementi za WC školjke | E24: kom | F24: 22 | G24: 1 | H24: =SUM(F24*G24) -> 22
C25: c. | D25: instalacijski elementi za umivaonik | E25: kom | F25: 17 | G25: 1 | H25: =SUM(F25*G25) -> 17
A27: 08. | D27: GIPSKARTONSKI RADOVI UKUPNO : | H27: =SUM(H9:H25) -> 21215

Sheet 9. STOL. 
A2: 09. | D2: STOLARSKI RADOVI
D4: NAPOMENA:
D5: OPĆI UVJETI SU SASTAVNI DIO SVAKE POJEDINE STAVKE. Sve što je navedeno u njima, a nije u pojedinačnom opisu stavke smatra se uključenim u jediničnu cijenu.
D6: U cijenu svake pojedine stavke uključeno:
D7: Dobava svog materijala, sav vanjski i unutrašnji transport do mjesta ugradbe, sav potreban okov (petlje, brave s ključem, zaustavnici, odbojnici, rubne letvice, te svi spojni elementi).
D8: Prije izrade stolarskih stavki sve mjere ugradbe i broj komada obavezno je kontrolirati na objektu.
D9: Sve iskazane mjere su mjere svijetlih otvora, a moguće je usklađivanje nakon odabira proizvođača.
A11: Red. | B11: br. | D11: Opis stavke | E11: J.m. | F11: Kol. | G11: Jed.cijena | H11: Uk.cijena
D13: UNUTARNJA STOLARIJA
A15: 09. | B15: 01. | D15: Izrada, dobava i ugradnja - unutarnja, puna, jednokrilna, zaokretna vrata svijetlog otvora 60/210 cm. Vrata se ugrađuju u zid od opeke debljine 12 cm. Krilo obostrano obloženo laminatom u boji po izboru projektanta. Dovratnik i letvice izrađeni od medijapana, zaobljenih rubova, a ugrađuju se na tipski slijepi dovratnik. U cijenu uključen standardni okov za unutrašnja vrata s gumenim odbojnikom, kvakom, bravom za sobna vrata. Kvake i maske oko kvaka od eloksiranog aluminija. Obračun po komadu izvedenih vrata.
D16: U donjoj zoni ugraditi ventilacionu rešetku koja je uključena u stavku.
D17: Sve izvesti prema shemi stolarije U1a.
C18: a. | D18: lijeva | E18: kom | F18: 4 | G18: 600 | H18: =SUM(F18*G18) -> 2400
C19: b. | D19: desna | E19: kom | F19: 4 | G19: 600 | H19: =SUM(F19*G19) -> 2400
A21: 09. | B21: 02. | D21: Izrada, dobava i ugradnja - unutarnja, puna, jednokrilna, zaokretna vrata svijetlog otvora 70/210 cm. Vrata se ugrađuju u zid od opeke debljine 12 cm. Krilo obostrano obloženo laminatom u boji po izboru projektanta. Dovratnik i letvice izrađeni od medijapana, zaobljenih rubova, a ugrađuju se na tipski slijepi dovratnik. U cijenu uključen standardni okov za unutrašnja vrata s gumenim odbojnikom, set kvaka i brava za kupaonicu. Kvake i maske oko kvaka od eloksiranog aluminija. Obračun po komadu izvedenih vrata.
D22: Sve izvesti prema shemi stolarije U2.
D23: desna | E23: kom | F23: 4 | G23: 580 | H23: =SUM(F23*G23) -> 2320
A25: 09. | B25: 03. | D25: Izrada, dobava i ugradnja - unutarnja, puna, jednokrilna, zaokretna vrata svijetlog otvora 70/210 cm. Vrata se ugrađuju u zid od opeke debljine 12 cm. Krilo obostrano obloženo laminatom u boji po izboru projektanta. Dovratnik i letvice izrađeni od medijapana, zaobljenih rubova, a ugrađuju se na tipski slijepi dovratnik. U cijenu uključen standardni okov za unutrašnja vrata s gumenim odbojnikom, set kvaka i brava za kupaonicu. Kvake i maske oko kvaka od eloksiranog aluminija. Obračun po komadu izvedenih vrata.
D26: U donjoj zoni ugraditi ventilacionu rešetku koja je uključena u stavku.
D27: Sve izvesti prema shemi stolarije U2A.
C28: a. | D28: lijeva | E28: kom | F28: 8 | G28: 600 | H28: =SUM(F28*G28) -> 4800
C29: b. | D29: desna | E29: kom | F29: 5 | G29: 600 | H29: =SUM(F29*G29) -> 3000
A31: 09. | B31: 04. | D31: Izrada, dobava i ugradnja - unutarnja, puna, jednokrilna, zaokretna vrata svijetlog otvora 80/210 cm. Vrata se ugrađuju u zid od opeke debljine 12 cm. Krilo obostrano obloženo laminatom u boji po izboru projektanta. Dovratnik i letvice izrađeni od medijapana, zaobljenih rubova, a ugrađuju se na tipski slijepi dovratnik. U cijenu uključen standardni okov za unutrašnja vrata s gumenim odbojnikom, kvakom, bravom za sobna vrata. Kvake i maske oko kvaka od eloksiranog aluminija. Obračun po komadu izvedenih vrata.
D32: Sve izvesti prema shemi stolarije U3.
C33: a. | D33: lijeva | E33: kom | F33: 16 | G33: 580 | H33: =SUM(F33*G33) -> 9280
C34: b. | D34: desna | E34: kom | F34: 14 | G34: 580 | H34: =SUM(F34*G34) -> 8120
A36: 09. | B36: 05. | D36: Izrada, dobava i ugradnja - unutarnja, puna, jednokrilna, zaokretna vrata svijetlog otvora 80/210 cm. Vrata se ugrađuju u zid od opeke debljine 12 cm. Krilo obostrano obloženo laminatom u boji po izboru projektanta. Dovratnik i letvice izrađeni od medijapana, zaobljenih rubova, a ugrađuju se na tipski slijepi dovratnik. U cijenu uključen standardni okov za unutrašnja vrata s gumenim odbojnikom, set kvaka i brava za kupaonicu. Kvake i maske oko kvaka od eloksiranog aluminija. Obračun po komadu izvedenih vrata.
D37: U donjoj zoni ugraditi ventilacionu rešetku koja je uključena u stavku.
D38: Sve izvesti prema shemi stolarije U3A.
D39: lijeva | E39: kom | F39: 1 | G39: 600 | H39: =SUM(F39*G39) -> 600
A41: 09. | B41: 06. | D41: Izrada, dobava i ugradnja - unutarnja, puna, jednokrilna, zaokretna vrata svijetlog otvora 90/210 cm. Vrata se ugrađuju u zid od opeke debljine 12 cm. Krilo obostrano obloženo laminatom u boji po izboru projektanta. Dovratnik i letvice izrađeni od medijapana, zaobljenih rubova, a ugrađuju se na tipski slijepi dovratnik. U cijenu uključen standardni okov za unutrašnja vrata s gumenim odbojnikom, set kvaka i brava za kupaonicu. Kvake i maske oko kvaka od eloksiranog aluminija. Obračun po komadu izvedenih vrata.
D42: U donjoj zoni ugraditi ventilacionu rešetku koja je uključena u stavku.
D43: Sve izvesti prema shemi stolarije U4A.
D44: desna | E44: kom | F44: 1 | G44: 600 | H44: =SUM(F44*G44) -> 600
A46: 09. | B46: 07. | D46: Izrada, dobava i ugradnja pregrade spremišta stanara građevinskih dimenzija 435x254 cm i 285x254 cm. Sastoji se od fiksnih polja i 3 jednokrilna zaokretna vrata svjetlih dim 90 x 215 cm.
D47: Pregrade se izvode iz drvenih okvira s ispunom od drvenih platica u jednakom razmaku. Nosivi drveni okviri sidre se u obodnu konstrukciju zidova, podova i stropova. Završna obrada antifugicidnim i zaštitnim premazom za drvo.
D48: U cijenu stavke uključiti sav potreban spojni i pomoćni materijal, temeljne i zaštitne premaze, sve do potpune gotovosti. Uključiti i sva potrebna pripasivanja fiksnih pregrada između spremišta. Izvesti u potpunosti u skladu s ovjerenom radioničkom dokumentacijom. Obračun po kompletu izvedene pregrade.
D49: Sve prema shemi stolarije U5.
C50: a. | D50: 435x254 cm | E50: kpl | F50: 1 | G50: 1220 | H50: =SUM(F50*G50) -> 1220
C51: b. | D51: 285x254 cm | E51: kpl | F51: 2 | G51: 580 | H51: =SUM(F51*G51) -> 1160
A53: 09. | B53: 08. | D53: Izrada, dobava i ugradnja pregrade spremišta stanara građevinskih dimenzija 425x254 cm i 285x254 cm. Sastoji se od fiksnih polja i 3 jednokrilna zaokretna vrata svjetlih dim 90 x 215 cm.
D54: U ostalome isto kao st. 09.07. Obračun po kompletu izvedene pregrade.
D55: Sve prema shemi stolarije U6.
C56: a. | D56: 425x254 cm | E56: kpl | F56: 1 | G56: 1200 | H56: =SUM(F56*G56) -> 1200
C57: b. | D57: 285x254 cm | E57: kpl | F57: 2 | G57: 580 | H57: =SUM(F57*G57) -> 1160
A59: 09. | B59: 09. | D59: Izrada, dobava i ugradnja pregrade spremišta stanara građevinskih dimenzija 270x254 cm i 260x254 cm. Sastoji se od fiksnih polja i 2 jednokrilna zaokretna vrata svjetlih dim 90 x 215 cm.
D60: U ostalome isto kao st. 09.07. Obračun po kompletu izvedene pregrade.
D61: Sve prema shemi stolarije U7.
C62: a. | D62: 270x254 cm | E62: kpl | F62: 1 | G62: 580 | H62: =SUM(F62*G62) -> 580
C63: b. | D63: 260x254 cm | E63: kpl | F63: 1 | G63: 550 | H63: =SUM(F63*G63) -> 550
A65: 09. | B65: 10. | D65: Izrada, dobava i ugradnja pregrade spremišta stanara građevinskih dimenzija 280x254 cm i 260x254 cm. Sastoji se od fiksnih polja i 2 jednokrilna zaokretna vrata svjetlih dim 90 x 215 cm.
D66: U ostalome isto kao st. 09.07. Obračun po kompletu izvedene pregrade.
D67: Sve prema shemi stolarije U8.
C68: a. | D68: 280x254 cm | E68: kpl | F68: 1 | G68: 580 | H68: =SUM(F68*G68) -> 580
C69: b. | D69: 260x254 cm | E69: kpl | F69: 1 | G69: 550 | H69: =SUM(F69*G69) -> 550
A71: 09. | B71: 11. | D71: Izrada, dobava i ugradnja pregrade spremišta stanara građevinskih dimenzija 670x254 cm i 260x254 cm. Sastoji se od fiksnih polja i 4 jednokrilnih zaokretnih vrata svjetlih dim 90 x 215 cm.
D72: U ostalome isto kao st. 09.07. Obračun po kompletu izvedene pregrade.
D73: Sve prema shemi stolarije U9.
C74: a. | D74: 670x254 cm | E74: kpl | F74: 1 | G74: 1850 | H74: =SUM(F74*G74) -> 1850
C75: b. | D75: 260x254 cm | E75: kpl | F75: 3 | G75: 550 | H75: =SUM(F75*G75) -> 1650
A77: 09. | B77: 12. | D77: Izrada, dobava i ugradnja pregrade spremišta stanara građevinskih dimenzija 282x254 cm i 150x254 cm. Sastoji se od fiksnih polja i 1 jednokrilna zaokretna vrata svjetlih dim 90 x 215 cm.
D78: U ostalome isto kao st. 09.07. Obračun po kompletu izvedene pregrade.
D79: Sve prema shemi stolarije U10.
C80: a. | D80: 282x254 cm | E80: kpl | F80: 1 | G80: 580 | H80: =SUM(F80*G80) -> 580
C81: b. | D81: 150x254 cm | E81: kpl | F81: 1 | G81: 350 | H81: =SUM(F81*G81) -> 350
A83: 09. | B83: 13. | D83: Izrada, dobava i ugradnja pregrade spremišta stanara građevinskih dimenzija 282x254 cm i 150x254 cm. Sastoji se od fiksnih polja i 1 jednokrilna zaokretna vrata svjetlih dim 90 x 215 cm.
D84: U ostalome isto kao st. 09.07. Obračun po kompletu izvedene pregrade.
D85: Sve prema shemi stolarije U11.
C86: a. | D86: 282x254 cm | E86: kpl | F86: 1 | G86: 580 | H86: =SUM(F86*G86) -> 580
C87: b. | D87: 150x254 cm | E87: kpl | F87: 1 | G87: 350 | H87: =SUM(F87*G87) -> 350
A89: 09. | B89: 14. | D89: Dobava, izrada i postava klupčica od MDF-a debljine 22 mm, širine 22 cm. Boja klupčice u boji po izboru projektanta. Obračun po m'.
E90: m' | F90: 125 | G90: 30 | H90: =SUM(F90*G90) -> 3750
A92: 09. | D92: STOLARSKI RADOVI UKUPNO: | H92: =SUM(H15:H91) -> 49630

Sheet 10.1.BRAV.ALU VANJ.
A2: 10.1. | D2: VANJSKA ALUMINIJSKA BRAVARIJAA I PVC STOLARIJA
D4: NAPOMENA:
D5: OPĆI UVJETI SU SASTAVNI DIO SVAKE POJEDINE STAVKE. Sve što je navedeno u njima, a nije u pojedinačnom opisu stavke smatra se uključenim u jediničnu cijenu.
D6: Okov (šarke, kvake, ručke, prihvatnici, rozete, zatvarači, odbojnici, stoperi i sl.) je kvalitetne izvedbe, točan artikl prema odabiru projektanta.
D7: Ostakljenje s trostrukim low-E IZO-staklom s ispunom toplinski inertnim plinom. Ug≤ 0,80 W/m²K, g≤ 0,5; Ukupni koeficijent prolaska topline: 1. balkonska vrata Uw = 1,04 W/m²K 2. prozori Uw = 1,04 W/m²K 3. staklene stijene Uw= 0,96 W/m²K
D8: Ostakljenje za stavke s parapetom > 800 mm, IZO staklo: TIP A: 6 mmLowE - 16 mm Argon 90% 4 mm -16 mm Argon - 6 mm 90%LowE Ostakljenje za stavke s parapetom < 800 mm i ostakljena vrata (Tehnički propis za staklene konstrukcije (NN 53/17), sigurnosno IZO staklo: TIP B: 8 mmLowE (kaljeno) - 16 mm Argon 90% 4 mm -16 mm Argon - 44.2 mm 90%LowE LowE sloj se nalazi na poz. 2 i 5, gledano izvana. Tip stakla, boja, ton, emajl i ostali parametri prema izboru projektanta, u skladu sa shemama.
D9: U cijeni razrada radioničkih detalja, izmjere na licu mjesta i sva potrebna skela.
D10: Ugradnju prozora, ostakljenih vrata i staklenih stijena mora obuhvaćati slijedeće elemente ugradnje (RAL smjernice): - ugradnju prozora/ostakljenih vrata/staklenih stijena na pravilnu liniju izoterme kod koje nema kondenzata na unutarnjoj stijenki stakla/profila Ugradnju prozora/ostakljenih vrata/staklenih stijena na sistemski PVC bazni profil - nema toplinskog mosta
D11: Paronepropusnost spoja sa zidom s unutarnje strane i vodonepropusnost/paropropusnost s vanjske - odgovarajuću širinu bočne fuge između štoka i zida širine - ugradnju stakla s okvirom u skladu sa zahtjevima zaštite od buke
D12: U cijeni stavke uključiti komplet sav potreban rad i materijal prema opisu u troškovniku, kao i sve dodatne radove i materijale potrebne da se izradi kompletna stavka kao oblikovna i funkcionalna cjelina.
D13: Sve iskazane mjere su mjere građevinskog otvora, a moguće je usklađivanje nakon odabira proizvođača.
D14: Izvođač je dužan izraditi detaljnu radioničku projektnu dokumentaciju bravarskih elemenata na temelju mjera uzetih u naravi, izraditi uzorke karakterističnih detalja u mjerilu 1:1, te ostale uzorke dati projektantu na uvid i sve izvesti nakon pismenog odobrenja projektanta.
D15: Sheme bravarije su sastavni dio troškovnika. Punuđač ih je dužan proučiti prilikom kalkulacije cijene, jer se bilo kakvo naknadno pozivanje na nejasnost ili neusklađenost opisa i sheme neće priznati. Sve mjere ugradbe i broj komada kontrolirati na objektu.
A17: Red. | B17: br. | D17: Opis stavke | E17: J.m. | F17: Kol. | G17: Jed.cijena | H17: Uk.cijena
A19: 10.1. | B19: 1 | D19: Izrada, dobava i ugradnja vanjske ostakljene četverodijelne stijene ukupne dimenzije 344x266 cm. Stijena se sastoji od dvokrilnih vrata i 3 fiksna ostakljena polja. Stijena se ugrađuje u AB zid.
D20: Staklenu stijenu izraditi od sistema samonosivih aluminijskih horizontalnih i vertikalnih pravokutnih profila s prekidom toplinskog mosta. Svi rubovi profila blago su zaobljeni. Širina vertikalnih i horizontalnih profila sa unutarnje strane iznosi 50 mm dok se s vanjske strane na vertikalama i horizontalama nalazi pokrovna kapa širine 50mm, visine 12mm (horizont.) i 15mm (vert.).
D21: Sistem profila staklene stijene za odvodnju kondenzata je konstruiran u dvije ravnine odvodnje. Odvodnja se vrši na način da se kondenzat prikupljen u horizontali odvodi u vertikale, te se pomoću sistemskih plastičnih odvodnika kondenzata izvede van konstrukcije. Sve brtve na fasadi od EPDM-a prema DIN 7863. Na spojevima horizontalnih i vertikalnih aluminijskih profila za ostakljenje obavezno koristiti s unutarnje strane stakla kutne vulkanizirane gumene okvire. Žljebovi u horizontalnom i vertikalnom aluminijskom profilu međusobno su povezani i omogućavaju provjetravanje svakog ostakljenog polja preko sva četiri kuta. Ugradnju otvarajućih elemenata - ulaznih vrata izvesti u potpunosti u skladu s ovjerenom radioničkom dokumentacijom i tehničkim uputama izvođača radova.
D22: Dvokrilna vrata unutar stijene dim 180x210 cm izvesti sa stijenkom pojačanom na mjestu ugradnje okova i ispitanim mehaničkim karakteristikama u skladu s HRN EN 12400, klasa 8 (1 mil. ciklusa). Vrata su opremljena pantima, bravom, cilindrom, kvakom, hidrauličnim prigušivačem s kočnicom ugrađenim s gornje strane. U cijenu uključiti izvedbu panik okova - djelomična panika prema HRN EN 179, s izvedbom panik kvake s unutarnje strane vrata.
D23: Ostakljenje stijene staklom prema uvodnim napomenama. Aluminijski profili su plastificirani u skladu s tehničkim smjernicama Qualicoat. Boja je iz RAL palete, prema izboru projektanta. Izvoditelj radova obavezan je prije početka plastifikacije aluminijskih profila podnijeti projektantima na uvid i odobrenje uzorke aluminijskih profila plastificirane prema njihovom izboru, kao i uzorke stakla.
D24: U cijenu stavke uključiti komplet sav potreban rad i materijal: sav potreban okov, potrebni opšav, okapnice, elemente ugradnje i sidrenja, plastifikaciju elemenata prema odabiru projektanta. Debljina profila se određuje prema statičkom proračunu (proračun uključen u cijenu). Obračun po komadu.
D25: Izvesti sve prema shemi alubravarije 1. | E25: kom | F25: 1 | G25: 3600 | H25: =SUM(F25*G25) -> 3600
A28: 10.1. | B28: 2. | D28: Izrada, dobava i ugradnja punih dvokrilnih zaokretnih toplinski izoliranih aluminijskih vrata dim 210x215 cm. Krilo je puno s ispunom toplinskom izolacijom od mineralne vune. Vrata izvesti od aluminijskih profila s prekidom toplinskog mosta i povišenim toplinsko-izolativnim svojstvima. Vrata su opremljena pantima, bravom, cilindrom, kvakom, hidrauličnim prigušivačem s gornje strane. U donjoj zoni ugraditi ventilacionu rešetku u svako krilo koja je uključena u cijenu stavke. | F28: =IF(ISNUMBER(#REF!),IF(OR(E28="m1",E28="m2",E28="m3",E28="kg"),#REF!*(1+#REF!/100),#REF!),"")
D29: Aluminijski profili su plastificirani u skladu s tehničkim smjernicama Qualicoat. Boja je iz RAL palete, prema izboru projektanta. Izvoditelj radova obavezan je prije početka izrade podnijeti projektantima na uvid i odobrenje uzorke profila u boji prema njihovom izboru.
D30: U cijenu stavke uključiti komplet sav potreban rad i materijal: sav potreban okov, potrebni opšav, okapnice, elemente ugradnje i sidrenja, plastifikaciju elemenata prema odabiru projektanta. Debljina profila se određuje prema statičkom proračunu (proračun uključen u cijenu). Obračun po komadu.
D31: Izvesti sve prema shemi alubravarije 2.
E32: kom | F32: 2 | G32: 2100 | H32: =SUM(F32*G32) -> 4200
A34: 10.1. | B34: 3. | D34: Izrada, dobava i ugradnja punih jednokrilnih zaokretnih toplinski izoliranih aluminijskih vrata dim 210x215 cm. Krilo je puno s ispunom toplinskom izolacijom od mineralne vune. Vrata izvesti od aluminijskih profila s prekidom toplinskog mosta i povišenim toplinsko-izolativnim svojstvima. Vrata su opremljena pantima, bravom, cilindrom, kvakom, hidrauličnim prigušivačem s gornje strane.
D35: Aluminijski profili su plastificirani u skladu s tehničkim smjernicama Qualicoat. Boja je iz RAL palete, prema izboru projektanta. Izvoditelj radova obavezan je prije početka izrade podnijeti projektantima na uvid i odobrenje uzorke profila u boji prema njihovom izboru.
D36: U cijenu stavke uključiti komplet sav potreban rad i materijal: sav potreban okov, potrebni opšav, okapnice, elemente ugradnje i sidrenja, plastifikaciju elemenata prema odabiru projektanta. Debljina profila se određuje prema statičkom proračunu (proračun uključen u cijenu). Obračun po komadu.
D37: Izvesti sve prema shemi alubravarije 3.
E38: kom | F38: 1 | G38: 1200 | H38: =SUM(F38*G38) -> 1200
D40: PVC STOLARIJA
A41: 10.1. | B41: 4. | D41: Izrada, doprema i ugradnja jednokrilnog, otklopno-zaokretnog prozora dim 60x60 cm. Prozor se ugrađuje u AB zid.
D42: Profili otvora PVC s prekinutim toplinskim mostom, 6-komornog PVC profila dubine min.80 mm i metalnim pojačanjima, višestruko brtvljeni. Profili sa mogućnošću skupljanja i drenaže kondenzata.
D43: Ostakljenje prozora staklom prema uvodnim napomenama. Boja okvira je iz RAL palete, prema izboru projektanta. Vidljivi dijelovi otvaranja i zatvaranja i okova u finalnoj obradi kao profili. Izvoditelj radova obavezan je prije početka izrade podnijeti projektantima na uvid i odobrenje uzorke profilau boji prema njihovom izboru, kao i uzorke stakla.
D44: Okov treba biti skriveni, klase antikorozivnosti 5 prema HRN EN 1670. Konstrukcija okova mora omogućiti laku i jednostavnu ugradnju, "na klik", bez dodatnih bušenja i strojne obrade profila. Debljina profila se određuje prema statičkom proračunu (proračun uključen u cijenu).
D45: Potrebne elemente ugradnje, sidrenja i plastifikaciju uključiti u cijenu. Ugradnja s parnim branama i vodonepropusnim spojnim elementima, bez toplinskih mostova.
D46: U cijenu stavke uključiti komplet sav potreban rad i materijal: sav osnovni, spojni i brtveni materijal, sav potreban okov (uključivo ventus okov uz visoke parapete), potrebni opšav, okapnice, elemente ugradnje i sidrenja - sve do potpune gotovosti i funkcionalnosti. Obračun po komadu.
D47: Izvesti sve prema shemi PVC stolarije 1.
E48: kom | F48: 22 | G48: 200 | H48: =SUM(F48*G48) -> 4400
A50: 10.1. | B50: 5. | D50: Izrada, doprema i ugradnja jednokrilnog, otklopnog prozora dim 60x60 cm. Prozor se ugrađuje u AB zid.
D51: U cijenu stavke uključiti komplet sav potreban rad i materijal: sav osnovni, spojni i brtveni materijal, sav potreban okov (uključivo ventus okov), potrebni opšav, okapnice, elemente ugradnje i sidrenja - sve do potpune gotovosti i funkcionalnosti. Obračun po komadu.
D52: U ostalome isto kao st. 10.1.4. Obračun po komadu.
D53: Izvesti sve prema shemi PVC stolarije 1A.
E54: kom | F54: 2 | G54: 200 | H54: =SUM(F54*G54) -> 400
A56: 10.1. | B56: 6. | D56: Izrada, doprema i ugradnja fiksnog prozora dim 60x60 cm. Prozor se ugrađuje u AB zid.
D57: U ostalome isto kao st. 10.1.4. Obračun po komadu.
D58: Izvesti sve prema shemi PVC stolarije 1B.
E59: kom | F59: 2 | G59: 200 | H59: =SUM(F59*G59) -> 400
A60: 10.1. | B60: 7. | D60: Izrada, doprema i ugradnja jednokrilnog, otklopno-zaokretnog prozora dim 100x130 cm. Prozor se ugrađuje u AB zid.
D61: U ostalome isto kao st. 10.1.4. Obračun po komadu.
D62: Izvesti sve prema shemi PVC stolarije 2.
E63: kom | F63: 18 | G63: 350 | H63: =SUM(F63*G63) -> 6300
A65: 10.1. | B65: 8. | D65: Izrada, doprema i ugradnja dvodijelne staklene stijene s podizno-kliznim vratima. Dimenzija stijene je 160x220 cm i sastoji se od fiksnog elementa i podizno kliznih vrata dim 80/220 cm. Stijena se ugrađuju u AB zid.
D66: Profili otvora PVC s prekinutim toplinskim mostom, 6-komornog PVC profila dubine min.80 mm i metalnim pojačanjima, višestruko brtvljeni. Profili sa mogućnošću skupljanja i drenaže kondenzata.
D67: Mehanizam podizno-kliznog okova funkcionira na način da se okretanjem ručke za 180 st. u donji položaj, krilo podiže sa dosjednog spoja između EPDM brtve i profila, te guranjem kliže po vodilici od inoxa. Vraćanjem ručke u početni položaj krilo se blago spušta i naliježe brtvom na profil stvarajući tako dosjedni spoj koji dobro brtvi. Klizanje iznutra.
D68: Ugradnja u slojeve poda upotrebom sistemskih baznih profila u donjem priključku na nosivu konstrukciju. Ostakljenje podizno-klizne stijene izvesti s tipovima otvaranja u skladu s teh. uputama dobavljača sistema. Detalje ugradnje na nosivu i postojeću konstrukciju izvesti u skladu s teh. uputama dobavljača sistema, principima RAL ugradnje i pravilima struke.
D69: U ostalome isto kao st. 10.1.4. Obračun po komadu.
D70: Izvesti sve prema shemi PVC stolarije 3.
E71: kom | F71: 10 | G71: 1500 | H71: =SUM(F71*G71) -> 15000
A73: 10.1. | B73: 9. | D73: Izrada, doprema i ugradnja dvodijelne staklene stijene s podizno-kliznim vratima. Dimenzija stijene je 160x220 cm i sastoji se od fiksnog elementa i podizno kliznih vrata dim 80/220 cm. Stijena se ugrađuju u AB zid.
D74: U ostalome isto kao st. 10.1.8. Obračun po komadu.
D75: Izvesti sve prema shemi PVC stolarije 3A. | E75: kom | F75: 8 | G75: 1500 | H75: =SUM(F75*G75) -> 12000
A77: 10.1. | B77: 10. | D77: Izrada, doprema i ugradnja dvodijelnog dvokrilnog otklopno-zaokretnog prozora dim 160x130 cm. Prozor se ugrađuje u AB zid.
D78: U ostalome isto kao st. 10.1.4. Obračun po komadu.
D79: Izvesti sve prema shemi PVC stolarije 4. | E79: kom | F79: 15 | G79: 600 | H79: =SUM(F79*G79) -> 9000
A81: 10.1. | B81: 11. | D81: Izrada, doprema i ugradnja dvodijelnog dvokrilnog otklopno-zaokretnog prozora dim 160x130 cm. Prozor se ugrađuje u AB zid.
D82: U ostalome isto kao st. 10.1.4. Obračun po komadu.
D83: Izvesti sve prema shemi PVC stolarije 4A. | E83: kom | F83: 16 | G83: 600 | H83: =SUM(F83*G83) -> 9600
A86: 10.1. | B86: 12. | D86: Izrada, doprema i ugradnja jednokrilnog, otklopno-zaokretnog prozora dim 90x130 cm. Prozor se ugrađuje u AB zid.
D87: U ostalome isto kao st. 10.1.4. Obračun po komadu.
D88: Izvesti sve prema shemi PVC stolarije 5.
E89: kom | F89: 14 | G89: 400 | H89: =SUM(F89*G89) -> 5600
A91: 10.1. | B91: 13. | D91: Izrada, doprema i ugradnja jednokrilnog fiksnog prozora dim 60x130 cm. Prozor se ugrađuje u AB zid.
D92: U ostalome isto kao st. 10.1.4. Obračun po komadu.
D93: Izvesti sve prema shemi PVC stolarije 6.
E94: kom | F94: 15 | G94: 200 | H94: =SUM(F94*G94) -> 3000
A96: 10.1. | B96: 14. | D96: Izrada, doprema i ugradnja jednokrilnog, otklopno-zaokretnog prozora dim 60x130 cm. Prozor se ugrađuje u AB zid.
D97: U ostalome isto kao st. 10.1.4. Obračun po komadu.
D98: Izvesti sve prema shemi PVC stolarije 6A.
E99: kom | F99: 15 | G99: 260 | H99: =SUM(F99*G99) -> 3900
A101: 10.1. | B101: 15. | D101: Izrada, doprema i ugradnja jednokrilnog, otklopnog prozora dim 70x60 cm. Prozor se ugrađuje u AB zid.
D102: U cijenu stavke uključiti komplet sav potreban rad i materijal: sav osnovni, spojni i brtveni materijal, sav potreban okov (uključivo ventus okov), potrebni opšav, okapnice, elemente ugradnje i sidrenja - sve do potpune gotovosti i funkcionalnosti. Obračun po komadu.
D103: U ostalome isto kao st. 10.1.4. Obračun po komadu.
D104: Izvesti sve prema shemi PVC stolarije 7.
E105: kom | F105: 4 | G105: 200 | H105: =SUM(F105*G105) -> 800
A107: 10.1. | B107: 16. | D107: Izrada, doprema i ugradnja jednokrilnog, otklopno-zaokretnog prozora dim 65x130 cm. Prozor se ugrađuje u AB zid.
D108: U ostalome isto kao st. 10.1.4. Obračun po komadu.
D109: Izvesti sve prema shemi PVC stolarije 8.
E110: kom | F110: 8 | G110: 300 | H110: =SUM(F110*G110) -> 2400
A112: 10.1. | B112: 17. | D112: Izrada, doprema i ugradnja jednokrilnog, otklopno-zaokretnog prozora dim 80x130 cm. Prozor se ugrađuje u AB zid.
D113: U ostalome isto kao st. 10.1.4. Obračun po komadu.
D114: Izvesti sve prema shemi PVC stolarije 9.
E115: kom | F115: 4 | G115: 350 | H115: =SUM(F115*G115) -> 1400
A117: 10.1. | B117: 18. | D117: Izrada, dobava i ugradnja sistema zaštite od sunca tipa PVC roleta - unutarnja ugradba, dim 20x20 cm. PVC lamele su visine 37 mm s vodilicama koje se fiksiraju bočno u špaletu. Kutije žaluzina učvrstiti L nosačima u fasadni okvir, ili odgovarajuće, s obzirom na građevinski otvor. Boja površinske zaštite lamela mora biti usklađena s bojom prozora. U cijenu uključiti sav materijal i spojna sredstva, uključivo izolirana kutija za rolete, u dimenzijama ovisno o mjestu ugradbe. Izvesti sve prema uputama proizvođača. Obračun prema broju komada.
C118: a. | D118: otvor dim 100/130 cm - st 2 | E118: kom | F118: 18 | G118: 250 | H118: =SUM(F118*G118) -> 4500
C119: b. | D119: otvor dim 160x220 cm - st 3 i 3a | E119: kom | F119: 18 | G119: 400 | H119: =SUM(F119*G119) -> 7200
C120: c. | D120: otvor dim 160x130 cm - st 4 i 4a | E120: kom | F120: 31 | G120: 300 | H120: =SUM(F120*G120) -> 9300
C121: d. | D121: otvor dim 70x60 cm - st 7 | E121: kom | F121: 4 | G121: 150 | H121: =SUM(F121*G121) -> 600
C122: e. | D122: otvor dim 65x130 cm - st 8 | E122: kom | F122: 8 | G122: 160 | H122: =SUM(F122*G122) -> 1280
...

Sheet 10.2.BRAV.PP
A2: 10.2. | D2: PROTUPOŽARNA BRAVARIJA
D4: NAPOMENA:
D5: OPĆI UVJETI SU SASTAVNI DIO SVAKE POJEDINE STAVKE. Sve što je navedeno u njima, a nije u pojedinačnom opisu stavke smatra se uključenim u jediničnu cijenu.
D6: Okov (šarke, kvake, ručke, prihvatnici, rozete, zatvarači, odbojnici, stoperi i sl.) je kvalitetne izvedbe, točan artikl prema odabiru projektanta.
D7: Potrebna svojstva dimnonepropusnosti: Vrata moraju ograničiti stupanj prolaznosti dima kroz vrata u slijedećim iznosima: - jednokrilna vrata: ≤ 20m3/h Neprolaznost plamena mora biti osigurana u trajanju 30/60 min. Vrata obavezno sadrže spuštajuću brtvu s donje strane krila, koja se zatvaranjem krila automatski spusti i zabrtvi prostor između krila i praga, ostale brtve od teško zapaljivog materijala. Maksimalne dimenzije krila se kreću u granicama ca 1400 mm x 2800 mm
D8: Karakteristike protupožarnog sistema EI 30 C5 Sm: - tražena vatrootpornost, 30 min, HRN EN 13501: - max. dim. krila: 1400x3000 mm (230 kg) - dimopropusnost: ≤ 20 (jednokrilna) - materijal za brtvljenje, HRN EN 13501 - mehanička trajnost, HRN EN 14600 (HRN EN 1191): klasa 5 (200000 ciklusa)
D9: Čelične profile protupožarnih stavki zaštititi u skladu s HRN EN 12944, završna obrada prema izboru plastificiranjem.Temeljna obrada vrućim cinčanjem, završna prema izboru pplastifikacija.
D10: U cijeni razrada radioničkih detalja, izmjere na licu mjesta i sva potrebna skela. Stavke izvoditi prema shemama.
D11: U cijeni stavke uključiti komplet sav potreban rad i materijal prema opisu u troškovniku, kao i sve dodatne radove i materijale potrebne da se izradi kompletna stavka kao oblikovna i funkcionalna cjelina. Svi spojni limovi, opšavi, ekspandirajuće trake, PP laminati, PP gips ploče priključka i dr., koji se ugrađuju, sastavni su dio predmetnih stavki.
D12: Sve predviđene materijale, okov i razrađene detalje predočiti na uvid i odobrenje projektantu i nadzornom inženjeru.
D13: Cijenom stavaka je obuhvaćena i zaštita elemenata nakon ugradnje folijama i sl. do primopredaje objekta.
D14: Sve iskazane mjere su mjere građevinskog otvora, a moguće je usklađivanje nakon odabira proizvođača.
A16: Red. | B16: br. | D16: Opis stavke | E16: J.m. | F16: Kol. | G16: Jed.cijena | H16: Uk.cijena
A18: 10.2. | B18: 1. | D18: Izrada, dobava i ugradnja protupožarnih unutarnjih punih dvokrilnih, zaokretnih vrata, klasa negorivosti EI2 30-C; u građevinskom otvoru dimenzija 160x215 cm. Krila nejednake širine, svijetlih dimenzija prema shemi u prilogu, u RAL boji po izboru projektanta.
D19: Profili su čelični bez prekinutog toplinskog mosta. Dovratnik, krilo i spojnice s ležajem izrađeni su od pocinčanog lima, plastificirano. Dovratnik se ugrađuje u AB zid. Krilo ima protupožarnu ispunu. U cijeni i hidraulički zatvarač sa klizačem EN 1154 (ili jednakovrijedno), centralna brava protupožarne izvedbe EN 12209 (ili jednakovrijedno), kvaka, cilindar, brtve: u dovratniku, trostrano (gumena i ekspandirajuća), u podu bez praga i spuštajuće brtve zazor, 5-10 mm. Spoj zida i dovratnika završnim profilom (suha ugradnja). Detalji učvršćenja su sistemski riješeni prema uputama proizvođača.
D20: U cijenu je uključeno kompletno: svi potrebni radovi na izradi i ugradnji elemenata; svi transporti; sav osnovni, spojni i brtveni materijal; sav okov i kvake prema shemama i načinu otvaranja; i ostalo do potpune gotovosti i funkcionalnosti. Obračun po komadu.
D21: Sve izvesti prema shemi PP bravarije 1.
E22: kom | F22: 1 | G22: 3000 | H22: =SUM(F22*G22) -> 3000
A24: 10.2. | B24: 2. | D24: Izrada, dobava i ugradnja protupožarnih unutarnjih ostakljenih dvokrilnih, zaokretnih vrata, klasa negorivosti EI2 30-C; u građevinskom otvoru dimenzija 150x215 cm. Krila nejednake širine, svijetlih dimenzija prema shemi u prilogu, u RAL boji po izboru projektanta.
D25: Profili su čelični bez prekinutog toplinskog mosta. Dovratnik ugradbene dubine 60 mm i vidljive širine 25 mm ugrađuje se u AB zid. Krilo je poravnato sa štokom u zatvorenom položaju, fuga 5 mm. U cijeni i hidraulički zatvarač sa klizačem EN 1154, centralna brava protupožarne izvedbe EN 12209, kvaka, cilindar, brtve: u dovratniku, trostrano (gumena i ekspandirajuća), u podu bez praga i spuštajuće brtve zazor, 5-10mm. Spoj zida i dovratnika završnim profilom (suha ugradnja).
D26: Protupožarno jednostruko staklo je višeslojno, sigurnosno sa gumenom brtvom a sve u klasi negorivosti EI2 30-C. U prostor između stakla i profila ugrađuje se ekspandirajući laminat koji u slučaju požara nabubri i zabrtvi taj dio konstrukcije. Brtvljenje između krila i štoka osigurano je pomoću 2 protupožarne trostrane brtve u klasi HRN EN 13501-1.
D27: Detalji učvršćenja su sistemski riješeni prema uputama proizvođača. U cijenu uključiti sav kompletan rad na izradi i postavi elemenata i sav spojni materijal.
D28: Sve izvesti prema shemi PP bravarije 2.
E29: kom | F29: 3 | G29: 1500 | H29: =SUM(F29*G29) -> 4500
A31: 10.2. | B31: 3. | D31: Izrada, dobava i ugradnja protuprovalno protupožarnih unutarnjih punih jednokrilnih zaokretnih vrata klasa EI2 30-C-Sm, građevinskih dimenzija 110x220 cm, ugrađena u AB zid debljine 20 cm.
D32: Profili su čelični sa prekinutim toplinskim mostom. Profile dimenzionirati prema težini vratnog krila. Dovratnik, krilo i spojnice s ležajem izrađeni su od pocinčanog lima, plastificirano u boji drveta po izboru projektanta. Krilo ima toplinsku i zvučnu izolaciju sa protupožarnom ispunom. U cijeni uključene brtve: u dovratniku i pragu trostrano (gumena i ekspandirajuća). Spoj zida i dovratnika završnim profilom (suha ugradnja).
D33: U podu predvidjeti graničnike za otvaranje vrata - valjak ∅18 mm - prema odabiru Projektanta.
D34: U cijenu uključiti centralnu sigurnosnu bravu protupožarne izvedbe s cilindrom (zaključavanje cilindričnim ključem 1 - 3 okretaja), 5 ključeva s kôd karticom, s vanjske strane kugla, s unutarnje kvaka, širokokutna vatrootporna špijunka (min 160°). Obračun po komadu.
D35: Sve izvesti prema shemi PP bravarije 3.
D36: desna | E36: kom | F36: 1 | G36: 1500 | H36: =SUM(F36*G36) -> 1500
A38: 10.2. | B38: 4. | D38: Izrada, dobava i ugradnja protuprovalno protupožarnih unutarnjih punih jednokrilnih zaokretnih vrata klasa EI2 30-C-Sm, građevinskih dimenzija 100x220 cm, ugrađena u AB zid debljine 20 cm.
D39: U ostalome isto kao u st. 10.2.3.
D40: Sve izvesti prema shemi PP bravarije 4.
C41: a. | D41: lijeva | E41: kom | F41: 8 | G41: 1500 | H41: =SUM(F41*G41) -> 12000
C42: b. | D42: desna | E42: kom | F42: 9 | G42: 1500 | H42: =SUM(F42*G42) -> 13500
A44: 10.2. | B44: 5. | D44: Izrada, dobava i ugradnja punih, jednokrilnih, zaokretnih, protupožarnih čeličnih stropnih vratašaca za pristup potkrovlju klase EI 90, dimenzije 90x90 cm. Ugrađuju se u AB međukatnu konstrukciju a brtve se sa protupožarnom oblogom iz gipskartonskih ploča u podgledu.
D45: Profili su čelični sa prekinutim toplinskim mostom. Dovratnik, krilo i spojnice s ležajem izrađeni su od pocinčanog lima, plastificirano, u boji po izboru projektanta. Krilo ima protupožarnu ispunu. U cijeni i hidraulički zatvarač sa klizačem EN 1154, te fikser vratnog krila u otvorenom položaju, brava protupožarne izvedbe EN 12209, kvaka, brtva trostrano (gumena i ekspandirajuća). Obračun po komadu.
D46: Sve izvesti prema shemi PP bravarije 5.
E47: kom | F47: 1 | G47: 1000 | H47: =SUM(F47*G47) -> 1000
A49: 10.2. | B49: 6. | D49: Izrada, dobava i ugradba otklopnog prozora za odimljavanje dim 110x110 cm. Prozor ima električno otvaranje i zatvaranje pomoću integriranog elektromotora i integrirane sigurnosne škare za osiguranje otklopnog krila.
D50: Pokretanje preko sustava za automatsku dojavu požara uz dodatnu opciju ručnog otvaranja (pomoću ventus mehanizma) na podestu.
D51: Ostakljenje troslojnim, sigurnosnim, IZO staklom, sa 2 low E premaza, ispuna argonom. LowE sloj se nalazi na poz. 3, gledano izvana. Maksimalni Ug = 0,9 W/m2K.
D52: Uključen kompletan set okova i kvaka. Vidljivi dijelovi otvaranja i zatvaranja i okova u finalnoj obradi kao profili. Prozor se ugrađuje u vanjski zid od opeke, s fasadom tipa ETICS. Ugradba suha, sa zapunjenim reški PU pjenom, sva vezna sredstva nehrđajuća.
D53: Detalji učvršćenja su sistemski riješeni prema uputama proizvođača. U cijenu uključeno: izmjere na licu mjesta, izrada radioničkih nacrta prema priloženim shemama, razrada radioničkih detalja i sva potrebna skela. Uključen i sav kompletan rad na izradi i postavi elemenata; materijal prema opisu u troškovniku; sve dodatne, spojne materijale i radove potrebne da se stavka izradi kompletna kao oblikovna i funkcionalna cjelina. Obračun po komadu.
D54: Sve izvesti prema shemi PP bravarije 6.
E55: kom | F55: 1 | G55: 1300 | H55: =SUM(F55*G55) -> 1300
A57: 10.2. | B57: 7. | D57: Izrada, dobava i ugradnja protupožarnih unutarnjih ostakljenih dvokrilnih, zaokretnih vrata, klasa negorivosti EI2 30-C; u građevinskom otvoru dimenzija 140x215 cm. Krila nejednake širine, svijetlih dimenzija prema shemi u prilogu, u RAL boji po izboru projektanta.
D58: Profili su čelični bez prekinutog toplinskog mosta. Dovratnik ugradbene dubine 60 mm i vidljive širine 25 mm ugrađuje se u AB zid. Krilo je poravnato sa štokom u zatvorenom položaju, fuga 5 mm. U cijeni i hidraulički zatvarač sa klizačem EN 1154, centralna brava protupožarne izvedbe EN 12209, kvaka, cilindar, brtve: u dovratniku, trostrano (gumena i ekspandirajuća), u podu bez praga i spuštajuće brtve zazor, 5-10mm. Spoj zida i dovratnika završnim profilom (suha ugradnja).
D59: Protupožarno jednostruko staklo je višeslojno, sigurnosno sa gumenom brtvom a sve u klasi negorivosti EI2 30-C. U prostor između stakla i profila ugrađuje se ekspandirajući laminat koji u slučaju požara nabubri i zabrtvi taj dio konstrukcije. Brtvljenje između krila i štoka osigurano je pomoću 2 protupožarne trostrane brtve u klasi HRN EN 13501-1.
D60: Detalji učvršćenja su sistemski riješeni prema uputama proizvođača. U cijenu uključiti sav kompletan rad na izradi i postavi elemenata i sav spojni materijal.
D61: Sve izvesti prema shemi PP bravarije 7.
E62: kom | F62: 2 | G62: 3000 | H62: =SUM(F62*G62) -> 6000
A64: 10.2. | D64: PROTUPOŽARNA BRAVARIJA UKUPNO: | H64: =SUM(H22:H63) -> 42800

Sheet 10.3. ČN BRAVARIJA
A2: 10.3. | D2: ČELIČNA BRAVARIJA
D4: NAPOMENA:
D5: OPĆI UVJETI SU SASTAVNI DIO SVAKE POJEDINE STAVKE. Sve što je navedeno u njima, a nije u pojedinačnom opisu stavke smatra se uključenim u jediničnu cijenu.
D6: U cijenu svake pojedine stavke uključeno: Dobava svog materijala, sav vanjski i unutrašnji transport do mjesta ugradbe. Sve radne platforme, pomične i nepomične skele za radove do visine jedne etaže (cca 3,0 m). Zaštita od korozije i završni premazi u boji po izboru Projektanta sastavni su dijelovi svake bravarske stavke i moraju se uključiti u jediničnu cijenu. Izvođač je dužan izraditi radioničke nacrte i uskladiti sve detalje s Projektantom. Kroz radioničke nacrte statički provjeriti nosivost svih profila i okova.
D7: Sheme bravarije su sastavni dio troškovnika. Punuđač ih je dužan proučiti prilikom kalkulacije cijene, jer se bilo kakvo naknadno pozivanje na nejasnost ili neusklađenost opisa i sheme neće priznati. Sve mjere ugradbe i broj komada kontrolirati na objektu.
D8: S eventualnim promjenama građevinskih otvora (max ±2 cm) moraju biti upoznati Projektant i Nadzorni inženjer. Svako eventualno odstupanje od sheme ili opisa mora potpisom odobriti Projektant.
A10: Red. | B10: br. | D10: Opis stavke | E10: J.m. | F10: Kol. | G10: Jed.cijena | H10: Uk.cijena
A12: 10.3. | B12: 1. | D12: Izrada, dobava i ugradba ograde trokrakog stubišta visine 110 cm, mjereno na sredini stube. Vertikalni i horizontalni nosači od čeličnih cijevi kvardratičnog presjeka 40x40 mm sidrenih u AB ploču stubišta L profilima sa gornje i bočne strane. Ispuna od vertikalnih čeličnih cijevi kvadratičnog presjeka 15x15 mm svjetlog razmaka 13,5 cm. Završna obrada antikorozivnim premazom i ličeno u boji po izboru projektanta. Na ČN okvir ograde izvesti drveni rukohvat Ø 6 cm.
D13: U cijenu stavke uključiti sav potreban spojni i pomoćni materijal, temeljne i zaštitne premaze, sve do potpune gotovosti. Izvesti u potpunosti u skladu s ovjerenom radioničkom dokumentacijom. Obračun po m' ograde.
D14: Izvesti sve prema shemi čelične bravarije 1.
C15: a. | D15: 1A dim 185/110 cm | E15: m' | F15: 3.7 | G15: 180 | H15: =SUM(F15*G15) -> 666
C16: b. | D16: 1B dim 110/110 cm | E16: m' | F16: 2.2 | G16: 180 | H16: =SUM(F16*G16) -> 396
C17: c. | D17: 1C dim 185/110 cm | E17: m' | F17: 3.7 | G17: 180 | H17: =SUM(F17*G17) -> 666
C18: d. | D18: 1D dim 185/110 cm | E18: m' | F18: 1.1 | G18: 180 | H18: =SUM(F18*G18) -> 198
C19: e. | D19: 1D dim 225/110 cm | E19: m' | F19: 2.25 | G19: 180 | H19: =SUM(F19*G19) -> 405
A21: 10.3. | B21: 2. | D21: Izrada, doprema i ugradba nadstrešnice nad sjeverim ulazom u zgradu, dim. 350x120 cm. Izrađene su od čelične konstrukcije koja je učvršćena za pročelje zgrade zategama i čeličnim pravokutnim cijevima (dim 50/50/5 mm). Pokrov je od lijevanog plexiglasa otporan na udarce i UV zrake.
D22: Konstrukcija se izrađuje prema radioničko-montažnim nacrtima i prema važećim propisima za čelične konstrukcije. Elementi čelične konstrukcije izrađuju se od čelika kvalitete St 37.2 (S235) i nakon izrade u radionici antikorozivno se zaštićuju temeljnim premazom 35 μm na prethodno očišćenoj površini pjeskarenjem do stupnja čistoće Sa 2.5. U cijenu uključiti završno ličenje konstrukcije (nakon montaže i popravka temeljnog premaza nanosi se drugi temeljni premaz debljine 35 μm i završnim premazi 2 x 40 μm u boji prema izboru investitora). U cijenu uključiti izradu radioničko-montažne dokumentacije. Boja konstrukcije po RAL karti prema odabiru projektanta. U cijenu uključiti sve zaštitne i završni premaz čn konstrukcije. U cijeni i sav rad i materijal te spojni i pričvrsni pribor. Izvesti sve prema shemi čelične bravarije 2. Obračun po kom.
E23: kom | F23: 1 | G23: 1500 | H23: =SUM(F23*G23) -> 1500
A25: 10.3. | B25: 3. | D25: Inox rukohvat kod pješačke rampe - cijevi Φ 40 mm na visinama 60 cm i 90 cm od gotovog poda. Obračun po m'.
D26: Izvesti sve prema shemi čelične bravarije 3.
E27: m' | F27: 7.4 | G27: 190 | H27: =SUM(F27*G27) -> 1406
A29: 10.3. | B29: 4. | D29: Inox rukohvat kod stuba - cijevi Φ 40 mm na visinama 60 cm i 90 cm od gotovog poda. Obračun po m'.
D30: Izvesti sve prema shemi čelične bravarije 4.
E31: m' | F31: 1.25 | G31: 200 | H31: =SUM(F31*G31) -> 250
A33: 10.3. | B33: 5. | D33: Izrada, dobava i ugradba ograde balkona/lođa/terasa visine 110 cm od gotovog poda. Vertikalni i horizontalni nosači od čeličnih cijevi kvardratičnog presjeka 40x40 mm sidrenih L profilima u obodne konstrukcije. Na ČN okvir ograde izvesti ČN rukohvat Ø 5 cm. Završnu obradu ČN potkonstrukcije i rukohvata izvesti antikorozivnim premazom i ličeno u boji po izboru projektanta.
D34: Na potkonstrukciju montirati završnu oblogu od HPL ploča s vanjske strane balkona. HPL ploče su izvedene na bazi visoko tlačno prešanog laminata, debljine 8 mm u tonu i boji prema izboru projektanta.
D35: Raster, dimenzija i raspored ploča, te svi ostali tehnički detalji prema tehničkim uputstvima proizvođača fasadnih HPL elemenata i sistema optimalnog iskorištenja ploča, te ovjeri projektanta.
D36: Srednjica ploče izrađena od visoko kvalitetnih celuloznih papira oplemenjenih fenolnim smolama. Vanjski i unutarnji dekorativni sloj zaštićeni akrilnim smolama specijalnom NT tehnologijom, koja svojom dijamantnom strukturom štiti ploče od UV zraka. Ploče se učvršćuju na odgovarajuću potkonstrukciju nevidljivim spojem - ljepljenjem.
D37: Rubovi svih ploča fino brušeni i fazetirani. Svi vanjski kutevi – spojevi ploha riješeni su L profilom, postavljenim s unutarnje strane kuta, a na kojem se plohe rezane pod 45° spajaju uz "fugu" odabrane širine. Ploče se montiraju po sistemu otvorenih vertikalnih fuga, širine min. 6 mm, a max 10 mm.
D38: Sva učvršćenja i spojne elemente izvesti prema uputama proizvođača HPL ploča.
D39: U cijenu uključene sve potrebne predradnje i stolarska obrada, sav spojni materijal i ljepila, te potkonstrukcija. Ograda se izvodi prema radioničko-montažnim nacrtima koji su uključeni u cijenu stavke. Obračun po m'.
D40: Izvesti sve prema shemi čelične bravarije 5.
C41: a. | D41: 5A - dim 430x110 cm | E41: m' | F41: 4.7 | G41: 160 | H41: =SUM(F41*G41) -> 752
C42: b. | D42: 5B - dim 105x110 cm | E42: m' | F42: 7 | G42: 160 | H42: =SUM(F42*G42) -> 1120
C43: c. | D43: 5C - dim 836x110 cm | E43: m' | F43: 9.2 | G43: 160 | H43: =SUM(F43*G43) -> 1472
C44: d. | D44: 5D - dim 440x110 cm | E44: m' | F44: 4.9 | G44: 160 | H44: =SUM(F44*G44) -> 784
C45: e. | D45: 5E - dim 430x135cm | E45: m' | F45: 4.7 | G45: 160 | H45: =SUM(F45*G45) -> 752
C46: f. | D46: 5F - dim 105x135 cm | E46: m' | F46: 11.6 | G46: 160 | H46: =SUM(F46*G46) -> 1856
C47: g. | D47: 5G - dim 836x135 cm | E47: m' | F47: 18.4 | G47: 160 | H47: =SUM(F47*G47) -> 2944
C48: h. | D48: 5H - dim 440x135 cm | E48: m' | F48: 19.4 | G48: 160 | H48: =SUM(F48*G48) -> 3104
C49: i. | D49: 5I - dim 930x135 cm | E49: m' | F49: 20.5 | G49: 160 | H49: =SUM(F49*G49) -> 3280
A51: 10.3. | B51: 6. | D51: Dobava, doprema i ugradnja pregrada o između terasa/lođa stanova, dim 170/250 cm.
D52: Pregrada je izvedena od HPL ploča debljine 8 mm u vanjskom dekoru po izboru projektanta. Učvršćuje se u obodne konstrukcije čeličnim prihvatnicima, u sistemskom rješenju proizvođača.
D53: Sve ostalo kao u st. 10.3.5.
D54: U cijenu uključene sve potrebne predradnje i stolarska obrada, sav spojni materijal i ljepila, te potkonstrukcija. Ograda se izvodi prema radioničko-montažnim nacrtima koji su uključeni u cijenu stavke. Obračun po komadu.
D55: Izvesti sve prema shemi čelične bravarije 6.
E56: kom | F56: 5 | G56: 1000 | H56: =SUM(F56*G56) -> 5000
A59: 10.3. | D59: ČELIČNA BRAVARIJA UKUPNO: | H59: =SUM(H14:H58) -> 26551

Sheet 11.FASAD.
A2: 11. | D2: FASADERSKI RADOVI
D4: NAPOMENA:
D5: OPĆI UVJETI SU SASTAVNI DIO SVAKE POJEDINE STAVKE. Sve što je navedeno u njima, a nije u pojedinačnom opisu stavke smatra se uključenim u jediničnu cijenu.
D6: U cijenu svake pojedine stavke uključeno: U jediničnim cijenama uračunati su svi radovi dotične stavke, s dobavom potrebnog materijala, s istovarom i uskladištenjem na gradilištu, sav horizontalni i vertikalni transport do radnog mjesta, kao i sva potrebna radna snaga i režijski troškovi, te sve potrebne radove, predradnje i materijal prema uputama proizvođača.
A8: Red. | B8: br. | D8: Opis stavke | E8: J.m. | F8: Kol. | G8: Jed.cijena | H8: Uk.cijena
A10: 11. | B10: 01. | D10: Izvedba kontaktnog fasadnog sustava podnožja zida uz teren (sokl) - ETICS sustav - toplinskom izolacijom sa pločama od ekstrudiranog polistirena, debljine određene proračunom građevinske fizike debljine 15 cm, tj. 11 cm. U cijenu je potrebno uračunati dobavu materijala, te izradu ETICS-a prema uputama proizvođača komponenti certificiranog sustava.
D11: Stavka uključuje sve faze izrade ETICS sustava: 1. ekstrudirani polistiren XPS300, ploče s rubnim preklopom s Ʌ≤0,036W/mK, ploče obostrano zahrapaljene površine, mehanički učvršćene na podlogu samo u gornjoj zoni, ljepljene na podlogu punoplošno s hladnom bitumenskom pastom bez organskih otapala - 15 cm, tj. 11 cm + ljepilo 0,5 cm i 2. vodootporna fasadna podložna žbuka za podnožje zgrade armirana staklenom mrežicom - 0,5 cm, 3. Završni fasadni premaz za podnožje zgrade. U cijenu m² komplet izvedene fasade obuhvatiti obradu svih špaleta, rubova, bridova, profila, završetaka, dilatacija, spojeva i prodora te izvedbu protupožarnih barijera i/ili pojaseva sve prema uputi proizvođača.
D12: Sve što nije obuhvaćeno ovim opisom, izvesti prema uputama proizvođača komponenti certificiranog sustava, sukladno nacionalnim ili jednakovrijednim normama, te smjernicama za izradu ETICS sustava HUPFAS-a.
D13: Obračun po m² postavljenog ETICS sustava.
C14: a. | D14: d=15 cm VZ1' | E14: m² | F14: 110 | G14: 60 | H14: =SUM(F14*G14) -> 6600
C15: b. | D15: d=11 cm VZ2' | E15: m² | F15: 50 | G15: 60 | H15: =SUM(F15*G15) -> 3000
A17: 11. | B17: 02. | D17: Izvedba kontaktnog fasadnog sustava - ETICS sustav - toplinskom izolacijom sa pločama od mineralne vune (MW), debljine određene proračunom građevinske fizike debljine 16 cm, tj. 12 cm ili 5 cm. U cijenu je potrebno uračunati dobavu materijala, te izradu ETICS-a prema uputama proizvođača komponenti certificiranog sustava.
D18: Sve što nije obuhvaćeno ovim opisom, izvesti prema uputama proizvođača komponenti certificiranog sustava, sukladno nacionalnim ili jednakovrijednim normama, te smjernicama za izradu ETICS sustava HUPFAS-a.
D19: Stavka uključuje sve faze izrade ETICS sustava: - postavljanje početnog "U“ profila za podnožje - pričvršćivanje izvesti nehrđajućim vijcima. - lijepljenje ploča nanošenjem bijelog morta za lijepljenje i armiranje granulacije 1,2mm, trakasto po rubovima i točkasto po sredini ploča (min 40% ravnomjerna pokrivenost ploče). Ploče se min.3-5 dana nakon lijepljenja dodatno mehanički pričvršćuju pričvrsnicama sa čeličnim čavlom.
D20: - na kutevima objekta izolacijske ploče se preklapaju na izmjeničan vez, a potom se na te bridove, kao i bridove otvora, postavljaju PVC kutnici sa mrežicom ili okapni profil na horizontalne bridove (tamo gdje je potrebno). - na kutevima otvora (prozora,vrata,..) obaviti dijagonalna armiranja trakama armaturne mrežice.
D21: - armiranje izvesti sa zupčastim gleterom: nanosi se cca 3 mm bijelog morta za lijepljenje i armiranje, u koji se utiskuje staklena, alkalno otporna, mrežica za armiranje sa preklopima od 10 cm. Ukupna debljina armirnog sloja ne smije biti manja od 5 mm, a mrežica mora biti smještena u gornjoj trećini armirnog sloja.
D22: - na mrežicu se nanosi drugi sloj (2mm) morta za lijepljenje i armiranje. - na spojevima ETICS-a sa stolarijom, ugraditi trodimenzionalni priključni profil za stolariju, a na spojevima ETICS-a sa prozorskim klupicama, ugraditi izolacijsku traku za fuge.
D23: Izvedba završnog sloja - klasična opcija: nakon sušenja (od 10 – 14 dana, ovisno o vremenskim uvjetima), suha i čista podloga premazuje se ravnomjerno i temeljito nerazrijeđenim predpremazom sa dodatkom algicida, te se nakon min. 24 sata, nanosi silikonsko-silikatna završna dekorativna žbuka, u granulaciji 1,5mmV u dva tona prema odabiru projektanta (nakon dostavljene ton karte).
C24: a. | D24: d=16 cm VZ1 | E24: m² | F24: 1200 | G24: 65 | H24: =SUM(F24*G24) -> 78000
C25: b. | D25: d=12 cm VZ2 | E25: m² | F25: 360 | G25: 60 | H25: =SUM(F25*G25) -> 21600
C26: c. | D26: d=11 cm VZ2 | E26: m² | F26: 10 | G26: 60 | H26: =SUM(F26*G26) -> 600
C27: d. | D27: d=5 cm VZ4 | E27: m² | F27: 145 | G27: 55 | H27: =SUM(F27*G27) -> 7975
A29: 11. | D29: FASADERSKI RADOVI UKUPNO: | H29: =SUM(H10:H27) -> 117775

Sheet 12. LIČIL.
A2: 12. | D2: SOBOSLIKARSKO-LIČILAČKI RADOVI
D4: NAPOMENA:
D5: OPĆI UVJETI SU SASTAVNI DIO SVAKE POJEDINE STAVKE. Sve što je navedeno u njima, a nije u pojedinačnom opisu stavke smatra se uključenim u jediničnu cijenu.
D6: U cijenu svake pojedine stavke uključeno:
D7: Dobava svog materijala, sav vanjski i unutrašnji transport do mjesta ugradbe. Premjeravanje, ispitivanje i čišćenje podloge, izravnanje manjih neravnina, precizno izvođenje priključaka opločenja na ostale građevne djelove, zaštita izrađenih površina, čišćenje i odvoz svih otpadaka po dovršenju radova, te dobava uzoraka u svrhu odobrenja. Sve potrebne predradnje: kitanje manjih oštećenja i pukotina, brušenja, čišćenja, neutraliziranje, impregniranje, višestruko gletanje disperzivnim kitom. Boja za pojedine elemente prema izboru projektanta. Sve radne platforme, pomične i nepomične skele za radove do visine dvije etaže.
A9: Red. | B9: br. | D9: Opis stavke | E9: J.m. | F9: Kol. | G9: Jed.cijena | H9: Uk.cijena
F10: =IF(ISNUMBER(#REF!),IF(OR(E10="m1",E10="m2",E10="m3",E10="kg"),#REF!*(1+#REF!/100),#REF!),"")
A11: 12. | B11: 01. | D11: Gletanje svih armiranobetonskih zidova i stropova u građevini na kojima je napravljena zidarska obrada AB ploha izvedenih u glatkoj oplati za finalnu obradu. Gletanje u dva sloja do potpune glatkoće zida, s bandažiranjem svih spojeva s drugim materijalima i postavom kutnih profila i bandažiranjem špaleta, s brušenjem poslije 1. i 2. sloja, te čišćenjem prostora nakon izvedbe. U cijeni uračunata priprema, radna skela, sva zaštita, sav potreban materijal i rad do potpune gotovosti. Obračun po m² površine.
C12: a. | D12: zidovi | E12: m² | F12: 2950 | G12: 5 | H12: =SUM(F12*G12) -> 14750
C13: b. | D13: stropovi, grede, stubišni krakovi i međupodest | E13: m² | F13: 1550 | G13: 5 | H13: =SUM(F13*G13) -> 7750
A15: 12. | B15: 02. | D15: Gletanje svih ožbukanih zidova. Gletanje u dva sloja do potpune glatkoće zida, s bandažiranjem svih spojeva s drugim materijalima i postavom kutnih profila i bandažiranjem špaleta, s brušenjem poslije 1. i 2. sloja, te čišćenjem prostora nakon izvedbe. U cijeni uračunata priprema, radna skela, sva zaštita, sav potreban materijal i rad do potpune gotovosti. Obračun po m² površine.
E16: m² | F16: 1025 | G16: 10 | H16: =SUM(F16*G16) -> 10250
A18: 12. | B18: 03. | D18: Bojanje žbukanih/gletanih zidova i stropova disperzivnom bojom u 2 premaza, uključivo sve potrebne prethodne radnje i pripreme podloge (uključivo temeljni premaz disperzivnom impregnacijom prema uputi proizvođača). U stavku uključena obrada svih spojeva zidova međusobno, kao i zidova i stropova. Boja po izboru projektanta. Visina prostora do max 270 cm Obračun po m²
C19: a. | D19: zidovi | E19: m² | F19: =F16+F12 -> 3975 | G19: 7 | H19: =F19*G19 -> 27825
C20: b. | D20: stropovi | E20: m² | F20: =F13 -> 1550 | G20: 7 | H20: =F20*G20 -> 10850
A22: 12. | B22: 04. | D22: Bojenje gipskartonskih površina disperzivnim bojama u tonu prema izboru investitora. U cijenu uključiti: sve potrebne prethodne radnje i pripreme podloge, temeljni premaz disperzivnom impregnacijom prema uputi proizvođača, popravljanje disperzivnim kitom u završnom tonu, završni premaz valjkom ili prskalicom do potpune pokrivenosti, a najmanje u dva sloja. Boja po izboru projektanta Visina prostora do max 270 cm. Obračun po m². | F22: =IF(ISNUMBER(#REF!),IF(OR(E22="m1",E22="m2",E22="m3",E22="kg"),#REF!*(1+#REF!/100),#REF!),"")
C23: a. | D23: zidovi | E23: m² | F23: 55 | G23: 12 | H23: =F23*G23 -> 660
A26: 12. | B26: 05. | D26: Bojenje vodootpornom bojom za beton u tonu po izboru projektanta svih potpornih, ogradnih i parapetnih zidova okoliša. U cijenu uključiti: sve potrebne prethodne radnje i pripreme podloge, temeljni premaz impregnacijom prema uputi proizvođača, završni premaz valjkom ili prskalicom do potpune pokrivenosti, a najmanje u dva sloja. Obračun po m². | F26: =IF(ISNUMBER(#REF!),IF(OR(E26="m1",E26="m2",E26="m3",E26="kg"),#REF!*(1+#REF!/100),#REF!),"")
E27: m² | F27: 10 | G27: 20 | H27: =F27*G27 -> 200
A29: 12. | D29: SOBOSLIKARSKO - LIČILAČKI RADOVI UKUPNO: | H29: =SUM(H10:H28) -> 72285

Sheet 13. PARKETARSKI
A2: 13. | D2: PARKETARSKI RADOVI
D4: NAPOMENA:
D5: OPĆI UVJETI SU SASTAVNI DIO SVAKE POJEDINE STAVKE. Sve što je navedeno u njima, a nije u pojedinačnom opisu stavke smatra se uključenim u jediničnu cijenu.
D6: U cijenu svake pojedine stavke uključeno: Dobava svog materijala, sav vanjski i unutrašnji transport do mjesta ugradbe.
A8: Red. | B8: br. | D8: Opis stavke | E8: J.m. | F8: Kol. | G8: Jed.cijena | H8: Uk.cijena
A10: 13. | B10: 01. | D10: Dobava, doprema i postavljenje hrastovog panel parketa, gotovi, lakirani dvoslojni parket predstavlja lakiranu ploču s klik profilom, sa uzorkom parketa 70x500 mm i boje po odabiru prokjektanta. Postavlja se ljepljenjem na podlogu odgovarajućim jednokomponentnim ljepilom postavljen po sistemu brodski pod. Sastoji se od međusobno slijepljena 2 sloja od kojih je Ljepilo koje se koristi za međusobno povezivanje slojeva je PVAC vlagootporno ljepilo, a završna obrada je poliuretanski UV lak. Parket se polaže na suhu, čistu, tvrdu i ravnu podlogu. Ukoliko je visinska razlika veća od 2 mm na tekući metar, treba pod, prije polaganja, odgovarajuće izravnati. Sadržaj vlage u podlozi mora biti niži od 2% za betonski pod. Parket mora biti skladišten u zapakiranoj ambalaži u prostoru gdje će biti položen bar 10-15 dana prije početka polaganja. Prije početka polaganja, treba pregledati sve daske, zbog odgovarajuće kombinacije. U svemu prema uputstvu proizvođača. Obračun po m².
E11: m² | F11: 868 | G11: 50 | H11: =F11*G11 -> 43400
A13: 13. | B13: 02. | D13: Dobava i polaganje gotovih, lakiranih kutnih sokl letvice od hrastovine visine cca 10 cm za gotovi hrastov panel parket, završne obrade kao parket, prema odabiru projektanta. Uključivo sav pričvrsni materijal, vijci s upuštenom glavom. Postavljanje na pripremljenu podlogu zidova točno po uputi proizvoditelja. Po m' razvijene dužine.
E14: m' | F14: 866 | G14: 10 | H14: =F14*G14 -> 8660
A16: 13. | D16: PARKETARSKI RADOVI UKUPNO: | H16: =SUM(H10:H15) -> 52060

Sheet 14.KER. 
A2: 14. | D2: KERAMIČARSKI RADOVI
D4: NAPOMENA:
D5: OPĆI UVJETI SU SASTAVNI DIO SVAKE POJEDINE STAVKE. Sve što je navedeno u njima, a nije u pojedinačnom opisu stavke smatra se uključenim u jediničnu cijenu.
D6: U cijenu svake pojedine stavke uključeno: Dobava svog materijala, sav vanjski i unutrašnji transport do mjesta ugradbe. Ljepljenje pločica, fugiranje i čišćenje. Sve radne platforme, pomične i nepomične skele za radove do visine jedne etaže (do max 265 cm).
A8: Red. | B8: br. | D8: Opis stavke | E8: J.m. | F8: Kol. | G8: Jed.cijena | H8: Uk.cijena
A10: 14. | B10: 01. | D10: Popločenje podova zajedničkih prostora hodnika i stubišta protukliznim (R9) podnim pločicama A klase, mat izvedbe. Pločice su dimenzija 60x60 cm, boje po odabiru projektanta, slažu se fuga na fugu. Pločice se specijalnim cem.ljepilom lijepe na cem.estrih, te fugiraju masom za fugiranje iste boje kao pločice, sve od istog proizvođača. Uz zid izvesti sokl istom pločicom visine 7 cm. Na spojevima keramičke podne obloge za drugim vrstama podnih obloga ugraditi aluminijski profil (uključen u zidarskim radovima). Plohe moraju biti vodoravne ili u padu prema odvodima u podu. Pojedine pločice ne smiju viriti izvan ravnine poda. U cijenu uključeno ljepilo i masa za fugiranje. Obračun po m² opločenog poda. | F10: =IF(ISNUMBER(#REF!),IF(OR(E10="m1",E10="m2",E10="m3",E10="kg"),INT(#REF!*(1+#REF!/100)+0.999),INT(#REF!+0.999)),"")
C11: a. | D11: zajednički prostori
D12: pod | E12: m² | F12: 220 | G12: 55 | H12: =SUM(F12*G12) -> 12100
D13: sokl | E13: m' | F13: 250 | G13: 15 | H13: =SUM(F13*G13) -> 3750
C14: b. | D14: stubište
D15: čela i nagazi | E15: m² | F15: 27.52 | G15: 100 | H15: =SUM(F15*G15) -> 2752
D16: kosi sokl | E16: m' | F16: 10.4 | G16: 30 | H16: =SUM(F16*G16) -> 312
F17: =IF(ISNUMBER(#REF!),IF(OR(E17="m1",E17="m2",E17="m3",E17="kg"),INT(#REF!*(1+#REF!/100)+0.999),INT(#REF!+0.999)),"")
A18: 14. | B18: 02. | D18: Popločenje podova kupaonica stanova protukliznim (R9) podnim pločicama A klase. Pločice su dimenzija 60x60 cm, boje po odabiru projektanta, slažu se fuga na fugu. Pločice se specijalnim cem.ljepilom lijepe na cem.estrih, te fugiraju masom za fugiranje iste boje kao pločice, sve od istog proizvođača (s primopredajom ostatka materijala investitoru).
D19: Plohe moraju biti vodoravne ili u padu prema odvodima u podu. Pojedine pločice ne smiju viriti izvan ravnine poda. Posebnu pažnju obratiti obradi spoja opločenja i sanitarnih elemenata. U cijenu uključeno ljepilo i masa za fugiranje. Obračun po m² opločenog poda. | F19: =IF(ISNUMBER(#REF!),IF(OR(E19="m1",E19="m2",E19="m3",E19="kg"),INT(#REF!*(1+#REF!/100)+0.999),INT(#REF!+0.999)),"")
D20: pod | E20: m² | F20: 90 | G20: 50 | H20: =SUM(F20*G20) -> 4500
A22: 14. | B22: 03. | D22: Popločenje podova kuhinja stanova protukliznim (R9) podnim pločicama A klase. Pločice su dimenzija 60x60 cm, boje po odabiru projektanta, slažu se fuga na fugu. Pločice se specijalnim cem.ljepilom lijepe na cem.estrih, te fugiraju masom za fugiranje iste boje kao pločice, sve od istog proizvođača. Uz zid izvesti sokl istom pločicom visine 7 cm. Na spojevima keramičke podne obloge za drugim vrstama podnih obloga ugraditi aluminijski profil. Plohe moraju biti vodoravne ili u padu prema odvodima u podu. Pojedine pločice ne smiju viriti izvan ravnine poda. U cijenu uključeno ljepilo i masa za fugiranje. Obračun po m² opločenog poda. | F22: =IF(ISNUMBER(#REF!),IF(OR(E22="m1",E22="m2",E22="m3",E22="kg"),INT(#REF!*(1+#REF!/100)+0.999),INT(#REF!+0.999)),"")
D23: pod | E23: m² | F23: 85 | G23: 50 | H23: =SUM(F23*G23) -> 4250
D24: sokl | E24: m' | F24: 110 | G24: 15 | H24: =SUM(F24*G24) -> 1650
A26: 14. | B26: 04. | D26: Popločenje podova lođa i balkona stanova vanjskim protukliznim (R9) podnim pločicama A klase. Pločice su dimenzija 60x60 cm, boje po odabiru projektanta, slažu se fuga na fugu. Pločice se specijalnim cem.ljepilom lijepe na cem.estrih, te fugiraju masom za fugiranje iste boje kao pločice, sve od istog proizvođača. Uz zid izvesti sokl istom pločicom visine 7 cm. Na spojevima keramičke podne obloge za drugim vrstama podnih obloga ugraditi aluminijski profil. Plohe moraju biti vodoravne ili u padu prema odvodima u podu. Pojedine pločice ne smiju viriti izvan ravnine poda. Posebnu pažnju obratiti obradi spoja opločenja i sanitarnih elemenata. U cijenu uključeno ljepilo i masa za fugiranje. Obračun po m² opločenog poda. | F26: =IF(ISNUMBER(#REF!),IF(OR(E26="m1",E26="m2",E26="m3",E26="kg"),INT(#REF!*(1+#REF!/100)+0.999),INT(#REF!+0.999)),"")
D27: pod | E27: m² | F27: 162 | G27: 60 | H27: =SUM(F27*G27) -> 9720
D28: sokl | E28: m' | F28: 80 | G28: 20 | H28: =SUM(F28*G28) -> 1600
F29: =IF(ISNUMBER(#REF!),IF(OR(E29="m1",E29="m2",E29="m3",E29="kg"),INT(#REF!*(1+#REF!/100)+0.999),INT(#REF!+0.999)),"")
A30: 14. | B30: 05. | D30: Popločenje zidova u kupaonicama stanova zidnim pločicama A klase pune visine prostora (h=265 cm). Veličina pločica 30x60 cm, složene fuga na fugu, u boji po izboru projektanta, u sjajnoj izvedbi. Pločice se slažu fuga na fugu, te fuge zidnih pločica prate fuge podnih pločica. Pločice se specijalnim ljepilom lijepe na AB, žbukani zid iz opeke ili gipskartonsku oblogu. Fugiraju se masom za fugiranje, sve od istog proizvođača. Sve reške moraju biti ravno izvedene, horizontalno odnosno vertikalno, fugirane kao podne. Posebnu pažnju obratiti spoju sa opločenjem poda i sanitarnih elemenata. U cijenu uključeno ljepilo i masa za fugiranje. Obračun po m² obloženog zida. | F30: =IF(ISNUMBER(#REF!),IF(OR(E30="m1",E30="m2",E30="m3",E30="kg"),INT(#REF!*(1+#REF!/100)+0.999),INT(#REF!+0.999)),"")
E31: m² | F31: 600 | G31: 50 | H31: =SUM(F31*G31) -> 30000
A33: 14. | B33: 06. | D33: Popločenje zidova u kuhinjama stanova zidnim pločicama A klase. Veličina pločica 30x60 cm, složene fuga na fugu, u boji po izboru projektanta, u sjajnoj izvedbi. Pločice se postavljaju u području između 85 i 145 cm visine na zidove na kojima je projektom predviđeno postavljanje kuhinjskih elemenata. Pločice po odabiru projektanta, slažu se fuga na fugu. Pločice se specijalnim ljepilom lijepe na AB, žbukani zid iz opeke ili gipskartonsku oblogu. Fugiraju se masom za fugiranje, sve od istog proizvođača. Sve reške moraju biti ravno izvedene, horizontalno odnosno vertikalno. U cijenu uključeno ljepilo i masa za fugiranje. Obračun po m² obloženog zida. | F33: =IF(ISNUMBER(#REF!),IF(OR(E33="m1",E33="m2",E33="m3",E33="kg"),INT(#REF!*(1+#REF!/100)+0.999),INT(#REF!+0.999)),"")
E34: m² | F34: 55 | G34: 50 | H34: =SUM(F34*G34) -> 2750
A36: 14. | D36: KERAMIČARSKI RADOVI UKUPNO: | H36: =SUM(H10:H34) -> 73384

Sheet 15.PODOPOL. 
A2: 15. | D2: PODOPOLAGAČKI RADOVI
D4: NAPOMENA:
D5: OPĆI UVJETI SU SASTAVNI DIO SVAKE POJEDINE STAVKE. Sve što je navedeno u njima, a nije u pojedinačnom opisu stavke smatra se uključenim u jediničnu cijenu.
D6: U cijenu svake pojedine stavke uključeno: Dobava svog materijala, sav vanjski i unutrašnji transport do mjesta ugradbe.
A8: Red. | B8: br. | D8: Opis stavke | E8: J.m. | F8: Kol. | G8: Jed.cijena | H8: Uk.cijena
A10: 15. | B10: 01. | D10: Dobava materijala i izvedba dvokomponentnog poliuretanskog samoliva na cementni estrih u prostorima spremišta i komunalnog otpada. Premaz se nanosi u debljini d=2,5 mm. Priprema površine podloge prema uputama proizvođača. U cijenu uključiti reprofilaciju većih uočenih neravnih površina tiksotropnim mikroarmiranim reparaturnim mortom, te grubo i fino brušenje površine estriha.
D11: Na pripremljenu podlogu nanosi se epoksidni dvokomponentni prajmer. Podloga treba biti suha (max. 5% vlažnosti). Nanošenje izvesti u jednom sloju, u svemu prema uputama proizvođača lijevanog poda zbog potrebne prionjivosti podne obloge za podlogu.
D12: Na prajmer se nanosi dvokomponentni poliuretantski pod. Slojeve nanijeti ručno gleterom jednom sloju, u ukupnoj potrošnji od 800 g/m2 .
D13: Obloga mora zadovoljiti zahtjeve visoke mehaničke i kemijske otpornosti, vodootpornosti, protukliznosti te lakog održavanja. U cijeni uključen dodatak kvarcnog pijeska radi protukliznosti, te završni transparentni polumat lak. Obračun po m².
E14: m² | F14: 170 | G14: 60 | H14: =SUM(F14*G14) -> 10200
A16: 15. | B16: 02. | D16: Izrada zaobljenog spoja zida i poda tzv. holkera od epoksidne smole, radijusa R=3-5 cm, uz dodatak sitnog suhog kvarcnog pijeska. Obračun po m'.
E17: m' | F17: 170 | G17: 20 | H17: =SUM(F17*G17) -> 3400
A19: 15. | B19: 03. | D19: Dobava i montaža otirača za vanjsku primjenu koji se ugrađuje u ravnini poda. Rešetke su od pocinčanog čelika, s gumiranim umetkom, okvir od pocinčanog čelika i kadica od polimerbetona. Otirači se postavljaju na za to pripremljeni utor u podnoj ploči ispred ulaza odnosno u pripremljeno ležište od sitnog šljunka (gornji rub otirača nalazi se na istoj visini kao okolno popločenje) postavlja se kadica od polimerbetona uz dodatno poravnanje, na kadicu se postavi željena pokrovna rešetka, te se nastavlja s polaganjem završne obloge. Obračun po komadu.
D20: dim. 150x60 cm | E20: kom | F20: 1 | G20: 1500 | H20: =SUM(F20*G20) -> 1500
A22: 15. | D22: PODOPOLAGAČKI RADOVI UKUPNO: | H22: =SUM(H10:H20) -> 15100

Sheet 16. OPREMA
A2: 16. | D2: OPREMA
D4: NAPOMENA:
D5: OPĆI UVJETI SU SASTAVNI DIO SVAKE POJEDINE STAVKE. Sve što je navedeno u njima, a nije u pojedinačnom opisu stavke smatra se uključenim u jediničnu cijenu.
D6: U cijenu svake pojedine stavke uključeno: Dobava svog materijala, sav vanjski i unutrašnji transport do mjesta ugradbe.
A8: Red. | B8: br. | D8: Opis stavke | E8: J.m. | F8: Kol. | G8: Jed.cijena | H8: Uk.cijena
A10: 16. | B10: 01. | D10: Dobava i ugradnja boxa od 18 kom poštanskih sandučića za stanove izrađenog od kvalitetnog čeličnog lima otpornog na vodu i hrđanje. Sandučić mora biti opremljen vratima s cilindrom i minimalno dva ključa, pločicom za prezimena, visina otvora za pisma: 225 mm. Box 3/1 dimenzija 400x290x220 mm, boja: tamno siva. Cijenom obuhvatiti sav potreban rad i materijal do potpune gotovosti ugrađenih sandučića.
E11: kompl. | F11: 6 | G11: 200 | H11: =SUM(F11*G11) -> 1200
A14: 16. | B14: 02. | D14: Dobava i ugradnja gravirane pločice za vrata stana od plastike. Na istoj je potrebno upisati broj stana. U cijenu je potrebno uračunati sav potreban rad i materijal za potpunu gotovost predmetne stavke. Konačno odobrenje na izgled daje Investitor.
E15: kom | F15: 18 | G15: 20 | H15: =SUM(F15*G15) -> 360
A17: 16. | B17: 03. | D17: Dobava i ugradnja gravirane pločice za oznake etaža zgrade od plastke (pločica - 20x20 cm). Na istoj je potrebno upisati oznaku kata (prizemlje, 1 kat, 2. kat). U cijenu je potrebno uračunati sav potreban rad i materijal za potpunu gotovost predmetne stavke.
E18: kom | F18: 3 | G18: 20 | H18: =SUM(F18*G18) -> 60
A20: 16. | B20: 04. | D20: Dobava i ugradnja ploče sa oznakom kućnog broja zgrade izrađenog od aluminijskog lima debljine 2mm. Ploču izraditi u dimenzijama propisanim od strane lokalne samouprave. Na istoj je potrebno upisati kućni broj i ime ulice. U cijenu je potrebno uračunati sav potreban rad i materijal za potpunu gotovost predmetne stavke.
E21: kom | F21: 1 | G21: 50 | H21: =SUM(F21*G21) -> 50
A23: 16. | B23: 05. | D23: Dobava, doprema i montaža protupožarnih aparata tip 43A (12JG). Ugradba prema izvedbenim nacrtima arhitekture. Uključivo nosači aparata i sidrenje (pričvršćenje) istih prema propisima. Sa certifikatom i uputstvom za uporabu. U cijeni komplet funkcionalan i ugrađen aparat.
E24: kom | F24: 13 | G24: 120 | H24: =SUM(F24*G24) -> 1560
A26: 16. | B26: 06. | D26: Izrada i dobava kompleta ključeva za stanare. Po stanu osigurati komplet ključeva koji sadržavaju ključeve za: glavni i sporedne ulaze u zgradu, spremište stana, spremište bicikala, zajedničke prostorije stanara.
E27: kompl. | F27: 18 | G27: 30 | H27: =SUM(F27*G27) -> 540
A29: 16. | D29: RAZNO UKUPNO: | H29: =SUM(H10:H28) -> 3770

Sheet 17. OKOLIŠ
A2: 17. | D2: OKOLIŠ
D4: NAPOMENA:
D5: OPĆI UVJETI SU SASTAVNI DIO SVAKE POJEDINE STAVKE. Sve što je navedeno u njima, a nije u pojedinačnom opisu stavke smatra se uključenim u jediničnu cijenu.
D6: U cijenu svake pojedine stavke uključeno: Dobava svog materijala, sav transport do mjesta ugradbe.
A8: Red. br. | D8: Opis stavke | E8: J.m. | F8: Kol. | G8: Jed.cijena | H8: Uk.cijena
D10: VANJSKE OBLOGE
A11: 17. | B11: 01. | D11: Izvedba vanjske obloge pristupne prometnice i parkirališnih mjesta od habajućeg sloja asfaltbetona debljine 6 cm na bitumeniziranom nosivom sloju od 8 cm koji se postavlja na nosivi sloj od nevezanog kamenog materijala zbijenog na potrebnu nosivost (Ms>=80 MN/m2) za pristup vatroganog vozila (obračunato u zemljanim radovima). U cijeni su sadržani svi troškovi nabave materijala, prijevoz, oprema i sve ostalo što je potrebno za potpuno izvođenje radova. Obračun po m².
E12: m² | F12: 737 | G12: 25 | H12: =SUM(F12*G12) -> 18425
A14: 17. | B14: 02. | D14: Dobava, postava i ugradnja popločenja pješačke površine (oznaka PP) na terenu oko zgrade betonskim opločnicima dim 20/20/6 cm. Gornji habajući sloj je izrađen od prirodnih kamenih agregata, pjeskarene završne obrade, u boji prema izboru projektanta. Ploče se postavljaju u sloj pijeska s dodatkom 10% hidrauličkog vapna debljine 4 cm i nosivi sloj od nevezanog kamenog materijala (obračunato u zemljanim radovima). U cijenu uključeno završno fugiranje između elemenata. Sve prema specifikacijama proizvođača. Stavka uključuje sve radove i materijale. Obračun po m².
E15: m² | F15: 173 | G15: 50 | H15: =SUM(F15*G15) -> 8650
A17: 17. | B17: 03. | D17: Dobava, postava i ugradnja popločenja podesta i pješačke rampe betonskim pločama dim 40/40/4 cm. Gornji habajući sloj je izrađen od prirodnih kamenih agregata, pjeskarene završne obrade, u boji prema izboru projektanta. Ploče se polažu na sloj izvedene hidroizolacije (obračunata u izolaterskim radovima) koja je položena na AB ploču u padu. U cijenu uključeno završno fugiranje između elemenata. Sve prema specifikacijama proizvođača. Stavka uključuje sve radove i materijale. Obračun po m².
E18: m² | F18: 110 | G18: 60 | H18: =SUM(F18*G18) -> 6600
A20: 17. | B20: 04. | D20: Dobava, postava i ugradnja drenažnog sloja od oblutaka (prethodno pohranjenog na gradilištu), uz podnožje građevine. Sloj je širine 30 cm uz južno, zapadno i istočno pročelje (na kontaktu sa zelenilom), dubine 15 cm. U cijenu uključiti odvoz preostale količine oblutaka na gradsku deponiju što uključuje utovar, prijevoz kamionom te istovar. Stavka uključuje sve radove i materijale. Obračun po m².
E21: m³ | F21: 4 | G21: 200 | H21: =SUM(F21*G21) -> 800
A23: 17. | B23: 05. | D23: Dobava, postava i ugradnja ravnog rubnjaka oko opločenih pješačkih površina na terenu i oko šljunčanog pojasa oko zgrade, dimenzija 100/8/22 cm od betona C30/37 u temelju C12/15 presjeka približno 20x40 cm (sve obuhvaćeno stavkom). Stavka uključuje sve radove i materijale. Obračun po m' rubnjaka.
E24: m' | F24: 147 | G24: 25 | H24: =SUM(F24*G24) -> 3675
A26: 17. | B26: 06. | D26: Dobava, postava i ugradnja skošenog rubnjaka 100/15/25 cm od betona C40/50 u temelju betona C12/15 presjeka približno 35x30 cm (sve obuhvaćeno stavkom). Stavka uključuje sve radove i materijale. Obračun po m' rubnjaka.
E27: m' | F27: 167 | G27: 35 | H27: =SUM(F27*G27) -> 5845
A29: 17. | B29: 07. | D29: Dobava, postava i ugradnja taktilne površine s čepastom strukturom koja se postavlja na pješačku stazu uz parkirno mjesto za osobe smanjene pokretljivosti (oznaka K) od betonskih ploča 40x40x5 cm. Taktilno polje treba izvesti na poziciji prema izvedbenom projektu. Polaže se u sloj pijeska s dodatkom 10% hidrauličkog vapna na cementom stabilizirani sloj kamenog materijala i nosivi sloj od nevezanog kamenog materijala koji je obračunat u zemljanim radovima. Prije polaganja ploča pijesak treba isplanirati u zadanom nagibu i debljini, a ploče prilikom polaganja nabiti drvenim nabijačem, kako bi se postigli potrebni nagibi i stabilnost. Obračun po m² izvedene površine.
E30: m² | F30: 1.5 | G30: 500 | H30: =SUM(F30*G30) -> 750
A32: 17. | B32: 08. | D32: Dobava materijala i izrada uzdužnih oznaka na kolniku - linije osi kolnika, a služe za detaljno utvrđivanje načina upotrebe kolničke površine. Crte su širine 10 cm.
D33: Uzdužne oznake su: • puna crta, • isprekidana crta
D34: Stavka obuhvaća nabavu materijala i izradu oznaka.
D35: Obračun po m' izvedene crte | E35: m' | F35: 100 | G35: 5 | H35: =SUM(F35*G35) -> 500
A37: 17. | B37: 09. | D37: Dobava materijala i izrada poprečnih oznaka na kolniku.Crte su širine 10 cm.
D38: Poprečne oznake na kolniku su: • crte zaustavljanja.
D39: Stavka obuhvaća nabavu materijala i izradu oznaka.
D40: crta zaustavljanja - puna bijela - H14 | E40: m' | F40: 6 | G40: 20 | H40: =SUM(F40*G40) -> 120
A42: 17. | B42: 10. | D42: Dobava materijala ostalih oznaka na kolniku. Crte su širine 10 cm.
D43: Stavka obuhvaća nabavu materijala i izradu oznaka.
D44: natpis "STOP" - H63 | E44: kom | F44: 1 | G44: 100 | H44: =SUM(F44*G44) -> 100
D47: BILJNI MATERIJAL
A48: 17. | B48: 11. | D48: Rahljenje tla, gnojenje sa 5 lit/m2 gnojiva, fino planiranje + - 2 cm, sjetva travne smjese 5 dag/m2, ježenje, valjanje, jednokratno zalijevanje, sa svim radovima i materijalima uključujući sjeme. Travna smjesa treba biti prikladna za gaženje, za polusjenovit do sunčan položaj, te s primjesom bijele djeteline. Sjemena smjesa treba imati deklaraciju i certifikat koji treba predočiti nadzornom inženjeru. Obračunava se po m² travnjaka.
E49: m² | F49: 891 | G49: 6 | H49: =SUM(F49*G49) -> 5346
A51: 17. | B51: 12. | D51: Sjetva travne smjese 5 dag/m2 u travnu rešetku predviđenu na parkirališnim mjestima, ispunjenu prikladnim zemljanim materijalom u sloju od 4 cm, uz jednokratno zalijevanje, sa svim radovima i materijalima uključujući sjeme. Travne rešetke se pune smjesom rahle zemlje pjeskovite strukture bez korova, humusnog supstrata u vrećama za travnjake, mljevenog zeolita, perlita G i sporo-otpuštajućeg gnojiva u granulama. Smjesa se nabija da utone 1 cm u travnu rešetku. Sije se travno sjeme i zagrne slojem rahle mješavine od 1 cm visine radi lakšeg klijanja i da se poravna tlo sa rubom rešetke. Travna smjesa treba biti prikladna za gaženje, za sunčani položaj, te s primjesom bijele djeteline. Sjemena smjesa treba imati deklaraciju i certifikat koji treba predočiti nadzornom inženjeru. U cijenu obračunata dobava zemljanog i sjemenog materijala te svih transporta i radova. Obračunava se po m² travnjaka.
E52: m² | F52: 891 | G52: 3 | H52: =F52*G52 -> 2673
A54: 17. | D54: OKOLIŠ UKUPNO: | H54: =SUM(H10:H53) -> 53484

Sheet 18. OSTALO
A2: 18. | D2: OSTALO
D4: NAPOMENA:
D5: OPĆI UVJETI SU SASTAVNI DIO SVAKE POJEDINE STAVKE. Sve što je navedeno u njima, a nije u pojedinačnom opisu stavke smatra se uključenim u jediničnu cijenu.
D6: U cijenu svake pojedine stavke uključeno: Dobava svog materijala, sav rad i pomoćni materijal, te sav vanjski i unutrašnji transport do mjesta ugradbe.
A8: Red. | B8: br. | D8: Opis stavke | E8: J.m. | F8: Kol. | G8: Jed.cijena | H8: Uk.cijena
A10: 18. | B10: 01. | D10: Mjerenje i izrada izvještaja stvarnog stanja omotača višestambene zgrade u smislu nepropusnosti. Mjerenje se vrši Blower door ispitnim uređajem. Ispitivanje u fazi gradnje po B metodi otkrivanje propusnosti i nakon završetka gradnje ispitivanje po A metodi (prije tehničkog pregleda zgrade). Zahtjevi za ispitivanje: kod višestambenih zgrada ispitivanje moraju zadovoljiti sve stambene jedinice odnosno za građevine koje nisu namijenjene stanovanju zahtjevi se odnose na omotač grijanog prostora. Uvjeti prihvatljivosti propisani su u: Ispitivanje zrakonepropusnosti ovojnice zgrade dana je Tehničkim propisom o racionalnoj uporabi energije i toplinskoj zaštiti zgrada (NN 128/15, 70/18, 73/18, 86/18, NN 102/20) i Ispunjavanje zahtjeva o zrakonepropusnosti dokazuje se ispitivanjem PREMA HRN EN ISO 9972:2015 i svim ostalim naputcima dani navedenim tehiničkim propisom.
C11: a. | D11: ispitivanje i izvješće - metoda B - faza izgradnje | E11: kompl. | F11: 1 | G11: 1000 | H11: =SUM(F11*G11) -> 1000
C12: b. | D12: ispitivanje i izvješće - metoda A - nakon završetka izgradnje | E12: kompl. | F12: 1 | G12: 1000 | H12: =SUM(F12*G12) -> 1000
A14: 18. | B14: 02. | D14: Izrada energetskog certifikata. Nakon završetka radova izgradnje izvoditelj je dužan izraditi energetski certifikat i predati ga Investitoru. Jedan primjerak certifikata tiskati u boji, uokviriti te ugraditi na zid u ulaznom hodniku.
D15: Stavka uključuje sav potreban rad i materijal do potpune gotovosti.
E16: kompl. | F16: 1 | G16: 1000 | H16: =SUM(F16*G16) -> 1000
A18: 18. | B18: 03. | D18: Izrada projekta izvedenog stanja građevine i svih instalacija (podzemnih i nadzemnih) s unesenim svim promjenama tijekom izvođenja građevine. Prilaganje sve radioničke dokumentacije i detalja, koja je izrađena temeljem prethodnog projekta obnove konstrukcije i projekta obnove zgrade za cjelovitu obnovu zgrade. Dokumentacija se predaje Investitoru u formatu elektroničkog zapisa CD-a (dwg, doc, jpg formati) i ovjerene uvezane mape od strane Nadzora i izvoditelja u tri primjerka. U cijenu je uključeno sve kompletno.
C19: a. | D19: arhitektonsko građevinski projekt izvedenog stanja | E19: kpl | F19: 1 | G19: 1000 | H19: =SUM(F19*G19) -> 1000
C20: b. | D20: projekt izvedenog stanja vodovoda i kanalizacije | E20: kpl | F20: 1 | G20: 1000 | H20: =SUM(F20*G20) -> 1000
C21: c. | D21: projekt izvedenog stanja elektroinstalacija | E21: kpl | F21: 1 | G21: 1000 | H21: =SUM(F21*G21) -> 1000
C22: d. | D22: projekt izvedenog stanja strojarskih instalacija | E22: kpl | F22: 1 | G22: 1000 | H22: =SUM(F22*G22) -> 1000
A24: 18. | D24: OSTALO UKUPNO: | H24: =SUM(H10:H23) -> 7000

Sheet ViK
C1: TROŠKOVNIK VODOVODA I KANALIZACIJE
C2: Građevina: Višestambena zgrada k.č.br.1148/4, k.o. Ivanić-Grad, Ivanić-Grad
C3: Investitor: Agencija za pravni promet i posredovanje nekretninama, Savska cesta 41/VI, Zagreb
C4: Projektant: "Pro-Ing" d.o.o., Zagreb, Trakošćanska 6; ured: Krapinska 27, tel:3017-222
C5: Cijena za svaku točku ove specifikacije mora obuhvatiti dobavu, montažu, spajanje, te dovođenje u stanje potpune funkcionalnosti ukoliko nije predviđeno posebnom stavkom. U cijenu također ukalkulirati sav potreban spojni, montažni, pridržni i ostali materijal potreban za potpuno funkcioniranje ukoliko nije predviđeno posebnom stavkom. Prije davanja ponude obvezno pročitati tehnički opis i pregledati nacrte. Za sve eventualne primjedbe u pogledu izvođenja i troškovnika obratiti se prije davanja ponude projektantu. Ponuđač radova mora ponuditi sve stavke iz ovog troškovnika. Ukoliko neke od stavki ne nudi ili predlaže alternativu, to u svojoj ponudi mora posebno naglasiti
A7: 01. | C7: 1. VODOVOD
A9: Red. | B9: br. | C9: Opis stavke | D9: J.m. | E9: Kol. | F9: Jed.cijena | G9: Uk.cijena €
A11: 01. | B11: 01. | C11: Donos, doprema i polaganje polietilenskih PE-3 cijevi za izvedbu priključka na gradski vodovod, fazonskih komada i armature odgovarajuće klase i veličine prema iskazu vodovodnog materijala u suhi rov na već pripremljenu posteljicu, uključivo sa spajanjem cijevi. Cijevi treba izvesti i položiti u padu prema projektu. Uključivo raznašanje cijevi i fazonskih komada duž rova, spuštanje u rov, poravnavanje tlocrtno i vertikalno.
C12: Ø50 (d63) | D12: m' | E12: 15 | F12: 30 | G12: =SUM(E12*F12) -> 450
A14: 01. | B14: 02. | C14: Dobava i montaža troslojnih aluminijsko-plastičnih (PE-RT Type-II/Al/PE-RT Type-II) cijevi izrađenih sukladno HRN EN ISO 21003-2:2008 i HRN EN ISO 21003-3:2008, sa spajanjem ˝press˝ spojnicama iz PPSU-a ili bezolovne bronce, za etažni razvod sanitarne hladne i tople vode (radni tlak do 10 bar i temperatura do 70°C) koje osiguravaju minimalan gubitak tlaka uz optimizirani protok. Materijal se obrađuje i ugrađuje u skladu sa normom HRN EN 806 i HRN EN 1717. Stavka obuhvaća sve potrebne spojnice, koljena, redukcije, T-komade i potrebni pričvrsni i zaštitno-izolacijski materijal. Cijevi se isporučuju u palicama bez izolacije. Toplinsku izolaciju izvesti prema potrebi. Sve kao Geberit FlowFit
C15: Obračun po m1 neizolirane cijevi
C16: d 40 x 3,50 mm (DN 32) | D16: m0 | E16: 6 | F16: 40 | G16: =SUM(E16*F16) -> 240
C17: d 40 x 3,50 mm (DN 32) | D17: m1 | E17: 52 | F17: 40 | G17: =SUM(E17*F17) -> 2080
A19: 01. | B19: 03. | C19: Dobava i montaža troslojnih aluminijsko-plastičnih (PE-RT Type-II/Al/PE-RT Type-II) cijevi izrađenih sukladno HRN EN ISO 21003-2:2008 i HRN EN ISO 21003-3:2008, sa spajanjem ˝press˝ spojnicama iz PPSU-a ili bezolovne bronce, za etažni razvod sanitarne hladne i tople vode (radni tlak do 10 bar i temperatura do 70°C) koje osiguravaju minimalan gubitak tlaka uz optimizirani protok. Materijal se obrađuje i ugrađuje u skladu sa normom HRN EN 806 i HRN EN 1717. Stavka obuhvaća sve potrebne spojnice, koljena, redukcije, T-komade i potrebni pričvrsni i zaštitno-izolacijski materijal. Cijevi se isporučuju u palicama bez izolacije. Toplinsku izolaciju izvesti prema potrebi.
C20: Obračun po m1 neizolirane cijevi
C21: d 20 x 2,50 mm (DN 15) | D21: m' | E21: 488 | F21: 30 | G21: =SUM(E21*F21) -> 14640
C22: d 26 x 3,00 mm (DN 20) | D22: m' | E22: 239 | F22: 35 | G22: =SUM(E22*F22) -> 8365
A24: 01. | B24: 04. | C24: Dobava i montiranje mesinganog protočnog ventila s ispusnom slavinom, komplet. Ventili se montiraju na priključku usponskih vodova i kod vodomjera, a u skladu s monterskim shemama vodovoda. Obračun po komadu prema profilu.
C25: Ø 20 mm | D25: kom | E25: 18 | F25: 20 | G25: =SUM(E25*F25) -> 360
C26: Ø 40 mm | D26: kom | E26: 2 | F26: 30 | G26: =SUM(E26*F26) -> 60
C27: Ø 50 mm | D27: kom | E27: 1 | F27: 40 | G27: =SUM(E27*F27) -> 40
A29: 01. | B29: 05. | C29: Dobava i montiranje mesinganih slobodno protočnih ventila, komplet. Ventile montirati kod vodomjera i na mjestima označenim shemama. Ventile montirati na njima naznačenom smjeru.
C30: Ø 20 mm | D30: kom | E30: 18 | F30: 20 | G30: =SUM(E30*F30) -> 360
C31: Ø 40 mm | D31: kom | E31: 2 | F31: 30 | G31: =SUM(E31*F31) -> 60
C32: Ø 50 mm | D32: kom | E32: 1 | F32: 40 | G32: =SUM(E32*F32) -> 40
A34: 01. | B34: 06. | C34: Dobava i montiranje mesinganih nepovratnih ventila. Ventile montirati kod vodomjera i na mjestima označenim shemama. Ventile montirati na njima naznačenom smjeru.
C35: Ø 50 mm | D35: kom | E35: 1 | F35: 50 | G35: =SUM(E35*F35) -> 50
C36: Ø 40 mm | D36: kom | E36: 1 | F36: 40 | G36: =SUM(E36*F36) -> 40
A38: 01. | B38: 07. | C38: Dobava i montiranje ravnog propusnog ventila za ugradnju s kromiranom kapom na navoj, komplet.
C39: Ø 15 mm | D39: kom | E39: 74 | F39: 30 | G39: =SUM(E39*F39) -> 2220
C40: Ø 20 mm | D40: kom | E40: 54 | F40: 30 | G40: =SUM(E40*F40) -> 1620
A42: 01. | B42: 08. | C42: Dobava i montaža kutnih ventila 15/10 za montažu ispod umivaonika i pored WC-a. Obračun po komadu ugrađenog ventila
D43: kom | E43: 158 | F43: 25 | G43: =SUM(E43*F43) -> 3950
A45: 01. | B45: 09. | C45: Dobava i montaža glavnog vodomjera sa radijskim modulom za daljinsko očitanje za mjerenje potrošnje sanitarne vode. Obračun po komadu kompletno ugrađenog vodomjera.
C46: Ø50 | D46: kom | E46: 1 | F46: 500 | G46: =SUM(E46*F46) -> 500
A48: 01. | B48: 10. | C48: Dobava i montaža sekundarnih vodomjera sa modulom za daljinsko očitanje za mjerenje potrošnje sanitarne vode stanova. Vodomjere smjestiti u limene ormariće na stubištu građevine.Obračun po komadu kompletno ugrađenog vodomjera.
C49: Ø20 | D49: kom | E49: 19 | F49: 350 | G49: =SUM(E49*F49) -> 6650
A51: 01. | B51: 11. | C51: Dobava i montaža zidnih limenih ormarića za smještaj impulsnih vodomjera za stanove (prema uputama poduzeća VODOOPSKRBA I ODVODNJA sektor Vodoopskrbe). Ormariće smjestiti na hodniku stubišta prema nacrtu. Obračun po komadu montiranog ormarića.
C52: 2 vodomjera | D52: kom | E52: 1 | F52: 250 | G52: =SUM(E52*F52) -> 250
C53: 3 vodomjera | D53: kom | E53: 3 | F53: 300 | G53: =SUM(E53*F53) -> 900
C54: 4 vodomjera | D54: kom | E54: 2 | F54: 350 | G54: =SUM(E54*F54) -> 700
A56: 01. | B56: 12. | C56: Dobava i montaža zaštitnika povratnog toka za ugradnju u vodomjernom oknu iza vodomjera. Obračun se vrši po komadu dobavljenog i montiranog uređaja.
C57: EC ZOPT Ø50 | D57: kom | E57: 1 | F57: 800 | G57: =SUM(E57*F57) -> 800
A59: 01. | B59: 13. | C59: Ispitivanje instalacije na tlak od 15 bara i dezinfekcija cjevovoda otopinom klora.
D60: m' | E60: =E12+E16+E17+E21+E22 -> 800 | F60: 3 | G60: =SUM(E60*F60) -> 2400
A62: 01. | B62: 14. | C62: Dobava i montiranje kromiranih vratašca 30/30 cm za pristup ventilima ugrađenim na usponskim vodovima i kod kade
D63: kom | E63: 35 | F63: 50 | G63: =SUM(E63*F63) -> 1750
A65: 01. | B65: 15. | C65: Izrada priključka vode na plinski kombi aparat te izrada priključka odvoda tople vode. Obračun po komadu komplet izvršenog priključka.
D66: kom | E66: 18 | F66: 100 | G66: =SUM(E66*F66) -> 1800
A68: 01. | B68: 16. | C68: Izvedba priključka od vodomjernog okna, zaključno sa vodomjerom do vanjskog cjevovoda. U stavku ulazi iskop zemlje, dobava i montaža cjevovoda sa svim brtvenim materijalom i potrebnim fitinzima, armaturom, izoliranjem, ispitivanjem, zatrpavanjem rova te odvoz preostalog materijala.
C69: obračun po komadu komplet izvedenog priključka.
D70: kom | E70: 1 | F70: 5000 | G70: =SUM(E70*F70) -> 5000
A72: 01. | B72: 17. | C72: Kvalitetno ispitivanje voda nakon montaže kompletne opreme (Zavod za javno zdravstvo) i izdavanje atesta o kvaliteti.
D73: kom | E73: 1 | F73: 3000 | G73: =SUM(E73*F73) -> 3000
A75: 01. | C75: 1. VODOVOD | G75: =SUM(G12:G74) -> 58325
A77: 02. | C77: 2. KANALIZACIJA
A79: 02. | B79: 01. | C79: Dobava i montaža PVC kanalizacionih cijevi SN4 i fazonskih komada za horizontalne odvode vanjske i temeljne kanalizacije. Cijevi se polažu na sloj pijeska od 10 cm, te se nakon kompletne montaže natkriju slojem pijeska 5 cm iznad gornjeg ruba cijevi. Obračun se vrši po m' kompletno montirane cijevi zajedno s posteljicom, nadslojem te sa spojnim i pomoćnim materijalom. Fazonski komadi obračunavaju se kao 1 m' cijevi.
C80: Ø 100 mm | D80: m' | E80: 24 | F80: 30 | G80: =SUM(E80*F80) -> 720
C81: Ø 150 mm | D81: m' | E81: 115 | F81: 40 | G81: =SUM(E81*F81) -> 4600
C82: Ø 200 mm | D82: m' | E82: 71 | F82: 50 | G82: =SUM(E82*F82) -> 3550
A84: 02. | B84: 02. | C84: Dobava, prijenos i montaža zvučno optimiranih troslojnih polipropilenskih (PP-MD) odvodnih cijevi izrađenih sukladno HRN EN 1451-1:2000, SN4 (S16), za vertikalne i horizontalne razvode te priključke sanitarnih predmeta u podu i/ili zidu, s natičnim spajanjem, za zvučno poboljšani sistem odvodnje. Stavka uključuje i fazonske komade te potreban pričvrsni pribor i originalne obujmice s gumenim uloškom.
C85: d 32mm (DN30) | D85: m' | E85: 27 | F85: 10 | G85: =SUM(E85*F85) -> 270
C86: d 50mm (DN50) | D86: m' | E86: 268 | F86: 15 | G86: =SUM(E86*F86) -> 4020
C87: d 75mm (DN70) | D87: m' | E87: 53 | F87: 20 | G87: =SUM(E87*F87) -> 1060
C88: d 90mm (DN90) | D88: m' | E88: 130 | F88: 25 | G88: =SUM(E88*F88) -> 3250
C89: d 110mm (DN100) | D89: m' | E89: 184 | F89: 30 | G89: =SUM(E89*F89) -> 5520
C90: d 160mm (DN150) | D90: m' | E90: 56 | F90: 40 | G90: =SUM(E90*F90) -> 2240
A92: 02. | B92: 03. | C92: Dobava, donos i ugradba PVC cijevi za ventilacione nastavke kanalizacijskih vertikala do iznad krova cca 1 m. Obračun po komadu ugrađenog nastavka.
C93: Ø 100 mm | D93: kom | E93: 7 | F93: 100 | G93: =SUM(E93*F93) -> 700
C94: Ø 80 mm | D94: kom | E94: 7 | F94: 100 | G94: =SUM(E94*F94) -> 700
A96: 02. | B96: 04. | C96: Dobava, donos i ugradba ventilacionih nastavaka sa jakom kapom za provjetravanje. Obračun po komadu komplet ugrađenog nastavka.
C97: Ø 100 mm | D97: kom | E97: 7 | F97: 100 | G97: =SUM(E97*F97) -> 700
C98: Ø 100 mm | D98: kom | E98: 7 | F98: 100 | G98: =SUM(E98*F98) -> 700
A100: 02. | B100: 05. | C100: Dobava, prijenos i montaža prolaznog podnog sifona od PE-HD s kromiranom rešetkom 100x100mm s dodatnim fiksiranjem i zaokretnim priključkom d50mm/±135º, razina vode u sifonu ≥50mm, horizontalni izlaz d56mm kapaciteta 1,0 l/s.
D101: kom | E101: 22 | F101: 100 | G101: =SUM(E101*F101) -> 2200
A103: 02. | B103: 06. | C103: Dobava i montaža mesinganih poniklanih vratašca u prizemlju i u najvišoj etaži kanalskih vertikala. Sva vratašca su montirana na poniklanim usidrenim okvirima vel. 25x30 cm. obračun sve kompletno po komadu montiranih vratašca zajedno sa bravicom i ključem vel. 25x30 cm.
D104: kom | E104: 49 | F104: 50 | G104: =SUM(E104*F104) -> 2450
A106: 02. | B106: 07. | C106: Dobava i ugradnja vodolovnog balkonskog slivnika tip kao HL90.2 otporan na smrzavanje, manžetom za spajanje na temeljni sustav hidroizolacije ravnog krova, plastičnim nastavkom za niveliranje, te plastičnom pokrovnom rešetkom, profil odvoda DN50, a za odvodnju oborinskih voda. Obračun po komadu kompletno ugrađenog balkonskog slivnika.
D107: kom | E107: 14 | F107: 200 | G107: =SUM(E107*F107) -> 2800
A109: 02. | B109: 08. | C109: Dobava i montaža lijevano željeznih podnih rešetki sa suhim zatvaračem mirisa. Obračun po komadu kompletno montirane podne rešetke.
C110: Sa odvodom Ø 100 | D110: kom | E110: 2 | F110: 200 | G110: =SUM(E110*F110) -> 400
A112: 02. | B112: 09. | C112: Ispitivanje kanalizacije na protočnost i nepropusnost spojeva i uređaja uz dobivanje odgovarajućih atesta. obračun po m' ispitane dionice.
D113: m' | E113: =E80+E81+E85+E86+E87+E88+E89+E90+E82 -> 928 | F113: 1.5 | G113: =SUM(E113*F113) -> 1392
A115: 02. | B115: 10. | C115: Nabava, doprema i montaža protupožarnih obujmica EI90 prema HRN EN 13501-2 kao protupožarni brtveni element za gorive plastične cijevi koje prolaze kroz granice požarnih zona veće od 0,01 m2, odnosno sprečavanje širenja plamena i dima u ostale požarne sektore. Brtvljene vršiti masom atestiranom na vatrootpornost od 90 minuta, a prema važećim normama i općom dozvolom građevnog nadzora.
C116: Obračun se vrši po komadu kompletno montirane i pričvršćene protupožarne obujmice na prodore cijevi kroz požarne zone. U stavku uračunati sav potrebni pribor i spojni materijal.
C117: Napomena:
C118: Obračun po komadu:
C119: d 110 | D119: kom | E119: 17 | F119: 50 | G119: =SUM(E119*F119) -> 850
C120: d 90 | D120: kom | E120: 14 | F120: 50 | G120: =SUM(E120*F120) -> 700
A122: 02. | B122: 11. | C122: Dobava i montaža spojnice KGF (gumena brtva) na spoju R.O. i PVC cijevi, proizvod kao REHAU. Obračun po komadu.
C123: Ø 150 mm | D123: kom | E123: 19 | F123: 50 | G123: =SUM(E123*F123) -> 950
C124: Ø 200 mm | D124: kom | E124: 7 | F124: 50 | G124: =SUM(E124*F124) -> 350
A126: 02. | B126: 12. | C126: Izvedba priključka kanalizacije objekta na uličnu kanalizaciju -sanitarnu i oborinsku. U stavku ulazi iskop zemlje, nabava i montaža cjevovoda, zatrpavanje i izvedba priključka i dovođenje terena u prvobitno stanje.
D127: kom | E127: 2 | F127: 5000 | G127: =SUM(E127*F127) -> 10000
A129: 02. | B129: 13. | C129: Dobava i ugradnja lijevano željeznog olučnjaka za prihvat limenih oluka.
D130: kom | E130: 10 | F130: 200 | G130: =SUM(E130*F130) -> 2000
A133: 02. | C133: 2. KANALIZACIJA | G133: =SUM(G80:G130) -> 52122
A135: 03. | C135: 3. SANITARNI UREĐAJI
A137: 03. | B137: 01. | C137: Dobava, prijenos i montaža kompletnog WC-a , koji se sastoji od:
C138: -konzolne keramičke WC školjke u izvedbi bez unutarnjeg ruba dimenzije 53 x 36 cm, tip 1 - puna količina ispiranja 6/5 L prema EN 997, ispire s 4,5 L
...

Sheet NASLOVNICA GOR
A1:  | G1: Zagreb, J. Knifera 2
A5: INVESTITOR: | D5: Agencija za pravni promet i posredovanje nekretninama
D6: Savska cesta 41/VI, Zagreb
A8: GRAĐEVINA I LOKACIJA: | D8: Višestambena zgrada
D9: na novoformiranoj k.č. 1148/4, k.o. Ivanić – Grad, Ivanić – Grad
D10: (formirana od dijela k.č. 1148/1, k.o. Ivanić – Grad)
A16: OZNAKA: | D16: 4103i
A18: ZOP: | D18: APN- IG-228/24
D25: TROŠKOVNIK ELEKTROTEHNIČKIH INSTALACIJA
A38: GLAVNI PROJEKTANT: | D38: Lovorka Kaić Matešić, dipl. ing. arh.
A41: PROJEKTANT: | D41: Srećko Zubak, dipl.ing.el.
A44: DIREKTOR: | D44: Srećko Zubak, dipl.ing.el.
A50: MJESTO: | D50: Zagreb
A53: DATUM: | D53: veljača 2025

Sheet Opće
A1:  | C1: Zagreb, J. Knifera 2
B4: OPĆE ODREDBE TROŠKOVNIKA
B6: Svi radovi iz ovog troškovnika moraju biti izvedeni stručno, precizno i savjesno prema datom troškovničkom opisu i projektu, te moraju odgovarati važećim tehničkim propisima i normativima. U cijeni pojedinih stavaka obuhvaćeni su svi troškovi za puno dovršenje stavke, sav rad, materijal, sve zidarske pripomoći, svi prijevozi i prijenosi, razni doprinosi, dodaci i režijski troškovi, sva potrebna ispitivanja i funkcionalne probe do potpune funkcionalnosti, čišćenje, izdavanje atesta, izrada svih projekata izvedenog stanja, izrada katastra svih vanjskih instalacija, obučavanja korisnika opreme, sitni spojni, montažni i brtveni materijal, tehnička dokumentacija sustava, tehnički listovi i certifikati ugrađene opreme, dokumentacije za rukovanje i održavanje sustava, certifikati o protokolarnim mjerenjima, te svi ini troškovi izvoditelja vezani na organizaciju gradilišta. Potrebna su slijedeća ispitivanja funkcionalnosti, propisana mjerenja, te izdavanje kompleta dokaza kvalitete:
B7: - funkcionalnost svih instalacija
B8: - otpor izolacije svih instalacija
B9: - zaštita od KS
B10: - zaštita od indirektnog dodira
B11: - otpor uzemljenja
B12: - propusnost svih cijevi
B13: - povezanost metalnih masa (izjednačenje potencijala)
B14: - jakost rasvjete u svim radnim prostorima
B15: - atesti elektro opreme i materijala
B16: - efikasnost protupanik rasvjete
... B23: Sav upotrebljeni materijal mora biti kvalitetan i odgovarati odredbama odgovarajućih standarda i propisa. Nekvalitetan materijal ne smije se upotrebljavati. Za sav materijal koji će se upotrijebiti za građenje, izvoditelj radova mora pribaviti uvjerenje o kvaliteti materijala koji se mora priložiti primopredaji izvedenih radova. Radovi moraju biti izvedeni prema projektu, te izvoditelj ne smije vršiti nikakve promjene ili odstupanja od projekta bez odobrenja stručnog nadzora, investitora i projektanta. Sva evetualna odstupanja od projekta moraju se upisati u građevinski dnevnik od strane nadzornog inženjera i moraju biti usaglašena od strane investitora. Bez odobrenja investitora , izvoditelj ne smije upotrebljavati materijale koji nisu predviđeni projektom. Za čitavo vrijeme građenja izvoditelj je dužan održavati potrebnu čistoću na gradilištu. Ukoliko investitor utvrdi da neki materijal ne odgovara kvaliteti i važećim propisima izvoditelj je dužan isti materijal ukloniti sa gradilišta o svom trošku i zamijeniti ga sa propisanim. Svi radovi iz troškovnika obračunat će se prema "Prosječnim normama u graditeljstvu" ukoliko u pojedinim stavkama nije drugačije označeno.Obračun radova vršiti će se prema odredbama iz ugovora između izvoditelja i investitora. Nakon završetka izgradnje odnosno primopredaje radova, izvoditelj je dužan s gradilišta ukloniti o svom trošku sve privremene objekte, deponije materijala i sl. Za vrijeme izvođenja radova izvoditelj mora primjenjivati sva potrebna sredstva zaštite na radu kako bi osigurao izvođenje radova na siguran način, a u svrhu zaštite života i zdravlja svojih i inih djelatnika, slučajnih prolaznika i sl. , te osiguranja uvjeta da ne dođe do oštećenja susjednih objekata. Izvoditelj se u tijeku gradnje mora pridržavati odredaba zakona o gradnji, Zakona o zaštiti na radu i drugih važećih pozitivnih propisa RH. Imenovanje pojedinog proizvoda i proizvođača ima samo značenje tehničko - tehnoloških i približno oblikovnih osobitosti prizvoda koji će se ugraditi, a nikako naredbodavnu obaveznu dobavu, proizvodnju i ugradbu imenovanog proizvoda.

Sheet 1. ENERGETSKI RAZVOD
A1:  | F1: Zagreb, J. Knifera 2
A4: r.br. | B4: opis stavke | C4: jed | D4: količina | E4: cijena | F4: iznos
A5: 1 | B5: 2 | C5: 3 | D5: 4 | E5: 5 | F5: 4x5=6
F6: =IF(OR(OR(E6=0,E6=" "),OR(D6=0,D6=" "))," ",D6*E6)
A7: 1. | B7: INSTALACIJA ENERGETSKOG RAZVODA
A9: 1. | B9: Dobava, postava i spajanje uzidnog ormara, zaštite IP30, prema shemi “KPO”, ukupnih dimenzija 400x600×200mm. Ormar je izrađen od plastificiranog čeličnog lima. Oznaku razdjelnika kao i natpise na vratima izvesti na graviranim plastičnim pločicama. Razdjelnik je opremljen bravicama na vratima, te nosačem za jednopolnu shemu. U razdjelnik ugraditi slijedeću opremu prema jednopolnoj shemi: | C9: komplet | D9: 1 | E9: 1245 | F9: =D9*E9 -> 1245
A10: - | B10: Rastavna sklopka s nožastim osiguračima veličine 0, 3-polna, 125A, ravni priključci, montaža na ploču | C10: kom | D10: 3
A11: - | B11: rastavljač sklopka za cilindrične rastalne osigurače, 10x38mm, 1-p, tip C10-SLS/32/1 | C11: kom | D11: 3
A12: - | B12: Kratkospojnik 100A | C12: kom | D12: 2
A13: - | B13: odvodnik prenapona, 4-p, za sustav TN,TT, klasa C, Iimp=4x20kA, In(8/20)=20kA, Un=280V | C13: kom | D13: 1
A14: - | B14: sva potrebna montažna i spojna oprema potrebna za ugradnju specificirane opreme, sabirnice, redne stezaljke, sabirnice nule i zemlje, spojni vodovi, plastične kanalice, natpisne pločice, te ostali potrebni sitni spojni i montažni materijal i pribor.
A16: 2. | B16: Dobava, postava i spajanje uzidnog ormara, zaštite IP30, prema shemi “EMO”, ukupnih dimenzija 930x460×200mm. Ormar je izrađen od plastificiranog čeličnog lima. Oznaku razdjelnika kao i natpise na vratima izvesti na graviranim plastičnim pločicama. Razdjelnik je opremljen bravicama na vratima, te nosačem za jednopolnu shemu. U razdjelnik ugraditi slijedeću opremu prema jednopolnoj shemi: | C16: komplet | D16: 1 | E16: 2223 | F16: =D16*E16 -> 2223
A17: - | B17: Rastavna sklopka s nožastim osiguračima veličine 0, 1-polna, 35A, ravni priključci, montaža na ploču | C17: kom | D17: 3
A18: - | B18: brojilo energije, HEP | C18: kom | D18: 3
A19: - | B19: sva potrebna montažna i spojna oprema potrebna za ugradnju specificirane opreme, sabirnice, redne stezaljke, sabirnice nule i zemlje, spojni vodovi, plastične kanalice, natpisne pločice, te ostali potrebni sitni spojni i montažni materijal i pribor.
A21: 3. | B21: Dobava, postava i spajanje uzidnog ormara, zaštite IP30, prema shemi “EMO”, ukupnih dimenzija 1110x460×200mm. Ormar je izrađen od plastificiranog čeličnog lima. Oznaku razdjelnika kao i natpise na vratima izvesti na graviranim plastičnim pločicama. Razdjelnik je opremljen bravicama na vratima, te nosačem za jednopolnu shemu. U razdjelnik ugraditi slijedeću opremu prema jednopolnoj shemi: | C21: komplet | D21: 7 | E21: 2199 | F21: =D21*E21 -> 15393
A22: - | B22: Rastavna sklopka s nožastim osiguračima veličine 0, 1-polna, 35A, ravni priključci, montaža na ploču | C22: kom | D22: 2
A23: - | B23: brojilo energije, HEP | C23: kom | D23: 2
A24: - | B24: sva potrebna montažna i spojna oprema potrebna za ugradnju specificirane opreme, sabirnice, redne stezaljke, sabirnice nule i zemlje, spojni vodovi, plastične kanalice, natpisne pločice, te ostali potrebni sitni spojni i montažni materijal i pribor.
A26: 4. | B26: Isporuka, ugradnja i spajanje razdjelnika RZP (ugradni) dim 400 x 600 x 200 mm. Ormar je izrađen od plastificiranog čeličnog lima. Oznaku razdjelnika kao i natpise na vratima izvesti na graviranim plastičnim pločicama. Razdjelnik je opremljen bravicama na vratima, te nosačem za jednopolnu shemu. U razdjelnik ugraditi slijedeću opremu prema jednopolnoj shemi: | C26: komplet | D26: 1 | E26: 2384 | F26: =D26*E26 -> 2384
A27: - | B27: minijaturni automatski prekidač, 40A, D karakteristike, 1P+N, 25 kA | C27: kom | D27: 2
A28: - | B28: odvodnik prenapona, 2-polni, utične izvedbe, klasa C, In=20kA, Imax=40kA, Uc=280V | C28: kom | D28: 1
A29: - | B29: limitator 4,6kW 1-fazni | C29: kom | D29: 1
A30: - | B30: FID sklopka 40/0,3A, 2P | C30: kom | D30: 1
A31: - | B31: FID sklopka 25/0,03A, 2P | C31: kom | D31: 2
A32: - | B32: automatski osigurač 25 A, C karakteristike, 1-polni, 10 kA | C32: kom | D32: 2
A33: - | B33: automatski osigurač 16 A, C karakteristike, 1-polni, 10 kA | C33: kom | D33: 2
A34: - | B34: automatski osigurač 10 A, C karakteristike, 1-polni, 10 kA | C34: kom | D34: 15
A35: - | B35: automatski osigurač 6 A, C karakteristike, 1-polni, 10 kA | C35: kom | D35: 1
A36: - | B36: stubišni automat 10A, 230V | C36: kom | D36: 8
A37: - | B37: sklopnik 10A, 230V | C37: kom | D37: 1
A38: - | B38: luxomat sa foto sondom | C38: kom | D38: 1
... A40: - | B40: sva potrebna montažna i spojna oprema potrebna za ugradnju specificirane opreme (sabirnice, redne stezaljke, sabirnice nule i zemlje, spojni vodovi, plastične kanalice, natpisne pločice) | C40: komplet | D40: 1
A42: 5. | B42: Dobava, postava i spajanje nadgradnog razdjelnika (R1 - R18) kompaktne izvedbe, 3-rednog, bijele boje, neprozirnih vrata, IP40, kl.II, sa N i PE sabirnicama, prema shemi “R0", U razdjelnik ugraditi slijedeću opremu prema jednopolnoj shemi: | C42: komplet | D42: 18 | E42: 994 | F42: =D42*E42 -> 17892
A43: - | B43: minijaturni automatski prekidač, 40A, D karakteristike, 1P+N, 25 kA | C43: kom | D43: 2
A44: - | B44: odvodnik prenapona, 2-polni, utične izvedbe, klasa C, In=20kA, Imax=40kA, Uc=280V | C44: kom | D44: 1
A45: - | B45: limitator 9,2kW 1-fazni | C45: kom | D45: 1
A46: - | B46: FID sklopka 40/0,3A, 2P | C46: kom | D46: 1
A47: - | B47: FID sklopka 25/0,03A, 2P | C47: kom | D47: 2
A48: - | B48: automatski osigurač 25 A, C karakteristike, 1-polni, 10 kA | C48: kom | D48: 2
A49: - | B49: automatski osigurač 16 A, C karakteristike, 1-polni, 10 kA | C49: kom | D49: 8
A50: - | B50: automatski osigurač 10 A, C karakteristike, 1-polni, 10 kA | C50: kom | D50: 6
A51: - | B51: sva potrebna montažna i spojna oprema potrebna za ugradnju specificirane opreme (sabirnice, redne stezaljke, sabirnice nule i zemlje, spojni vodovi, plastične kanalice, natpisne pločice) | C51: komplet | D51: 1
A53: 6. | B53: Isporuka, polaganje (u instalacionu cijev) kabela:
B54: -NYY 4x50+25mm² / CS cijev Φ50 (EMO) | C54: m | D54: 55 | E54: 49.5 | F54: =D54*E54 -> 2722.5
B55: -NYY 4x35+25mm² / CS cijev Φ50 (EMO) | C55: m | D55: 65 | E55: 41.37 | F55: =D55*E55 -> 2689.05
B56: -NYY 3x10 mm² / PEHD cijev ɸ50mm (RO) | C56: m | D56: 210 | E56: 21 | F56: =D56*E56 -> 4410
B57: -J-Y(St)Y 2x2x0,6 mm² / PEHD cijev ɸ20mm | C57: m | D57: 280 | E57: 7.25 | F57: =D57*E57 -> 2030
B58: -LYcY 2x0,8 mm² / PEHD cijev ɸ20mm | C58: m | D58: 30 | E58: 6.44 | F58: =D58*E58 -> 193.2
