Workbook
Name __xlnm.Print_Area_1: #REF!
Name __xlnm.Print_Area_1: #REF!
Name __xlnm.Print_Area_1: #REF!
Name __xlnm.Print_Area_1: #REF!
Name __xlnm.Print_Area_1: #REF!
Name __xlnm.Print_Area_2: #REF!
Name __xlnm.Print_Area_2: #REF!
Name __xlnm.Print_Area_2: #REF!
Name __xlnm.Print_Area_2: #REF!
Name __xlnm.Print_Area_2: #REF!
Name __xlnm.Print_Area_3: #REF!
Name __xlnm.Print_Area_3: #REF!
Name __xlnm.Print_Area_3: #REF!
Name __xlnm.Print_Area_3: #REF!
Name __xlnm.Print_Area_3: #REF!
Name __xlnm.Print_Area_4: #REF!
Name __xlnm.Print_Area_5: #REF!
Name __xlnm.Print_Area_6: #REF!
Name __xlnm.Print_Titles_1: #REF!
Name __xlnm.Print_Titles_2: #REF!
Name __xlnm.Print_Titles_3: #REF!
Name __xlnm.Print_Titles_4: #REF!
Name __xlnm.Print_Titles_5: #REF!
Name NOVO: #REF!
Name Print_Area_MI: #REF!
Name Print_Area_MI: #REF!
Name Print_Area_MI: #REF!
Name Print_Area_MI: #REF!
Name Print_Area_MI: #REF!

Sheet NASLOVNICA
C2: INVESTITOR: | D2: REPUBLIKA HRVATSKA
D3: SISAČKO-MOSLAVAČKA ŽUPANIJA
D4: Ulica Stjepana i Antuna Radića 36
D5: 44000, Sisak
D6: OIB: 82215698659
C8: GRAĐEVINA: | D8: Rekonstrukcija i dogradnja zgrade 3 (bivša stražarnica) u sklopu Domobranske vojarne u Sisku i prenamjena u RCK Tehnička škola Sisak
C11: LOKACIJA: | D11: Sisak, Lađarska ulica 28A
D12: k.č.718/1 k.o. Novi Sisak
C14: BR. PROJEKTA : | D14: TD 2/24
A30: TENDER TROŠKOVNIK
B41: GLAVNI PROJEKTANT:
B43: Mate Žagar, dipl.ing.građ.
D49: Zagreb, prosinac 2024. god
D50: revizija 1: siječanj 2025. god.

Sheet SVEUKUPNA REKAPITULACIJA
C3: SVEUKUPNA REKAPITULACIJA ZGRADA 3
B5: 1. | C5: GRAĐEVINSKO-OBRTNIČKI RADOVI | G5: ='1_Građevinsko Obrtnički'!G1186 -> 2475854
B6: 2. | C6: VODOVOD I KANALIZACIJA | G6: ='VIK-REK'!G13 -> 254911.89
B7: 3. | C7: STROJARSKE INSTALACIJE | G7: ='3_STROJARSTVO'!F842 -> 355220
B8: 4. | C8: ELEKTROINSTALACIJE | G8: ='4_ELEKTROINSTALACIJE'!F777 -> 356777.42
B9: 5. | C9: VATRODOJAVA | G9: ='5_VATRODOJAVA'!F172 -> 32830
C11: UKUPNO | G11: =SUM(G5:G9) -> 3475593.3
C12: PDV 25% | G12: =G11*0.25 -> 868898.33
C14: SVEUKUPNO | G14: =G11+G12 -> 4344491.6

Sheet OTU
A2: NAPOMENA !
A3: VAŽNA NAPOMENA UZ TROŠKOVNIKE (odnosi se na sve troškovnike):
A4: Odredba o normama U dokumentaciji su navedena tehnička pravila koja opisuju predmet nabave pomoću hrvatskih odnosno europskih odnosno međunarodnih normi. Ponuditelj treba ponuditi predmet nabave u skladu s normama iz dokumentacije o nabavi ili jednakovrijednim normama. Stoga za svaku navedenu normu navedenu pod dotičnom normizacijskom sustavu dozvoljeno je nuditi jednakovrijednu normu, tehničko odobrenje odnosno uputu iz odgovarajuće hrvatske, europske ili međunarodne nomenklature.
A5: Jedinična cijena U jediničnim cijenama za sve stavke troškovnika, ponuda mora sadržavati ukupne troškove materijala i rada do potpunog dovršenja cjelokupnog posla odnosno do pune funkcionalnosti. Jedinična cijena, također, uključuje sva potrebna ispitivanja, kontrole i mjerenja za sve izvedene radove, ugrađene materijale i opremu, u svrhu dokazivanja njihove kvalitete i kompletiranja tehničke dokumentacije potrebne za ishođenje dozvola, te se prilikom primopredaje građevine, uručuje Investitoru odnosno krajnjem korisniku. Navedena ispitivanja, kontrole i mjerenja izvode ovlaštene institucije, a odnose se na ispitivanje plinskih instalacija, ispitivanje vodonepropusnosti kanalizacije, uzimanje uzoraka i ispitivanje pitkosti vode, ispitivanje gromobranske instalacije, ispitivanje električne instalacije jake i slabe struje, pregled dimovodnih kanala, te ostala potrebna ispitivanja sukladno važećoj zakonskoj regulativi. Napomena: Sve predmetno je obuhvaćeno jediničnom cijenom i ne navodi se kao zasebna stavka!
A6: POSEBNI, OPĆI I TEHNIČKI UVJETI UGOVARANJA I IZVOĐENJA
A7: OPĆI UVJETI
A8: Sve radove izvođač mora izvoditi prema troškovniku, glavnom projektu (prema svim navedenim zakonima, pravilnicima i normama u programu kontrole i osiguranja kvalitete) i izvedbenom projektu solidno i stručno, prema pravilima dobrog zanata, a osobito prema:
A9: Zakon o prostornom uređenju (NN 153/13, 65/17, 114/18, 39/19, 98/19), Zakona o gradnji (NN 153/13, 20/17, 39/19,125/19), Zakon o državnom inspektoratu (NN 115/18, 117/21, 67/23), Zakon o građevnim proizvodima (NN 76/13, 30/14, 130/17, 32/19, 118/20), Zakon o tehničkim zahtjevima za proizvode i ocjenjivanju sukladnosti (NN 126/21), Zakon o zaštiti na radu (NN 71/14, 118/14, 154/14 , 94/18, 96/18), Zakon o zaštiti od buke (NN 30/09, 55/13, 153/13, 41/16, 114/18, 14/21), Zakon o zaštiti od požara (NN 92/10).
A10: Tehnički propis o građevnim proizvodima (NN 35/18, 104/19), Tehnički propis za građevinske konstrukcije (NN 17/17, 75/20, 7/22) , Tehnički propis o racionalnoj uporabi energije i toplinskoj zaštiti u zgradama (NN 128/15, 70/18, 73/18-ispravak, 86/18-ispravak, 102/20) ) s pripadajućim normama, te svim ostalim hrvatskim i europskim tehničkim propisima i normama i priznatim tehničkim pravilima.
A11: Specifikacije (tekstualni dio) i grafički prikazi predstavljaju cjelinu i što je makar jednom od njih naznačeno obaveza je za izvoditelja. Sve eventualne nejasnoće i nedefiniranosti izvođač radova treba utvrditi sa projektantom ili nadzornim inženjerom i otkloniti. Izvoditelj ima obavezu dati pismenu izjavu da je tehničku dokumentaciju razumio, da je izvršio provjeru usklađenosti i količina, da u njoj nema nedostataka, te da je prihvaća kao osnovu za izgradnju.
A12: Izvoditelj preuzima punu odgovornost za točnost, stabilnost i sigurnost svih operacija i načina gradnje. Izvoditelj će otkloniti sve nedostatke koje ustanovi Investitor, a prema opsegu radova predviđenih ugovorom i ovim uvjetima. Ovo pod uvjetom da izvoditelj neće biti odgovoran za nacrte ili specifikaciju trajnih ili privremenih radova koje nije primio, a nije bio u obvezi da ih sam izradi u skladu s ovim uvjetima i ugovorom.
A13: Prije dostave ponude i početka radova, izvoditelju se preporuča provjeriti na radilištu sve uvjete potrebne za rad te pregledati i detaljno proučiti sve podatke koje mu je Investitor stavio na raspolaganje i to o hidrološkim i podzemnim uvjetima, projektnu dokumentaciju, prema kojoj će izvoditi radove. Provjeriti sve izmjere vezane na raspoloživu projektnu dokumentaciju. Naročitu pažnju treba posvetiti usuglašenosti građevinskih i instalaterskih nacrta. O svim eventualnim primjedbama u odnosu na potpunost i tehničku ispravnost tehničke dokumentacije, dužan je izvoditelj pravovremeno u pisanom obliku izvijestiti Investitora prije početka radova i zatražiti potrebna objašnjenja i rješenja, jer u protivnom, troškovi koji bi uslijed toga nastupili, idu na teret Izvoditelja. Smatra se da je izvoditelj pregledao i ispitao radilište i njegovu okolinu kao i podatke u vezi s njim te da se zadovoljio (u onoj mjeri u kojoj je to provedivo, uzimajući u obzir trošak i vrijeme) prije podnošenja svoje Ponude u pogledu:
... A786: čišćenja po završenom radu

Sheet 1_NASLOV
C2: INVESTITOR: | D2: REPUBLIKA HRVATSKA
D3: SISAČKO-MOSLAVAČKA ŽUPANIJA
D4: Ulica Stjepana i Antuna Radića 36
D5: 44000, Sisak
D6: OIB: 82215698659
C8: GRAĐEVINA: | D8: Rekonstrukcija i dogradnja zgrade 3 (bivša stražarnica) u sklopu Domobranske vojarne u Sisku i prenamjena u RCK Tehnička škola Sisak
C11: LOKACIJA: | D11: Sisak, Lađarska ulica 28A
D12: k.č.718/1 k.o. Novi Sisak
C14: BR. PROJEKTA : | D14: TD 2/24
A30: 1_TROŠKOVNIK
A31: GRAĐEVINSKO-OBRTNIČKIH RADOVA
B41: PROJEKTANT:
B43: Jasenka Žagar, dipl.ing.arh.
D49: Zagreb, prosinac 2024. god
D50: revizija 1: siječanj 2025. god.

Sheet 1_Građevinsko Obrtnički
A1: Broj stavke | C1: OPIS STAVKE | D1: jed. mjere | E1: količina | F1: jedinična cijena | G1: ukupno
A3: A. | C3: GRAĐEVINSKI RADOVI
A5: A. | B5: I. | C5: SKELA I PRIPREMNI RADOVI
B7: 1. | C7: REKONSTRUKCIJA POSTOJEĆE ZGRADE
B8: 1.1. | C8: Doprema na gradilište, montaža, demontaža i odvoz s gradilišta cijevne fasadne skele izrađene od bešavnih cijevi ili tipskih montažnih elemenata, te i potrebnih spojnih sredstava i pribora, sa svim potrebnim ukrućenjima i sidrenjima. Skela obuhvaća cijelu dužinu pročelja sa istakama. Skelu je potrebno osigurati od prevrtanja sidrenjem u objekt, a od udara groma uzemljenjem. Potrebno je izvesti pomoćne željezne ili drvene ljestve - penjalice u svrhu osiguranja vertikalne komunikacije po skeli.
C9: Prije izvedbe skele izvođač je dužan izraditi projekt skele sa uključenim rješenjima statičke stabilnosti i osiguranja zaštite na radu što je u cijeni stavke.
C10: Obračun se vrši po m2 vertikalne projekcije površine skele. | D10: m2 | E10: 250 | F10: 15 | G10: =E10*F10 -> 3750
B12: 1.2. | C12: Ispitivanje vertikalnosti pročelja nakon postave skele i obijanja žbuke. Rad se izvodi u dogovoru s nadzornim inženjerom, a ustanovljene neravnine se moraju ucrtati i kotirati na nacrtu pročelja. Ispitivanje vertikalnosti na 16 pozicija (2-3 po plohi pročelja) visine 4,5 m. Obračun po kompletu ispitanosti vertikalnosti (m1=72).
D13: komplet | E13: 1 | F13: 1000 | G13: =E13*F13 -> 1000
B15: 1.3. | C15: Snimanje profilacija i uzimanje otisaka s očuvanih i očišćenih profilacija. Izmjere i uzorci uzimaju se s očuvanih površina i elemenata s kojih prethodno treba ukloniti sve slojeve prašine, smoga i drugih nečistoća, slojeve starih naliča, žbuke i sl. Prema otiscima izraditi šablone za izvedbu vučenih profila (po jednu radnu i jednu rezervnu) od čvrste i zdrave drvene građe ili metalne. Po potrebi izraditi i gipsane odljeve i nacrte 1:1. Za svaki vučeni profil izrađuje se komplet za oba sloja žbuke (za podložni i završni sloj žbuke) 1 komplet na 6-8 m. Izrada kalupa od prikladnih materijala, odljeva i drugog po potrebi za pojedine elemente koji se izvode u žbuci. Izrada kalupa, odljeva i sl. za elemente u štuko (ili drugoj masi) obuhvaćena je u restauratorskim radovima za svaki pojedini element. Točan položaj i broj snimaka i otisaka određuje nadzor nadležnog konzervatorskog zavoda. Uključivo ovjera konzervatorskog nadzora snimaka i šablona, nakon čega se može početi s obijanjem žbuke. Obračun po kompletu.
C16: Shema - detaljna skica plohe arhitektonske plastike | D16: komplet | E16: 1
C17: a) profilacija nadvoja iznad prozora od fasadne opeke r.š. do 30 cm (m1=16)
C18: b) profilacija pozorskih klupčica (m1=12)
C19: c) profilacija vertikalna uz fasadnu opeku okvira vrata prizemlja od fasadne opeke r.š. do 20 cm (m1=6) | D19: komplet | E19: 1
C20: Obračun po kompletu izvedenih radova. | D20: komplet | E20: 1 | F20: 5000 | G20: =E20*F20 -> 5000
B22: 2. | C22: DOGRADNJA
B23: 2.1. | C23: Doprema na gradilište, montaža, demontaža i odvoz s gradilišta cijevne fasadne skele izrađene od bešavnih cijevi ili tipskih montažnih elemenata, te i potrebnih spojnih sredstava i pribora, sa svim potrebnim ukrućenjima i sidrenjima. Skela obuhvaća cijelu dužinu pročelja sa istakama. Skelu je potrebno osigurati od prevrtanja sidrenjem u objekt, a od udara groma uzemljenjem. Potrebno je izvesti pomoćne željezne ili drvene ljestve - penjalice u svrhu osiguranja vertikalne komunikacije po skeli.
C24: Prije izvedbe skele izvođač je dužan izraditi projekt skele sa uključenim rješenjima statičke stabilnosti i osiguranja zaštite na radu što je u cijeni stavke.
C25: Obračun se vrši po m2 vertikalne projekcije površine skele. | D25: m2 | E25: 1400 | F25: 15 | G25: =E25*F25 -> 21000
B27: 2.2. | C27: Rušenje drveća i čišćenje parcele u zoni zahvata površine 3600 m2, od grmlja, drveća visine 8-12 m (kom 18), postojećeg zidanog opečnog potpornog zida debljine do 70 cm, visine 1,50 m i duljine 50 m, s utovarom i odvozom na mjesnu planirku.
C28: U dogovoru s konzervatorskim nadzorom odrediti koja se stabla mogu ukloniti.
C29: Čišćenje parcele u zoni zahvata, s utovarom i odvozom na mjesnu planirku; a) čišćenje parcele, uključivo uklanjanje niskog raslinja, m2=3600; b) uklanjanje drveća visine do 8 m, promjera do 60 cm, sa vađenjem panjeva, kom=8; c) uklanjanje drveća visine do 12 m, promjera do 100 cm, sa vađenjem panjeva, kom=10; d) uklanjanje postojećeg zidanog opečnog potpornog zida debljine do 70 cm, visine 1,50 m i duljine 50 m.
C30: Obračun po komadu kompletu srušenog izvedenih radova. | D30: komplet | E30: 1 | F30: 1000 | G30: =E30*F30 -> 1000
B32: 2.3. | C32: Iskolčenje građevine, tj, geodetski prijenos tlocrta vanjskih obrisa na terenu unutar građevne čestice sa izradom nacrta - situacija iskolčenja. Obuhvaća npr.: iskolčenje osi i poligonih točaka koje služe za rekonstrukciju osovine i visine; postavljanje poprečnih profila i drugo; tijekom rada izvođač obavlja pojedine izmjene pravca i visine koje su mu potrebne za izvođenje i obračun izvršenih radova; praćenje slijeganja dogradnje u odnosu na postojeću građevinu (broj repera 4, vrijeme praćenja 2 godine). U cijeni sav rad i materijal.
C33: Obuhvatiti sva geodetska mjerenja, kojima se podaci iz projekta prenose na teren, osiguranje iskolčenih osi trase, profiliranje, obnavljanje i održavanje iskolčenih oznaka na terenu za sve vrijeme građenja, odnosno do predaje radova investitoru.
C34: Iskolčenje građevine mora obaviti osoba ovlaštena za obavljanje poslova izmjere. Ispravnost iskolčenja građevine potvrđuje ovlaštena osoba (prethodni pasus) upisom u građevinski dnevnik prije početka radova iskopa.
C35: Tlocrtna površina građevine iznosi 930 m2. Obračun po kompletu iskolčenja građevine. | D35: komplet | E35: 1 | F35: 500 | G35: =E35*F35 -> 500
B37: 2.4. | C37: Izrada geodetskog elaborata izvedene građevine i parcele, te instalacija s uplanjenjem u katastar. Izvesti po ovlaštenoj osobi. | D37: komplet | E37: 1 | F37: 2500 | G37: =E37*F37 -> 2500
A39: A. | B39: I. | C39: SKELA I PRIPREMNI RADOVI UKUPNO | G39: =SUM(G10:G37) -> 34750
A42: A. | B42: II. | C42: KONZERVATORSKI ISTRAŽNI RADOVI
B44: 1. | C44: REKONSTRUKCIJA POSTOJEĆE ZGRADE
B45: 1.1. | C45: Konzervatorska istraživanja žbuke i boje zidova, te površina i elemenata pročelja nakon postave skele, a prije rušenja i demontaža, radi utvrđivanja izgleda pročelja u raznim povijesnim razdobljima, te radi utvrđivanja stanja obrada i konstrukcija. Prema odredbama nadležnog konzervatorskog zavoda otvoriti konzervatorske sonde na ravnim površinama pročelja, na vučenim profilacijama, te stolariji. Stavka uključuje izradu izvještaja nakon provedenih konzervatorskih istražnih radova s ucrtanim i opisanim pozicijama sondi. Obračun po broju sondi i kompletu elaborata istražnih radova.
C46: Sonda | D46: komada | E46: 10 | F46: 500 | G46: =F46*E46 -> 5000
C47: Izrada elaborata istražnih radova | D47: komplet | E47: 1 | F47: 3000 | G47: =F47*E47 -> 3000
B49: 1.2. | C49: Konzervatorska istraživanja slojeva, žbuke i boje, unutarnjih zidova, prije rušenja i demontaža, radi utvrđivanja izgleda pročelja u raznim povijesnim razdobljima, te radi utvrđivanja stanja obrada i konstrukcija. Prema odredbama nadležnog konzervatorskog zavoda otvoriti konzervatorske sonde na ravnim površinama unutarnjih zidova. Stavka uključuje izradu izvještaja s fotodokumentacijom nakon provedenih konzervatorskih istražnih radova s ucrtanim i opisanim pozicijama sondi. Obračun po broju sondi i kompletu elaborata istražnih radova.
C50: Sonda | D50: komada | E50: 5 | F50: 500 | G50: =E50*F50 -> 2500
C51: Izrada elaborata istražnih radova | D51: komplet | E51: 1 | F51: 3000 | G51: =E51*F51 -> 3000
A53: A. | B53: II. | C53: KONZERVATORSKI ISTRAŽNI RADOVI UKUPNO | G53: =SUM(G46:G51) -> 13500
A56: A. | B56: III. | C56: RUŠENJA I DEMONTAŽE
B58: 1. | C58: REKONSTRUKCIJA POSTOJEĆE ZGRADE
B59: 1.1. | C59: Pažljiva demontaža sa otpajanjem svih elektro priključaka, nosača priključaka, cijevi, elektro-ormarić, te odlaganjem do ponovne ugradbe ukoliko se elementi vraćaju. Obračun po komadu izvršene demontaže. | D59: kom | E59: 1
B61: 1.1. | C61: Demontaža postojećih instalacija: a) demontaža elektroinstalacija (m1=100); b) demontaža instalacije vodovoda i kanalizacije (4 wc-a); c) demontaža kuhinjske nape restorana i ventilacijskih kanala presjeka do 0,25 m2 (m1=30). Obračun po kompletu izvršene demontaže. | D61: kom | E61: 1 | F61: 1000 | G61: =E61*F61 -> 1000
B63: 1.2. | C63: Ručno otucanje stare trošne žbuke debljine 3-5 cm, sa ravnih ploha pročelja, nakon završenih svih konzervatorskih istraživanja. Rad izvoditi pažljivo naročito u blizini profilacija i dekorativnih elemenata. Ziđe pročelja je od opeke. Nakon obijanja žbuke zid očistiti čeličnim četkama, a reške skobama do dubine od 1 cm. Potom cijelu površinu otprašiti i isprati vodom. Uključivo špalete otvora te prijenos i odlaganje šute na gradilišnu deponiju. Obračun po m2 ortogonalne projekcije pročelja, ne računajući površine prozorskih otvora i profilacija. Predviđeno otucanje 100% površine.
D64: m2 | E64: 250 | F64: 20 | G64: =E64*F64 -> 5000
B66: 1.3. | C66: Rušenje zida od opeke debljine 45 cm kako bi se izveli otvori za prozore. Stavka uključuje sav horizontalni i vertikalni te transport na gradilišnu deponiju, a obračun će vrši po stvarno izvedenoj količini.
C67: Obračun po m3 srušenog zida | D67: m3 | E67: 10 | F67: 500 | G67: =E67*F67 -> 5000
B69: 1.4. | C69: Demontaža postojećeg horizontalnog žlijeba izrađenog od pocinčanog čeličnog lima d=0.55. Stavka obuhvaća i demontažu kuka. Obračun po m1 žlijeba te komadu kuke.
C70: Horizontalni žlijeb, Ø 12 cm | D70: m1 | E70: 55 | F70: 5 | G70: =E70*F70 -> 275
C71: Kuke za pričvršćenje | D71: komada | E71: 55 | F71: 5 | G71: =E71*F71 -> 275
B73: 1.5. | C73: Demontaža postojećih limenih vertikalnih oluka sa svim pričvrsnicama, obujmicama, kukama, fazonskim komadima spojeva na horizontalni žlijeb i sl., spuštanje na tlo i odvoz na gradilišnu deponiju. Obračun po m1 lima i komadu obujmice.
C74: Vertikalni oluk, Ø12 cm | D74: m1 | E74: 12 | F74: 5 | G74: =F74*E74 -> 60
C75: Obujmice | D75: komada | E75: 12 | F75: 5 | G75: =F75*E75 -> 60
B77: 1.6. | C77: Demontaža postojećeg lima uvale krova od pocinčanog lima r.š. do 70 cm. U cijenu stavke uključiti interne transporte, sav rad i materijal potreban za potpuno dovršenje radova, odvoz na gradilišnu deponiju. Demontažu obavezno izvodi limar koji je dužan uzeti mjere i uzorke te snimiti detalje izvedbe, što je uključeno u cijenu stavke. Prije demontaže limar je dužan uzeti sve mjere i detalje postojeće limarije za izvedbu nove limarije, čije nacrte je dužan dati na pregled nadzornom inženjeru i predstavniku nadležnog tijela za zaštitu spomenika kulture.
C78: Obračun po m1 lima. | D78: m1 | E78: 12 | F78: 5 | G78: =E78*F78 -> 60
B80: 1.7. | C80: Rušenje svih dimnjaka u dijelu iznad krova. U cijenu stavke uključiti interne transporte, pomičnu građevnu skelu, sav rad i materijal potreban za potpuno dovršenje radova, odvoz razgrađenog materijala na gradilišnu deponiju.
C81: Obračun po m3 srušenog zida dimnjaka | D81: m3 | E81: 2 | F81: 1000 | G81: =E81*F81 -> 2000
B83: 1.8. | C83: Ručna demontaža postojećeg crijepa i krovnih letvi do nosive konstrukcije krovišta, te odlaganje na gradilišnu deponiju. Obračun se vrši po stvarnoj površini krovnih ploha. U cijenu stavke uključiti interne transporte, pomičnu građevnu skelu, sav rad i materijal potreban za potpuno dovršenje radova.
C84: Obračun po m2 kose površine krova. | D84: m2 | E84: 220 | F84: 15 | G84: =E84*F84 -> 3300
B86: 1.9. | C86: Ručni utovar, odvoz i istovar skinutog i demontiranog, odvojeno sakupljenog materijala i limarije (što neće biti oporabljeno na mjestu nastanka / gradilištu) u reciklažne centre. Stavka uključuje i eventualnu naknadu za odlaganje. Obračun stavke samo uz dostavu dokumenta o preuzetom materijalu (i eventualno plaćenoj naknadi).
C87: Obračun se vrši po m3 otpada. | D87: m3 | E87: 6 | F87: 300 | G87: =E87*F87 -> 1800
B89: 1.10. | C89: Demontaža postojeće drvene konstrukcije višestrešnog krovišta, te odlaganje na gradilišnu deponiju. Obračun se vrši po stvarnoj površini krovnih ploha. U cijenu stavke uključiti interne transporte, pomičnu građevnu skelu, sav rad i materijal potreban za potpuno dovršenje radova.
C90: Obračun po m2 kose površine krova. | D90: m2 | E90: 220 | F90: 30 | G90: =E90*F90 -> 6600
B92: 1.11. | C92: Ručni utovar građevinske šute, materijala od rušenja, materijala krovišta i slično, te odvoz na udaljenost do 10 km, istovar izvrtanjem i planiranjem na gradskoj planirki. Plaćanje svih pristojbi uključiti u jediničnu cijenu. Obračun stavke samo uz dostavu dokumenta o preuzetom materijalu (i eventualno plaćenoj naknadi).
C93: Obračun po m3. | D93: m3 | E93: 24 | F93: 200 | G93: =E93*F93 -> 4800
B95: 1.12. | C95: Demontaža postojećeg opšava od pocinčanog lima na dimnjacima r.š. do 50 cm. U cijenu stavke uključiti interne transporte, sav rad i materijal potreban za potpuno dovršenje radova, odvoz materijala na gradilišnu deponiju. Obračun po m1 lima.
D96: m1 | E96: 6 | F96: 10 | G96: =E96*F96 -> 60
B98: 1.13. | C98: Ručno obijanje ostale profilirane i druge žbuke. Stavka uključuje pažljivo ručno obijanje profilirane žbuke nakon snimanja profilacija, uzimanja otisaka i konzervatorskih istraživanja. Obim i područje skidanja žbuke, kao i slojeve, određuju konzervatorski nadzor i nadzorni inženjer nakon detaljnog pregleda oštećenja. Otucanje vršiti naročito pažljivo uz dekorativne elemente i profile koji se neće uklanjati. S očuvanih profilacija i dekorativnih elemenata koji ostaju, treba skinuti gornji sloj tanke žbuke. Zid (kao i donje slojeve profilacija) nakon obijanja očistiti čeličnim četkama, reške skobama, otprašiti i isprati vodom. Stavka uključuje i skupljanje šute i odvoz na gradilišnu deponiju. Za svaku pojedinu zonu obračunati sve koeficijente specifične profilacije i uključiti ih u jediničnu cijenu (bez povećanja obračunske površine).
C99: Profilacija vertikalna uz fasadnu opeku okvira vrata prizemlja r.š. do 20 cm (m1=6) | D99: m1 | E99: 6 | F99: 100 | G99: =E99*F99 -> 600
B101: 1.14. | C101: Obijanje unutarnje žbuke s nosivih zidanih zidova prizemlja, debljine 2-5 cm, uključivo sa završnom oblogom. Završna obloga može biti uljana boja, disprezivna boja ili keramičke pločice. Jediničnom cijenom obuhvaćeno čišćenje reški nakon uklanjanja žbuke.
C102: U jediničnu cijenu uključen sav potreban rad, svi transporti, sortiranje, i zbrinjavanje građevinskog otpada prema važećem Pravilniku.
C103: Obračun po m2 uklonjenog materijala. | D103: m2 | E103: 240 | F103: 20 | G103: =E103*F103 -> 4800
B105: 1.15. | C105: Razgrađivanje i uklanjanje unutarnjih nosivih i pregradnih zidova iz opeke, uključivo sa obostranom završnom oblogom. Ukupna debljina zidova 20-50 cm.
C106: U jediničnu cijenu uključen sav potreban rad, svi transporti, sortiranje, i zbrinjavanje građevinskog otpada prema važećem Pravilniku.
C107: Obračun po m3 uklonjenog materijala. | D107: m3 | E107: 30 | F107: 500 | G107: =E107*F107 -> 15000
B109: 1.16. | C109: Demontaža i detaljan pregled vanjskih stolarskih elemenata, doprozornika, dovratnika, okova i stakla kako bi se prikupili podaci o materijalu, detaljima, profilacijama i obradama (ukoliko element navedene pozicije postoji na lokaciji) radi izrade nove stolarije sukladno izvornom izgledu. Stavka uključuje demontažu, odlaganje i zbrinjavanje demontirane postojeće stolarije te sve transporte. Obračun po komadu stolarskih elemenata.
C110: Dvostruki trodjelni prozor 100x218 cm | D110: komada | E110: 7 | F110: 200 | G110: =E110*F110 -> 1400
C111: Jednokrilni prozor 100x100 cm | D111: komada | E111: 1 | F111: 100 | G111: =E111*F111 -> 100
C112: Dvokrilna puna vrata s nadsvjetlom 140x290 cm | D112: komada | E112: 1 | F112: 300 | G112: =E112*F112 -> 300
C113: Jednokrilna puna vrata s nadsvjetlom 100x270 cm | D113: komada | E113: 1 | F113: 200 | G113: =E113*F113 -> 200
C114: Jednokrilna puna vrata 100x250 cm | D114: komada | E114: 2 | F114: 250 | G114: =E114*F114 -> 500
B116: 1.17. | C116: Demontaža unutarnjih stolarskih elemenata, vrata s dovratnicima. Stavka uključuje demontažu, odlaganje i zbrinjavanje demontirane postojeće stolarije te sve transporte.
C117: Vrata do 2 m2 | D117: komada | E117: 13 | F117: 50 | G117: =E117*F117 -> 650
B119: 1.18. | C119: Demontaža slojeva međukatne konstrukcije iznad prizemlja.
C120: Stavkom obuhvatiti demontažu svih slojeva stropa sa drvenim grednicima površine 150 m2 i debljine do 30 cm, sastoji se od drvenih grednika 14/20 cm na razmaku 70 cm, gornje i donje daščane oplate, a podgled je ožbukana trstika. Dio stropa je ojačan čeličnim traverzama manjeg profila (do 20%) utovar i odvoz materijala na gradski deponij, uključivo sa svim taksama i naknadama. Radove je potrebno izvoditi unutar postojeće zgrade te je prema tome potrebna primjena specijalne građevinske mehanizacije. Sva otežanja i potrebna prilagođenja u cijeni.
C121: Obračun prema po m2 demontiranog materijala stropa. | D121: m2 | E121: 150 | F121: 40 | G121: =F121*E121 -> 6000
B123: 1.19. | C123: Demontaža - razbijanje postojeće betonske ploče poda sa svim priradajućim podnim slojevima do dubine 50 cm od postojeće kote poda.
C124: Stavkom obuhvatiti utovar i odvoz iskopanog materijala na gradski deponij, uključivo sa svim taksama i naknadama. Napomena: Prilikom izvođenja stavke obvezno prisustvo arheološkog nadzora. Radove je potrebno izvoditi unutar postojeće zgrade te je prema tome potrebna primjena specijalne građevinske mehanizacije. Sva otežanja i potrebna prilagođenja u cijeni.
C125: Obračun prema m3 iskopanog materijala u sraslom stanju. | D125: m3 | E125: 75 | F125: 300 | G125: =F125*E125 -> 22500
A127: A. | B127: III. | C127: RUŠENJA I DEMONTAŽE UKUPNO | G127: =SUM(G61:G125) -> 82340
A130: A. | B130: IV. | C130: ZEMLJANI RADOVI
C132: Napomena:
C133: Prilikom iskopa za temeljenje objekta i pripreme temeljnog tla obvezan je nadzor od strane geomehaničara i kontrola kvalitete temeljnog tla uspoređivanjem s podacima iz geotehničkog elaborata.
C134: Investitor je dužan osigurati arheološki nadzor nad svim zemljanim radovima.
C135: Napomena: Zemljani radovi za instalacije uključeni su u troškovnike instalaterskih radova.
B137: 1. | C137: REKONSTRUKCIJA POSTOJEĆE ZGRADE
B138: 1.1. | C138: Pažljivi kampadni strojni/ručni iskop tla A, B, C kategorije u debljini sloja potrebnog za izvedbu ojačanja temelja tj. podbetoniravanje temelja. Iskop tla dubine do 160 cm i širine do 70 cm sa svake strane postojećeg temelja unutarnjih nosivih zidova. Radove treba izvoditi pažljivo u kampadama duljine do 100 cm, kako se ne bi poremetila postojeća konstrukcija, te uskladiti s betoniranjem novih temelja. Iskop izvoditi sukcesivno, metodom šahovskog polja.
C139: Uključivo potrebno razupiranje i podupiranje iskopa i postojećih temelja, te bušenje rupe za povezivanje temelja svakih 150 cm prema opisu u projektu mehaničke otpornosti i stablinosti. Sva otežanja i potrebna prilagođenja u cijeni.
C140: Stavkom obuhvatiti utovar i odvoz iskopanog materijala na gradski deponij, uključivo sa svim taksama i naknadama. Prilikom izvođenja stavke obvezno prisustvo arheološkog nadzora.
C141: Obračun prema m3 iskopanog zemljanog materijala u sraslom stanju za kategoriju tla A 30%, B 40% i C 30%, te ručni iskop 20% a strojni iskop 80%. | D141: m3 | E141: 45 | F141: 40 | G141: =F141*E141 -> 1800
B143: 1.2. | C143: Pažljivi kampadni strojni/ručni iskop tla A, B, C kategorije u debljini sloja potrebnog za izvedbu ojačanja temelja tj. podbetoniravanje temelja. Iskop tla dubine do 130 cm i širine do 70 cm s vanjske strane objekta i dubine do 160 cm i širine do 70 cm s unutanje strane objekta oko postojećih temelja vanjskih nosivih zidova. Radove treba izvoditi pažljivo u kampadama duljine do 100 cm, kako se ne bi poremetila postojeća konstrukcija, te uskladiti s betoniranjem novih temelja. Iskop izvoditi sukcesivno, metodom šahovskog polja.
...

Sheet 2_NASLOV
B2: ARHINGTRADE d.o.o.
A3: Gajeva 47, 10000 Zagreb, tel. 01/49 22 345, fax. 01/49 22 332, e-mail arhingtrade@arhingtrad.tcloud.hr
A6: Investitor:
A7: SISAČKO-MOSLAVAČKA ŽUPANIJA
A8: Stjepana i Antuna Radića 36, 44 000 Sisak
A12: Građevina:
A13: ZGRADA 3 (BIVŠA STRAŽARNICA)
A14: U SKLOPU DOMOBRANSKE VOJARNE U SISKU
A15: na k.č.br. 718/1, k.o. Novi Sisak, Lađarska ulica 28A
A19: Vrsta i naziv projekta:
A20: TROŠKOVNIK
A21: INSTALACIJE VODOVODA I KANALIZACIJE
A23: Zajednička oznaka projekta: MŽ-02/24
... A26: revizija 1: siječanj 2025.

Sheet VIK-1
B3: TROŠKOVNIK VODOVODA I KANALIZACIJE
A5: I. | B5: RAZVOD UNUTAR OBJEKTA
A7: Red. broj | B7: Opis stavke | C7: Jed.mjera | D7: Količina | E7: Jed.cijena | F7: Iznos
A9: A/ | B9: VODOVOD
A11: 1. | B11: Nabava, dobava i ugradnja cijevi od tvrdog polietilena visoke gustoće PE-80 (PEHD), S 6,3/SDR 13,6 u kvaliteti prema odredbama normi HRN EN 12201 i HRN EN ISO 3126 ili jednakovrijedna za pogonski tlak 1.0 MPa. Montaža cijevi izvodi se elektrootpornim zavarivanjem elektrospojnicama uz obavezno korištenje alata za ispravljanje ovalnosti cijevi. Montaža uključuje potreban brtveni, spojni materijal i fazone. Uračunat pregled prije ugradnje, te ispitivanje spojeva.
B12: Cijevi se spajaju tipskim elektro-spojnicama sa dvostrukim naglavkom u svemu prema naputku proizvođača cijevi. Cijevi se polažu u rov na pripremljenu posteljicu sukladno normi HRN EN1610 ili jednakovrijedna
B13: Stavkom je obuhvaćena dobava, transport i ugradnja cijevi i fazonskih komada (lučnih i čvornih gdje se za njih ukaže potreba), te ispitivanje kao i sav spojni i brtveni materijal, sve za radni tlak PN 10 bara.
B14: Ø 50 mm | C14: m' | D14: 20 | E14: 23 | F14: =(D14*E14) -> 460
B15: Ø 32 mm | C15: m' | D15: 30 | E15: 15 | F15: =(D15*E15) -> 450
F16: =(D16*E16) -> 0
A17: 2. | B17: Nabava, dobava i ugradnja vodovodne PPR cijevi SDR 11, PN 10 sa spojnim i brtvenim materijalom za razvod tople, hladne vode i recirkulacijske vode unutar građevine. Cijevi se polažu u instalacijski kanal, šliceve izvedene u zidovima objekta, zidne usjeke i proboje kao i pod stropom građevine. U cijenu uključiti materijal za pričvršćivanje cijevi (obujmica sa vijkom) pomoću kliznih i čvrstih točaka, cijevi se pričvršćuju svakih cca 0,80m ovisno o profilu i uputama proizvođača. Cijevi se izoliraju izolacijom debljine 6mm. U projektu su navedene nazivne mjere cijevi. Kod dopreme cijevi i spojnih komada na gradilište izvođač je obavezan nadzornom inženjeru priložiti dokument, tj. ispitivanje od strane ZAVODA ZA JAVNO ZDRAVSTVO temeljem kojeg se jamči da su cijevi uporabljive za pitku vodu (tj. za ljudsku uporabu) kao i važeću atestnu dokumentaciju prema normi HRN EN ISO 15874-2 ili jednakovrijedna | F17: =(D17*E17) -> 0
B18: Obračun po m1 komplet dobavljene, ugrađene i ispitane cijevi na tlak od 10 bar-a sa fazonskim komadima. Sav ugrađeni materijal i pribor mora imati odgovarajuće ateste, a ugradnja se mora izvoditi isključivo po uputstvu proizvođača. | F18: =(D18*E18) -> 0
B20: Dimenzije cijevi date su sa unutarnjim promjerom cijevi. Učvršćenje cijevnih vodova za zidnu i stropnu konstrukciju izvesti pomoću obujmica.Stavkom je obuhvaćena dobava, transport u ugradnja cijevi i fazonskih komada po m1 ugrađene cijevi te ispitivanje. | F20: =(D20*E20) -> 0
B21: Ø 20 mm | C21: m' | D21: 140 | E21: 22 | F21: =(D21*E21) -> 3080
B22: Ø 15 mm | C22: m' | D22: 80 | E22: 20 | F22: =(D22*E22) -> 1600
B23: Ø 25 mm | C23: m' | D23: 40 | E23: 26 | F23: =(D23*E23) -> 1040
A25: 3. | B25: Dobava, donos i montaža metalnih cijevi izrađenih iz izvana i iznutra pocinčanog C-čelika sukladno HRN EN 10305 E220 ili jednakovrijedna sa spajanjem spojnim komadima iz galvanski pocinčanog C-čelika, za glavni hidrantski razvod-mokri. Stavka obuhvaća sve potrebne spojnice, redukcije, T-komade i potrebni pričvrsni i ovjesni materijal. | F25: =D25*E25 -> 0
B26: Cijevi izolirati uz prethodni premaz oštećenih i spojnih mjesta antikorozivnim premazom: | F26: =D26*E26 -> 0
B27: a) u zidu i podu – termoizlacijskim cijevima i trakom sa debljinom stijenki od 0,3 mm. | F27: =D27*E27 -> 0
B28: b) u kanalu s gotovim termoizolacijskim cijevima i oblogama sa debljinom stijenki 13 mm. | F28: =D28*E28 -> 0
B29: c) pod stropom – gotove termoizolacijske cijevi sa debljinom stijenki 19 mm. | F29: =D29*E29 -> 0
B30: Dimenzije cijevi date su sa unutarnjim promjerom cijevi. Učvršćenje cijevnih vodova za zidnu i stropnu konstrukciju izvesti pomoću obujmica.Stavkom je obuhvaćena dobava, transport u ugradnja cijevi i fazonskih komada po m1 ugrađene cijevi te ispitivanje.
B31: Ø 50 mm | C31: m' | D31: 100 | E31: 38 | F31: =D31*E31 -> 3800
A33: 4. | B33: Dobava, prijenos i ugradba mjedenih (ljevano željeznih) slobodno protočnih ventila - zasuna, komplet. Ventile montirati kod spoja i na mjestima označenim shemama. Ventile montirati na njima označenom mjestu. | F33: =(D33*E33) -> 0
B34: Ø 50 mm | C34: kom | D34: 1 | E34: 110 | F34: =(D34*E34) -> 110
B35: Ø 25 mm | C35: kom | D35: 1 | E35: 38 | F35: =(D35*E35) -> 38
A37: 5. | B37: Dobava, donos i ugradba mjedenog protočnog ventila sa ugradbenom kapom na navoj. Obračun po komadu komplet ugrađenog ventila sa kapom. | F37: =(D37*E37) -> 0
C38: kom | D38: 5 | E38: 35 | F38: =(D38*E38) -> 175
F39: =(D39*E39) -> 0
A40: 6. | B40: Dobava, prijenos i ugradba kutnih ventila za montažu ispod sanitarnih jedinica (UMIVAONIK-2, WC-1, PISOAR-1). Obračun po komadu ugrađenog ventila sa rozetom. Obračun po komadu ugrađenog ventila. | F40: =(D40*E40) -> 0
B41: Ø 15 mm | C41: kom | D41: 30 | E41: 20 | F41: =(D41*E41) -> 600
F42: =(D42*E42) -> 0
A43: 7. | B43: Dobava, prijenos i ugradba materijala za pričvršćenje i zavješenje cjevovoda, dvostruke i jednostruke obujmice, perforirana traka, vijci, matice, tipli i dr. | C43: kompl. | D43: 1 | E43: 300 | F43: =(D43*E43) -> 300
F44: =(D44*E44) -> 0
A45: 8. | B45: Ispitivanje instalacije na tlak od 15 bara i dezinfekcija cjevovoda otopinom klora. | F45: =(D45*E45) -> 0
B46: Obračun po komadu komplet ispitane instalacije. | C46: kom | D46: 1 | E46: 400 | F46: =(D46*E46) -> 400
A48: 9 | B48: Dobava, prijenos i ugradba požarnih hidranata s ormarićem ugrađenim na zid (nadžbukni crveni i kučište i vrata), vel. ormarića 500x500x140, 22,5 kg br. 4110. Ustavku je uključen ormarić s nastavkom Ø 2'', ventil s holenderom Ø 2'', gumirana cijev trevira, dužine 20 m, prifila 52 mm, art. 3100/T sa spojkom i mlaznicom art. br. 4360, te nosačima. Ormarić opremljen sa elktrogrijačem, spojen sa automatskim uključivanjem i isključivanjem, spojen na el.instalaciju. Obračun po komadu kompletno montiranog i opremljenog hidranta Hv Ø 2'' | F48: =D48*E48 -> 0
B49: INOX vratašca sa staklom. | C49: kom | D49: 5 | E49: 250 | F49: =D49*E49 -> 1250
A51: 10 | B51: Dobava, prijenos, ugradba i postavljanje ručnih vatrogasnih aparata sa zidnim nosačima S9. Sve komplet sa svim pomočnim materijalom i razmještajem. | C51: kom | D51: 10 | E51: 98 | F51: =D51*E51 -> 980
A53: 11 | B53: Izvedba predmeta opreme na hladnu i toplu vodu, sa ventilima Ø 20. Ø 25 i Ø 32, te priključka spremnika tople vode.
B54: Obračun po komadu komplet izvedene opreme. | C54: kom | D54: 1 | E54: 800 | F54: =D54*E54 -> 800
A56: 12 | B56: Izvedba priključka od vodovodnog okna zaključno do vanjskog cjevovoda. | F56: =(D56*E56) -> 0
B57: U svemu prema potvrdi na glavni projekt, sa svom opremom (ventili, zaštita za protupovratni tok, te hvatač nečistoće).
B58: U stavku ulazi iskop zemlje, dobava i montaža cjevovoda sa svim brtvenim materijalom i potrebnim fitinzima, armaturom, izoliranjem, ispitivanjem, zatrpavanjem rova te odvoz preostalog materijala. | F58: =(D58*E58) -> 0
B59: Obračun po komadu komplet izvdenog priljučka. | C59: kom | D59: 2 | F59: =(D59*E59) -> 0
A61: 13 | B61: Nabava, dobava i ugradnja smjese za potrebe ispune mjesta prodora vodovodnih cijevi na prolazu kroz požarne sektore kako bi se spriječio prodor vatre u slučaju požara iz sektora uz sektor. Obračun po komadu izvedenih prodora. DV F=90. | C61: kom | D61: 5 | F61: =(D61*E61) -> 0
A63: 14 | B63: Kvalitetno ispitivanje vode nakon montaže kompletne opreme (Zavod za zaštitu zdravlja) i izdavanje atesta o kvaliteti. | C63: komplet | D63: 1 | E63: 1200 | F63: =(D63*E63) -> 1200
F64: =(D64*E64) -> 0
A65: 15 | B65: Funkcionalno ispitivanje hidrantske mreže, te pribavljanje atesta o zadovoljavanju protupožarnih propisa. | C65: komplet | D65: 1 | E65: 550 | F65: =(D65*E65) -> 550
A67: A/ | B67: UKUPNO VODOVOD: | F67: =SUM(F14:F65) -> 16833
A70: B/ | B70: KANALIZACIJA
A72: 1. | B72: Dobava, prijenos i ugradba PVC kanalizacijskih cijevi i fazonskih komada klase SN 8 za horizontalne odvode vanjske i temeljne odvodnje sa debljom stijenkom,prema normi HRN EN 1401-1:2009 ili jednakovrijedna . Obračun se vrši po m' kompletno montirane cijevi zajedno sa spojnim i pomoćnim materijalom. Fazonski komadi obračunavaju se u 1 m' ugrađenih cijevi.
B73: Ø 160 mm | C73: m' | D73: 80 | E73: 48 | F73: =(D73*E73) -> 3840
B74: Ø 100 mm | C74: m' | D74: 50 | E74: 27 | F74: =(D74*E74) -> 1350
A76: 2. | B76: Dobava, prijenos i ugradba PVC kanalizacijskih cijevi za izvedbu horizontalne odvodnje unutar objekta (sanitarni čvor) iz samogasivih propilenskih cijevi s kolčakom. | F76: =D76*E76 -> 0
B77: Obračun se vrši po m' kompletno montirane, ugrađene i ispitane cijevi zajedno sa svim spojnim i pomoćnim materijalom. Fazonski komadi obračunavanju se kao 1 m' cijevi. | F77: =D77*E77 -> 0
B78: Ø 160 mm | C78: m' | D78: 40 | E78: 22 | F78: =(D78*E78) -> 880
B79: Ø 100 mm | C79: m' | D79: 60 | E79: 18 | F79: =(D79*E79) -> 1080
B80: Ø 80 mm | C80: m' | D80: 50 | E80: 15 | F80: =(D80*E80) -> 750
B81: Ø 50 mm | C81: m' | D81: 60 | E81: 10 | F81: =(D81*E81) -> 600
B82: Ø 32 mm | D82: 40 | E82: 5 | F82: =(D82*E82) -> 200
A84: 3 | B84: Dobava, prijenos i ugradba materijala za pričvršćenje i zavješenje cijevi kanalizacije, obujmice, vijci, matice i dr. | C84: kompl. | D84: 1 | E84: 500 | F84: =(D84*E84) -> 500
A86: 4 | B86: Dobava, donos i ugradba studom za ventilacija. Obračun po komadu ugrađenog studoma .
B87: Ø 100 mm | C87: kom | D87: 2 | E87: 80 | F87: =D87*E87 -> 160
A89: 5 | B89: Dobava, prijenos i ugradba odgovarajućih fazonskih komada za prolaz instalacija odvodnje kroz beton. Cijevi ugraditi u betonske zidove na mjestima ulaza cijevi u objekt, te na mjestima prolaza cijevi kroz grede. Cijevi nakon montaže instalacije popuniti. | F89: =(D89*E89) -> 0
B90: Ø 160 mm | C90: kom | D90: 8 | E90: 60 | F90: =(D90*E90) -> 480
B91: Ø 100 mm | C91: kom | D91: 5 | E91: 50 | F91: =(D91*E91) -> 250
B92: Ø 80 mm | C92: kom | D92: 4 | E92: 20 | F92: =(D92*E92) -> 80
B93: Ø 50 mm | C93: kom | D93: 4 | E93: 10 | F93: =(D93*E93) -> 40
F94: =(D94*E94) -> 0
A95: 6 | B95: Dobava, prijenos i ugradba mesinganih poniklanih vratašca u prizemlju kanalskih vertikala. Sva vratašca su montirana na poniklanim usidrenim okvirima vel. 25x30 cm. Obračun sve kompletno po komadu montiranih vratašca zajedno sa bravicom. | C95: kom | D95: 1 | E95: 35 | F95: =(D95*E95) -> 35
F96: =(D96*E96) -> 0
A97: 7 | B97: Nabava , dobava i ugradnja krovnog slivnika DN75/110 horizontalni sa toplinski izoliranom stijenkom, grijač sa automatskim reguliranjem topline za direktno spajanje na 230 V mrežu (10–30 Watt), brtvenom prirubnicom i INOX stezaljkom za spajanje sa hidroizolacionim folijama, hvatač lišća d=180 mm. Obračun po komadu komplet ugrađenog slivnika sa svim potrebnim radom i materijalom do potpune gotovosti. | C97: kom | D97: 7 | E97: 300 | F97: =(D97*E97) -> 2100
A99: 8 | B99: Ispitivanje kanalizacije na protočnost i nepropusnost spojeva i uređaja uz dobivanje odgovarajućih atesta. Obračun po komadu komplet ispitane kanalizacije. | C99: kom | D99: 1 | E99: 500 | F99: =(D99*E99) -> 500
F100: =(D100*E100) -> 0
A101: 9 | B101: Izrada brtvljenja kroz požarne sektore F=90. Obračun po komadu komplet izvedene brtve Ø32 mm - Ø160 mm. | C101: kom | D101: 1 | E101: 100 | F101: =(D101*E101) -> 100
A103: 10 | B103: Dobava, donos i ugradba kanalica u tuš kabine. Kanalice od 100-120 cm. Kanalice sa sifonom. Obračun po komadu ugrađene kanalice. | C103: kom | D103: 2 | E103: 489 | F103: =(D103*E103) -> 978
A105: 11 | B105: Dobava, donos i ugradba podnog sifona. Obračun po komadu ugrađenog sifona. | C105: kom | D105: 8 | E105: 80 | F105: =(D105*E105) -> 640
A107: 12 | B107: Dobava, donos i ugradba fazonskih komada Za vertikalnu oborinsku odvodnju.
B108: KL-C, KL 1000 mm Ø100 | C108: kom | D108: 7 | E108: 80 | F108: =E108*D108 -> 560
B109: KL-CČ Ø100 | C109: kom | D109: 7 | E109: 110 | F109: =E109*D109 -> 770
B110: KL-L87 Ø100/160 | C110: kom | D110: 7 | E110: 68 | F110: =E110*D110 -> 476
A112: 13 | B112: Nabava, doprema i ugradba kanalizacijskog PEHD montažnog kontrolnog okna uključivo raznošenje i spuštanje u rov te sav potrebni spojni i brtveni materijal .
B113: Okno je kružnog presjeka promjera 80cm. Promjer ulaza je 600 mm. U oknu su tvornički montirane penjalice od nehrđajučeg materijala.
B114: Svako okno se specificira posebno ovisno o dubini okna, broju priključaka te kutu priključenja. Uključiti dopremu lijevanoželjeznih kanalskih poklopaca s pripadajućim okvirom, za opterećenje D400, te njihovu ugradnju na okno. Poklopce treba ugraditi točno u ravnini s niveletom prometnice. Cijena obuhvaća sav potreban rad i materijal. Provjeru statičke stabilnosti (prometno opterećenje, pritisak tla, uzgon) daje proizvođač montažnih okana.
B115: U cijenu uključiti montažu armirano betonske pokrovne ploče te izvesti dobetoniravanje zidova ulaznog otvora radi usklađivanja s niveletom prometnice, uključivo potrebna oplata i armatura kao i priključka cijevi postojeće kanalizacije uključujući i rezanje postojeće kanalizacije.
B116: Obračun po broju kompletno ugrađenih okana. | C116: kom | D116: 5 | E116: 15 | F116: =(D116*E116) -> 75
A118: 14 | B118: Izrada odvoda kompletnog predmeta opreme (kuhinja) sa sifonom. Obračun po komadu kompletno izvedenog odvoda. | C118: kom | D118: 10 | E118: 85 | F118: =(D118*E118) -> 850
F119: =(D119*E119) -> 0
A120: 15 | B120: Izvedba priključka na gradsku kanalizaciju. U stavku uračunat sav potreban rad i materijal do potpune gotovosti. | C120: kom | D120: 8 | E120: 200 | F120: =D120*E120 -> 1600
F121: =D121*E121-0.1*(D121*E121) -> 0
A122: B/ | B122: UKUPNO KANALIZACIJA: | F122: =SUM(F73:F120) -> 18894
A125: C/ | B125: SANITARNI UREĐAJI
B127: Predviđeni su sanitarni uređaji u skladu s DNSH načelom o održivoj uporabi i zaštiti voda i morskih resursa. Novi uređaji za vodu koji se ugrađuju u skladu su s utvrđenim razinama uštede vode s načelima DNSH.
B128: U kontekstu uštede vode za javne zgrade, moraju se ugraditi uređaji za vodu koji su u skladu sa:
B129: a) slavine za bide, umivaonike i kuhinjske slavine imaju maksimalan protok vode od 6 litara / min;
B130: b) kade i tuševi imaju maksimalni protok vode od 8 litara / min;
B131: c) WC-i, uključujući apartamane, posude i cisterne, imaju puni volumen ispiranja od najviše 6 litara i maksimalni prosječni volumen ispiranja od 3,5 litara;
B132: d) pisoari koriste najviše 2 litre / zdjelu / sat, pisoari za ispiranje imaju maksimalani puni volumen ispiranja od 1 litre.
B134: NAPOMENA: Svi sanitrni uređaji su po izboru investitora - visoke klase.
...

Sheet VIK-2
A3: II. | B3: RAZVOD IZVAN OBJEKTA
A5: Red. broj | B5: Opis stavke | C5: Oznaka | D5: Jed.mjera | E5: Količina | F5: Jed.cijena | G5: Iznos
A8: A/ | B8: DEMONTAŽE I RUŠENJA
A10: 1 | B10: Uklanjanje raznog otpada i demontaža dotrajalih sanitarija (umivaonici, wc školjke i pisoari). | D10: kom. | E10: 10 | F10: 100 | G10: =E10*F10 -> 1000
A11: 2 | B11: Demontaža postojećih unutarnjih instalacija vodovoda, odvodnje kao i svih objekata vezanih uz predmetne instalacije. Stavka uključuje sav potreban rad, alat, materijal, pomoćni i dodatni materijal i opremu. Obračun po komadu kompletu izvršene demontaže. | D11: kompl. | E11: 1 | F11: 100 | G11: =E11*F11 -> 100
A12: 3 | B12: Demontaža postojećih dvorišnih instalacija vodovoda, odvodnje, kao i svih objekata vezanih uz predmetne instalacije. Stavka uključuje sav potreban rad, alat, materijal, pomoćni i dodatni materijal i opremu. Obračun po komadu kompletu demontiranih instalacija: a) vodovodne instalacije do Φ50 mm, m1=100; b) odvodnja do Φ150 mm, m1=150 m. | D12: kompl. | E12: 1 | F12: 100 | G12: =E12*F12 -> 100
A13: 4 | B13: Vodonepropusno zatvaranje postojećeg kanala prema rijeci. Zatvaranje se vrši armiranim vodonepropusnim betonom. Klasa betona C25/30 prema normi HRN EN-206-1:2006 ili jednakovrijedno, armatura B500B prema normi HRN 1130 ili jednakovrijedno. i HRN EN 10080:2005 ili jednakovrijedno, 150kg/m³, v/c faktor max. 0,50, s dopuštenim prodorom vode 15mm. Ispitivanje vodonepropusnosti prema normi HRN EN 12390-8 ili jednakovrijedno. Radove uskladiti sa zahtjevima nadležnog Konzervatorskog odjela. Stavka uključuje sav potreban rad, alat, materijal, pomoćni i dodatni materijal i opremu. | D13: kom. | E13: 1
A15: A/ | B15: DEMONTAŽE I RUŠENJA UKUPNO: | G15: =SUM(G10:G12) -> 1200
A18: B/ | B18: VANJSKI RAZVOD VODOVODNIH INSTALACIJA
A20: 1 | B20: Strojno-ručni iskop rova u terenu za polaganje vodomjernog okna i vrtnog priključka, sukladno s normom HRN EN 1610 ili jednakovrijedno, od priključnog čvora do temelja. Iskop pravilno zasjecati, te postaviti razupiranja za spriječavanje urušavanje rova, a iskopani materijal odbacivati min. 1,0 m od ruba iskopa. Potrebno je ostaviti slobodnu površinu uz rov širine 0,50 m. Radovi moraju teći u potpunoj koordinaciji s montažom cijevi. Sve radove treba uključiti u jediničnu cijenu (kao utovar, potrebni prijevoz i sl.) Obračun po m³ uključujući sav rad, strojeve, alat, materijal, pomoćni i dodatni materijal i opremu.
A21: a) | B21: strojno 85% | D21: m3 | E21: 20.4 | F21: 40 | G21: =E21*F21 -> 816
A22: b) | B22: ručno 15% | D22: m3 | E22: 4.5 | F22: 100 | G22: =E22*F22 -> 450
A23: 2 | B23: Dobava materijala, izrada vodomjernog okna debljine stijenki 25 cm, tlocrtnih dimenzija 200x280 cm iz betona C25/30 prema normi HRN EN-206-1:2006 ili jednakovrijedno, armatura B500B prema normi HRN 1130 ili jednakovrijedno. i HRN EN 10080:2005 ili jednakovrijedno, 150kg/m³, u dvostranoj oplati, a nakon skidanja oplate okno iznutra ožbukati vodonepropusnom cem. žbukom omjera 1:2 i zagladiti do crnog sjaja. Na pokrovnoj ploči postaviti ljevani željezni poklopac, razred opterečenja B125 prema HRN EN 124 ili jednakovrijedno. Na svakih 25 cm ispod poklopca u stijenku ugraditi ljevanoželjezne penjalice. Sve ostalo prema nacrtima uz uputu nadzornog inženjera. Obračun po komadu gotovog okna. | C23: VMO | D23: kom. | E23: 1 | F23: 2500 | G23: =E23*F23 -> 2500
A24: 3 | B24: Dobava materijala, izrada okna vrtnog priključka debljine stijenki 15 cm, tlocrtnih dimenzija 100x100 cm iz betona C25/30 prema normi HRN EN-206-1:2006 ili jednakovrijedno, armatura B500B prema normi HRN 1130 ili jednakovrijedno i HRN EN 10080:2005 ili jednakovrijedno, 150kg/m³, u dvostranoj oplati, a nakon skidanja oplate okno iznutra ožbukati vodonepropusnom cem. žbukom omjera 1:2 i zagladiti do crnog sjaja. Na pokrovnoj ploči postaviti ljevani željezni poklopac, razred opterečenja B125 prema HRN EN 124 ili jednakovrijednoj. Sve ostalo prema nacrtima uz uputu nadzornog inženjera. Obračun po komadu gotovog okna. | C24: VP1,2 | D24: kom. | E24: 2 | F24: 800 | G24: =E24*F24 -> 1600
A25: 4 | B25: Strojno-ručni iskop rova u terenu za polaganje cijevi, sukladno s normom HRN EN 1610 ili jednakovrijednom, te postaviti razupiranja za spriječavanje urušavanje rova, a iskopani materijal odbacivati min. 1,0 m od ruba iskopa. Potrebno je ostaviti slobodnu površinu uz rov širine 0,50 m. Radovi moraju teći u potpunoj koordinaciji s montažom cijevi. Sve radove treba uključiti u jediničnu cijenu (kao utovar, potrebni prijevoz i sl.) Obračun po m³ uključujući sav rad, strojeve, alat, materijal, pomoćni i dodatni materijal i opremu.
A26: a) | B26: strojno 95% | D26: m3 | E26: 235 | F26: 20 | G26: =E26*F26 -> 4700
A27: b) | B27: ručno 5% | D27: m3 | E27: 15.5 | F27: 100 | G27: =E27*F27 -> 1550
A28: 5 | B28: Izvedba posteljice od pijeska granulacije 0-8mm, za polaganje vodovodnih cijevi. Sloj pijeska deb. 10 cm iznad i ispod cijevi razastirati ravnomjerno duž rova. Obračun po m3 uključujući trasnport, rad, alat, materijal, pomoćni i dodatni materijal i opremu. | D28: m3 | E28: =(E21+E22+E26+E27)*0.1 -> 27.54 | F28: 40 | G28: =E28*F28 -> 1101.6
A29: 6 | B29: Izrada i brtvljenje prodora u stjenci okna za prolaz vodovodnih cijevi, uključujući zaštitnu cijev, rad, građevinski i brtveni materijal do potpune pogonske gotovosti. | D29: kom. | E29: 7 | F29: 100 | G29: =E29*F29 -> 700
A30: 7 | B30: Zatrpavanje rovova materijalom od iskopa. Uz postavljanje zaštitnih elemenata i oznaka uključujući zaštite i oznake. Izvoditi u slojevima od 30 cm s nabijanjem. Kod zatrpavanja (kod cijevi) najprije upotrijebiti sitniji materijal. Obračun po m³ zatrpanog rova. Napomena: ukoliko se na lokaciji pokaže loša kvaliteta materijala iz iskopa, te se materijalom iskopa ne može postići potrebna čvrstoća terena ispod, potrebno je ugraditi zamjenski materijal. | D30: m3 | E30: 250 | F30: 20 | G30: =E30*F30 -> 5000
A31: 8 | B31: Dobava i ugradnja trake za označavananje vodovoda i žice za indikaciju trase vodovoda. | D31: m' | E31: 385 | F31: 1 | G31: =E31*F31 -> 385
A32: 9 | B32: Sanacija nogostupa nakon spoja sa postojećom uličnom vodovodnom cijevi. Sanacija se izvodi u slojevima kao i kod zatečenog stanja. | D32: m² | E32: 4 | F32: 200 | G32: =E32*F32 -> 800
A33: 10 | B33: Dobava i montaža lijevanoželjeznog priključnog voda DN 100 mm, PN16 u unaprijed iskopan rov i postavljenu posteljicu, te spoj s postojećim javnim vodovodom. Stavka uključuje sav potreban rad, alat, materijal, pomoćni i dodatni materijal i opremu. | D33: m' | E33: 6 | F33: 100 | G33: =E33*F33 -> 600
A34: 11 | B34: Izrada, dobava i montaža fazonskih komada i armatura u vodomjerno okno. U stavku uključeno spajanje fazonskih komada izvan okna, betonske oslonce, kao i sav spojni pribor, potreban rad, alat, materijal, pomoćni i dodatni materijal i opremu.
A35: a) | B35: FFG DN100, l=200mm | D35: kom. | E35: 1 | F35: 100 | G35: =E35*F35 -> 100
A36: b) | B36: FFG DN100, l=700mm | D36: kom. | E36: 1 | F36: 100 | G36: =E36*F36 -> 100
A37: c) | B37: Lijevanoželjezni nepovratni ventil DN100, PN16, prema normi HRN EN 12334 ili jednakovrijednoj | D37: kom. | E37: 1 | F37: 100 | G37: =E37*F37 -> 100
A38: d) | B38: Eliptični ventil DN100, PN16, prema normi HRN EN 1171 ili jednakovrijednoj | D38: kom. | E38: 2 | F38: 100 | G38: =E38*F38 -> 200
A39: e) | B39: Eliptični ventil DN50, PN10, prema normi HRN EN 1171 ili jednakovrijednoj | D39: kom. | E39: 2 | F39: 100 | G39: =E39*F39 -> 200
A40: f) | B40: Eliptični ventil DN32, PN10, prema normi HRN EN 1171 ili jednakovrijednoj | D40: kom. | E40: 2 | F40: 80 | G40: =E40*F40 -> 160
A41: g) | B41: Eliptični ventil DN32, PN10, prema normi HRN EN 1171 ili jednakovrijednoj | D41: kom. | E41: 2 | F41: 50 | G41: =E41*F41 -> 100
A42: h) | B42: Hvatač nečistoča DN100, PN16. | D42: kom. | E42: 1 | F42: 50 | G42: =E42*F42 -> 50
A43: i) | B43: MDK-A komad, DN100, PN16 | D43: kom. | E43: 1 | F43: 100 | G43: =E43*F43 -> 100
A44: j) | B44: T komad DN100/50 | D44: kom. | E44: 3 | F44: 100 | G44: =E44*F44 -> 300
A45: k) | B45: Q komad DN100, PN16 | D45: kom. | E45: 1 | F45: 100 | G45: =E45*F45 -> 100
A46: l) | B46: Redukcija DN50/32 | D46: kom. | E46: 1 | F46: 100 | G46: =E46*F46 -> 100
... A51: r) | B51: Obračunski vodomjer mjerno područje Qn=6,3m³/h; promjer DN25 PN10 sa spojnim i ovjesnim priborom | D51: kom. | E51: 1 | F51: 300 | G51: =E51*F51 -> 300
A52: 12 | B52: Nabava, doprema i ugradba vodovodnih polietilenskih cijevi PE 100, za radni tlak PN 16 bara, SDR 11, na dubini za sprječavanje smrzavanja. U cijenu je uračunat sav materijal potreban za montažu, uključivo brtve, sredstvo za podmazivanje, zasunske ventile na granama, materijal i oprema potrebni za zavarivanje, betonska uporišta, lučne komade, kao i sav ostali spojni pribor, potreban rad, alat, materijal, pomoćni i dodatni materijal i opremu do potpune funkcionalnosti i uporabljivosti instalacije.
A53: a) | B53: DN 125 mm | D53: m' | E53: 101.3 | F53: 65 | G53: =E53*F53 -> 6584.5
A54: b) | B54: DN 110 mm | D54: m' | E54: 96.3 | F54: 60 | G54: =E54*F54 -> 5778
A55: c) | B55: DN 90 mm | D55: m' | E55: 162.4 | F55: 50 | G55: =E55*F55 -> 8120
A56: d) | B56: DN 75 mm | D56: m' | E56: 38.8 | F56: 38 | G56: =E56*F56 -> 1474.4
A57: e) | B57: DN 63 mm | D57: m' | E57: 95.2 | F57: 28 | G57: =E57*F57 -> 2665.6
A58: 13 | B58: Nabava, doprema i ugradba vodovodnih polietilenskih cijevi PE 100, za radni tlak PN 10 bara, SDR 17, na dubini za sprječavanje smrzavanja. U cijenu je uračunat sav materijal potreban za montažu, uključivo brtve, sredstvo za podmazivanje, zasunske ventile na granama, materijal i oprema potrebni za zavarivanje, betonska uporišta, lučne komade, kao i sav ostali spojni pribor, potreban rad, alat, materijal, pomoćni i dodatni materijal i opremu do potpune funkcionalnosti i uporabljivosti instalacije.
A59: a) | B59: DN 50 mm | D59: m' | E59: 115.6 | F59: 20 | G59: =E59*F59 -> 2312
A60: b) | B60: DN 32 mm | D60: m' | E60: =144.15-25+20+3+32+42 -> 216.15 | F60: 15 | G60: =E60*F60 -> 3242.25
A61: e) | B61: DN 25 mm | D61: m' | E61: =335-115 -> 220 | F61: 12 | G61: =E61*F61 -> 2640
A62: 14 | B62: Nabava, doprema i ugradba vodovodnih polietilenskih cijevi PE 100, za radni tlak PN 10 bara, SDR 17, izoliranih ekspandiranim elastomerom minimalno 2/3 promjera cjevi, temperaturne otpornosti 95°. U cijenu je uračunat sav materijal potreban za montažu, uključivo brtve, sredstvo za podmazivanje, zasunske ventile na granama, materijal i oprema potrebni za zavarivanje, betonska uporišta, lučne komade, kao i sav ostali spojni pribor, potreban rad, alat, materijal, pomoćni i dodatni materijal i opremu do potpune funkcionalnosti i uporabljivosti instalacije.
A63: a) | B63: DN 40 mm | D63: m' | E63: 93.6 | F63: 14 | G63: =E63*F63 -> 1310.4
A64: b) | B64: DN 32 mm | D64: m' | E64: 66.35 | F64: 12 | G64: =E64*F64 -> 796.2
A65: c) | B65: DN 25 mm | D65: m' | E65: 148.75 | F65: 10 | G65: =E65*F65 -> 1487.5
A66: 15 | B66: Nabava, doprema i ugradba vanjskih nadzemnih hidranata DN100 PN16 prema DIN 3222 ili jednakovrijednoj. Stavka uključuje hidrant, armature, fazonske komade, ormarić sa priborom za predmetni hidrant kompletno opremljen, te spojni i ovjesni pribor, do potpune funkcijonalnosti. | D66: kom. | E66: 2 | F66: 2200 | G66: =E66*F66 -> 4400
A67: 16 | B67: Izrada i brtvljenje prodora u vodomjernom AB oknu oknu vrtnog priključka, uključujući zaštitnu cijev, rad, građevinski i brtveni materijal do potpune pogonske gotovosti. | D67: kom. | E67: 7 | F67: 100 | G67: =E67*F67 -> 700
A68: 17 | B68: Izrada priključka s glavnim uličnim vodovodom prema Općim i tehničkim uvjetima i odobrenju nadležne institucije. Stavka uključuje sav potreban materijal, opremu za ugradnju kao i za regulaciju prometa, sanaciju slojeva prometnice uz suglasnost nadležnih institucija. Obračun po komadu spoja. | D68: kom | E68: 1 | F68: 100 | G68: =E68*F68 -> 100
A69: 18 | B69: Nabava, doprema i ugradba vanjskog podzemnog hidranata DN80 PN16 prema DIN 3222 ili jednakovrijednoj. Stavka uključuje spoj s javnim vodovodom i koordinacija s javnopravnim tijelom, kao i hidrant, armature, fazonske komade, te spojni i ovjesni pribor, do potpune funkcijonalnosti. | D69: kom. | E69: 1 | F69: 1800 | G69: =E69*F69 -> 1800
A70: 19 | B70: Geodetsko snimanje postavljenih cjevovoda, prije zatrpavanja, te predaja snimke Investitoru u digitalnoj kopiji. | D70: kom. | E70: 1 | F70: 100 | G70: =E70*F70 -> 100
A71: 20 | B71: Odvoz zemljanog materijala koji je ostao od iskopa. Uračunati utovar, istovar, prijevoz i odvoz na deponiju, po m³ koef.rastresitosti 1,25. | D71: m³ | E71: 3 | F71: 100 | G71: =E71*F71 -> 300
A72: 21 | B72: Dovođenje terena oko zone radova u prvobitno stanje. Stavka uključuje sav potreban rad, alat, transport, osnovni i pomoćni materijal do potpune gotovosti. | D72: m² | E72: 680 | F72: 5 | G72: =F72*E72 -> 3400
A73: 22 | B73: Puštanje u rad, ispitivanja i certificiranje vanjske instalacije hidrantske mreže PHD DN110 (m1=130) i sanitarne vode PHD DN25 (m1=100), što uključuje vizualnu kontrolu instalacije, tlačnu probu instalacije, ispitivanje sanitarne ispravnosti vode za piće od strane ovlaštene institucije. Obračun po kompletu izvedenih radova. | D73: kompl. | E73: 1 | F73: 1000 | G73: =F73*E73 -> 1000
A75: B/ | B75: VANJSKI RAZVOD VODOVODNIH INSTALACIJA UKUPNO: | G75: =SUM(G21:G73) -> 72423.45
A78: C/ | B78: VANJSKI RAZVOD KANALIZACIJE I ODVODNJE
A80: 1 | B80: Geodetsko snimanje trasa vanjske kanalizacije i odvodnje s nanošenjem važnijih visinskih i horizontalnih točaka prije izvođenja s kontrolom za vrijeme izvođenja radova. | D80: m' | E80: 630.3 | F80: 1 | G80: =E80*F80 -> 630.3
A81: 2 | B81: Strojno-ručni iskop rova u terenu za polaganje kanalizacijskih i drenažnih cijevi, kontrolnih kao i revizijskih okna, sukladno s normom HRN EN 1610 ili jednakovrijednom. Iskop pravilno zasjecati, te postaviti razupiranja za spriječavanje urušavanje rova, a iskopani materijal odbacivati min. 1,0 m od ruba iskopa. Potrebno je ostaviti slobodnu površinu uz rov širine 0,50 m. Radovi moraju teći u potpunoj koordinaciji s montažom cijevi. Sve radove treba uključiti u jediničnu cijenu (kao utovar, potrebni prijevoz i sl.) Obračun po m³ uključujući sav rad, strojeve, alat, materijal, pomoćni i dodatni materijal i opremu.
A82: a) | B82: strojno 85% | D82: m3 | E82: 928.45 | F82: 20 | G82: =E82*F82 -> 18569
A83: b) | B83: ručno 15% | D83: m3 | E83: 163 | F83: 50 | G83: =E83*F83 -> 8150
A84: 3 | B84: Dobava materijala, izrada kontrolnog okna debljine stijenki 25 cm iz betona C25/30 prema normi HRN EN-206-1:2006 ili jednakovrijedno, tlocrtnih dimenzija 190x150cm. U cijenu okna uračunati dvostranu daščanu oplatu, armaturu tipa B500B prema normi HRN 1130 ili jednakovrijedno i HRN EN 10080:2005 ili jednakovrijedno, 150kg/m³, a nakon skidanja oplate okno iznutra ožbukati vodonepropusnom cem. žbukom omjera 1:2 i zagladiti do crnog sjaja. Na pokrovnoj ploči postaviti ljevani željezni poklopac, razred opterečenja B125 prema HRN EN 124 ili jednakovrijednoj. Na svakih 25 cm ispod poklopca u stijenku ugraditi ljevanoželjezne penjalice. Sve ostalo prema nacrtima uz uputu nadzornog inženjera. Obračun po komadu gotovog okna. | C84: KO1,2-AB | D84: kom. | E84: 2 | F84: 1500 | G84: =E84*F84 -> 3000
A85: 4 | B85: Dobava materijala, izrada revizijskog okna debljine stijenki 20 cm iz betona C20/25 prema normi HRN EN-206-1:2006 ili jednakovrijedno, tlocrtnih dimenzija 160x120cm. U cijenu okna uračunati dvostranu daščanu oplatu, armaturu tipa B500B prema normi HRN 1130 ili jednakovrijedno i HRN EN 10080:2005 ili jednakovrijedno, 150kg/m³, a nakon skidanja oplate okno iznutra ožbukati vodonepropusnom cem. žbukom omjera 1:2 i zagladiti do crnog sjaja. Na pokrovnoj ploči postaviti ljevani uljni željezni poklopac, razred opterečenja B125 prema HRN EN 124 ili jednakovrijednoj. Na svakih 25 cm ispod poklopca u stijenku ugraditi ljevanoželjezne penjalice. Sve ostalo prema nacrtima uz uputu nadzornog inženjera. Obračun po komadu gotovog okna. | C85: RO-AB | D85: kom. | E85: 9 | F85: 1000 | G85: =E85*F85 -> 9000
A86: 5 | B86: Dobava i ugradnja mastolova u obliku rezervervara volunema 3500l za protok minimalno 6l/s, napravljen u skladu s EU standardima SIST EN 1825-1 i DIN 4040 ili jednakovrijedno. Mastolov se postavlja na pječćanu posteljicu debljine 10cm, veličine zrna max 8mm, zbijenu na 40MN/m². U stavku je uključena sanacija okolnog terena i dovođenje istog u prvobitno stanje, kao i sav potreban rad, alat, materijal, pomoćni i dodatni materijal i opremu do potpune pogonske gotovosti. | C86: SM | D86: kom | E86: 1 | F86: 7000 | G86: =E86*F86 -> 7000
A87: 6 | B87: Crpljenje vode iz rova i građevinskih jama muljnom crpkom kod zemljanih i montažerskih radova ili usljed oborina. U cijenu uključen sav potreban rad, alat, materijal, pomoćni i dodatni materijal i opremu. Obračun po satu rada prema stvarnim količinama ovjerenih od nadzornog inž | D87: sati | E87: 75 | F87: 20 | G87: =E87*F87 -> 1500
A88: 7 | B88: Izrada priključka s glavnom uličnom kanalizacijom uz predhodno prema Općim i tehničkim uvjetima i odobrenju nadležne institucije. Stavka uključuje izradu priključka na 2 spojna mjesta s uličnom kanalizacijom i cijev DN300 mm m1=10 m po spoju. Stavka uključuje sav potreban materijal, opremu za ugradnju kao i za regulaciju prometa, sanaciju slojeva prometnice uz suglasnost nadležnih institucija. Obračun po komadu spoja. | D88: kom | E88: 2 | F88: 100 | G88: =E88*F88 -> 200
A89: 8 | B89: Planiranje dna jarka kanalizacije i okana do određene kote prema visinskim potrebama i crtežima s izbacivanjem suvišnog materijala iz jarka. Potrebna točnost kote dna +/- 1cm. Uključujući odbacivanje viška zemlje min 1m od kanala. | D89: m² | E89: 510 | F89: 2 | G89: =E89*F89 -> 1020
A90: 9 | B90: Nabava, doprema i montaža PE modularnog revizijskog kanalizacijskih okna, uključivo raznošenje i spuštanje u rov te potrebni spojni i brtveni materijal. PE modularna kanalizacijska okna moraju zadovoljiti HR EN 13598-2 2009 ili jednako vrijedno. Obodna krutost cijevi je SN 8 prema EN ISO 9969 ili jednakovrijedno. Okno je promjera DN 800 mm, a dubine do 2,5m. Okno sa sastoji od dna okna s kinetom (standardne nivelete pada od 2%), tijela okna koje je s vanjske strane poprečno orebreno. S unutrašnje su PE penjalice i to 3 kom/m. Spoj okna i kanalizacijske cijevi vrši se s posebnim spojnim komadom za cijevi s gumenom brtvom. U cijenu uračunati dodatne prodore za kanalizacijske vodove s brtvenim materijalom. Stavkom je obuhvaćena nabava i ugradnja tipskih samonivelirajućih uljnih željeznih poklopaca za ugradnju u prometnoj površini nazivnog otvora DN 625 razred nosivosti B125 prema normi HRN EN 124 ili jednakovrijedno. U cijeni je uključen sav potreban rad, alat, materijal, pomoćni i dodatni materijal i opremu do potpune pogonske gotovosti. | C90: RO-PE | D90: kom. | E90: 4 | F90: 1200 | G90: =E90*F90 -> 4800
A91: 10 | B91: Nabava, doprema i montaža PE modularnog revizijskog kanalizacijskih okna, uključivo raznošenje i spuštanje u rov te potrebni spojni i brtveni materijal. PE modularna kanalizacijska okna moraju zadovoljiti HR EN 13598-2 2009 ili jednakovrijedno. Obodna krutost cijevi je SN 8 prema EN ISO 9969 ili jednakovrijedno. Okno je promjera DN 800 mm, a dubine do 2,5m. Okno sa sastoji od dna okna s kinetom (standardne nivelete pada od 2%), tijela okna koje je s vanjske strane poprečno orebreno. S unutrašnje su PE penjalice i to 3 kom/m. Spoj okna i kanalizacijske cijevi vrši se s posebnim spojnim komadom za cijevi s gumenom brtvom. U cijenu uračunati dodatne prodore za kanalizacijske vodove s brtvenim materijalom. Stavkom je obuhvaćena nabava i ugradnja tipskih željeznih kanalskih rešetki u prometnoj površini nazivnog otvora B 125 razred nosivosti B125 prema normi HRN EN 124 ili jednakovrijedno. U cijeni je uključen sav potreban rad, alat, materijal, pomoćni i dodatni materijal i opremu do potpune pogonske gotovosti. | C91: RO-PE | D91: kom. | E91: 4 | F91: 1200 | G91: =E91*F91 -> 4800
A92: 11 | B92: Nabava, doprema i montaža PE modularnog revizijskog kanalizacijskih okna, uključivo raznošenje i spuštanje u rov te potrebni spojni i brtveni materijal. PE modularni dvorišni slivnici moraju zadovoljiti HR EN 13598-2 2009 ili jednako vrijedno. Obodna krutost cijevi je SN 8 prema EN ISO 9969 ili jednakovrijedno. Okno je promjera DN 400 mm, a dubine do 1,5m. Okno sa sastoji od dna okna s kinetom (standardne nivelete pada od 2%), tijela okna koje je s vanjske strane poprečno orebreno. S unutrašnje su PE penjalice i to 3 kom/m. Spoj okna i kanalizacijske cijevi vrši se s posebnim spojnim komadom za cijevi s gumenom brtvom. U cijenu uračunati dodatne prodore za kanalizacijske vodove s brtvenim materijalom. Stavkom je obuhvaćena nabava i ugradnja tipskih željeznih kanalskih rešetki za ugradnju u prometnoj površini nazivnog otvora DN 625 razred nosivosti B125 prema normi HRN EN 124 ili jednakovrijedno. U cijeni je uključen sav potreban rad, alat, materijal, pomoćni i dodatni materijal i opremu do potpune pogonske gotovosti. | C92: DS-PE | D92: kom. | E92: 9 | F92: 800 | G92: =E92*F92 -> 7200
A93: 12 | B93: Izrada i brtvljenje prodora u kontrolnom i revizijskom AB oknu za prolaz kanalizacijske i oborinske cijevi, uključujući zaštitnu cijev, rad, građevinski i brtveni materijal do potpune pogonske gotovosti. | D93: kom. | E93: 55 | F93: 50 | G93: =E93*F93 -> 2750
A94: 13 | B94: Dobava i ugradnja linijske kanalice od smjese betona i mineralnih vlakana, svjetle širine 200mm, s pocinčanim pokrovnim rešetkama razreda opterećenja D400 prema normi HRN EN 124 ili jednakovrijedno. U cijenu je uključen podložni beton klase C20/25 debljine 10cm u padu od minimalno 3%, spoj s AB revizijskim oknom, kao i sav potreban rad, alat, materijal, pomoćni i dodatni materijal i opremu do potpune pogonske gotovosti. | D94: m' | E94: 22.5 | F94: 200 | G94: =E94*F94 -> 4500
A95: 14 | B95: Izvedba posteljice od pijeska granulacije 0-8mm, za polaganje kanalizacijskih cijevi i revizijskih okana. Sloj pijeska deb. 10 cm iznad i ispod cijevi razastirati ravnomjerno duž rova. Obračun po m3 uključujući trasnport, rad, alat, materijal, pomoćni i dodatni materijal i opremu. | D95: m3 | E95: 65.5 | F95: 60 | G95: =E95*F95 -> 3930
A96: 15 | B96: Nabava i montaža PVC niskošumnih debelostjenih SN8 SDR 34 kanalizacijskih cijevi i fazonskih komada, sa spojem na kolček i gumenu brtvu, s padom prema nacrtima. Obračun po m' profila uključujući fazonske komade, revizije, kao i sve spojeve.
A97: a) | B97: DN300 | C97: Φ300 | D97: m' | E97: 21.35 | F97: 130 | G97: =E97*F97 -> 2775.5
A98: b) | B98: DN250 | C98: Φ200 | D98: m' | E98: 117.75 | F98: 78 | G98: =E98*F98 -> 9184.5
A99: c) | B99: DN200 | C99: Φ200 | D99: m' | E99: =87.5+24 -> 111.5 | F99: 69 | G99: =E99*F99 -> 7693.5
A100: d) | B100: DN160 | C100: Φ160 | D100: m' | E100: 168.8 | F100: 48 | G100: =E100*F100 -> 8102.4
A101: e) | B101: DN125 | C101: Φ125 | D101: m' | E101: 191.35 | F101: 36 | G101: =E101*F101 -> 6888.6
A102: f) | B102: DN110 | C102: Φ110 | D102: m' | E102: 39.7 | F102: 27 | G102: =E102*F102 -> 1071.9
A103: 16 | B103: Betoniranje podložnog betona drenažne cijevi u betonu klase C12/15, debljine 15cm na rubovima i 10cm po osi. Obračun po m3 uključujući trasnport, rad, alat, materijal, pomoćni i dodatni materijal i opremu. | D103: m3 | E103: 79.48 | F103: 1 | G103: =E103*F103 -> 79.48
A104: 16 | B104: Dobava i postavljanje PVC fleksibilne drenažne cijevi, na unaprijed pripremljenu posteljicu. Na drenažne cijevi se postavlja geotekstil 200g/m². U cijeni je uključen sav potreban rad, alat, materijal, pomoćni i dodatni materijal i opremu, fazonske komade kao i sve spojeve, do potpune pogonske gotovosti.
A105: a) | B105: DN200 | C105: Φ200 | D105: m' | E105: 393.85 | F105: 1 | G105: =E105*F105 -> 393.85
A106: b) | B106: DN160 | C106: Φ160 | D106: m' | E106: 297.2 | F106: 1 | G106: =E106*F106 -> 297.2
A107: 17 | B107: Dobava i ugradnja batude 32/64 mm zrno za drenažni sustav. Batuda se postavlja 60cm iznad cijevi. Obračun po m3 uključujući trasnport, rad, alat, materijal, pomoćni i dodatni materijal i opremu. | D107: m3 | E107: 331.7 | F107: 1 | G107: =E107*F107 -> 331.7
A108: 18 | B108: Dobava i ugradnja batude 16/32 mm zrno za drenažni sustav. Batuda se postavlja 20cm iznad cijevi. Obračun po m3 uključujući trasnport, rad, alat, materijal, pomoćni i dodatni materijal i opremu. | D108: m3 | E108: =331.7*0.3 -> 99.51 | F108: 1 | G108: =E108*F108 -> 99.51
A109: 19 | B109: Dobava i ugradnja DN300 nepovratnog ventila s jednom zaklopkom kod spoja s uličnom kanalizacijom, kao i sav potreban rad, alat, materijal, pomoćni i dodatni materijal i opremu do potpune pogonske gotovosti. | D109: kom. | E109: 2 | F109: 450 | G109: =E109*F109 -> 900
A110: 20 | B110: Dovođenje terena oko zone radova u prvobitno stanje. Stavka uključuje sav potreban rad, alat, transport, osnovni i pomoćni materijal do potpune gotovosti. | D110: m² | E110: 2500 | F110: 1 | G110: =F110*E110 -> 2500
A111: 21 | B111: Puštanje u rad ispitivanja i certificiranje vanjske instalacije što uključuje, vizualna kotrola instalacije, tlačna proba instalacije, ispitivanje sanitarne ispravnosti vode za piće od strane ovlaštene institucije. | D111: komplet | E111: 1 | F111: 1500 | G111: =F111*E111 -> 1500
A113: C/ | B113: VANJSKI RAZVOD KANALIZACIJE I ODVODNJE UKUPNO: | G113: =SUM(G80:G111) -> 118867.44
A116: II. | B116: RAZVOD IZVAN OBJEKTA
A118: A/ | B118: DEMONTAŽE I RUŠENJA | G118: =G15 -> 1200
A120: B/ | B120: VODOVOD | G120: =G75 -> 72423.45
A122: C/ | B122: KANALIZACIJA I ODVODNJA | G122: =G113 -> 118867.44
B124: UKUPNO: | G124: =SUM(G118:G122) -> 192490.89

Sheet VIK-REK
B7: REKAPITULACIJA INSTALACIJE VODOVODA I KANALIZACIJE
A9: I/ | B9: RAZVOD UNUTAR OBJEKTA | G9: ='VIK-1'!F210 -> 62421
A11: II/ | B11: RAZVOD IZVAN OBJEKTA | G11: ='VIK-2'!G124 -> 192490.89
B13: UKUPNO: | G13: =SUM(G9:G11) -> 254911.89
B14: PDV 25%: | G14: =G13*0.25 -> 63727.972
B16: SVEUKUPNO: | G16: =G13+G14 -> 318639.86

Sheet 3_NASLOV
B2: ARHINGTRADE d.o.o.
A3: Gajeva 47, 10000 Zagreb, tel.01/4922345,014922332, e-mail:info@arhingtrde.hr
A6: Investitor:
A7: SISAČKO-MOSLAVAČKA ŽUPANIJA
A8: Stjepana i Antuna Radića 36, 44000 Sisak
A9: OIB: 82215698659
A12: Građevina:
A13: ZGRADA 3 (BIVŠA STRAŽARNICA)
A14: U SKLOPU DOMOBRANSKE VOJARNE U SISKU Lađarska ulica 28A, 44000 Sisak na k.č.br. 718/1, k.o. Novi Sisak
A17: Zajednička oznaka projekta: MŽ-02/24
A18: Datum: prosinac 2024.
A19: Interni broj projekta: 02/24
A20: revizija 1: siječanj 2025.
A24: TROŠKOVNIK STROJARSKIH INSTALACIJA

Sheet 3_STROJARSTVO
B3: TROŠKOVNIK STROJARSKIH INSTALACIJA
B5: OPĆI UVJETI:
B6: Dimenzije za sve elemente opreme potrebno je provjeriti na licu mjesta.
B7: U jediničnim cijenama za sve stavke troškovnika, ponuda mora sadržavati dobavu, ukupne troškove materijala i rada do potpunog dovršenja cjelokupnog posla odnosno do pune funkcionalnosti.U slučaju odstupanja od projekta u tijeku izvođenja radova isporučitelj je dužan izraditi elaborat izvedenog stanja.
B8: Jedinična cijena, također, uključuje sva potrebna ispitivanja, kontrole i mjerenja za sve izvedene radove, ugrađene materijale i opremu, u svrhu dokazivanja njihove kvalitete i kompletiranja tehničke dokumentacije potrebne za ishođenje uporabne dozvole, te se prilikom primopredaje građevine, uručuje Investitoru odnosno krajnjem korisniku.prije oštećenja.
B9: Navedena ispitivanja, kontrole i mjerenja izvode ovlaštene institucije, a odnose se na ispitivanje klimatizacije i ventilacije,te ostala potrebna ispitivanja sukladno važećoj zakonskoj regulativi.
B10: Kao dokaz usklađenosti sa specificiranim materijalom u troškovniku, ponuditelj je dužan obvezno dostaviti prije isporuke sljedeće dokumente:
B11: katalog sa opisom i fotografijom svih ponuđenih proizvoda, iz kojeg su vidljive sve tražene karakteristike proizvoda predmeta nabave,
B12: Isporučitelj je dužan prilikom isporuke, montaže i razmještaja opreme u okviru ugovorene cijene, preuzeti nekretninu, te obavijestiti investitora o početku radova. Od tog trenutka pa do primopredaje opreme, isporučitelj je odgovoran za stvari i osobe koje se nalaze u građevini.
B13: Za sav materijal, opremu i uređaje isporučitelj je dužan prije isporuke dostaviti ateste i uvjerenja o kvaliteti, te garancijske listove i tehničku dokumentaciju sa podacima.
B14: Ukoliko isporučitelj isporuči robu na neodgovarajući način i od neodgovarajućih materijala,dužan je na svoj trošak izvesti iste iz materijala tražene kvalitete i na opisan
B15: način, uz prethodno otklanjanje nekvalitetnih dijelova.
... B26: Ovi opći uvjeti i grafički prilozi sastavni su dio opisa svake pojedine stavke troškovnika.
A29: Red. broj | B29: Opis stavke | C29: Jed.mjera | D29: Količina | E29: Jed.cijena | F29: Iznos
A31: S1. | B31: GRIJANJE I HLAĐENJE
A33: 1. | B33: Inverterski rashladnik vode sa stapnim kompresorima.
B34: Koristi prirodni radnim medij R290 (propan) s iznimno niskim GWP=3 i smanjenim utjecajem na okoliš.
B35: Struktura jedinice izrađena je od pocinčanog lima presvučenog poliesterskim prahom RAL 5017/7035 na 180 ° C, što je čini visoko otpornom na vremenske uvjete. Konstrukcija je nosivi okvir s uklonjivim oplatama obloženim prostirkom od poliuretana koja apsorbira zvuk. Svi vijci su od nehrđajućeg čelika.
B36: Kompresori su polu-hermetički klipni s dva kruga, frekventnim pretvaračem za svaki kompresor koji modulira radnu frekvenciju prema zahtjevu opterećenja. Inverterski kompresori promjenjive brzine povećavaju sezonsku učinkovitost i postižu stabilnu termodinamičku regulaciju u svim uvjetima opterećenja.
B37: Optimizirani su za upotrebu s propanom. Svi kompresori opremljeni su grijačem kućišta radilice, usisnim i dovodnim servisnim ventilima. Kompresori imaju ATEX certifikat ili jednakovrijedno.
B38: Brzina modulirajućeg kompresora varira, ovisno o ukupnom toplinskom opterećenju između 30 i 105 o / min. 30Hz i 65Hz.
B39: Zrakom hlađeni i grijani toplinski izmjenjivač uređaja napravljen je od bakrenih cijevi te aluminijskih mikro kanala koji povećavaju površinu izmjene zraka. Izmjenivač je optimiziran za rad uređaja u grijanju te ima povećanu širinu i nagib lamela kako bi se smanjilo stvaranje leda i olakšao odljev kondenzirane vode tijekom odmrzavanja. Bakrene cijevi su povećane debljine kako bi se osigurala veća pouzdanost i trajnost tijekom radnog vijeka.
B40: Na dnu zrakom hlađenog i grijanog izmjenivača se nalazi posuda za sakupljanje kondenzata koja olakšava odvod kondenzata tijekom odmrzavanja. Uređaj je standardno opremljen grijaćim kabelom montiranim na dno posude za kondenzat kako bi se spriječilo stvaranje leda.
B41: Vodeni izmjenjivač je također opremljen termostatom grijačem protiv smrzavanja koji ga štiti od stvaranja leda kada uređaj ne radi. Rad uređaja optimiziran je u načinu grijanja, gdje se voda i tekućine rashladnog sredstva izmjenjuju u protustruji unutar pločastog izmjenjivača topline.
B42: Svaki krug rashladnog sredstva osnovne jedinice sadrži: elektromagnetni ventil na dovodu tekuće faze, 4-smjerni prekretni ventil, servisni ventili prije i nakon kompresora, reciever tekuće faze radnog medija, priključci za punjenje radnog medija, kontrolno staklo, filter za isušivanje, elektronski ekspanzijski ventil, prekidači visokog i niskog tlaka te separator usisne tekućine.
B43: Rashladni krug zatvoren je u odjeljak koji sadrži certificirani osjetnik propuštanja i ventilacijski ventilator s ATEX-ovim certifikatom ili jednakovrijedno. Hidraulični modul, ako je prisutan, također je zatvoren u odjeljak koji sadrži certificirani osjetnik propuštanja i ventilator za usisavanje s ATEX-ovim certifikatom ili jednakovrijedno.
B44: Električna upravljačka ploča izrađena je u obojenoj pocinčanoj kutiji od lima sa prisilnom ventilacijom i zaštitom IP54. Električna ploča izrađena je prema standardu EN60204-1 ili jednakovrijedno. Električna ploča odvojena je od odjeljka kompresora.
B45: Za napajanje sigurnosnih uređaja (osjetnik curenja i ventilatori za usisavanje) potrebna je dodatna namjenska linija napajanja 230V / 50Hz. Rad ove linije mora biti zajamčen neprekidnim napajanjem.
... B77: Sve komponente se isporučuju sastavljene, tvornički ispitane i certificirane u jednom komadu.
C78: komplet | D78: 1 | E78: 50000 | F78: =E78*D78 -> 50000
A80: 2. | B80: Recirkulacijska jedinica za grijanje i hlađenje prostorija za ugradnju pod strop na visini 4,2 m od poda s centralnim izvorom topline i rashladne energije (2-cjevni sustav); izvedena kao krovna jednica; s visokoučinkovitim distributerom zraka.
B81: Jedinica se sastoji od sljedećih komponenata:
B82: - Krovne jedinice (s pristupom svim komponentama za servisiranje) dim.2795x1490x1439 mm(d x š x v) koja se sastoji od:
B83: -ventilatora s visokoučinkovitem EC motorom
B84: -visokoučinkovitog izmjenjivača za grijanje i hlađenje iz bakrenih cijevi
B85: -odvajača kondenzata
B86: -fitera
B87: -Elektroničke ploče na bočnoj strani kućista sa svim potrebnim električnim komponentama, upravljačkom jedinicom (pričvršćenom) i priključnim stezaljkama za sljedeće vanjske veze: -- Ventil za grijanje/hlađenje -- Pumpa za grijanje/hlađenje -- Kontakt za vrata
B89: - Potkrovna jedinica, sastoji se od:
B90: -Priključnog modula dim.110x1100x1300 mm(dxšxv)
B91: -Rešetke za odsisni zrak - Uvodnice za kabele električnog napajanja - Uvodnice za hidrauličke cijevi
B92: - Air-Injectora
B94: Hidraulička grupa za zaporni krug sastoji se od:
... B122: Hlađenje-hladna voda Polaz: 7 °C Povrat: 12 °C Učin hlađenja: 20695 W
C123: komplet | D123: 2 | E123: 20000 | F123: =E123*D123 -> 40000
A125: 3. | B125: Recirkulacijska jedinica za grijanje i hlađenje prostorija za ugradnju pod strop na visini 4,9 m od poda s centralnim izvorom topline i rashladne energije (2-cjevni sustav); s visokoučinkovitim distributerom zraka;.
B126: Jedinica se sastoji od sljedećih komponenata:
B127: - ventilatora s visokoučinkovitem EC motorom
B128: - visokoučinkovitog izmjenjivača za grijanje i hlađenje iz bakrenih cijevi
B129: - Air-Injectora
B130: - pumpe kondenzata
B131: - fitera
B132: Elektroničke ploče na bočnoj strani kućista sa svim potrebnim električnim komponentama, upravljačkom jedinicom (pričvršćenom) i priključnim stezaljkama za sljedeće vanjske veze:
B133: - Kontroler za jedinicu
B134: - Glavnu sklopku
B135: - Strujni prekidač
B136: - Osigurač za elektroniku
B137: - Transformator
... B164: Hlađenje-hladna voda Polaz: 7 °C Povrat: 12 °C Učin hlađenja: 27811 W
C165: komplet | D165: 2 | E165: 20000 | F165: =E165*D165 -> 40000
A167: 4. | B167: Sustav upravljanja za decentralizirane ventilacijske uređaje, podjeljen u tri glavne razine koje su povezane pomoću sistem bus-a: - Izvršna razina u kojoj korisnik vodi sustav. Dostupni su različiti načini rada prema specifičnim projektnim zahtjevima. - Razina zona u kojima ventilacijski uređaji rade pod istim uvjetima. Kriteriji po kojima su kreirane zone: vrijeme rada, željena sobna temperatura (dnevna ili noćna), visina smještaja uređaja, količina vlage ili CO2 u prostoru... Za svaku zonu instaliran je po jedan zonski kontroler u zonskom upravljačkom ormaru. Svaki zonski kontroler vodi pripadajuće ventilacijske uređaje po zadanom programu. U kontrolnu zonu obuhvaćeni su različiti tipovi uređaja, te razlikuju tipove uređaja unutar pojedine zone: •
B168: • Glavni uređaji (uređaj za svjež ili dovodni zrak)
B169: • Dodatni uređaji (optočni uređaji koji se ukjučuju u slučaju zahtjeva za grijanjem ili hlađenjem).
B170: Za dodatne uređaje u pojedinim ventilacijskim uređajima instaliran je kontroler za upravljanje jedinicom T-TTC.
B171: - Razina uređaja-kontroler instaliran je u svaki glavni uređaj (uređaj za svjež ili dovedni zrak). On individualno kontrolira uređaj po lokalnim uvjetima.
B173: Individualne komponente uređaja unutar zone povezane su preko zonskog bus-a (Modbus), a zone preko sistem bus-a (prema OSI modelu). Podaci se šalju na bazi događaja; čime je smanjujem protok podataka i omogućeno kratko vrijeme reakcije.
C174: kom | D174: 1 | E174: 2500 | F174: =E174*D174 -> 2500
A176: 5. | B176: Niskošumni parapetni 3-brzinski ventilokonvektori predviđeni za dvocijevni sustav grijanja/hlađenja za ugradnju na zid.Uređaj je standardno opremljen sa: standardnom maskom, glavnom tavicom za kondenzat, odzračnim pipcem, perivim filterom, ventilatorom sa direktno pogonjenim elektro motorom te svim ostalim elementima potrebnim za funkcionalni rad ventilokonvektora. Ventilokonvektori trebaju biti potvrđeni EUROVENT certifikatom ili jednakovrijedno.
B177: Rashladni učinak odabran je prema temperaturi prostora 26 °C suhog termometra / 19°C vlažnog termometra i temperaturi hladne vode 7/12°C.
B178: Ogrijevni učinak odabran je na temperaturi prostora 20 °C, i temperaturi tople vode 45 °C.
B179: Dodatna oprema koja se isporučuje u sklopu ventilokonvektora:
B180: * troputni ventil 220V; on-off tvornički montiran na ventilokonvektoru
B181: * nogice za podnu izvedbu
B182: * pomoćna tavica za kondenzat
B183: sljedećih tipova:
A185: 5.1 | B185: Totalni rashladni učinak : 2,88 kW(na srednjoj brzini)
B186: Sensibilni rashladni učinak: 2,32 kW
B187: Protok vode u režimu hlađenja: 495 l/h
B188: Pad tlaka na vodenoj strani u režimu hlađenja: 9,5 kPa
B189: Ogrijevni učinak: 3,16 kW(na srednjoj brzini)
B190: Protok vode u režimu grijanja: 544 l/h
B191: Pad tlaka na vodenoj strani u režimu grijanja: 9,75 kPa
B192: Nivo zvučne snage: 42 dB(A)
B193: Nivo zvučnog tlaka: 38 dB(A)
B194: Protok zraka : 420 m3/h
B195: Električna snaga: 27 W
B196: Dimenzije kućišta DxŠxV: 1497 x 129 x 579 mm
B197: Masa: 28 kg
C198: kom | D198: 2 | E198: 800 | F198: =E198*D198 -> 1600
A200: 5.2 | B200: Totalni rashladni učinak :2,00 kW(na srednjoj brzini)
B201: Sensibilni rashladni učinak: 1,45 kW
B202: Protok vode u režimu hlađenja: 344 l/h
B203: Pad tlaka na vodenoj strani u režimu hlađenja: 12,3 kPa
B204: Ogrijevni učinak: 2,14 kW(na srednjoj brzini)
B205: Protok vode u režimu grijanja:368 l/h
B206: Pad tlaka na vodenoj strani u režimu grijanja: 11,83 kPa
B207: Nivo zvučne snage: 41 dB(A)
B208: Nivo zvučnog tlaka: 37 dB(A)
B209: Protok zraka : 420 m3/h
B210: Električna snaga: 27 W
...

Sheet 4_NASLOV
A2: ARHINGTRADE d.o.o.
A3: Gajeva 47, 10000 Zagreb, tel. 01/49 22 345, fax. 01/49 22 332, e-mail: info@arhingtrade.hr
A6: Investitor:
A7: SISAČKO-MOSLAVAČKA ŽUPANIJA Stjepana i Antuna Radića 36, 44000 Sisak OIB: 82215698659
A12: Građevina:
A13: ZGRADA 3 (BIVŠA STRAŽARNICA) U SKLOPU DOMOBRANSKE VOJARNE U SISKU Lađarska ulica 28A, 44000 Sisak na k.č.br. 718/1, k.o. Novi Sisak
A18: Zajednička oznaka projekta: MŽ-02/24
A19: Tehnički dnevnik: 02/24
A20: Zagreb, prosinac 2024.
A21: revizija 1: siječanj 2025.
A25: TROŠKOVNIK ELEKTROINSTALACIJA

Sheet 4_ELEKTROINSTALACIJE
A3: TROŠKOVNIK ELEKTROINSTALACIJA
B5: OPĆI POGODBENI I TEHNIČKI UVJETI ELEKTROINSTALACIJA
A7: 1. | B7: Ugovor za izvođenje sklapa se na osnovu ugovornog troškovnika. U cijenama troškovnika izvođač je dužan ponuditi kompletne stavke prema opisu, troškovniku, nacrtima, tehničkom opisu i uvjetima.
A9: 2. | B9: U cijenu stavke treba ukalkulirati sav materijal i rad (sa izradom šliceva i prodora kroz zidove i ploču) te potrebna mjerenja i ispitivanja.
B10: Izvođač radova dužan je po završetku radova dostaviti investitoru upute za rukovanje instalacijama i opremom.
A12: 3. | B12: Prije početka izvođenja radova, preporuča se obaviti pregled lokacije i o eventualnim odstupanjima projekta od stvarnog stanja upozoriti investitora.
A14: 4. | B14: Izvođač radova mora se prije početka izvođenja radova upoznati s projektnom dokumentacijom.
B15: Ako uoči neke nedostatke, treba odmah s uočenim nedostacima upoznati investitora i projektanta.
A17: 5. | B17: Prije početka radova treba odrediti točne trase kabela, kabelskih kanalica i većih komada opreme, a tek onda početi s polaganjem vodova i izvođenjem instalacija. Pritom paziti na propisani razmak u odnosu na druge instalacije i građevine.
A19: 6. | B19: Mijenjanje projekta od strane izvođača bez pismenih odobrenja investitora i nadzornog inženjera nije dozvoljeno.
A21: 7. | B21: Izvođač treba tijekom izvođenja radova na građevini voditi građevinski dnevnik u koji upisuje početak izvođenja radova na objektu, svakodnevno upisuje broj ljudi na radu i poslove koje su obavili.
B22: U građevinksi dnevnik nadzorni inženjer i investitor upisuju primjedbe na izvedene radove i eventualne promjene projekta.
A24: 8. | B24: Radi ispravnog odvijanja radova izvođač je dužan osigurati prostoriju za smještaj materijala i alata.
A26: 9. | B26: Prije stavljanja instalacije u pogon i tehničkog pregleda izvođač je dužan izvršiti slijedeća mjerenja i ispitivanja:
B28: Popis ispitivanja i atesta elektroenergetske instalacije niskog napona
B29: Provjera pregledom
B30: - Atest i certifikati ugrađene opreme i kabela
B31: - Atest o izvršenom mjerenju otpora izolacije
B32: - Atest o izvršenom mjerenju otpora uzemljenja metalnih masa
B33: - Atest o izvršenoj kontroli efikasnosti zaštite od indirektnog napona dodira
B34: - Atest o izvršenom mjerenju jakosti rasvjete
B35: - Atest o izvršenom funkcionalnom ispitivanju
B36: - Atest o funkcionalnom ispitivanju isklapanja glavnih prekidača
B37: - Reviziona knjiga sustava za zaštitu od djelovanaj munje
B38: - Ispitni listovi razvodnih ormara
B39: - Atest o ispitivanju protupanične rasvjete
... B49: - Atesti o izvršenom ispitivanju pozivne instalacije
A51: 10. | B51: Za sva mjerenja i ispitivanja koja su izvršena sastaviti odgovarajuće izvještaje.
A53: 11. | B53: Svaki izvođač ima pravo izbora kome će povjeriti ispitivanje kvalitete i funkcionalnosti električnih instalacija i opreme, no to svakako mora biti ovlaštena pravna osoba.
B54: Troškove ispitivanja snosi izvođač.
A56: 12. | B56: Izvođač za svoje radove daje garanciju.
B57: Garantni rok počinje teći od dana tehničkog prijema instalacije, odnosno od dana predaje instalacije na upotrebu investitoru odnosno korisniku.
B58: Izvođač je dužan otkloniti sve nedostatke u garantnom roku. Ako se izvođač ne odazove na poziv investitora da otkloni nedostatke, investitor će iste otkloniti po trećem licu na teret izvođača.
A60: 13. | B60: Sav korišteni materijal , oprema i proizvodi koji se upotrebljavaju kod izvođenja instalacija moraju odgovarati postojećim propisima i normama, kao i opisu u troškovniku.
B61: Radove treba izvesti točno prema nacrtima i tehničkom opisu, a po uputama projektanta i nadzornog inženjera. Radove izvesti stručno i solidno.
A63: 14. | B63: Tijekom izvođenja radova izvođač je dužan sva nastala odstupanja trasa od onih predviđenih projektom unesti u projekt, a po završetku radova treba predati investitoru projekt izvedenog stanja.
A65: 15. | B65: Stavljanje instalacije u uporabu dozvoljeno je tek nakon obavljenog tehničkog pregleda i dobivanja uporabne dozvole.
A67: 16. | B67: Ako troškovnikom i tehničkim opisom nije drugačije određeno, narudžba materijala i opreme obuhvaća dobavu, skladištenje i dopremu na gradilište.
A69: 17. | B69: Za sav ugrađeni materijal i proizvode treba osigurati i priložiti isprave o sukladnosti i druge dokaze kvalitete, te odgovarjauću atesnu i ispitnu dokumentaciju.
A71: 18. | B71: Nadzorni inženjer mora imati uvid u terminski plan.
B72: Za svako neopravdano produženje termina koje utvrdi nadzorni inženjer odredit će se kazna prema Ugovoru za izvođenje.
A74: 19. | B74: Izvođač daje jamstvo da, kod prenošenja dijela ugovora na jednog ili više kooperanata, preuzima sve ugovorne obveze iz ugovora zaključenog sa investitorom, te da će se istog pridržavati.
A76: 20. | B76: Ako drugačije nije dogovoreno, izvođač treba, bez posebnih zahtjeva, svakodenevno čistii radni prostor. Izvođač mora u toku gradnje iz gradilišta odvesti svu građevinsku šutu, sav otpadni materijal i nepotrebne uređaje.
A78: 21. | B78: Pri izvođenju radova izvođač je dužan voditi računa o već izvedenim radovima na građevini.
B79: Ako bi se izvedeni radovi drugih izvođača pri montaži električnih instalacija i opreme nepotrebno i uslijed nemarnosti i nestručnosti oštetili, troškove štete snosit će izvođač električnih instalacija.
A81: 22. | B81: Rušenje i retanje konstruktivnih elemenata ne smije se obaviti bez znanja i odobrenja nadzornog inženjera za građevinske radove.
A83: 23. | B83: Investitor je dužan tijekom izgradnje građevine osigurati stručni nadzor nad izvođenjem radova.
A85: 24. | B85: Cjelokupnu električnu instalaciju treba izvesti prema priloženim nacrtima, troškovniku, tehničkom opisu, ovim uvjetima i važećim propisima za izvođenje električnih instalacija, odnosno tehničkim propisima za niskonaponske električne instalacije (NN br. 05/10) i propisima RH.
B87: OPĆE NAPOMENE:
B88: 1. U svakoj stavci nuditi konkretni proizvod (opremu) specificiranu ovim troškovnikom ili proizvod jednakovrijednih (kvalitativnih) tehničkih karakteristika.
B89: 2. Cijena za svaku stavku troškovnika mora obuhvatiti dobavu, montažu i spajanje, te dovođenje u stanje potpune funkcionalnosti. U cijenu također ukalkulirati sav potreban spojni, montažni i ostali materijal i pribor.
B90: 3. Primijeniti najnovije važeće propise i hrvatske norme za pojedine vrste instalacije.
B91: 4. Prije davanja ponude obavezno proučiti tehnički opis i grafički dio, te u slućaju nejasnoća, konzultirati se sa naručiteljem.
B93: Sve stavke specifikacije podrazumjevaju dobavu i montažu opreme, kao i polaganje i spajanje kabela, te dovođenje predmetne instalacije u funkciju. Sva oprema mora biti renomiranih proizvođača i imati ateste na hrvatskom jeziku.
B96: SPECIFIKACIJA MATERIJALA I RADOVA
A98: R. br. | B98: Opis: | C98: j.m. | D98: Količina | E98: Jedinična cijena | F98: Ukupna cijena
A101: I. | B101: NN PRIKLJUČAK
A104: 1. | B104: Određivanje i obilježavanje trase kabela za NN mrežu temeljem nacrta i situacije na terenu (iskolčenje). | C104: m | D104: 70 | E104: 10 | F104: =SUM(D104*E104) -> 700
A106: 2. | B106: Iskop rova za polaganje više kabela do objekta, dim rova 0,7x1,5 m u tlu tvrdoće "A" (meko, zemlja). | C106: m3 | D106: 75 | E106: 20 | F106: =SUM(D106*E106) -> 1500
A108: 3. | B108: Dobava pijeska 0-4 mm i zasipavanje oko kabela 10+10 cm (ispod/iznad kabela). | C108: m3 | D108: 10 | E108: 50 | F108: =SUM(D108*E108) -> 500
A110: 4. | B110: Zatrpavanje kabelskog rova sitnim materijalom iz iskopa uz nabijanje u slojevima. Obračun po m³ u zbijenom stanju. | C110: m3 | D110: 65 | E110: 20 | F110: =SUM(D110*E110) -> 1300
A112: 5. | B112: Zaštita telefonskog kabela na mjestu križanja s energetskim kabelima - provlačenje energetskih kabela kroz čelične cijevi fi=200mm, dužini 2m. | C112: kom | D112: 4 | E112: 50 | F112: =SUM(D112*E112) -> 200
A114: 6. | B114: Zaštita na mjestu križanja s ostalim instalacijama - provlačenje energetskog kabela kroz betonske cijevi fi=200mm, u dužini od cca 2m. | C114: kom | D114: 20 | E114: 50 | F114: =SUM(D114*E114) -> 1000
A116: 7. | B116: Dobava i polaganje napojnog kabela
B117: 1x (NYY 4x150+2,5)mm2 + 1x NYY 1x150mm2 | C117: m | D117: 150 | E117: 160 | F117: =SUM(D117*E117) -> 24000
A119: 8. | B119: Dobava, polaganje i spajanje Fe/Zn trake 40×4 mm iznad kabela. | C119: m | D119: 70 | E119: 14 | F119: =SUM(D119*E119) -> 980
A121: 9. | B121: Dobava, polaganje i spajanje Cu užeta 50 mm2. | C121: m | D121: 10 | E121: 14 | F121: =SUM(D121*E121) -> 140
A123: 10. | B123: Dobava i polaganje RDC cijevi:
B124: - RDC fi 110 | C124: m | D124: 280 | E124: 8.5 | F124: =SUM(D124*E124) -> 2380
A126: 11. | B126: Dobava i postavljanje crvene plastične trake upozorenja "POZOR - ENERGETSKI KABEL" u rovu iznad kabela. | C126: m | D126: 70 | E126: 1.5 | F126: =SUM(D126*E126) -> 105
A128: 12. | B128: Dobava i postavljanje plastičnog GAL štitnika 120x1x1000 mm crvene boje iznad kabela. Napomena: Za 1-2 kabela se postavlja 1 štitnik, za 3-4 kabela se postavlja 2 štitnika, itd. | C128: m | D128: 70 | E128: 3 | F128: =SUM(D128*E128) -> 210
F129: =SUM(D129*E129) -> 0
A130: 13. | B130: Dobava i postava montažnog zdenca za prolaz i razvod elektro kabela, sa poklopcem 400 kN, unutarnjih dimenzija 92 x 102 x 113 cm (Š x D x V), komplet s donjim i gornjim elementima, poklopcem, uvodnim pločama. U stavku ulazi: - iskop i odvoz viška zemlje, - postava zdenca uz pomoć auto dizalice, - zatrpavanje oko zdenca, - postava uvodnih ploča i poklopca, - obrada oko ulaza cijevi i brtvljenje cijevi koje neće biti zauzete. | C130: kom | D130: 2 | E130: 1500 | F130: =D130*E130 -> 3000
A132: 14. | B132: Izrada geodetskog snimka NN kabela u otvorenom rovu i geodetskog elaborata za katastar instalacija, 3 x na papiru i CDu (u dwg formatu). | C132: m | D132: 70 | E132: 5 | F132: =SUM(D132*E132) -> 350
A134: 15. | B134: Spajanje na obje strane, obilježavanje, ispitivanje i puštanje u pogon novih NN kabela, uključivo kabelske stopice, završne čarapice. | C134: kom | D134: 2 | E134: 250 | F134: =D134*E134 -> 500
B136: NN PRIKLJUČAK UKUPNO: | F136: =SUM(F104:F134) -> 36865
A139: II. | B139: RAZVODNI ORMARI
A141: 1. | B141: Dobava, montaža i spajanje samostojećeg priključno ormara SPO s pripadajućim poliesterskim podnožjem, minimalne razine zaštite IP 44, sa ugrađenom opremom:
B142: NV rastavna pruga vel.2|400A, 3P, M12, sustav 185mm | C142: Kom | D142: 4 | E142: 220 | F142: =SUM(D142*E142) -> 880
B143: NV rastavna pruga vel.00|160A, 3P, M8, sustav 185mm | C143: Kom | D143: 1 | E143: 165 | F143: =SUM(D143*E143) -> 165
B144: NV osigurač vel. 2, 200A/400V AC | C144: Kom | D144: 12 | E144: 13 | F144: =SUM(D144*E144) -> 156
B145: NV osigurač vel. 00, 100A/400V AC | C145: Kom | D145: 3 | E145: 5.5 | F145: =SUM(D145*E145) -> 16.5
B146: Stezaljka (1 kom.) za montažu pruge bez bušenja, za vel. 1-3 | C146: Kom | D146: 12 | E146: 70 | F146: =SUM(D146*E146) -> 840
B147: Čeljusna stezaljka (1 kom) za mont. na sabirnice bez bušenja | C147: Kom | D147: 3 | E147: 70 | F147: =SUM(D147*E147) -> 210
B148: Nosač sabirnica, 3-polni, montaža bez bušenja, sustav 185mm | C148: Kom | D148: 2 | E148: 48 | F148: =SUM(D148*E148) -> 96
B149: Bakrena sabirnica, 715A, 40x10mm, duljina 2m | C149: Kom | D149: 2 | E149: 190 | F149: =SUM(D149*E149) -> 380
B150: Potporni izolator, visina 40mm, za ključ 40mm, 2xM8, 4.4kN | C150: Kom | D150: 6 | E150: 5.5 | F150: =SUM(D150*E150) -> 33
B151: Ormar (glatki/RAL7032) za vanjsku montažu, IP44, (š*v*d) 785*1080*320 mm | C151: Kom | D151: 1 | E151: 1400 | F151: =SUM(D151*E151) -> 1400
B152: Podnožje dim. 950/320 mm; 785X950X310 mm, RAL7032 | C152: Kom | D152: 1 | E152: 75 | F152: =SUM(D152*E152) -> 75
B153: Spremnik za dokumentaciju, samoljepljivi, A4 | C153: Kom | D153: 1 | E153: 3.5 | F153: =SUM(D153*E153) -> 3.5
... B155: Ožičenje i ispitivanje ormara | C155: kpl. | D155: 1 | E155: 400 | F155: =SUM(D155*E155) -> 400
A157: 2. | B157: Dobava, montaža i spajanje razvodnog ormara dogradnje, oznake GRO-Z3, izrađen od čeličnog lima sa montažnom pločom, vratima i bravom. Označenim prema propisima sa ugrađenom opremom:
B158: Nosač sabirnica, 3-polni, montaža bez bušenja, sustav 185mm | C158: kom | D158: 2 | E158: 50 | F158: =D158*E158 -> 100
B159: Bakrena sabirnica, 852A, 50x10mm, duljina 2m | C159: kom | D159: 1 | E159: 235 | F159: =D159*E159 -> 235
B160: Potporni izolator, 45x40mm, 2xM10, 8kN | C160: kom | D160: 2 | E160: 5.5 | F160: =D160*E160 -> 11
B161: Odvodnik prenapona kl.B/C TNS 275/25 | C161: kom | D161: 1 | E161: 157 | F161: =D161*E161 -> 157
B162: Strujni trafo, 500/5A | C162: kom | D162: 6 | E162: 45 | F162: =SUM(D162*E162) -> 270
B163: Strujni trafo, 300/5A | C163: kom | D163: 3 | E163: 38 | F163: =SUM(D163*E163) -> 114
B164: Kompaktni prekidač snage tip A, 4P/500A/50kA, s podesivom zaštitom | C164: kom | D164: 1 | E164: 1100 | F164: =D164*E164 -> 1100
B165: Kompaktni prekidač snage tip A, 4P/250A/50kA, s podesivom zaštitom | C165: kom | D165: 1 | E165: 690 | F165: =D165*E165 -> 690
...

Sheet 5_NASLOV
A2: ARHINGTRADE d.o.o.
A3: Gajeva 47, 10000 Zagreb, tel. 01/49 22 345, fax. 01/49 22 332, e-mail: info@arhingtrade.hr
A6: Investitor:
A7: SISAČKO-MOSLAVAČKA ŽUPANIJA Stjepana i Antuna Radića 36, 44000 Sisak OIB: 82215698659
A12: Građevina:
A13: ZGRADA 3 (BIVŠA STRAŽARNICA) U SKLOPU DOMOBRANSKE VOJARNE U SISKU Lađarska ulica 28A 44000 Sisak na k.č.br. 718/1, k.o. Novi Sisak
A18: Zajednička oznaka projekta: MŽ-02/24
A19: Tehnički dnevnik: 02/24
A20: Zagreb, prosinac 2024.
A21: revizija 1: siječanj 2025.
A25: TROŠKOVNIK SUSTAVA VATRODOJAVE

Sheet 5_VATRODOJAVA
A2: TROŠKOVNIK SUSTAVA VATRODOJAVE
B5: OPĆI POGODBENI I TEHNIČKI UVJETI
A6: 1. | B6: Ugovor za izvođenje sklapa se na osnovu ugovornog troškovnika. U cijenama troškovnika izvođač je dužan ponuditi kompletne stavke prema opisu, troškovniku, nacrtima, tehničkom opisu i uvjetima.
A7: 2. | B7: U cijenu stavke treba ukalkulirati sav materijal i rad (sa izradom šliceva i prodora kroz zidove i ploču) te potrebna mjerenja i ispitivanja.
B8: Izvođač radova dužan je po završetku radova dostaviti investitoru upute za rukovanje instalacijama i opremom.
A9: 3. | B9: Prije početka izvođenja radova, izvođač može obaviti pregled lokacije i o eventualnim odstupanjima projekta od stvarnog stanja upozoriti investitora.
A10: 4. | B10: Izvođač radova mora se prije početka izvođenja radova upoznati s projektnom dokumentacijom.
B11: Ako uoči neke nedostatke, treba odmah s uočenim nedostacima upoznati investitora i projektanta.
A12: 5. | B12: Prije početka radova treba odrediti točne trase kabela, kabelskih kanalica i većih komada opreme, a tek onda početi s polaganjem vodova i izvođenjem instalacija. Pritom paziti na propisani razmak u odnosu na druge instalacije i građevine.
A13: 6. | B13: Mijenjanje projekta od strane izvođača bez pismenih odobrenja investitora i nadzornog inženjera nije dozvoljeno.
A14: 7. | B14: Izvođač treba tijekom izvođenja radova na građevini voditi građevinski dnevnik u koji upisuje početak izvođenja radova na objektu, svakodnevno upisuje broj ljudi na radu i poslove koje su obavili.
B15: U građevinksi dnevnik nadzorni inženjer i investitor upisuju primjedbe na izvedene radove i eventualne promjene projekta.
A16: 8. | B16: Radi ispravnog odvijanja radova izvođač je dužan osigurati prostoriju za smještaj materijala i alata.
A17: 9. | B17: Sav korišteni materijal , oprema i proizvodi koji se upotrebljavaju kod izvođenja instalacija moraju odgovarati postojećim propisima i normama, kao i opisu u troškovniku.
B18: Radove treba izvesti točno prema nacrtima i tehničkom opisu, a po uputama projektanta i nadzornog inženjera. Radove izvesti stručno i solidno.
A19: 10. | B19: Tijekom izvođenja radova izvođač je dužan sva nastala odstupanja trasa od onih predviđenih projektom unesti u projekt, a po završetku radova treba predati investitoru projekt izvedenog stanja.
A20: 11. | B20: Stavljanje instalacije u uporabu dozvoljeno je tek nakon obavljenog tehničkog pregleda i dobivanja uporabne dozvole.
A21: 12. | B21: Ako troškovnikom i tehničkim opisom nije drugačije određeno, narudžba materijala i opreme obuhvaća dobavu, skladištenje i dopremu na gradilište.
A22: 13. | B22: Za sav ugrađeni materijal i proizvode treba osigurati i priložiti isprave o sukladnosti i druge dokaze kvalitete, te odgovarjauću atesnu i ispitnu dokumentaciju.
A23: 14. | B23: Nadzorni inženjer mora imati uvid u terminski plan.
B24: Za svako neopravdano produženje termina koje utvrdi nadzorni inženjer odredit će se kazna prema Ugovoru za izvođenje.
A25: 15. | B25: Izvođač daje jamstvo da, kod prenošenja dijela ugovora na jednog ili više kooperanata, preuzima sve ugovorne obveze iz ugovora zaključenog sa investitorom, te da će se istog pridržavati.
A26: 16. | B26: Ako drugačije nije dogovoreno, izvođač treba, bez posebnih zahtjeva, svakodenevno čistii radni prostor. Izvođač mora u toku gradnje iz gradilišta odvesti svu građevinsku šutu, sav otpadni materijal i nepotrebne uređaje.
A27: 17. | B27: Pri izvođenju radova izvođač je dužan voditi računa o već izvedenim radovima na građevini.
B28: Ako bi se izvedeni radovi drugih izvođača pri montaži instalacija vatrodojave i opreme nepotrebno i uslijed nemarnosti i nestručnosti oštetili, troškove štete snosit će izvođač vatrodojave.
A29: 18. | B29: Rušenje i retanje konstruktivnih elemenata ne smije se obaviti bez znanja i odobrenja nadzornog inženjera za građevinske radove.
A30: 19. | B30: Investitor je dužan tijekom izgradnje građevine osigurati stručni nadzor nad izvođenjem radova.
A31: 20. | B31: Cjelokupnu električnu instalaciju treba izvesti prema priloženim nacrtima, troškovniku, tehničkom opisu, ovim uvjetima i važećim propisima za izvođenje električnih instalacija, odnosno tehničkim propisima za niskonaponske električne instalacije (NN br. 05/10) i propisima RH.
A32: 21. | B32: Kod polaganja instalacije vatrodojavnog sustava treba se pridržavati važećih propisa za instalacije slabe struje kao i posebnih uputa proizvođača opreme.
A33: 22. | B33: Potrebno je izbjegavati blisko paralelno vođenje instalacija vatrodojavnog sustava i instalacija jake struje, a ako to nije moguće potrebno je osigurati razmake minimalno 10 cm. Križanje s vodovima jake struje nije poželjno, no ako se ono ne može izbjeći trase se moraju sjeći pod kutom od 90° i na razmaku po dubini najmanje 1 cm.
A34: 23. | B34: Cijevi koje se polažu kroz vanjske zidove objekta moraju biti od materijala koji su otporni na vlagu.
A35: 24. | B35: Kod probijanja zidova i bušenja armirano-betonske konstrukcije, odnosno stropova na kojima je trstika treba se posavjetovati sa stručnjacima - statičarima.
A36: 25. | B36: Kod probijanja zidova i bušenja stropova na kojima ima štukatura i ukrasnih motiva treba se posavjetovati sa stručnjacima - restauratorima
A37: 26. | B37: Kod probijanja zidova i bušenja armirano-betonske konstrukcije u prostoru u kojem su provedene propisane mjere zaštite od požara i eksplozije treba koristiti vatrootpornu masu za brtvljenje.
A38: 27. | B38: Polaganje vodova instalacije vatrodojavnog sustava potrebno je prilagoditi građevinskim rješenjima izvedbe objekta.
A39: 28. | B39: Polaganje vodova u cijevi treba biti izvedeno tako da se mogu bez teškoća izvući i ponovno uvući.
A40: 29. | B40: Horizontalno polaganje kabela niže od 2 metra treba izbjegavati, a u slučaju da to nije moguće treba ih mehanički zaštititi.
... A70: 59. | B70: Prije stavljanja instalacije u pogon i tehničkog pregleda izvođač je dužan izvršiti slijedeća mjerenja i ispitivanja:
B71: Potrebna ispitivanja
B72: - Atest o izvršenom ispitivanju sustava vatrodojave od ovlaštene institucije
B73: - Atesti opreme i ispitivanja za sve grupe i elemente pojedinih grupa tehničke zaštite od ovlaštene tvrtke koja ima registraciju i ovlaštenje MUP-a za djelatnosti tehničke zaštite.
A74: 60. | B74: Za sva mjerenja i ispitivanja koja su izvršena sastaviti odgovarajuće izvještaje.
A75: 61. | B75: Svaki izvođač ima pravo izbora kome će povjeriti ispitivanje kvalitete i funkcionalnosti električnih instalacija i opreme, no to svakako mora biti ovlaštena pravna osoba.
B76: Troškove ispitivanja snosi izvođač.
A77: 62. | B77: Prvo ispitivanje ili ispitivanje preuzimanja provodi se prije puštanja u pogon novo izvedenog sustava za dojavu požara.
A78: 63. | B78: Prvo ispitivanje obavlja ovlaštena pravna osoba na način propisan “Pravilnikom o uvjetima za obavljanje ispitivanja stabilnih sustava za dojavu i gašenje požara.”
A79: 64. | B79: Prije započinjanja ispitivanja moraju se upozoriti sve osobe koje bi mogle automatski primiti signale za dojavu požara ili smetnji da je ispitivanje u tijeku.
A80: 65. | B80: Po završetku ispitivanja moraju se upozoriti sve osobe da je ispitivanje završeno.
A81: 66. | B81: Ispitivanje automatskih javljača obavlja se na mjestu ugradnje i uključuje sve javljače u sustavu.
A82: 67. | B82: Preuzimanje sustava za dojavu požara od strane korisnika obavlja se sukladno protokolu o preuzimanju i utvrđuje se zapisnički.
A83: 68. | B83: Izvođač za svoje radove daje garanciju.
B84: Garantni rok počinje teći od dana tehničkog prijema instalacije, odnosno od dana predaje instalacije na upotrebu investitoru odnosno korisniku.
B85: Izvođač je dužan otkloniti sve nedostatke u garantnom roku. Ako se izvođač ne odazove na poziv investitora da otkloni nedostatke, investitor će iste otkloniti po trećem licu na teret izvođača.
B87: OPĆE NAPOMENE:
B88: 1. U svakoj stavci nuditi konkretni proizvod (opremu) specificiranu ovim troškovnikom.
B89: 2. Cijena za svaku stavku troškovnika mora obuhvatiti dobavu, montažu i spajanje, te dovođenje u stanje potpune funkcionalnosti. U cijenu također ukalkulirati sav potreban spojni, montažni i ostali materijal i pribor.
B90: 3. Primijeniti najnovije važeće propise i hrvatske norme za pojedine vrste instalacije.
B91: 4. Prije davanja ponude obavezno proučiti tehnički opis i grafički dio, te u slučaju nejasnoća, konzultirati se sa naručiteljem.
B93: Sve stavke specifikacije podrazumijevaju dobavu i montažu opreme, kao i polaganje i spajanje kabela, te dovođenje predmetne instalacije u funkciju. Sva oprema mora biti renomiranih proizvođača i imati ateste na hrvatskom jeziku
B96: SUSTAV ZA DOJAVU POŽARA
A98: R. br. | B98: Opis: | C98: j.m. | D98: Količina | E98: Jedinična cijena | F98: Ukupna cijena
B100: Karakteristike elemenata u opisima troškovničkih stavki predstavljaju minimalne karakteristike koje isti moraju zadovoljiti. Dopustiva je izgradnja sustava od elemenata jednakih, ili boljih karakteristika. Ponuditelji karakteristike elemenata dokazuju dostavom originalnih tehničkih listova za ponuđenu opremu. Za sve stavke opreme dozvoljeno je odstupanje karakteristika ± 5% od nazivne vrijednosti, osim ako je drugačije definirano u opisu pojedine troškovničke stavke.
A102: 1. | B102: Dobava, montaža i spajanje centrale za dojavu požara sljedećih minimalnih karakteristika: - modularna vatrodojavna centrala s fleksibilnom mogućnošću proširivanja - inteligentna ringbus tehnologija s mogućnošću prihvata petlji s minimalno 3 različita komunikacijska protokola (npr. System Sensor, Apollo i slično) - ugrađen 5.7“ 1/4 VGA grafički displej prikazuje sve trenutne događaje u sustavu, - mogučnost ugradnje minimalno do 8 modula petlje ili 64 konvencionalne linije, - uz dodatno kućište proširenja moguće je kontrolirati do minimalno 54 funkcionalna modula, minimalno do 20 modula petlje - u svakoj petlji moguće je nadziranje do minimalno 318 fizičkih adresnih točaka - ugrađena centralna procesorska ploča s harverskom redundancijom - mogućnost ugradnje dodatnih uređaja kao šu su LED polje za prikaz ili upravljanje, printer, brava za autorizaciju i slično - funkcijski moduli se ugrađuju plug-in metodom bez potrebe isključivanja sustava - ugrađena minimalno dva nadzirana izlaza za sirene, minimalno tri beznaponska relejna izlaza, minimalno 8 open-collector izlaza i minimalno 3 ulaza - ugrađeno mrežno TCP-IP sučelje - ugrađena memorija za minimalno 10000 događaja - mogućnost pristupa centrali putem mobilne i računalne aplikacije - mogućnost mrežnog povezivanja s drugim centralama te centralom za upravljanje gašenjem požara - zadovoljava minimalno slijedeće norme: EN 54-2, EN 54-4, VdS ili jednakovrijedna norma - mogućnost smještaja akumulatora minimalno 2 x 12V, 45 Ah u kućište centrale - radna temperatura minimalno u rasponu od -20°C do +60°C - maksimalne dimenzije kućišta Š × V × D 450 × 550 × 210 (mm) | C102: kom | D102: 1 | E102: 1000 | F102: =D102*E102 -> 1000
A104: 2. | B104: Dobava, montaža i spajanje modula vatrodojavne petlje sljedećih minimalnih karakteristika: - instalacija u obliku prstena s mogunošću dodavanja grana na petlji bez dodatnih uređaja - svaki modul u sebi ima integrirane fukcionalnosti mjerenja električnih karakteristika na petlji: otpor, struju petlje, napon na oba kraja a bilo kakva greška se prikazuje na displeju centrale - modul ima vlastiti procesor (redundancija), tako da je u slučaju zatajenja procesora na vatrodojavnoj centrali osiguran siguran nastavak prepoznavanja alarma u petlji - potrošnja pri naponu 24 V DC (bez priključenih javljača): maksimalno 25 mA - mogućnost priključka do minimalno 240 elemenata - maksimalna struja petlje do 500 mA | C104: kom | D104: 1 | E104: 400 | F104: =D104*E104 -> 400
A106: 3. | B106: Dobava, montaža i spajanje modula za umrežavanje vatrodojavne centrale sljedećih minimalnih karakteristika: - modul za umrežavanje vatrodojavne centrale s drugim uređajima / centralama -integriran redundantni procesor, u slučaju kvara glavnog procesora na mrežnom sučelju redundantni procesor preuzima upravljanje komunikacijom preko mreže - potrošnja pri naponu 24 V DC: maksimalno 47 mA | C106: kom | D106: 1 | E106: 350 | F106: =D106*E106 -> 350
A108: 4. | B108: Dobava, montaža i spajanje akumulatorske baterije za vatrodojavnu centralu sljedećih minimalnih karakteristika: - akumulatorska baterija 12V, 40 Ah - zatvorena izvedba, bez održavanja | C108: kom | D108: 2 | E108: 110 | F108: =D108*E108 -> 220
A110: 5. | B110: Dobava, montaža i spajanje paralelnog upravljačkog tabloa slijedećih minimalnih karakteristika: - nadzorno-upravljački tablo za dlajinsko očitavanje alarma i upravljanje sustavom za dojavu požara - povezivanje s vatrodojavnom centralom putem redundantnog mrežnog sučelja - upravljanje i prikaz svih događaja u mreži - ugrađen 5.7“ 1/4 VGA grafički displej prikazuje sve trenutne događaje u sustavu - potrošnja struje u mirovanju: maksimalno 60 mA - potrošnja struje u alarmu: maksimalno 120 mA - napajanje preko vatrodojavne centrale, mogućnost napajanja putem Cat.5 kabela do udaljenosti minimalno 1200 m od centrale - maksimalne dimenzije ŠxVxD: 220 x 400 x 40 mm - stupanj zaštite kućišta: minimalno IP30 - radna temperatura minimalno u rasponu od -20°C do +60°C | C110: kom | D110: 1 | E110: 700 | F110: =D110*E110 -> 700
A112: 6. | B112: Dobava, montaža i spajanje adresabilnog optičkog javljača požara sljedećih minimalnih karakteristika: - optička tehnologija detekcije na temelju raspršene svjetlosti - mogućnost odabira do 4 razine osjetljivosti s vatrodojavne centrale - ugrađen algoritam za automatsku kompenzaciju onečišćenja senzoraskog sustava - ugrađena zaštitna mrežica za fizičku zaštitu od prašine i insekata - mogućnost adresiranja pomoću jedinice za programiranje ili automatski izravno s vatrodojavne centrale - konstantna komunikacija između centrale i detektora osigurava periodičko testiranje detektora - integriran dvostruki izolator koji odspaja petlju u slučaju kratkog spoja - ugrađena dva višebojna LED indikatora za signalizaciju stanja javljača, s vidljivošću iz svih smjerova (360°) - ugrađen izlaz sa povezivanje paralelnig indikatora prorade javljača - potrošnja struje u mirovanju: maksimalno 160 μA - potrošnja struje u alarmu: maksimalno 6 mA - radna temperatura minimalno u rasponu od -30°C do +70°C - stupanj zaštite kućišta: minimalno IP40 - kućište bijele boje | C112: kom | D112: 49 | E112: 45 | F112: =D112*E112 -> 2205
A114: 7. | B114: Dobava, montaža i spajanje adresabilnog termičkog javljača požara sljedećih minimalnih karakteristika: - tehnologija na temelju detekcije topline - mogućnost odabira 2 načina rada: kao detektor brzine porasta temparature s maksimalnom temperaturom od 58°C ili kao detektor maksimalne topline s temperaturom alarma od 78°C, programiranje s vatrodojavne centrale - ugrađen algoritam za automatsku kompenzaciju onečišćenja senzoraskog sustava - mogućnost adresiranja pomoću jedinice za programiranje ili automatski izravno s vatrodojavne centrale - konstantna komunikacija između centrale i detektora osigurava periodičko testiranje detektora - integriran dvostruki izolator koji odspaja petlju u slučaju kratkog spoja - ugrađena dva višebojna LED indikatora za signalizaciju stanja javljača, s vidljivošću iz svih smjerova (360°) - ugrađen izlaz sa povezivanje paralelnog indikatora prorade javljača - potrošnja struje u mirovanju: maksimalno 160 μA - potrošnja struje u alarmu: maksimalno 6 mA - radna temperatura minimalno u rasponu od -30°C do +70°C - stupanj zaštite kućišta: minimalno IP40 - kućište bijele boje | C114: kom | D114: 1 | E114: 40 | F114: =D114*E114 -> 40
A116: 8. | B116: Dobava, montaža i spajanje standardnog podnožja javljača požara sljedećih minimalnih karakteristika: - mogućnost zaključavanja podnožja radi sprečavanja neovlaštenog skidanja javljača - ugrađen konektor za povezivanje paralelnog indikatora prorade javljača - ugrađena pločica za označavanje adrese javljača - radna temperatura minimalno u rasponu od -30°C do +70°C | C116: kom | D116: =D112+D114 -> 50 | E116: 5 | F116: =D116*E116 -> 250
A118: 9. | B118: Dobava, montaža i spajanje adresabilnog ručnog javljača požara sljedećih minimalnih karakteristika: - ručni javljač sukladan normi EN54-11/tip B ili jednakovrijedne - kućište od lijevanog aluminija, crvene boje - aktivacija alarma razbijanjem stakla i pritiskom na tipku - integriran dvostruki izolator koji odspaja petlju u slučaju kratkog spoja - ugrađena dva višebojna LED indikatora za signalizaciju stanja javljača - potrošnja struje: maksimalno 90 μA - radna temperatura minimalno u rasponu od -20°C do +60°C - stupanj zaštite kućišta: minimalno IP43 | C118: kom | D118: 8 | E118: 60 | F118: =D118*E118 -> 480
A120: 10. | B120: Dobava, montaža i spajanje adresabilnog nadzorno-upravljačkog modula sustava sljedećih minimalnih karakteristika: - ugrađena minimalno 4 neovisna nadzirana ulaza za nadzor drugih uređaja - ugrađena minimalno 4 relejna izlaza za upravljanje drugim uređajima - integriran dvostruki izolator koji odspaja petlju u slučaju kratkog spoja - ugrađena dva višebojna LED indikatora za signalizaciju stanja modula - potrošnja struje u normalnom radu: maksimalno 300 μA - potrošnja struje LED indikatora: maksimalno 6 mA - mogućnost opterećenja releja: minimalno do 2A uz 30 VDC ili 0,5A uz 125 VAC - radna temperatura minimalno u rasponu od -30°C do +70°C - uključeno kućište za nadžbuknu ugradnju modula sa stupnjem zaštite minimalno IP65 | C120: kom | D120: 4 | E120: 100 | F120: =D120*E120 -> 400
A122: 11. | B122: Dobava, montaža i spajanje adresabilne sirene s bljeskalicom sljedećih minimalnih karakteristika: - mogućnost odabira minimalno 32 različita tona od kojih su minimalno 4 usklađena s normom EN 54-3 ili jednakovrijednom - mogućnost odabira minimalno 4 razine izlazne snage zvuka - potrošnja struje u normalnom radu: maksimalno 17 mA -frekvencija bljeskanja: 0,5 Hz - bljeskalica bijele boje, usklađena s normom EN 54-23 ili jednakovrijednom, kategorija W-2.5-7 (zidna montaža) - napon napajanja minimalno u rasponu od 15 do 40 VDC - radna temperatura minimalno u rasponu od -10°C do +55°C - uključeno kućište za nadžbuknu ugradnju modula sa stupnjem zaštite minimalno IP65 - kućište crvene boje sa stupnjem zaštite minimalno IP65 | C122: kom | D122: 7 | E122: 190 | F122: =D122*E122 -> 1330
A124: 12. | B124: Dobava i montaža protupožarnog ormarića za smještaj vatrodojavne centrale - dimenzije ormarića cca. 70x70 x 30 cm (dimenzije prilagoditi dimenzijama ponuđene vatrodojavne centrale) - protupožarna otpornost u klasi T- 60' - izrada od čeličnog pocinčanog lima - završna obrada: plastifikacija - ostakljenje vrata izvodi se protupožarnim staklom u klasi F-60', debljine minimalno 21 mm, dimenzija protupožarnog stakla cca. 30 x 30 cm - ugrađena protupožarna brava sukladna normi DIN - 1 8250 ili jednakovrijednom, uključen cilindar s tri ključa - certificiran - bočno, na plašt ormarića ugrađuje se ekspandirajuća rešetka (2 kom) | C124: kom | D124: 1 | E124: 1450 | F124: =D124*E124 -> 1450
A126: 13. | B126: Dobava, montaža i spajanje mrežnog alarmnog komunikatora sljedećih minimalnih karakteristika: - Integriran LAN priključak - Integriran WiFi uređaj (IEEE 802.11 b/g), 2.4GHz b/g/n s internom antenom - Integriran GPRS 2G/3G/4G uređaj - Mogućnost detekcije grešaka na LAN, WiFI i GPRS komunikacijskim sučeljima - Integrirana serijska sučelja za integraciju s drugim uređajima: RS485, RS232, TTL - Integriran telefonski priključak za povezivanje na standardnu telefonsku liniju - ugrađeni releji: minimalno 3 releja, 24VDC/100mA, - integrirani alarmni ulazi, koji po aktivaciji mogu poslati tekstualnu poruku putem SMS-a ili alarmnu poruku u dojavni centar putem SIA ili Contact ID protokola - Mogućnost osiguravanja baterijske autonomije veće od 15 sati - Detekcija sabotaže: otvaranje poklopca kućišta, prekida telefonske veze između dojavnog centra i komunikatora - Periodičko javljanje na dojavni centar, programabilno - Mogućnost udaljenog programiranja komunikatora putem centralnog nadzornog sustava - Podrška za SMS poruke - Sukladnost minimalno sa slijedećim standardima: EN50131, EN50136 (VdS Certified), EN 50131-1: 2006+A2:2017, EN 50136-1: 2012, EN 50136-2: 2013, Security Grade 2, ATS-SP3 preko Ethernet ili Wi-Fi veze, ATS-SP3 preko 4G/3G/2G, i ATS-DP2 ili jednakovrijednim - Enkripcija podataka ključem od 256 bitova, koristeći MD5 algoritam i RC4 šifriranje ili jednakovrijedno - Temperaturno područje rada: minimalno u rasponu od -10°C do 55°C | C126: kom | D126: 1 | E126: 400 | F126: =D126*E126 -> 400
A128: 14. | B128: Dobava, isporuka, ugradnja i spajanje poslužiteljskog računala centralne aplikacije za integraciju sustava vatrodojave sljedećih karakteristika: • Instaliran operacijski sustav • Uključen kapacitet diskovnog prostora: 1TB efektivno u RAID1 konfiguraciji korištenjem serverskih diskova | C128: kom | D128: 1 | E128: 2500 | F128: =D128*E128 -> 2500
A130: 15. | B130: Dobava i isporuka centralne aplikacije za integraciju sustava vatrodojave sljedećeih karakteristika: - mogućnost prikaza stanja svih centrala na GIS mapi - prikaz mape sustava s vizualnom naznakom i zumiranjem elementa na kojem se javio alarm - pristup svakom elementu sustava preko njegove ikone na mapi - mogućnost prihvaćanja alarma i automatsko pokretanje predefiniranih alarmnih procedura - mogućnost resetiranja centrale za dojavu požara - svi događaji ostaju trajno zapisani u memoriji softvera s točnim vremenom zabilježavanja, prihvata i pripadajuće akcije od strane korisnika - mogućnost da se korisniku, ili korisničkoj grupi, precizno odrede ovlasti ovlasti za rad na sustavu - konfiguracija sustava i arhiva alarma i eventa sprema se u bazu podataka | C130: kpl | D130: 1 | E130: 1500 | F130: =D130*E130 -> 1500
A132: 16. | B132: Dobava i isporuka modula serverske aplikacije za prikaz i korištenje geografskih mapa - GIS mapa sljedećih karakteristika: - omogućava korištenje interaktivnih georeferenciranih GIS karti za prikaz elemenata sustava - podrška za korištenje u desktop aplikaciji ili putem web sučelja - mogućnost korištenja baznih podloga karti iz različitih offline ili online izvora (OpenStreetMaps, BingMaps, HereMaps, GoogleMaps, etc.) - mogućnost postavljanja tlocrtnih prikaza objekata izravno na GIS mapu iz CAD formata - mogućnost učitavanja više etaža odnosno katova istog objekta na GIS kartu u kojem slučaju će se pojaviti novi izbornik za odabir etaže za prikaz - mogućnost dodavanja svih elemenata sustava (objekata, uređaja, zona, detektora itd.) izravno na GIS mapu sa adekvatnom ikonom i rotacijom ikone - mogućnost definiranja minimalnih i maksinalnih nivoa uvećanja (zoom level) pri kojima se pojedini elementi ili tlocrti prikazuju - mogućnsot vezivanja pojedinih elemenata mape za nivoe uvećanja ili za prikaz pojedinog tlocrta (primjerice ako se pregledavaju elementi sustava po etažama nekog objekta) - mogućnost unosa poligona za prikaz zona štićenja (particija) učitavnjem CAD datoteke ili ucrtavanjem područja izravno poomću dostupnog alata za uređivanje karte - mogućnost pristupa detaljima pojedinog elementa karte te korištenja akcija nad elementima izravno sa sučelja GIS karte (npr. postavi zaštitu, prikaži video itd.) - mogućnost upravljanja izvršnim elementima sustava odabirom elementa izravno sa GIS karte (npr. otvaranje vrata, aktivacija izlaznog releja itd.) - dinamički prikaz statusa pojedonog elementa karte (objekta, uređaja, zone itd.) korištenjeme različitih boja ikona čime se simboliziraju statusi elementa ( zona onemogućena, greška, alarm itd.) - automatsko pozicioniranje karte na određeni element u slučaju alarma sukladno postavljenim pravilima i prioritetima - pristup svakom elementu sustava preko njegove ikone na mapi, - prikaz mape sustava s vizualnom naznakom i zumiranjem elementa na kojem se javio alarm | C132: kpl | D132: 1 | E132: 300 | F132: =D132*E132 -> 300
A134: 17. | B134: Dobava, isporuka, ugradnja i spajanje klijentskog računala centralne aplikacije za integraciju sustava vatrodojave sljedećih karakteristika: • instaliran operacijski sustav • procesor: min. 4.6GHz (min. 8. generacije) • RAM: min. 16GB DDR4 • diskovi: min. 1x 256 GB SSD za operacijski sustav i 1x 500 GB HDD • Zasebna grafička kartica sa najmanje 2x mDP / 2x HDMI izlaza (svi potrebni adapteri za spajanje monitora uključeni) • mrežne kartice: min. 2 x Gigabit Ethernet RJ-45 ports (1000Base-T) • optički drive: min. DVD-RW • small form factor veličina sa min. uključenim: - USB tipkovnicom - USB mišem • temperaturni opseg u radnom pogonu min. 10°C do + 35°C • potrošnja maks: 260W • certifikati: CE | C134: kom | D134: 1 | E134: 3000 | F134: =D134*E134 -> 3000
A136: 18. | B136: Dobava, isporuka, ugradnja i spajanje LED monitora sljedećih karakteristika: • Veličina slike: min. 23.5” • Omjer slike: 16:9 • Rezolucija: min. 1920 x 1080 na 60 Hz • Veličina piksela: max. 0.28 mm x 0.28 mm • Kut gledanja (okomito/vodoravno): min. 178°/178° • Kontrast: min. 1000:1 • Vrijeme odaziva: min. 6ms • Backlight: LED • Sučelja: min. 1x HDMI • uključen HDMI kabel duljine min. 2m • potrošnja maks: 140W | C136: kom | D136: 1 | E136: 400 | F136: =D136*E136 -> 400
A138: 19. | B138: Licenca za povezivanje elemenata sustava za dojavu požara na centralnu aplikaciju za integraciju sustava vatrodojave • uključena licenca za povezivanje jedne vatrodojavne centrale za 100 elemenata | C138: kom | D138: 1 | E138: 155 | F138: =D138*E138 -> 155
A140: 20. | B140: Nabava, isporuka i polaganje kabela u pripremljene kabelske trase - NHXH-J FE180/E30 3x2,5 RE - predvidjeti rad na većim visinama te potreban alat (skela) | C140: m | D140: 30 | E140: 5 | F140: =D140*E140 -> 150
... A170: 35. | B170: Ispitivanje sustava za dojavu požara od strane ovlaštene tvrtke. Izdavanje zapisnika i uvjerenja o funkcionalnosti u skladu s Pravilnikom o provjeri ispravnosti stabilnih sustava zaštite od požara (NN br. 44/12) | C170: kpl | D170: 1 | E170: 400 | F170: =D170*E170 -> 400
B172: SUSTAV ZA DOJAVU POŽARA UKUPNO: | E172: 0 | F172: =SUM(F102:F170) -> 32830
B173: PDV 25%: | E173: 0 | F173: =F172*0.25 -> 8207.5
B175: SUSTAV ZA DOJAVU POŽARASVEUKUPNO: | E175: 0 | F175: =F172+F173 -> 41037.5
